url,side,template,rest_type,http,blocks,variants,embeds,unmatched
https://www.skoda-storyboard.com/en/emobility/skoda-epiq-will-win-you-over-in-just-a-few-seconds/,STO,story,post,200,card_teaser;carousel_rails;cover_box;downloads;hero;promo_banner;siteorigin_body;tags,cover_box_dark;teaser_media;teaser_overlay;teaser_toolbar,,
https://www.skoda-storyboard.com/en/skoda-world/the-versatile-octavia-do-you-know-these-ones-too/,STO,story,post,200,card_teaser;carousel_rails;cover_box;downloads;hero;promo_banner;siteorigin_body;tags,cover_box_dark;teaser_media;teaser_overlay;teaser_toolbar,,
https://www.skoda-storyboard.com/en/skoda-world/skoda-classic-tour-through-the-eyes-of-a-spectator/,STO,story,post,200,card_teaser;carousel_rails;cover_box;downloads;hero;promo_banner;siteorigin_body;tags,cover_box_dark;teaser_media;teaser_overlay;teaser_toolbar,,
https://www.skoda-storyboard.com/en/emobility/an-electric-car-approaching-says-the-license-plate-but-only-in-some-countries/,STO,story,post,200,card_teaser;carousel_rails;cover_box;downloads;hero;promo_banner;siteorigin_body;tags,cover_box_dark;teaser_media;teaser_overlay;teaser_toolbar,,
https://www.skoda-storyboard.com/en/emobility/peaq-sets-a-record-from-the-heart-of-europe-to-the-sea-without-recharging/,STO,story,post,200,card_teaser;carousel_rails;cover_box;downloads;hero;promo_banner;siteorigin_body;tags,cover_box_dark;teaser_media;teaser_overlay;teaser_toolbar,,
https://www.skoda-storyboard.com/en/lifestyle/ouninpohja-finlands-roller-coaster-stage/,STO,story,post,200,card_teaser;carousel_rails;cover_box;downloads;hero;promo_banner;siteorigin_body;tags,cover_box_dark;teaser_media;teaser_overlay;teaser_toolbar,,
https://www.skoda-storyboard.com/en/emobility/spacious-comfortable-and-striking-five-reasons-to-want-the-skoda-peaq/,STO,story,post,200,card_teaser;carousel_rails;cover_box;downloads;hero;promo_banner;siteorigin_body;tags,cover_box_dark;teaser_media;teaser_overlay;teaser_toolbar,,
https://www.skoda-storyboard.com/en/skoda-world/explore-the-new-skoda-models-in-mixed-reality/,STO,story,post,200,card_teaser;carousel_rails;cover_box;downloads;hero;promo_banner;siteorigin_body;tags,cover_box_dark;teaser_media;teaser_overlay;teaser_toolbar,vimeo,
https://www.skoda-storyboard.com/en/skoda-world/the-new-skoda-slavia-features-a-refreshed-look-and-an-exclusive-colour/,STO,story,post,200,card_teaser;carousel_rails;cover_box;downloads;hero;promo_banner;siteorigin_body;tags,cover_box_dark;teaser_media;teaser_overlay;teaser_toolbar,,
https://www.skoda-storyboard.com/en/emobility/practical-fun-stylish-5-reasons-to-choose-the-epiq/,STO,story,post,200,card_teaser;carousel_rails;cover_box;downloads;hero;promo_banner;siteorigin_body;tags,cover_box_dark;teaser_media;teaser_overlay;teaser_toolbar,,
https://www.skoda-storyboard.com/en/skoda-world/how-the-skoda-octavia-reached-365-km-h/,STO,story,post,200,card_teaser;carousel_rails;cover_box;downloads;hero;promo_banner;siteorigin_body;tags,cover_box_dark;teaser_media;teaser_overlay;teaser_toolbar,,
https://www.skoda-storyboard.com/en/lifestyle/from-unwanted-graffiti-to-bold-support-for-womens-cycling/,STO,story,post,200,card_teaser;carousel_rails;cover_box;downloads;hero;promo_banner;siteorigin_body;tags,cover_box_dark;teaser_media;teaser_overlay;teaser_toolbar,,
https://www.skoda-storyboard.com/en/emobility/peaq-enters-production-sharing-the-line-with-the-octavia/,STO,story,post,200,card_teaser;carousel_rails;cover_box;downloads;hero;promo_banner;siteorigin_body;tags,cover_box_dark;teaser_media;teaser_overlay;teaser_toolbar,vimeo,
https://www.skoda-storyboard.com/en/skoda-world/a-kodiaq-made-of-paper-the-modeler-spent-700-hours-developing-and-building-it/,STO,story,post,200,card_teaser;carousel_rails;cover_box;downloads;hero;promo_banner;siteorigin_body;tags,cover_box_dark;teaser_media;teaser_overlay;teaser_toolbar,,
https://www.skoda-storyboard.com/en/lifestyle/la-dolce-vita-explore-the-surroundings-of-lake-como/,STO,story,post,200,card_teaser;carousel_rails;cover_box;downloads;hero;promo_banner;siteorigin_body;tags,cover_box_dark;teaser_media;teaser_overlay;teaser_toolbar,,
https://www.skoda-storyboard.com/en/lifestyle/13-countries-over-19000-kilometers-the-kylaq-traveled-from-pune-to-prague/,STO,story,post,200,card_teaser;cover_box;downloads;hero;promo_banner;siteorigin_body;tags,cover_box_dark;teaser_media;teaser_overlay;teaser_toolbar,,
https://www.skoda-storyboard.com/en/emobility/meet-the-peaq-comfort-just-like-at-home/,STO,story,post,200,card_teaser;carousel_rails;cover_box;downloads;hero;promo_banner;siteorigin_body;tags,cover_box_dark;teaser_media;teaser_overlay;teaser_toolbar,,
https://www.skoda-storyboard.com/en/lifestyle/chainsaws-and-sparklers-discover-the-traditions-of-rally-fans/,STO,story,post,200,card_teaser;carousel_rails;cover_box;downloads;hero;promo_banner;siteorigin_body;tags,cover_box_dark;teaser_media;teaser_overlay;teaser_toolbar,,
https://www.skoda-storyboard.com/en/skoda-world/legend-chris-froome-takes-you-behind-the-scenes-of-the-tour-de-france/,STO,story,post,200,card_teaser;carousel_rails;cover_box;downloads;hero;promo_banner;siteorigin_body;tags,cover_box_dark;teaser_media;teaser_overlay;teaser_toolbar,,
https://www.skoda-storyboard.com/en/emobility/designers-on-the-peaq-its-modern-durable-and-practical/,STO,story,post,200,card_teaser;carousel_rails;cover_box;downloads;hero;promo_banner;siteorigin_body;tags,cover_box_dark;teaser_media;teaser_overlay;teaser_toolbar,,
https://www.skoda-storyboard.com/en/lifestyle/skodas-smarter-wireless-charging-goes-beyond-phones/,STO,story,post,200,card_teaser;carousel_rails;cover_box;downloads;hero;promo_banner;siteorigin_body;tags,cover_box_dark;teaser_media;teaser_overlay;teaser_toolbar,,
https://www.skoda-storyboard.com/en/lifestyle/an-epic-start-to-the-tour-de-france-skoda-got-barcelona-moving/,STO,story,post,200,card_teaser;carousel_rails;cover_box;downloads;hero;promo_banner;siteorigin_body;tags,cover_box_dark;teaser_media;teaser_overlay;teaser_toolbar,,
https://www.skoda-storyboard.com/en/emobility/a-custom-made-sunroof-walkie-talkies-and-champagne-the-skoda-peaq-at-the-tour-de-france/,STO,story,post,200,card_teaser;carousel_rails;cover_box;downloads;hero;promo_banner;siteorigin_body;tags,cover_box_dark;teaser_media;teaser_overlay;teaser_toolbar,,
https://www.skoda-storyboard.com/en/lifestyle/feeling-the-heat-skoda-cars-keep-both-passengers-and-their-snacks-cool/,STO,story,post,200,card_teaser;carousel_rails;cover_box;downloads;hero;promo_banner;siteorigin_body;tags,cover_box_dark;teaser_media;teaser_overlay;teaser_toolbar,,
https://www.skoda-storyboard.com/en/emobility/how-the-versatile-skoda-peaq-conquered-a-mountain-peak/,STO,story,post,200,card_teaser;carousel_rails;cover_box;downloads;hero;promo_banner;siteorigin_body;tags,cover_box_dark;teaser_media;teaser_overlay;teaser_toolbar,,
https://www.skoda-storyboard.com/en/emobility/teaser/,STO,story,post,200,card_teaser;carousel_rails;cover_box;downloads;hero;promo_banner;siteorigin_body;tags,cover_box_dark;teaser_media;teaser_overlay;teaser_toolbar,,
https://www.skoda-storyboard.com/en/skoda-world/rally-champion-and-the-unique-skoda-fabia-motorsport-edition/,STO,story,post,200,card_teaser;carousel_rails;cover_box;downloads;hero;promo_banner;siteorigin_body;tags,cover_box_dark;teaser_media;teaser_overlay;teaser_toolbar,,
https://www.skoda-storyboard.com/en/emobility/meet-peaq-safe-and-comfortable/,STO,story,post,200,card_teaser;carousel_rails;cover_box;downloads;hero;promo_banner;siteorigin_body;tags,cover_box_dark;teaser_media;teaser_overlay;teaser_toolbar,vimeo,
https://www.skoda-storyboard.com/en/skoda-world/125-years-of-racing-history-in-one-place-come-visit-the-museum/,STO,story,post,200,card_teaser;carousel_rails;cover_box;downloads;hero;promo_banner;siteorigin_body;tags,cover_box_dark;teaser_media;teaser_overlay;teaser_toolbar,,
https://www.skoda-storyboard.com/en/emobility/a-true-czech-from-spain/,STO,story,post,200,card_teaser;carousel_rails;cover_box;downloads;hero;promo_banner;siteorigin_body;tags,cover_box_dark;teaser_media;teaser_overlay;teaser_toolbar,,
https://www.skoda-storyboard.com/en/emobility/meet-the-peaq-a-large-suv-with-outstanding-aerodynamics/,STO,story,post,200,card_teaser;carousel_rails;cover_box;downloads;hero;promo_banner;siteorigin_body;tags,cover_box_dark;teaser_media;teaser_overlay;teaser_toolbar,,
https://www.skoda-storyboard.com/en/skoda-world/get-your-car-ready-for-summer-with-skoda-accessories/,STO,story,post,200,card_teaser;carousel_rails;cover_box;downloads;hero;promo_banner;siteorigin_body;tags,cover_box_dark;teaser_media;teaser_overlay;teaser_toolbar,,
https://www.skoda-storyboard.com/en/emobility/whats-behind-epiq-design/,STO,story,post,200,card_teaser;carousel_rails;cover_box;downloads;hero;promo_banner;siteorigin_body;tags,cover_box_dark;teaser_media;teaser_overlay;teaser_toolbar,,
https://www.skoda-storyboard.com/en/skoda-world/come-cheer-and-sing-along-meet-the-karaoke-car/,STO,story,post,200,card_teaser;carousel_rails;cover_box;downloads;hero;promo_banner;siteorigin_body;tags,cover_box_dark;teaser_media;teaser_overlay;teaser_toolbar,,
https://www.skoda-storyboard.com/en/emobility/this-is-epiq-a-behind-the-scenes-look-at-the-premiere/,STO,story,post,200,card_teaser;carousel_rails;cover_box;downloads;hero;promo_banner;siteorigin_body;tags,cover_box_dark;teaser_media;teaser_overlay;teaser_toolbar,,
https://www.skoda-storyboard.com/en/emobility/watch-the-world-premiere-of-the-skoda-epiq-ev-live/,STO,story,post,200,card_teaser;carousel_rails;cover_box;downloads;hero;promo_banner;siteorigin_body;tags,cover_box_dark;teaser_media;teaser_overlay;teaser_toolbar,,
https://www.skoda-storyboard.com/en/skoda-world/the-evolution-of-hockey-gear-alongside-automobiles/,STO,story,post,200,card_teaser;carousel_rails;cover_box;downloads;hero;promo_banner;siteorigin_body;tags,cover_box_dark;teaser_media;teaser_overlay;teaser_toolbar,,
https://www.skoda-storyboard.com/en/emobility/meet-the-peaq-spacious-inside-and-out/,STO,story,post,200,card_teaser;carousel_rails;cover_box;downloads;hero;promo_banner;siteorigin_body;tags,cover_box_dark;teaser_media;teaser_overlay;teaser_toolbar,,
https://www.skoda-storyboard.com/en/skoda-world/life-with-a-plug-in-hybrid-a-versatile-companion/,STO,story,post,200,card_teaser;carousel_rails;cover_box;downloads;hero;promo_banner;siteorigin_body;tags,cover_box_dark;teaser_media;teaser_overlay;teaser_toolbar,,
https://www.skoda-storyboard.com/en/lifestyle/a-drivers-paradise-just-outside-valencia-and-those-views/,STO,story,post,200,card_teaser;carousel_rails;cover_box;downloads;hero;promo_banner;siteorigin_body;tags,cover_box_dark;teaser_media;teaser_overlay;teaser_toolbar,,
https://www.skoda-storyboard.com/en/skoda-world/innovation-and-technology/technology/from-your-hands-to-the-road-how-car-steering-works/,STO,story,post,200,card_teaser;carousel_rails;cover_box;downloads;hero;promo_banner;siteorigin_body;tags,cover_box_dark;teaser_media;teaser_overlay;teaser_toolbar,,
https://www.skoda-storyboard.com/en/lifestyle/turtle-window-fountain-warning-indicator-lights-you-may-not-recognise/,STO,story,post,200,card_teaser;carousel_rails;cover_box;downloads;hero;promo_banner;siteorigin_body;tags,cover_box_dark;teaser_media;teaser_overlay;teaser_toolbar,,
https://www.skoda-storyboard.com/en/lifestyle/iconic-rally-locations-a-jump-into-portugal/,STO,story,post,200,card_teaser;cover_box;downloads;hero;promo_banner;siteorigin_body;tags,cover_box_dark;teaser_media;teaser_overlay;teaser_toolbar,,
https://www.skoda-storyboard.com/en/emobility/modelling-clay-yoga-simply-epiq-skoda-returns-to-milan/,STO,story,post,200,card_teaser;carousel_rails;cover_box;downloads;hero;promo_banner;siteorigin_body;tags,cover_box_dark;teaser_media;teaser_overlay;teaser_toolbar,,
https://www.skoda-storyboard.com/en/skoda-world/even-thousands-of-cars-at-a-time-how-skoda-sells-cars-to-corporate-customers/,STO,story,post,200,card_teaser;carousel_rails;cover_box;downloads;hero;promo_banner;siteorigin_body;tags,cover_box_dark;teaser_media;teaser_overlay;teaser_toolbar,,
https://www.skoda-storyboard.com/en/emobility/sunset-over-the-mountains-the-story-behind-the-camouflage-for-the-skoda-peaq/,STO,story,post,200,card_teaser;carousel_rails;cover_box;downloads;hero;promo_banner;siteorigin_body;tags,cover_box_dark;teaser_media;teaser_overlay;teaser_toolbar,,
https://www.skoda-storyboard.com/en/skoda-world/testing-never-stops-take-a-peek-behind-the-scenes/,STO,story,post,200,card_teaser;carousel_rails;cover_box;downloads;hero;promo_banner;siteorigin_body;tags,cover_box_dark;teaser_media;teaser_overlay;teaser_toolbar,,
https://www.skoda-storyboard.com/en/emobility/come-and-play-skoda-is-heading-to-milan/,STO,story,post,200,card_teaser;carousel_rails;cover_box;downloads;hero;promo_banner;siteorigin_body;tags,cover_box_dark;teaser_media;teaser_overlay;teaser_toolbar,,
https://www.skoda-storyboard.com/en/skoda-world/skoda-duobell-a-bicycle-bell-that-outsmarts-even-smart-headphones/,STO,story,post,200,card_teaser;carousel_rails;cover_box;downloads;hero;promo_banner;siteorigin_body;tags,cover_box_dark;teaser_media;teaser_overlay;teaser_toolbar,,
https://www.skoda-storyboard.com/en/lifestyle/make-your-tyres-last-pay-attention-to-storage/,STO,story,post,200,card_teaser;carousel_rails;cover_box;downloads;hero;promo_banner;siteorigin_body;tags,cover_box_dark;teaser_media;teaser_overlay;teaser_toolbar,,
https://www.skoda-storyboard.com/en/emobility/skoda-peaq-unparalleled-space-and-comfort/,STO,story,post,200,card_teaser;carousel_rails;cover_box;downloads;hero;promo_banner;siteorigin_body;tags,cover_box_dark;teaser_media;teaser_overlay;teaser_toolbar,,
https://www.skoda-storyboard.com/en/lifestyle/a-city-full-of-colours-and-flavours-discover-porto/,STO,story,post,200,card_teaser;cover_box;downloads;hero;promo_banner;siteorigin_body;tags,cover_box_dark;teaser_media;teaser_overlay;teaser_toolbar,,
https://www.skoda-storyboard.com/en/emobility/make-use-of-the-frunk-unlock-with-your-phone-new-enhancements-for-elroq-and-enyaq/,STO,story,post,200,card_teaser;carousel_rails;cover_box;downloads;hero;promo_banner;siteorigin_body;tags,cover_box_dark;teaser_media;teaser_overlay;teaser_toolbar,,
https://www.skoda-storyboard.com/en/skoda-world/tap-pump-crank-starting-the-first-car-from-mlada-boleslav/,STO,story,post,200,card_teaser;carousel_rails;cover_box;downloads;hero;promo_banner;siteorigin_body;tags,cover_box_dark;teaser_media;teaser_overlay;teaser_toolbar,,
https://www.skoda-storyboard.com/en/lifestyle/sand-heat-and-camels-the-enyaq-rs-explores-the-origins-of-humankind/,STO,story,post,200,card_teaser;carousel_rails;cover_box;downloads;hero;promo_banner;siteorigin_body;tags,cover_box_dark;teaser_media;teaser_overlay;teaser_toolbar,,
https://www.skoda-storyboard.com/en/skoda-world/a-record-year-for-skoda-electrified-models-also-contribute/,STO,story,post,200,card_teaser;carousel_rails;cover_box;downloads;hero;promo_banner;siteorigin_body;tags,cover_box_dark;teaser_media;teaser_overlay;teaser_toolbar,,
https://www.skoda-storyboard.com/en/skoda-world/for-your-car-to-perform-properly-keep-an-eye-on-tyre-pressure/,STO,story,post,200,card_teaser;carousel_rails;cover_box;downloads;hero;promo_banner;siteorigin_body;tags,cover_box_dark;teaser_media;teaser_overlay;teaser_toolbar,,
https://www.skoda-storyboard.com/en/lifestyle/rs-four-ways-which-one-will-you-choose/,STO,story,post,200,card_teaser;carousel_rails;cover_box;downloads;hero;promo_banner;siteorigin_body;tags,cover_box_dark;teaser_media;teaser_overlay;teaser_toolbar,,
https://www.skoda-storyboard.com/en/skoda-world/enhanced-superb-iv-delivers-200-kw-of-power/,STO,story,post,200,card_teaser;carousel_rails;cover_box;downloads;hero;promo_banner;siteorigin_body;tags,cover_box_dark;teaser_media;teaser_overlay;teaser_toolbar,,
https://www.skoda-storyboard.com/en/emobility/over-1100-per-day-how-skoda-manufactures-batteries-for-electric-cars/,STO,story,post,200,card_teaser;carousel_rails;cover_box;downloads;hero;promo_banner;siteorigin_body;tags,cover_box_dark;teaser_media;teaser_overlay;teaser_toolbar,vimeo,
https://www.skoda-storyboard.com/en/skoda-world/innovation-and-technology/watch-out-an-emergency-vehicle-is-approaching-your-skoda-will-alert-you/,STO,story,post,200,card_teaser;carousel_rails;cover_box;downloads;hero;promo_banner;siteorigin_body;tags,cover_box_dark;teaser_media;teaser_overlay;teaser_toolbar,,
https://www.skoda-storyboard.com/en/skoda-world/driven-by-passion-skoda-celebrates-125-years-of-motorsport/,STO,story,post,200,card_teaser;carousel_rails;cover_box;downloads;hero;promo_banner;siteorigin_body;tags,cover_box_dark;teaser_media;teaser_overlay;teaser_toolbar,,
https://www.skoda-storyboard.com/en/skoda-world/numbers-paperwork-tests-what-does-homologation-really-mean/,STO,story,post,200,card_teaser;carousel_rails;cover_box;downloads;hero;promo_banner;siteorigin_body;tags,cover_box_dark;teaser_media;teaser_overlay;teaser_toolbar,,
https://www.skoda-storyboard.com/en/emobility/enyaq-and-elroq-now-double-as-gaming-consoles-and-thats-not-all/,STO,story,post,200,card_teaser;carousel_rails;cover_box;downloads;hero;promo_banner;siteorigin_body;tags,cover_box_dark;teaser_media;teaser_overlay;teaser_toolbar,,
https://www.skoda-storyboard.com/en/emobility/big-possibilities-in-a-small-package-the-new-skoda-epiq/,STO,story,post,200,card_teaser;carousel_rails;cover_box;downloads;hero;promo_banner;siteorigin_body;tags,cover_box_dark;teaser_media;teaser_overlay;teaser_toolbar,,
https://www.skoda-storyboard.com/en/lifestyle/giant-spa-towers-gingerbread-and-valentines-day-discover-romantic-poland/,STO,story,post,200,card_teaser;carousel_rails;cover_box;downloads;hero;promo_banner;siteorigin_body;tags,cover_box_dark;teaser_media;teaser_overlay;teaser_toolbar,,
https://www.skoda-storyboard.com/en/skoda-world/the-secrets-behind-the-skoda-fabia-130s-playful-chassis/,STO,story,post,200,card_teaser;carousel_rails;cover_box;downloads;hero;promo_banner;siteorigin_body;tags,cover_box_dark;teaser_media;teaser_overlay;teaser_toolbar,,
https://www.skoda-storyboard.com/en/skoda-world/the-founder-klement-secured-the-first-automotive-laurel/,STO,story,post,200,card_teaser;carousel_rails;cover_box;downloads;hero;promo_banner;siteorigin_body;tags,cover_box_dark;teaser_media;teaser_overlay;teaser_toolbar,,
https://www.skoda-storyboard.com/en/skoda-world/safety-and-fun-four-advantages-of-4x4/,STO,story,post,200,card_teaser;carousel_rails;cover_box;downloads;hero;promo_banner;siteorigin_body;tags,cover_box_dark;teaser_media;teaser_overlay;teaser_toolbar,,
https://www.skoda-storyboard.com/en/skoda-world/from-queues-for-the-felicia-to-google-stars/,STO,story,post,200,card_teaser;carousel_rails;cover_box;downloads;hero;promo_banner;siteorigin_body;tags,cover_box_dark;teaser_media;teaser_overlay;teaser_toolbar,,
https://www.skoda-storyboard.com/en/skoda-world/the-new-skoda-kushaq-brings-an-extra-dose-of-equipment-and-confidence/,STO,story,post,200,card_teaser;carousel_rails;cover_box;downloads;hero;promo_banner;siteorigin_body;tags,cover_box_dark;teaser_media;teaser_overlay;teaser_toolbar,,
https://www.skoda-storyboard.com/en/skoda-world/my-enyaq-across-europe-in-an-electric-car/,STO,story,post,200,card_teaser;carousel_rails;cover_box;downloads;hero;promo_banner;siteorigin_body;tags,cover_box_dark;teaser_media;teaser_overlay;teaser_toolbar,,
https://www.skoda-storyboard.com/en/emobility/the-new-skoda-car-will-be-called-peaq/,STO,story,post,200,card_teaser;carousel_rails;cover_box;downloads;hero;promo_banner;siteorigin_body;tags,cover_box_dark;teaser_media;teaser_overlay;teaser_toolbar,,
https://www.skoda-storyboard.com/en/lifestyle/5-warming-aids-that-help-you-get-through-winter/,STO,story,post,200,card_teaser;cover_box;downloads;hero;promo_banner;siteorigin_body,cover_box_dark;teaser_media;teaser_overlay;teaser_toolbar,,
https://www.skoda-storyboard.com/en/skoda-world/skoda-vision-o-get-in-and-drive/,STO,story,post,200,card_teaser;carousel_rails;cover_box;downloads;hero;promo_banner;siteorigin_body;tags,cover_box_dark;teaser_media;teaser_overlay;teaser_toolbar,,
https://www.skoda-storyboard.com/en/skoda-world/welcome-to-2026/,STO,story,post,200,card_teaser;carousel_rails;cover_box;downloads;hero;promo_banner;siteorigin_body;tags,cover_box_dark;teaser_media;teaser_overlay;teaser_toolbar,,
https://www.skoda-storyboard.com/en/skoda-world/premieres-celebrations-and-experiences-2025-was-quite-a-ride/,STO,story,post,200,card_teaser;carousel_rails;cover_box;downloads;hero;promo_banner;siteorigin_body;tags,cover_box_dark;teaser_media;teaser_overlay;teaser_toolbar,,
https://www.skoda-storyboard.com/en/skoda-world/quiz-how-well-do-you-know-the-history-of-skoda-auto/,STO,story,post,200,card_teaser;carousel_rails;cover_box;downloads;hero;promo_banner;siteorigin_body;tags,cover_box_dark;teaser_media;teaser_overlay;teaser_toolbar,,
https://www.skoda-storyboard.com/en/lifestyle/dual-clutch-for-europe-torque-converter-for-extreme-conditions-manual-for-fun/,STO,story,post,200,card_teaser;carousel_rails;cover_box;downloads;hero;promo_banner;siteorigin_body;tags,cover_box_dark;teaser_media;teaser_overlay;teaser_toolbar,,
https://www.skoda-storyboard.com/en/skoda-world/a-smithy-full-of-stories/,STO,story,post,200,card_teaser;carousel_rails;cover_box;downloads;hero;promo_banner;siteorigin_body;tags,cover_box_dark;teaser_media;teaser_overlay;teaser_toolbar,,
https://www.skoda-storyboard.com/en/skoda-world/merry-and-emerald-christmas/,STO,story,post,200,card_teaser;carousel_rails;cover_box;downloads;hero;promo_banner;siteorigin_body;tags,cover_box_dark;teaser_media;teaser_overlay;teaser_toolbar,,
https://www.skoda-storyboard.com/en/lifestyle/a-journey-you-will-never-forget-the-monumental-route-napoleon/,STO,story,post,200,card_teaser;carousel_rails;cover_box;downloads;hero;promo_banner;siteorigin_body;tags,cover_box_dark;teaser_media;teaser_overlay;teaser_toolbar,,
https://www.skoda-storyboard.com/en/lifestyle/police-kodiaq-rs-technology-and-a-spy-mode/,STO,story,post,200,card_teaser;carousel_rails;cover_box;downloads;hero;promo_banner;siteorigin_body;tags,cover_box_dark;teaser_media;teaser_overlay;teaser_toolbar,,
https://www.skoda-storyboard.com/en/skoda-world/an-icon-reimagined-skoda-100-as-a-modern-day-sedan/,STO,story,post,200,card_teaser;carousel_rails;cover_box;downloads;hero;promo_banner;siteorigin_body;tags,cover_box_dark;teaser_media;teaser_overlay;teaser_toolbar,,
https://www.skoda-storyboard.com/en/skoda-world/do-you-know-them-all/,STO,story,post,200,card_teaser;carousel_rails;cover_box;downloads;hero;promo_banner;siteorigin_body;tags,cover_box_dark;teaser_media;teaser_overlay;teaser_toolbar,,
https://www.skoda-storyboard.com/en/emobility/enyaq-in-electrical-services/,STO,story,post,200,card_teaser;carousel_rails;cover_box;downloads;hero;promo_banner;siteorigin_body;tags,cover_box_dark;teaser_media;teaser_overlay;teaser_toolbar,,
https://www.skoda-storyboard.com/en/podcast-en/podcast-exploreskoda-designing-the-future-inside-skodas-vision-o/,STO,story,post,200,card_teaser;carousel_rails;cover_box;hero;promo_banner;siteorigin_body;tags,cover_box_dark;teaser_media;teaser_overlay;teaser_toolbar,spotify,
https://www.skoda-storyboard.com/en/skoda-world/small-parts-instantly-a-bumper-in-a-few-days-3d-printing-accelerates-development/,STO,story,post,200,card_teaser;carousel_rails;cover_box;downloads;hero;promo_banner;siteorigin_body;tags,cover_box_dark;teaser_media;teaser_overlay;teaser_toolbar,,
https://www.skoda-storyboard.com/en/emobility/skoda-elroq-and-a-happy-family/,STO,story,post,200,card_teaser;carousel_rails;cover_box;downloads;hero;promo_banner;siteorigin_body;tags,cover_box_dark;teaser_media;teaser_overlay;teaser_toolbar,,
https://www.skoda-storyboard.com/en/skoda-world/quiz-how-well-do-you-know-skoda-student-cars/,STO,story,post,200,card_teaser;carousel_rails;cover_box;downloads;hero;promo_banner;siteorigin_body;tags,cover_box_dark;teaser_media;teaser_overlay;teaser_toolbar,,
https://www.skoda-storyboard.com/en/lifestyle/in-winter-heat-up-your-car-but-dont-overdo-it/,STO,story,post,200,card_teaser;carousel_rails;cover_box;downloads;hero;promo_banner;siteorigin_body;tags,cover_box_dark;teaser_media;teaser_overlay;teaser_toolbar,,
https://www.skoda-storyboard.com/en/emobility/how-to-keep-your-electric-vehicle-battery-in-good-shape-and-charge-it-efficiently/,STO,story,post,200,card_teaser;carousel_rails;cover_box;downloads;hero;promo_banner;siteorigin_body;tags,cover_box_dark;teaser_media;teaser_overlay;teaser_toolbar,,
https://www.skoda-storyboard.com/en/skoda-world/vaclav-klement-father-of-museum-collections-and-a-philanthropist/,STO,story,post,200,card_teaser;carousel_rails;cover_box;downloads;hero;promo_banner;siteorigin_body;tags,cover_box_dark;teaser_media;teaser_overlay;teaser_toolbar,,
https://www.skoda-storyboard.com/en/skoda-world/an-icon-reimagined-the-futuristic-yet-practical-skoda-1000-mbx/,STO,story,post,200,card_teaser;carousel_rails;cover_box;downloads;hero;promo_banner;siteorigin_body;tags,cover_box_dark;teaser_media;teaser_overlay;teaser_toolbar,,
https://www.skoda-storyboard.com/en/skoda-world/rally-champion-fuel-efficiency-record-holder/,STO,story,post,200,card_teaser;carousel_rails;cover_box;downloads;hero;promo_banner;siteorigin_body;tags,cover_box_dark;teaser_media;teaser_overlay;teaser_toolbar,,
https://www.skoda-storyboard.com/en/podcast-en/podcast-exploreskoda-ev-lounge-meet-up-real-life-experiences-with-skoda-evs/,STO,story,post,200,card_teaser;carousel_rails;cover_box;hero;promo_banner;siteorigin_body;tags,cover_box_dark;teaser_media;teaser_overlay;teaser_toolbar,spotify,
https://www.skoda-storyboard.com/en/models/enyaq/spas-mines-and-a-hotel-on-rails-discover-the-scenic-ore-mountains-and-saxony/,STO,story,post,200,card_teaser;carousel_rails;cover_box;downloads;hero;promo_banner;siteorigin_body;tags,cover_box_dark;teaser_media;teaser_overlay;teaser_toolbar,,
https://www.skoda-storyboard.com/en/skoda-world/high-performance-with-low-fuel-consumption-discover-the-magic-of-the-1-5-tsi-evo2-engine/,STO,story,post,200,card_teaser;carousel_rails;cover_box;downloads;hero;promo_banner;siteorigin_body;tags,cover_box_dark;teaser_media;teaser_overlay;teaser_toolbar,,
https://www.skoda-storyboard.com/en/podcast-en/podcast-exploreskoda-steve-fowler-from-diesel-doubts-to-electric-confidence/,STO,story,post,200,card_teaser;carousel_rails;cover_box;hero;promo_banner;siteorigin_body;tags,cover_box_dark;teaser_media;teaser_overlay;teaser_toolbar,spotify,
https://www.skoda-storyboard.com/en/skoda-world/heritage/i-keep-discovering-new-things-in-the-archive/,STO,story,post,200,card_teaser;carousel_rails;cover_box;downloads;hero;promo_banner;siteorigin_body;tags,cover_box_dark;teaser_media;teaser_overlay;teaser_toolbar,,
https://www.skoda-storyboard.com/en/skoda-world/faster-and-more-exciting-the-new-skoda-fabia-130-thrives-in-corners/,STO,story,post,200,card_teaser;carousel_rails;cover_box;downloads;hero;promo_banner;siteorigin_body;tags,cover_box_dark;teaser_media;teaser_overlay;teaser_toolbar,,
https://www.skoda-storyboard.com/en/skoda-world/an-ice-scraper-an-umbrella-and-dozens-more-the-birth-of-the-simply-clever-phenomenon/,STO,story,post,200,card_teaser;carousel_rails;cover_box;downloads;hero;promo_banner;siteorigin_body;tags,cover_box_dark;teaser_media;teaser_overlay;teaser_toolbar,,
https://www.skoda-storyboard.com/en/emobility/coffee-on-electric-wheels-elroq-and-enyaq-serving-coffee/,STO,story,post,200,card_teaser;carousel_rails;cover_box;downloads;hero;promo_banner;siteorigin_body;tags,cover_box_dark;teaser_media;teaser_overlay;teaser_toolbar,,
https://www.skoda-storyboard.com/en/skoda-world/an-icon-reimagined-the-radical-skoda-110-r/,STO,story,post,200,card_teaser;carousel_rails;cover_box;downloads;hero;promo_banner;siteorigin_body;tags,cover_box_dark;teaser_media;teaser_overlay;teaser_toolbar,,
https://www.skoda-storyboard.com/en/lifestyle/motorsport/a-rally-champions-challenge-300-km-by-bike-through-the-white-night/,STO,story,post,200,card_teaser;carousel_rails;cover_box;downloads;hero;promo_banner;siteorigin_body;tags,cover_box_dark;teaser_media;teaser_overlay;teaser_toolbar,,
https://www.skoda-storyboard.com/en/skoda-world/sketch-like-a-chief-designer/,STO,story,post,200,card_teaser;carousel_rails;cover_box;downloads;hero;promo_banner;siteorigin_body;tags,cover_box_dark;teaser_media;teaser_overlay;teaser_toolbar,,
https://www.skoda-storyboard.com/en/emobility/elroq-rs-in-a-robe-unveiling-the-secret-of-matte-paint/,STO,story,post,200,card_teaser;carousel_rails;cover_box;downloads;hero;promo_banner;siteorigin_body;tags,cover_box_dark;teaser_media;teaser_overlay;teaser_toolbar,,
https://www.skoda-storyboard.com/en/skoda-world/skoda-classic-tour-up-close/,STO,story,post,200,card_teaser;carousel_rails;cover_box;downloads;hero;promo_banner;siteorigin_body;tags,cover_box_dark;teaser_media;teaser_overlay;teaser_toolbar,,
https://www.skoda-storyboard.com/en/emobility/the-world-premiere-of-the-skoda-vision-o/,STO,story,post,200,card_teaser;carousel_rails;cover_box;downloads;hero;promo_banner;siteorigin_body,cover_box_dark;teaser_media;teaser_overlay;teaser_toolbar,,
https://www.skoda-storyboard.com/en/skoda-world/safety-and-new-features-how-to-keep-your-skoda-updated/,STO,story,post,200,card_teaser;carousel_rails;cover_box;downloads;hero;promo_banner;siteorigin_body,cover_box_dark;teaser_media;teaser_overlay;teaser_toolbar,,
https://www.skoda-storyboard.com/en/skoda-world/an-icon-reimagined-the-playful-felicia-fun/,STO,story,post,200,card_teaser;carousel_rails;cover_box;downloads;hero;promo_banner;siteorigin_body;tags,cover_box_dark;teaser_media;teaser_overlay;teaser_toolbar,,
https://www.skoda-storyboard.com/en/lifestyle/with-the-skoda-rapid-beyond-the-arctic-circle-and-to-the-olympics/,STO,story,post,200,card_teaser;carousel_rails;cover_box;downloads;hero;promo_banner;siteorigin_body,cover_box_dark;teaser_media;teaser_overlay;teaser_toolbar,,
https://www.skoda-storyboard.com/en/emobility/the-vision-o-interior-charming-practical-and-functional/,STO,story,post,200,card_teaser;carousel_rails;cover_box;downloads;hero;promo_banner;siteorigin_body;tags,cover_box_dark;teaser_media;teaser_overlay;teaser_toolbar,,
https://www.skoda-storyboard.com/en/emobility/the-skoda-enyaq-will-win-you-over-in-60-seconds/,STO,story,post,200,card_teaser;carousel_rails;cover_box;downloads;hero;promo_banner;siteorigin_body;tags,cover_box_dark;teaser_media;teaser_overlay;teaser_toolbar,,
https://www.skoda-storyboard.com/en/skoda-world/the-immortal-octavia-see-what-it-looks-like-after-one-million-kilometres/,STO,story,post,200,card_teaser;carousel_rails;cover_box;downloads;hero;promo_banner;siteorigin_body;tags,cover_box_dark;teaser_media;teaser_overlay;teaser_toolbar,vimeo,
https://www.skoda-storyboard.com/en/emobility/skoda-vision-o-back-to-the-roots/,STO,story,post,200,card_teaser;carousel_rails;cover_box;downloads;hero;promo_banner;siteorigin_body;tags,cover_box_dark;teaser_media;teaser_overlay;teaser_toolbar,,
https://www.skoda-storyboard.com/en/skoda-world/citijet-kick-started-our-careers-the-authors-recall-the-first-skoda-student-car/,STO,story,post,200,card_teaser;carousel_rails;cover_box;downloads;hero;promo_banner;siteorigin_body;tags,cover_box_dark;teaser_media;teaser_overlay;teaser_toolbar,,
https://www.skoda-storyboard.com/en/emobility/how-aerodynamicists-work-their-magic/,STO,story,post,200,card_teaser;carousel_rails;cover_box;downloads;hero;promo_banner;siteorigin_body;tags,cover_box_dark;teaser_media;teaser_overlay;teaser_toolbar,,
https://www.skoda-storyboard.com/en/lifestyle/explore-albania/,STO,story,post,200,card_teaser;carousel_rails;cover_box;downloads;hero;promo_banner;siteorigin_body;tags,cover_box_dark;teaser_media;teaser_overlay;teaser_toolbar,,
https://www.skoda-storyboard.com/en/emobility/skoda-vision-o-a-glimpse-into-the-estate-car-of-tomorrow/,STO,story,post,200,card_teaser;carousel_rails;cover_box;downloads;hero;promo_banner;siteorigin_body,cover_box_dark;teaser_media;teaser_overlay;teaser_toolbar,,
https://www.skoda-storyboard.com/en/lifestyle/memories-of-africa/,STO,story,post,200,card_teaser;carousel_rails;cover_box;downloads;hero;promo_banner;siteorigin_body;tags,cover_box_dark;teaser_media;teaser_overlay;teaser_toolbar,,
https://www.skoda-storyboard.com/en/lifestyle/tour-de-france-fighters-tested-the-skoda-lk-130-student-car/,STO,story,post,200,card_teaser;carousel_rails;cover_box;downloads;hero;promo_banner;siteorigin_body;tags,cover_box_dark;teaser_media;teaser_overlay;teaser_toolbar,,
https://www.skoda-storyboard.com/en/skoda-world/an-icon-in-a-modern-form-the-enduring-skoda-sport/,STO,story,post,200,card_teaser;carousel_rails;cover_box;downloads;hero;promo_banner;siteorigin_body;tags,cover_box_dark;teaser_media;teaser_overlay;teaser_toolbar,,
https://www.skoda-storyboard.com/en/emobility/skoda-enyaq-rs-race-the-future-arrives-quickly/,STO,story,post,200,card_teaser;carousel_rails;cover_box;downloads;hero;promo_banner;siteorigin_body;tags,cover_box_dark;teaser_media;teaser_overlay;teaser_toolbar,,
https://www.skoda-storyboard.com/en/skoda-world/skodas-got-your-back-how-to-beat-the-mud-and-hot-rods-without-losing-your-cool/,STO,story,post,200,card_teaser;carousel_rails;cover_box;downloads;hero;promo_banner;siteorigin_body;tags,cover_box_dark;teaser_media;teaser_overlay;teaser_toolbar,,
https://www.skoda-storyboard.com/en/skoda-world/milling-tools-scrapers-and-clay-in-the-oven-how-modelers-work-in-automotive-design/,STO,story,post,200,card_teaser;carousel_rails;cover_box;downloads;hero;promo_banner;siteorigin_body;tags,cover_box_dark;teaser_media;teaser_overlay;teaser_toolbar,vimeo,
https://www.skoda-storyboard.com/en/lifestyle/prevent-harming-your-health-using-air-conditioning-avoid-overcooling-and-switch-it-off-occasionally/,STO,story,post,200,card_teaser;carousel_rails;cover_box;downloads;hero;promo_banner;siteorigin_body,cover_box_dark;teaser_media;teaser_overlay;teaser_toolbar,,
https://www.skoda-storyboard.com/en/lifestyle/motorsport/chasing-tenths-on-two-wheels-or-four/,STO,story,post,200,card_teaser;carousel_rails;cover_box;downloads;hero;promo_banner;siteorigin_body;tags,cover_box_dark;teaser_media;teaser_overlay;teaser_toolbar,,
https://www.skoda-storyboard.com/en/skoda-world/innovation-and-technology/let-the-magic-surprise-you-a-wand-that-plans-the-perfect-road-trip/,STO,story,post,200,card_teaser;carousel_rails;cover_box;downloads;hero;promo_banner;siteorigin_body;tags,cover_box_dark;teaser_media;teaser_overlay;teaser_toolbar,vimeo,
https://www.skoda-storyboard.com/en/skoda-world/visit-the-museum-see-130-years-of-the-skoda-brand-with-your-own-eyes/,STO,story,post,200,card_teaser;carousel_rails;cover_box;downloads;hero;promo_banner;siteorigin_body;tags,cover_box_dark;teaser_media;teaser_overlay;teaser_toolbar,,
https://www.skoda-storyboard.com/en/emobility/elroq-rs-in-matte-coat-limited-edition-brings-a-new-shade/,STO,story,post,200,card_teaser;carousel_rails;cover_box;downloads;hero;promo_banner;siteorigin_body;tags,cover_box_dark;teaser_media;teaser_overlay;teaser_toolbar,,
https://www.skoda-storyboard.com/en/skoda-world/skoda-lk-130-the-student-built-special-for-cyclists/,STO,story,post,200,card_teaser;carousel_rails;cover_box;downloads;hero;promo_banner;siteorigin_body;tags,cover_box_dark;teaser_media;teaser_overlay;teaser_toolbar,vimeo,
https://www.skoda-storyboard.com/en/skoda-world/an-icon-in-modern-form-the-vampire-ferat-thought-out-in-detail/,STO,story,post,200,card_teaser;carousel_rails;cover_box;downloads;hero;promo_banner;siteorigin_body;tags,cover_box_dark;teaser_media;teaser_overlay;teaser_toolbar,,
https://www.skoda-storyboard.com/en/podcast-en/podcast-exploreskoda-silence-power-emotion-why-influencers-love-evs/,STO,story,post,200,card_teaser;carousel_rails;cover_box;hero;promo_banner;siteorigin_body;tags,cover_box_dark;teaser_media;teaser_overlay;teaser_toolbar,spotify,
https://www.skoda-storyboard.com/en/skoda-world/guardian-angels-how-brake-assistants-work/,STO,story,post,200,card_teaser;carousel_rails;cover_box;downloads;hero;promo_banner;siteorigin_body;tags,cover_box_dark;teaser_media;teaser_overlay;teaser_toolbar,,
https://www.skoda-storyboard.com/en/lifestyle/do-you-see-xtl-on-your-fuel-cap-heres-what-it-means/,STO,story,post,200,card_teaser;carousel_rails;cover_box;downloads;hero;promo_banner;siteorigin_body;tags,cover_box_dark;teaser_media;teaser_overlay;teaser_toolbar,,
https://www.skoda-storyboard.com/en/skoda-world/bev-or-ice-skodas-future-will-be-balanced-range/,STO,story,post,200,card_teaser;carousel_rails;cover_box;downloads;hero;promo_banner;siteorigin_body;tags,cover_box_dark;teaser_media;teaser_overlay;teaser_toolbar,vimeo,
https://www.skoda-storyboard.com/en/skoda-world/a-glimpse-into-the-mind-and-soul-of-a-car-designer/,STO,story,post,200,card_teaser;carousel_rails;cover_box;downloads;hero;promo_banner;siteorigin_body;tags,cover_box_dark;teaser_media;teaser_overlay;teaser_toolbar,,
https://www.skoda-storyboard.com/en/lifestyle/legend-versus-contemporary-star-how-50-years-have-transformed-a-competition-car/,STO,story,post,200,card_teaser;carousel_rails;cover_box;hero;promo_banner;siteorigin_body;tags,cover_box_dark;teaser_media;teaser_overlay;teaser_toolbar,,
https://www.skoda-storyboard.com/en/emobility/an-icon-in-modern-form-the-electrifying-favorit/,STO,story,post,200,card_teaser;carousel_rails;cover_box;downloads;hero;promo_banner;siteorigin_body;tags,cover_box_dark;gallery_lightbox_viewer;teaser_media;teaser_overlay;teaser_toolbar,,
https://www.skoda-storyboard.com/en/simply-clever/park-your-skoda-using-your-mobile-phone-well-show-you-how-how/,STO,story,post,200,card_teaser;carousel_rails;cover_box;hero;promo_banner;siteorigin_body;tags,cover_box_dark;teaser_media;teaser_overlay;teaser_toolbar,vimeo,
https://www.skoda-storyboard.com/en/skoda-world/innovation-and-technology/tough-doesnt-always-mean-sporty-how-rs-models-are-tuned/,STO,story,post,200,card_teaser;carousel_rails;cover_box;downloads;hero;promo_banner;siteorigin_body;tags,cover_box_dark;gallery_lightbox_viewer;teaser_media;teaser_overlay;teaser_toolbar,,
https://www.skoda-storyboard.com/en/lifestyle/sports/hockey/this-years-skoda-ice-hockey-team-line-up/,STO,story,post,200,card_teaser;carousel_rails;cover_box;downloads;hero;promo_banner;siteorigin_body;tags,cover_box_dark;gallery_lightbox_viewer;teaser_media;teaser_overlay;teaser_toolbar,,
https://www.skoda-storyboard.com/en/lifestyle/an-unforgettable-trip-to-south-bohemia/,STO,story,post,200,card_teaser;carousel_rails;cover_box;downloads;hero;promo_banner;siteorigin_body;tags,cover_box_dark;teaser_media;teaser_overlay;teaser_toolbar,,
https://www.skoda-storyboard.com/en/emobility/enyaq-rs-gets-a-new-look-and-equipment/,STO,story,post,200,card_teaser;carousel_rails;cover_box;downloads;hero;promo_banner;siteorigin_body;tags,cover_box_dark;gallery_lightbox_viewer;teaser_media;teaser_overlay;teaser_toolbar,,
https://www.skoda-storyboard.com/en/emobility/bold-and-loud-the-elroq-respectline-celebrates-diversity/,STO,story,post,200,card_teaser;carousel_rails;cover_box;downloads;hero;promo_banner;siteorigin_body;tags,cover_box_dark;gallery_lightbox_viewer;teaser_media;teaser_overlay;teaser_toolbar,vimeo,
https://www.skoda-storyboard.com/en/emobility/a-colourful-celebration-of-diversity-look-forward-to-the-elroq-respectline/,STO,story,post,200,card_teaser;carousel_rails;cover_box;hero;promo_banner;siteorigin_body;tags,cover_box_dark;teaser_media;teaser_overlay;teaser_toolbar,,
https://www.skoda-storyboard.com/en/emobility/colours-and-materials-what-inspired-the-designers-in-milan/,STO,story,post,200,card_teaser;carousel_rails;cover_box;downloads;hero;promo_banner;siteorigin_body;tags,cover_box_dark;gallery_lightbox_viewer;teaser_media;teaser_overlay;teaser_toolbar,,
https://www.skoda-storyboard.com/en/skoda-world/how-to-charm-the-west-discover-the-beauty-of-skoda-posters/,STO,story,post,200,card_teaser;carousel_rails;cover_box;downloads;hero;promo_banner;siteorigin_body;tags,cover_box_dark;teaser_media;teaser_overlay;teaser_toolbar,,
https://www.skoda-storyboard.com/en/emobility/an-icon-reimagined-slavia-b-as-a-cafe-racer/,STO,story,post,200,card_teaser;carousel_rails;cover_box;downloads;hero;promo_banner;siteorigin_body;tags,cover_box_dark;teaser_media;teaser_overlay;teaser_toolbar,,
https://www.skoda-storyboard.com/en/lifestyle/vacation-starts-on-the-road-discover-the-adriatic-highway/,STO,story,post,200,card_teaser;carousel_rails;cover_box;downloads;hero;promo_banner;siteorigin_body;tags,cover_box_dark;teaser_media;teaser_overlay;teaser_toolbar,,
https://www.skoda-storyboard.com/en/models/enyaq/5-reasons-to-want-the-new-enyaq/,STO,story,post,200,card_teaser;carousel_rails;cover_box;downloads;hero;promo_banner;siteorigin_body;tags,cover_box_dark;teaser_media;teaser_overlay;teaser_toolbar,vimeo,
https://www.skoda-storyboard.com/en/skoda-world/innovation-and-technology/technology/the-tricks-of-manufacturing-superheroes/,STO,story,post,200,card_teaser;carousel_rails;cover_box;downloads;hero;promo_banner;siteorigin_body,cover_box_dark;teaser_media;teaser_overlay;teaser_toolbar,vimeo,
https://www.skoda-storyboard.com/en/skoda-world/ciao-skoda-a-glamorous-experience-at-milan-design-week/,STO,story,post,200,card_teaser;carousel_rails;cover_box;downloads;hero;promo_banner;siteorigin_body;tags,cover_box_dark;gallery_lightbox_viewer;teaser_media;teaser_overlay;teaser_toolbar,,
https://www.skoda-storyboard.com/en/podcast-en/podcast-exploreskoda-rs-legacy-from-the-iconic-130rs-to-the-all-new-elroq-rs/,STO,story,post,200,hero;promo_banner;siteorigin_body,teaser_overlay,spotify,
https://www.skoda-storyboard.com/en/models/elroq/fast-fun-practical-the-skoda-elroq-rs-is-here/,STO,story,post,200,card_teaser;carousel_rails;cover_box;downloads;hero;promo_banner;siteorigin_body;tags,cover_box_dark;gallery_lightbox_viewer;teaser_media;teaser_overlay;teaser_toolbar,,
https://www.skoda-storyboard.com/en/skoda-world/heritage/the-czech-shoe-skoda-and-botas-created-unique-sneakers/,STO,story,post,200,card_teaser;carousel_rails;cover_box;downloads;hero;promo_banner;siteorigin_body;tags,cover_box_dark;teaser_media;teaser_overlay;teaser_toolbar,,
https://www.skoda-storyboard.com/en/skoda-world/snowdrop-flamingo-modern-solid-skoda-heads-to-milan/,STO,story,post,200,card_teaser;carousel_rails;cover_box;downloads;hero;promo_banner;siteorigin_body;tags,cover_box_dark;gallery_lightbox_viewer;teaser_media;teaser_overlay;teaser_toolbar,,
https://www.skoda-storyboard.com/en/skoda-world/windows-as-witnesses-of-laurin-klements-successful-history/,STO,story,post,200,card_teaser;carousel_rails;cover_box;downloads;hero;promo_banner;siteorigin_body;tags,cover_box_dark;teaser_media;teaser_overlay;teaser_toolbar,,
https://www.skoda-storyboard.com/en/lifestyle/spring-car-care-what-can-you-handle-at-home-and-what-requires-a-service-visit/,STO,story,post,200,card_teaser;carousel_rails;cover_box;downloads;hero;promo_banner;siteorigin_body;tags,cover_box_dark;teaser_media;teaser_overlay;teaser_toolbar,,
https://www.skoda-storyboard.com/en/models/kodiaq/rs-in-bear-skin-youll-love-the-most-powerful-kodiaq/,STO,story,post,200,card_teaser;carousel_rails;cover_box;downloads;hero;promo_banner;siteorigin_body;tags,cover_box_dark;teaser_media;teaser_overlay;teaser_toolbar,,
https://www.skoda-storyboard.com/en/podcast-en/podcast-exploreskoda-smart-cars-smart-protection-how-we-secure-your-vehicles/,STO,story,post,200,card_teaser;carousel_rails;cover_box;hero;promo_banner;siteorigin_body,cover_box_dark;teaser_media;teaser_overlay;teaser_toolbar,spotify,
https://www.skoda-storyboard.com/en/mission-and-vision/recap-of-a-record-year-and-a-glimpse-into-the-future/,STO,story,post,200,card_teaser;carousel_rails;cover_box;downloads;hero;promo_banner;siteorigin_body;tags,cover_box_dark;teaser_media;teaser_overlay;teaser_toolbar,,
https://www.skoda-storyboard.com/en/skoda-world/innovation-and-technology/an-automatic-transmission-saves-fuel-effort-and-space-when-does-a-manual-still-make-sense/,STO,story,post,200,card_teaser;carousel_rails;cover_box;downloads;hero;promo_banner;siteorigin_body;tags,cover_box_dark;teaser_media;teaser_overlay;teaser_toolbar,,
https://www.skoda-storyboard.com/en/emobility/a-stunning-drive-to-the-northernmost-tip-of-mallorca/,STO,story,post,200,card_teaser;carousel_rails;cover_box;downloads;hero;promo_banner;siteorigin_body;tags,cover_box_dark;gallery_lightbox_viewer;teaser_media;teaser_overlay;teaser_toolbar,,
https://www.skoda-storyboard.com/en/simply-clever/do-you-have-a-qr-code-in-your-boot-it-will-show-you-all-the-smart-features/,STO,story,post,200,card_teaser;carousel_rails;cover_box;downloads;hero;promo_banner;siteorigin_body;tags,cover_box_dark;teaser_media;teaser_overlay;teaser_toolbar,,
https://www.skoda-storyboard.com/en/models/kodiaq/the-story-of-olive-oil-from-andalusia-to-the-czech-republic/,STO,story,post,200,card_teaser;carousel_rails;cover_box;downloads;hero;promo_banner;siteorigin_body;tags,cover_box_dark;teaser_media;teaser_overlay;teaser_toolbar,,
https://www.skoda-storyboard.com/en/lifestyle/what-you-learn-on-the-circuit-can-save-you-on-the-road/,STO,story,post,200,card_teaser;carousel_rails;cover_box;downloads;hero;promo_banner;siteorigin_body;tags,cover_box_dark;teaser_media;teaser_overlay;teaser_toolbar,,
https://www.skoda-storyboard.com/en/simply-clever/coffee-maker-fridge-and-a-coat-hanger-skoda-accessories-cover-every-detail/,STO,story,post,200,card_teaser;carousel_rails;cover_box;downloads;hero;promo_banner;siteorigin_body;tags,cover_box_dark;teaser_media;teaser_overlay;teaser_toolbar,,
https://www.skoda-storyboard.com/en/concepts/a-parisian-journey-through-130-years/,STO,story,post,200,card_teaser;carousel_rails;cover_box;downloads;hero;promo_banner;siteorigin_body;tags,cover_box_dark;teaser_media;teaser_overlay;teaser_toolbar,,
https://www.skoda-storyboard.com/en/emobility/here-is-where-future-skoda-cars-are-born-look-inside-the-secret-model-workshop/,STO,story,post,200,card_teaser;carousel_rails;cover_box;hero;promo_banner;siteorigin_body;tags,cover_box_dark;teaser_media;teaser_overlay;teaser_toolbar,vimeo,
https://www.skoda-storyboard.com/en/podcast-en/podcast-exploreskoda-does-the-combustion-engine-still-have-a-future/,STO,story,post,200,card_teaser;carousel_rails;cover_box;hero;promo_banner;siteorigin_body,cover_box_dark;teaser_media;teaser_overlay;teaser_toolbar,spotify,
https://www.skoda-storyboard.com/en/lifestyle/safe-driving-on-snow-and-ice/,STO,story,post,200,card_teaser;carousel_rails;cover_box;downloads;hero;promo_banner;siteorigin_body;tags,cover_box_dark;teaser_media;teaser_overlay;teaser_toolbar,,
https://www.skoda-storyboard.com/en/models/superb/sporty-flair-for-every-day-the-superb-sportline-will-get-you/,STO,story,post,200,card_teaser;carousel_rails;cover_box;downloads;hero;promo_banner;siteorigin_body;tags,cover_box_dark;gallery_lightbox_viewer;teaser_media;teaser_overlay;teaser_toolbar,,
https://www.skoda-storyboard.com/en/lifestyle/adventures/driving-paradise-in-the-south-of-france-go-to-the-col-de-turini/,STO,story,post,200,card_teaser;carousel_rails;cover_box;downloads;hero;promo_banner;siteorigin_body;tags,cover_box_dark;gallery_lightbox_viewer;teaser_media;teaser_overlay;teaser_toolbar,,
https://www.skoda-storyboard.com/en/130years/what-the-birth-certificate-of-the-first-car-from-mlada-boleslav-looked-like/,STO,story,post,200,card_teaser;carousel_rails;cover_box;downloads;hero;promo_banner;siteorigin_body;tags,cover_box_dark;teaser_media;teaser_overlay;teaser_toolbar,,
https://www.skoda-storyboard.com/en/lifestyle/your-car-can-also-be-equipped-for-the-mountains-here-are-tips-for-choosing-the-right-accessories/,STO,story,post,200,card_teaser;carousel_rails;cover_box;downloads;hero;promo_banner;siteorigin_body;tags,cover_box_dark;gallery_lightbox_viewer;teaser_media;teaser_overlay;teaser_toolbar,,
https://www.skoda-storyboard.com/en/skoda-world/innovation-and-technology/skoda-elroq-wins-you-over-in-60-seconds/,STO,story,post,200,card_teaser;carousel_rails;cover_box;downloads;hero;promo_banner;siteorigin_body;tags,cover_box_dark;gallery_lightbox_viewer;teaser_media;teaser_overlay;teaser_toolbar,,
https://www.skoda-storyboard.com/en/models/octavia/octavia-from-the-1960s-as-the-voltavia-electric-station-wagon-and-the-crazy-project-x/,STO,story,post,200,card_teaser;carousel_rails;cover_box;downloads;hero;promo_banner;siteorigin_body;tags,cover_box_dark;gallery_lightbox_viewer;teaser_media;teaser_overlay;teaser_toolbar,,
https://www.skoda-storyboard.com/en/emobility/an-electric-car-in-winter-practical-advice-from-driver-and-expert/,STO,story,post,200,card_teaser;carousel_rails;cover_box;downloads;hero;promo_banner;siteorigin_body;tags,cover_box_dark;teaser_media;teaser_overlay;teaser_toolbar,spotify,
https://www.skoda-storyboard.com/en/emobility/new-nose-new-colours-designers-present-the-new-enyaq/,STO,story,post,200,card_teaser;carousel_rails;cover_box;downloads;hero;promo_banner;siteorigin_body;tags,cover_box_dark;gallery_lightbox_viewer;teaser_media;teaser_overlay;teaser_toolbar,,
https://www.skoda-storyboard.com/en/podcast-en/podcast-exploreskoda-new-enyaq-a-major-software-update-as-well/,STO,story,post,200,card_teaser;carousel_rails;cover_box;hero;promo_banner;siteorigin_body;tags,cover_box_dark;teaser_media;teaser_overlay;teaser_toolbar,spotify,
https://www.skoda-storyboard.com/en/models/enyaq/the-new-enyaq-with-modern-solid/,STO,story,post,200,card_teaser;carousel_rails;cover_box;downloads;hero;promo_banner;siteorigin_body;tags,cover_box_dark;gallery_lightbox_viewer;teaser_media;teaser_overlay;teaser_toolbar,,
https://www.skoda-storyboard.com/en/podcast-en/podcast-exploreskoda-cold-weather-charging-take-care-of-your-traction-battery/,STO,story,post,200,card_teaser;carousel_rails;cover_box;hero;promo_banner;siteorigin_body;tags,cover_box_dark;teaser_media;teaser_overlay;teaser_toolbar,spotify,
https://www.skoda-storyboard.com/en/models/elroq/five-reasons-why-elroq-will-capture-your-heart/,STO,story,post,200,card_teaser;carousel_rails;cover_box;downloads;hero;promo_banner;siteorigin_body;tags,cover_box_dark;gallery_lightbox_viewer;teaser_media;teaser_overlay;teaser_toolbar,,
https://www.skoda-storyboard.com/en/130years/welcome-to-2025/,STO,story,post,200,card_teaser;carousel_rails;cover_box;hero;promo_banner;siteorigin_body;tags,cover_box_dark;teaser_media;teaser_overlay;teaser_toolbar,,
https://www.skoda-storyboard.com/en/skoda-world/2024-a-year-crammed-full-of-exploration/,STO,story,post,200,card_teaser;carousel_rails;cover_box;downloads;hero;promo_banner;siteorigin_body;tags,cover_box_dark;gallery_lightbox_viewer;teaser_media;teaser_overlay;teaser_toolbar,vimeo,
https://www.skoda-storyboard.com/en/skoda-world/2024-a-year-of-new-electric-cars-and-innovated-favourites/,STO,story,post,200,card_teaser;carousel_rails;cover_box;hero;promo_banner;siteorigin_body;tags,cover_box_dark;teaser_media;teaser_overlay;teaser_toolbar,vimeo;youtube,
https://www.skoda-storyboard.com/en/skoda-world/taking-the-risk-out-of-buying-a-second-hand-car/,STO,story,post,200,card_teaser;carousel_rails;cover_box;downloads;hero;promo_banner;siteorigin_body;tags,cover_box_dark;teaser_media;teaser_overlay;teaser_toolbar,,
https://www.skoda-storyboard.com/en/skoda-world/quiz-can-you-recognise-skoda-models-by-their-details/,STO,story,post,200,card_teaser;carousel_rails;cover_box;downloads;hero;promo_banner;siteorigin_body;tags,cover_box_dark;teaser_media;teaser_overlay;teaser_toolbar,,
https://www.skoda-storyboard.com/en/classic-cars/original-skodas-from-the-companys-history/,STO,story,post,200,card_teaser;carousel_rails;cover_box;downloads;hero;promo_banner;siteorigin_body;tags,cover_box_dark;teaser_media;teaser_overlay;teaser_toolbar,,
https://www.skoda-storyboard.com/en/skoda-world/minutes-from-car-production-how-a-car-is-made-step-by-step/,STO,story,post,200,card_teaser;carousel_rails;cover_box;downloads;hero;promo_banner;siteorigin_body;tags,cover_box_dark;teaser_media;teaser_overlay;teaser_toolbar,youtube,
https://www.skoda-storyboard.com/en/skoda-world/skoda-has-a-blueprint-for-sustainable-dealerships/,STO,story,post,200,card_teaser;carousel_rails;cover_box;downloads;hero;promo_banner;siteorigin_body;tags,cover_box_dark;teaser_media;teaser_overlay;teaser_toolbar,,
https://www.skoda-storyboard.com/en/lifestyle/my-enyaq-how-one-scottish-lawyer-found-freedom-in-his-skoda/,STO,story,post,200,card_teaser;carousel_rails;cover_box;downloads;hero;promo_banner;siteorigin_body;tags,cover_box_dark;teaser_media;teaser_overlay;teaser_toolbar,spotify,
https://www.skoda-storyboard.com/en/skoda-world/minutes-from-car-production-a-visual-inspection-and-the-first-test/,STO,story,post,200,card_teaser;carousel_rails;cover_box;downloads;hero;promo_banner;siteorigin_body;tags,cover_box_dark;teaser_media;teaser_overlay;teaser_toolbar,youtube,
https://www.skoda-storyboard.com/en/skoda-world/safely-tested-on-people/,STO,story,post,200,card_teaser;carousel_rails;cover_box;downloads;hero;promo_banner;siteorigin_body;tags,cover_box_dark;teaser_media;teaser_overlay;teaser_toolbar,,
https://www.skoda-storyboard.com/en/skoda-world/kamiq-karoq-kodiaq-great-choices-for-the-city-and-countryside/,STO,story,post,200,card_teaser;carousel_rails;cover_box;downloads;hero;promo_banner;siteorigin_body;tags,cover_box_dark;gallery_lightbox_viewer;teaser_media;teaser_overlay;teaser_toolbar,,
https://www.skoda-storyboard.com/en/skoda-world/designers-in-india/,STO,story,post,200,card_teaser;cover_box;downloads;hero;promo_banner;siteorigin_body;tags,cover_box_dark;teaser_media;teaser_overlay;teaser_toolbar,,
https://www.skoda-storyboard.com/en/skoda-world/cars-that-are-safe-for-pedestrians-as-well/,STO,story,post,200,card_teaser;carousel_rails;cover_box;downloads;hero;promo_banner;siteorigin_body;tags,cover_box_dark;teaser_media;teaser_overlay;teaser_toolbar,,
https://www.skoda-storyboard.com/en/lifestyle/care-for-body-and-mind-and-important-prevention/,STO,story,post,200,card_teaser;carousel_rails;cover_box;downloads;hero;promo_banner;siteorigin_body;tags,cover_box_dark;teaser_media;teaser_overlay;teaser_toolbar,,
https://www.skoda-storyboard.com/en/emobility/motors-in-electric-cars-light-powerful-and-maintenance-free/,STO,story,post,200,card_teaser;carousel_rails;cover_box;downloads;hero;promo_banner;siteorigin_body;tags,cover_box_dark;teaser_media;teaser_overlay;teaser_toolbar,,
https://www.skoda-storyboard.com/en/skoda-world/here-comes-the-kylaq-a-compact-suv-for-india/,STO,story,post,200,card_teaser;cover_box;downloads;hero;promo_banner;siteorigin_body;tags,cover_box_dark;teaser_media;teaser_overlay;teaser_toolbar,,
https://www.skoda-storyboard.com/en/podcast-en/podcast-exploreskoda-the-elroq-experience-design-meets-technology/,STO,story,post,200,card_teaser;carousel_rails;cover_box;hero;promo_banner;siteorigin_body;tags,cover_box_dark;teaser_media;teaser_overlay;teaser_toolbar,spotify,
https://www.skoda-storyboard.com/en/skoda-world/minutes-from-car-production-software-brings-the-car-to-life/,STO,story,post,200,card_teaser;carousel_rails;cover_box;downloads;hero;promo_banner;siteorigin_body;tags,cover_box_dark;teaser_media;teaser_overlay;teaser_toolbar,youtube,
https://www.skoda-storyboard.com/en/models/sporty-and-stylish-the-kodiaq-gets-the-rs-treatment/,STO,story,post,200,card_teaser;carousel_rails;cover_box;downloads;hero;promo_banner;siteorigin_body;tags,cover_box_dark;gallery_lightbox_viewer;teaser_media;teaser_overlay;teaser_toolbar,youtube,
https://www.skoda-storyboard.com/en/skoda-world/clever-luggage-solutions-for-your-boot/,STO,story,post,200,card_teaser;carousel_rails;cover_box;downloads;hero;promo_banner;siteorigin_body;tags,cover_box_dark;teaser_media;teaser_overlay;teaser_toolbar,,
https://www.skoda-storyboard.com/en/lifestyle/exploring-pyrenees-without-limits-enyaq-and-the-tent/,STO,story,post,200,card_teaser;carousel_rails;cover_box;downloads;hero;promo_banner;siteorigin_body;tags,cover_box_dark;gallery_lightbox_viewer;teaser_media;teaser_overlay;teaser_toolbar,,
https://www.skoda-storyboard.com/en/skoda-world/making-driving-easier-how-cruise-control-works/,STO,story,post,200,card_teaser;carousel_rails;cover_box;downloads;hero;promo_banner;siteorigin_body;tags,cover_box_dark;teaser_media;teaser_overlay;teaser_toolbar,youtube,
https://www.skoda-storyboard.com/en/emobility/my-enyaq-embracing-electric-through-hampshire-and-far-beyond/,STO,story,post,200,card_teaser;carousel_rails;cover_box;downloads;hero;promo_banner;siteorigin_body;tags,cover_box_dark;teaser_media;teaser_overlay;teaser_toolbar,,
https://www.skoda-storyboard.com/en/models/enyaq-rs-race-an-electric-coupe-on-steroids/,STO,story,post,200,card_teaser;cover_box;downloads;hero;promo_banner;siteorigin_body;tags,cover_box_dark;gallery_lightbox_viewer;teaser_media;teaser_overlay;teaser_toolbar,youtube,
https://www.skoda-storyboard.com/en/models/skoda-elroq-through-designers-eyes/,STO,story,post,200,card_teaser;carousel_rails;cover_box;downloads;hero;promo_banner;siteorigin_body;tags,cover_box_dark;gallery_lightbox_viewer;teaser_media;teaser_overlay;teaser_toolbar,youtube,
https://www.skoda-storyboard.com/en/emobility/skoda-elroq-premiere-light-cube-camera-action/,STO,story,post,200,card_teaser;carousel_rails;cover_box;downloads;hero;promo_banner;siteorigin_body;tags,cover_box_dark;gallery_lightbox_viewer;teaser_media;teaser_overlay;teaser_toolbar,,
https://www.skoda-storyboard.com/en/skoda-world/here-it-comes-the-skoda-elroq-a-compact-electric-suv/,STO,story,post,200,card_teaser;cover_box;downloads;hero;promo_banner;siteorigin_body;tags,cover_box_dark;teaser_media;teaser_overlay;teaser_toolbar,,
https://www.skoda-storyboard.com/en/skoda-world/minutes-from-car-production-closing-doors/,STO,story,post,200,card_teaser;carousel_rails;cover_box;downloads;hero;promo_banner;siteorigin_body;tags,cover_box_dark;teaser_media;teaser_overlay;teaser_toolbar,youtube,
https://www.skoda-storyboard.com/en/skoda-world/how_computers_shaped_55_years_of_skoda_design/,STO,story,post,200,card_teaser;carousel_rails;cover_box;downloads;hero;promo_banner;siteorigin_body;tags,cover_box_dark;teaser_media;teaser_overlay;teaser_toolbar,,
https://www.skoda-storyboard.com/en/skoda-world/the-skoda-superb-will-get-you-in-60-seconds/,STO,story,post,200,card_teaser;cover_box;downloads;hero;promo_banner;siteorigin_body;tags,cover_box_dark;gallery_lightbox_viewer;teaser_media;teaser_overlay;teaser_toolbar,youtube,
https://www.skoda-storyboard.com/en/lifestyle/from-toolmaker-to-fire-chief/,STO,story,post,200,card_teaser;carousel_rails;cover_box;downloads;hero;promo_banner;siteorigin_body;tags,cover_box_dark;teaser_media;teaser_overlay;teaser_toolbar,,
https://www.skoda-storyboard.com/en/skoda-world/the-elroq-sounds-unique-hear-for-yourself/,STO,story,post,200,card_teaser;cover_box;downloads;hero;promo_banner;siteorigin_body;tags,cover_box_dark;teaser_media;teaser_overlay;teaser_toolbar,,
https://www.skoda-storyboard.com/en/green-future-de/the-first-sustainable-skoda-showroom-has-opened-in-riga/,STO,story,post,200,card_teaser;carousel_rails;cover_box;downloads;hero;promo_banner;siteorigin_body;tags,cover_box_dark;teaser_media;teaser_overlay;teaser_toolbar,,
https://www.skoda-storyboard.com/en/skoda-world/ensuring-the-air-inside-your-car-is-just-right/,STO,story,post,200,card_teaser;carousel_rails;cover_box;downloads;hero;promo_banner;siteorigin_body;tags,cover_box_dark;teaser_media;teaser_overlay;teaser_toolbar,,
https://www.skoda-storyboard.com/en/skoda-world/skoda-classic-tour-stopped-off-at-a-huge-parts-warehouse/,STO,story,post,200,card_teaser;carousel_rails;cover_box;downloads;hero;promo_banner;siteorigin_body;tags,cover_box_dark;gallery_lightbox_viewer;teaser_media;teaser_overlay;teaser_toolbar,,
https://www.skoda-storyboard.com/en/skoda-world/minutes-from-car-production-seats-and-steering-wheel/,STO,story,post,200,card_teaser;carousel_rails;cover_box;hero;promo_banner;siteorigin_body;tags,cover_box_dark;teaser_media;teaser_overlay;teaser_toolbar,youtube,
https://www.skoda-storyboard.com/en/skoda-world/sportline-models-dynamic-elegance-for-every-day/,STO,story,post,200,card_teaser;carousel_rails;cover_box;downloads;hero;promo_banner;siteorigin_body;tags,cover_box_dark;gallery_lightbox_viewer;teaser_media;teaser_overlay;teaser_toolbar,,
https://www.skoda-storyboard.com/en/models/superb/meet-the-new-superb-sportline/,STO,story,post,200,card_teaser;carousel_rails;cover_box;downloads;hero;promo_banner;siteorigin_body;tags,cover_box_dark;teaser_media;teaser_overlay;teaser_toolbar,vimeo,
https://www.skoda-storyboard.com/en/skoda-world/the-skoda-elroq-reveals-its-sustainable-interior/,STO,story,post,200,card_teaser;cover_box;downloads;hero;promo_banner;siteorigin_body;tags,cover_box_dark;teaser_media;teaser_overlay;teaser_toolbar,,
https://www.skoda-storyboard.com/en/skoda-world/birthdays-for-the-felicia-and-fabia/,STO,story,post,200,card_teaser;cover_box;downloads;hero;promo_banner;siteorigin_body;tags,cover_box_dark;gallery_lightbox_viewer;teaser_media;teaser_overlay;teaser_toolbar,,
https://www.skoda-storyboard.com/en/emobility/enyaq-rs-race-rally-technology-plus-sustainability/,STO,story,post,200,card_teaser;carousel_rails;cover_box;downloads;hero;promo_banner;siteorigin_body;tags,cover_box_dark;gallery_lightbox_viewer;teaser_media;teaser_overlay;teaser_toolbar,,
https://www.skoda-storyboard.com/en/skoda-world/skoda-kodiaq-will-get-you-in-60-seconds/,STO,story,post,200,card_teaser;carousel_rails;cover_box;downloads;hero;promo_banner;siteorigin_body;tags,cover_box_dark;gallery_lightbox_viewer;teaser_media;teaser_overlay;teaser_toolbar,youtube,
https://www.skoda-storyboard.com/en/emobility/how-was-the-elroq-made-not-in-the-usual-way/,STO,story,post,200,card_teaser;carousel_rails;cover_box;downloads;hero;promo_banner;siteorigin_body;tags,cover_box_dark;gallery_lightbox_viewer;teaser_media;teaser_overlay;teaser_toolbar,,
https://www.skoda-storyboard.com/en/skoda-world/practical-and-ergonomic-why-the-gear-selector-is-being-repositioned/,STO,story,post,200,card_teaser;carousel_rails;cover_box;downloads;hero;promo_banner;siteorigin_body;tags,cover_box_dark;teaser_media;teaser_overlay;teaser_toolbar,,
https://www.skoda-storyboard.com/en/emobility/abb-on-the-road-to-a-fully-electric-fleet/,STO,story,post,200,card_teaser;carousel_rails;cover_box;downloads;hero;promo_banner;siteorigin_body;tags,cover_box_dark;teaser_media;teaser_overlay;teaser_toolbar,,
https://www.skoda-storyboard.com/en/podcast-en/podcast-exploreskoda-discovering-europes-advanced-paint-shops/,STO,story,post,200,card_teaser;carousel_rails;cover_box;hero;promo_banner;siteorigin_body;tags,cover_box_dark;teaser_media;teaser_overlay;teaser_toolbar,spotify,
https://www.skoda-storyboard.com/en/skoda-world/oliver-solberg-behind-the-wheel-of-the-new-octavia-rs/,STO,story,post,200,card_teaser;carousel_rails;cover_box;downloads;hero;promo_banner;siteorigin_body;tags,cover_box_dark;gallery_lightbox_viewer;teaser_media;teaser_overlay;teaser_toolbar,,
https://www.skoda-storyboard.com/en/lifestyle/the-dutch-reach-a-simple-habit-that-saves-lives/,STO,story,post,200,card_teaser;carousel_rails;cover_box;downloads;hero;promo_banner;siteorigin_body;tags,cover_box_dark;teaser_media;teaser_overlay;teaser_toolbar,,
https://www.skoda-storyboard.com/en/podcast-en/podcast-exploreskoda-elroq-agile-ev-for-every-day/,STO,story,post,200,hero;promo_banner;siteorigin_body;tags,teaser_overlay,spotify,
https://www.skoda-storyboard.com/en/skoda-world/minutes-from-car-production-wheels-at-last/,STO,story,post,200,card_teaser;carousel_rails;cover_box;hero;promo_banner;siteorigin_body;tags,cover_box_dark;teaser_media;teaser_overlay;teaser_toolbar,youtube,
https://www.skoda-storyboard.com/en/skoda-world/how-to-keep-kids-amused-on-your-travels/,STO,story,post,200,card_teaser;carousel_rails;cover_box;downloads;hero;promo_banner;siteorigin_body;tags,cover_box_dark;teaser_media;teaser_overlay;teaser_toolbar,vimeo,
https://www.skoda-storyboard.com/en/emobility/camouflage-to-get-you-hooked/,STO,story,post,200,card_teaser;carousel_rails;cover_box;downloads;hero;promo_banner;siteorigin_body;tags,cover_box_dark;teaser_media;teaser_overlay;teaser_toolbar,,
https://www.skoda-storyboard.com/en/lifestyle/whats-your-tour/,STO,story,post,200,card_teaser;cover_box;downloads;hero;promo_banner;siteorigin_body;tags,cover_box_dark;teaser_media;teaser_overlay;teaser_toolbar,,
https://www.skoda-storyboard.com/en/skoda-world/skoda-octavia-will-get-you-in-60-seconds/,STO,story,post,200,card_teaser;carousel_rails;cover_box;downloads;hero;promo_banner;siteorigin_body;tags,cover_box_dark;gallery_lightbox_viewer;teaser_media;teaser_overlay;teaser_toolbar,youtube,
https://www.skoda-storyboard.com/en/skoda-world/the-data-kingdom-and-its-fascinating-technology/,STO,story,post,200,card_teaser;carousel_rails;cover_box;downloads;hero;promo_banner;siteorigin_body;tags,cover_box_dark;gallery_lightbox_viewer;teaser_media;teaser_overlay;teaser_toolbar,,
https://www.skoda-storyboard.com/en/emobility/my-enyaq-from-daily-drives-to-caravan-escapes/,STO,story,post,200,card_teaser;carousel_rails;cover_box;downloads;hero;promo_banner;siteorigin_body;tags,cover_box_dark;teaser_media;teaser_overlay;teaser_toolbar,,
https://www.skoda-storyboard.com/en/skoda-world/caught-up-in-the-cogs/,STO,story,post,200,card_teaser;carousel_rails;cover_box;downloads;hero;promo_banner;siteorigin_body;tags,cover_box_dark;teaser_media;teaser_overlay;teaser_toolbar,,
https://www.skoda-storyboard.com/en/skoda-world/skoda-kamiq-will-get-you-in-60-seconds/,STO,story,post,200,card_teaser;carousel_rails;cover_box;downloads;hero;promo_banner;siteorigin_body;tags,cover_box_dark;gallery_lightbox_viewer;teaser_media;teaser_overlay;teaser_toolbar,youtube,
https://www.skoda-storyboard.com/en/podcast-en/podcast-exploreskoda-andreas-dick-on-skoda-car-manufacturing/,STO,story,post,200,card_teaser;cover_box;downloads;hero;promo_banner;siteorigin_body;tags,cover_box_dark;teaser_media;teaser_overlay;teaser_toolbar,spotify,
https://www.skoda-storyboard.com/en/emobility/skoda-elroq-whats-hiding-under-the-camouflage/,STO,story,post,200,card_teaser;carousel_rails;cover_box;downloads;hero;promo_banner;siteorigin_body;tags,cover_box_dark;gallery_lightbox_viewer;teaser_media;teaser_overlay;teaser_toolbar,youtube,
https://www.skoda-storyboard.com/en/lifestyle/skoda-again-leading-the-tour-de-france-peloton/,STO,story,post,200,card_teaser;carousel_rails;cover_box;downloads;hero;promo_banner;siteorigin_body;tags,cover_box_dark;teaser_media;teaser_overlay;teaser_toolbar,,
https://www.skoda-storyboard.com/en/skoda-world/minutes-from-car-production-the-car-gets-a-face/,STO,story,post,200,card_teaser;carousel_rails;cover_box;downloads;hero;promo_banner;siteorigin_body;tags,cover_box_dark;teaser_media;teaser_overlay;teaser_toolbar,youtube,
https://www.skoda-storyboard.com/en/podcast-en/podcast-exploreskoda-about-the-kamiq-and-scala-lights/,STO,story,post,200,card_teaser;carousel_rails;cover_box;hero;promo_banner;siteorigin_body;tags,cover_box_dark;teaser_media;teaser_overlay;teaser_toolbar,spotify,
https://www.skoda-storyboard.com/en/skoda-world/box-on-the-roof-towards-the-back-and-dead-central/,STO,story,post,200,card_teaser;carousel_rails;cover_box;downloads;hero;promo_banner;siteorigin_body;tags,cover_box_dark;teaser_media;teaser_overlay;teaser_toolbar,,
https://www.skoda-storyboard.com/en/skoda-world/high-mountains-howling-wind-and-searing-heat-in-one-room/,STO,story,post,200,card_teaser;carousel_rails;cover_box;downloads;hero;promo_banner;siteorigin_body;tags,cover_box_dark;teaser_media;teaser_overlay;teaser_toolbar,,
https://www.skoda-storyboard.com/en/emobility/just-plug-and-charge/,STO,story,post,200,card_teaser;carousel_rails;cover_box;downloads;hero;promo_banner;siteorigin_body;tags,cover_box_dark;teaser_media;teaser_overlay;teaser_toolbar,vimeo,
https://www.skoda-storyboard.com/en/skoda-world/the-future-of-sustainable-materials-frying-oil-and-old-bumpers/,STO,story,post,200,card_teaser;carousel_rails;cover_box;downloads;hero;promo_banner;siteorigin_body;tags,cover_box_dark;teaser_media;teaser_overlay;teaser_toolbar,,
https://www.skoda-storyboard.com/en/skoda-world/cars-have-black-boxes-what-data-do-they-collect/,STO,story,post,200,card_teaser;carousel_rails;cover_box;downloads;hero;promo_banner;siteorigin_body;tags,cover_box_dark;teaser_media;teaser_overlay;teaser_toolbar,,
https://www.skoda-storyboard.com/en/skoda-world/skoda-scala-will-get-you-in-60-seconds/,STO,story,post,200,card_teaser;carousel_rails;cover_box;downloads;hero;promo_banner;siteorigin_body;tags,cover_box_dark;gallery_lightbox_viewer;teaser_media;teaser_overlay;teaser_toolbar,youtube,
https://www.skoda-storyboard.com/en/skoda-world/specialty-coffee-fuelling-skoda-employees-creativity/,STO,story,post,200,card_teaser;cover_box;downloads;hero;promo_banner;siteorigin_body;tags,cover_box_dark;teaser_media;teaser_overlay;teaser_toolbar,,
https://www.skoda-storyboard.com/en/skoda-world/quiz-can-you-recognise-skoda-models-by-the-back-lights/,STO,story,post,200,card_teaser;carousel_rails;cover_box;downloads;hero;promo_banner;siteorigin_body;tags,cover_box_dark;teaser_media;teaser_overlay;teaser_toolbar,,
https://www.skoda-storyboard.com/en/skoda-world/from-a-3d-model-to-the-driving-seat-in-the-new-octavia/,STO,story,post,200,card_teaser;carousel_rails;cover_box;downloads;hero;promo_banner;siteorigin_body;tags,cover_box_dark;gallery_lightbox_viewer;teaser_media;teaser_overlay;teaser_toolbar,,
https://www.skoda-storyboard.com/en/podcast-en/podcast-exploreskoda-connectivity-of-the-new-skoda-octavia-on-a-higher-level/,STO,story,post,200,hero;promo_banner;siteorigin_body;tags,teaser_overlay,spotify,
https://www.skoda-storyboard.com/en/skoda-world/minutes-from-car-production-the-marriage/,STO,story,post,200,card_teaser;carousel_rails;cover_box;downloads;hero;promo_banner;siteorigin_body;tags,cover_box_dark;teaser_media;teaser_overlay;teaser_toolbar,youtube,
https://www.skoda-storyboard.com/en/skoda-world/the-new-superb-through-the-eyes-of-chief-designer-oliver-stefani/,STO,story,post,200,card_teaser;carousel_rails;cover_box;downloads;hero;promo_banner;siteorigin_body;tags,cover_box_dark;gallery_lightbox_viewer;teaser_media;teaser_overlay;teaser_toolbar,youtube,
https://www.skoda-storyboard.com/en/skoda-world/a-glimpse-of-the-skoda-elroq/,STO,story,post,200,card_teaser;carousel_rails;cover_box;downloads;hero;promo_banner;siteorigin_body;tags,cover_box_dark;teaser_media;teaser_overlay;teaser_toolbar,,
https://www.skoda-storyboard.com/en/skoda-world/aerodynamics-pioneers-through-todays-eyes/,STO,story,post,200,card_teaser;carousel_rails;cover_box;downloads;hero;promo_banner;siteorigin_body;tags,cover_box_dark;gallery_lightbox_viewer;teaser_media;teaser_overlay;teaser_toolbar,,
https://www.skoda-storyboard.com/en/podcast-en/podcast-exploreskoda-the-all-new-superb-combi-is-even-more-spacious/,STO,story,post,200,card_teaser;carousel_rails;cover_box;hero;promo_banner;siteorigin_body;tags,cover_box_dark;teaser_media;teaser_overlay;teaser_toolbar,spotify,
https://www.skoda-storyboard.com/en/skoda-world/an-architect-in-a-world-of-engineers/,STO,story,post,200,card_teaser;carousel_rails;cover_box;downloads;hero;promo_banner;siteorigin_body;tags,cover_box_dark;teaser_media;teaser_overlay;teaser_toolbar,,
https://www.skoda-storyboard.com/en/skoda-world/team-skodas-star-line-up-for-this-year/,STO,story,post,200,card_teaser;cover_box;downloads;hero;promo_banner;siteorigin_body;tags,cover_box_dark;teaser_media;teaser_overlay;teaser_toolbar,,
https://www.skoda-storyboard.com/en/skoda-world/they-save-lives-how-airbags-work/,STO,story,post,200,card_teaser;carousel_rails;cover_box;downloads;hero;promo_banner;siteorigin_body;tags,cover_box_dark;teaser_media;teaser_overlay;teaser_toolbar,,
https://www.skoda-storyboard.com/en/lifestyle/its-first-race-the-incredibly-fast-skoda-vision-gran-turismo/,STO,story,post,200,card_teaser;cover_box;downloads;hero;promo_banner;siteorigin_body;tags,cover_box_dark;teaser_media;teaser_overlay;teaser_toolbar,vimeo,
https://www.skoda-storyboard.com/en/emobility/enyaq-rs-race-an-electric-drive-with-motorsport-dna/,STO,story,post,200,card_teaser;carousel_rails;cover_box;downloads;hero;promo_banner;siteorigin_body;tags,cover_box_dark;teaser_media;teaser_overlay;teaser_toolbar,,
https://www.skoda-storyboard.com/en/podcast-en/podcast-exploreskoda-kodiaq-excels-not-only-with-efficient-engines/,STO,story,post,200,card_teaser;carousel_rails;cover_box;hero;promo_banner;siteorigin_body;tags,cover_box_dark;teaser_media;teaser_overlay;teaser_toolbar,spotify,
https://www.skoda-storyboard.com/en/emobility/electrifying-the-bear-driving-the-skoda-kodiaq-iv/,STO,story,post,200,card_teaser;carousel_rails;cover_box;downloads;hero;promo_banner;siteorigin_body;tags,cover_box_dark;gallery_lightbox_viewer;teaser_media;teaser_overlay;teaser_toolbar,,
https://www.skoda-storyboard.com/en/skoda-world/minutes-from-car-production-installing-the-windscreen/,STO,story,post,200,card_teaser;carousel_rails;cover_box;downloads;hero;promo_banner;siteorigin_body;tags,cover_box_dark;teaser_media;teaser_overlay;teaser_toolbar,youtube,
https://www.skoda-storyboard.com/en/lifestyle/vision-gran-turismo-premiere/,STO,story,post,200,card_teaser;cover_box;downloads;hero;promo_banner;siteorigin_body;tags,cover_box_dark;gallery_lightbox_viewer;teaser_media;teaser_overlay;teaser_toolbar,vimeo,
https://www.skoda-storyboard.com/en/emobility/the-little-prince-van-gogh-and-lavender-scent/,STO,story,post,200,card_teaser;carousel_rails;cover_box;downloads;hero;promo_banner;siteorigin_body;tags,cover_box_dark;gallery_lightbox_viewer;teaser_media;teaser_overlay;teaser_toolbar,,
https://www.skoda-storyboard.com/en/skoda-world/my-name-is-vaclav-laurin-and-im-here-to-chat/,STO,story,post,200,card_teaser;cover_box;downloads;hero;promo_banner;siteorigin_body;tags,cover_box_dark;teaser_media;teaser_overlay;teaser_toolbar,,
https://www.skoda-storyboard.com/en/podcast-en/podcast-exploreskoda-new-myskoda-app-brings-everything-in-one-place/,STO,story,post,200,card_teaser;carousel_rails;cover_box;hero;promo_banner;siteorigin_body;tags,cover_box_dark;teaser_media;teaser_overlay;teaser_toolbar,spotify,
https://www.skoda-storyboard.com/en/skoda-world/the-new-skoda-kodiaq-through-the-eyes-of-oliver-stefani/,STO,story,post,200,card_teaser;cover_box;downloads;hero;promo_banner;siteorigin_body;tags,cover_box_dark;gallery_lightbox_viewer;teaser_media;teaser_overlay;teaser_toolbar,youtube,
https://www.skoda-storyboard.com/en/skoda-world/meet-some-original-and-lesser-known-skodas/,STO,story,post,200,card_teaser;carousel_rails;cover_box;downloads;hero;promo_banner;siteorigin_body;tags,cover_box_dark;teaser_media;teaser_overlay;teaser_toolbar,,
https://www.skoda-storyboard.com/en/skoda-world/getting-hands-on-with-the-new-superb-combi/,STO,story,post,200,card_teaser;cover_box;downloads;hero;promo_banner;siteorigin_body;tags,cover_box_dark;gallery_lightbox_viewer;teaser_media;teaser_overlay;teaser_toolbar,,
https://www.skoda-storyboard.com/en/emobility/myskoda-app-is-packed-with-more-features-than-ever/,STO,story,post,200,card_teaser;carousel_rails;cover_box;downloads;hero;promo_banner;siteorigin_body;tags,cover_box_dark;teaser_media;teaser_overlay;teaser_toolbar,vimeo,
https://www.skoda-storyboard.com/en/skoda-world/scala-or-kamiq-both-skodas-have-a-lot-to-offer/,STO,story,post,200,card_teaser;cover_box;downloads;hero;promo_banner;siteorigin_body;tags,cover_box_dark;teaser_media;teaser_overlay;teaser_toolbar,,
https://www.skoda-storyboard.com/en/skoda-world/cybersecurity-for-cars-the-responsibility-of-manufacturers-and-drivers/,STO,story,post,200,card_teaser;carousel_rails;cover_box;downloads;hero;promo_banner;siteorigin_body;tags,cover_box_dark;teaser_media;teaser_overlay;teaser_toolbar,,
https://www.skoda-storyboard.com/en/skoda-world/minutes-from-car-production-dashboard-assembly/,STO,story,post,200,card_teaser;carousel_rails;cover_box;downloads;hero;promo_banner;siteorigin_body;tags,cover_box_dark;teaser_media;teaser_overlay;teaser_toolbar,youtube,
https://www.skoda-storyboard.com/en/podcast-en/podcast-exploreskoda-vehicle-acoustics-is-progressing-rapidly/,STO,story,post,200,card_teaser;carousel_rails;cover_box;hero;promo_banner;siteorigin_body;tags,cover_box_dark;teaser_media;teaser_overlay;teaser_toolbar,spotify,
https://www.skoda-storyboard.com/en/emobility/electric-journey-to-dunes-of-sahara/,STO,story,post,200,card_teaser;carousel_rails;cover_box;downloads;hero;promo_banner;siteorigin_body;tags,cover_box_dark;gallery_lightbox_viewer;teaser_media;teaser_overlay;teaser_toolbar,,
https://www.skoda-storyboard.com/en/skoda-world/hackathon-beegreen-ideas-for-sustainability/,STO,story,post,200,card_teaser;cover_box;downloads;hero;promo_banner;siteorigin_body;tags,cover_box_dark;teaser_media;teaser_overlay;teaser_toolbar,,
https://www.skoda-storyboard.com/en/skoda-world/this-will-be-skoda-epiq-find-out-more/,STO,story,post,200,card_teaser;carousel_rails;cover_box;downloads;hero;promo_banner;siteorigin_body;tags,cover_box_dark;gallery_lightbox_viewer;teaser_media;teaser_overlay;teaser_toolbar,youtube,
https://www.skoda-storyboard.com/en/skoda-world/quiz-recognise-skoda-models-by-their-lights/,STO,story,post,200,card_teaser;carousel_rails;cover_box;downloads;hero;promo_banner;siteorigin_body;tags,cover_box_dark;teaser_media;teaser_overlay;teaser_toolbar,,
https://www.skoda-storyboard.com/en/emobility/my-enyaq-test-drive-was-an-eye-opener/,STO,story,post,200,card_teaser;carousel_rails;cover_box;downloads;hero;promo_banner;siteorigin_body;tags,cover_box_dark;teaser_media;teaser_overlay;teaser_toolbar,,
https://www.skoda-storyboard.com/en/skoda-world/print-your-own-octavia-at-home/,STO,story,post,200,card_teaser;carousel_rails;cover_box;downloads;hero;promo_banner;siteorigin_body;tags,cover_box_dark;gallery_lightbox_viewer;teaser_media;teaser_overlay;teaser_toolbar,,
https://www.skoda-storyboard.com/en/lifestyle/how-do-you-film-the-future-with-computers-and-a-stunt-driver/,STO,story,post,200,card_teaser;carousel_rails;cover_box;downloads;hero;promo_banner;siteorigin_body;tags,cover_box_dark;gallery_lightbox_viewer;teaser_media;teaser_overlay;teaser_toolbar,,
https://www.skoda-storyboard.com/en/skoda-world/minutes-from-car-production-bodywork-painting/,STO,story,post,200,card_teaser;carousel_rails;cover_box;downloads;hero;promo_banner;siteorigin_body;tags,cover_box_dark;teaser_media;teaser_overlay;teaser_toolbar,youtube,
https://www.skoda-storyboard.com/en/skoda-world/the-new-skoda-octavia-seen-through-its-designers-eyes/,STO,story,post,200,card_teaser;cover_box;downloads;hero;promo_banner;siteorigin_body;tags,cover_box_dark;teaser_media;teaser_overlay;teaser_toolbar,vimeo,
https://www.skoda-storyboard.com/en/emobility/discover-the-countryside-around-zell-am-see/,STO,story,post,200,card_teaser;carousel_rails;cover_box;downloads;hero;promo_banner;siteorigin_body;tags,cover_box_dark;teaser_media;teaser_overlay;teaser_toolbar,youtube,
https://www.skoda-storyboard.com/en/skoda-world/measure-twice-and-then-measure-again-meet-the-metrologists/,STO,story,post,200,card_teaser;carousel_rails;cover_box;downloads;hero;promo_banner;siteorigin_body;tags,cover_box_dark;teaser_media;teaser_overlay;teaser_toolbar,,
https://www.skoda-storyboard.com/en/podcast-en/podcast-exploreskoda-updated-skoda-octavia-better-in-every-aspect/,STO,story,post,200,card_teaser;carousel_rails;cover_box;hero;promo_banner;siteorigin_body;tags,cover_box_dark;teaser_media;teaser_overlay;teaser_toolbar,spotify,
https://www.skoda-storyboard.com/en/skoda-world/new-octavia/,STO,story,post,200,card_teaser;carousel_rails;cover_box;downloads;hero;promo_banner;siteorigin_body;tags,cover_box_dark;gallery_lightbox_viewer;teaser_media;teaser_overlay;teaser_toolbar,vimeo,
https://www.skoda-storyboard.com/en/skoda-world/new-controls-for-skoda-cars-a-single-system-but-customisable/,STO,story,post,200,card_teaser;carousel_rails;cover_box;downloads;hero;promo_banner;siteorigin_body;tags,cover_box_dark;teaser_media;teaser_overlay;teaser_toolbar,vimeo,
https://www.skoda-storyboard.com/en/models/octavia/first-sketches-of-the-innovated-octavia-take-a-look/,STO,story,post,200,card_teaser;cover_box;downloads;hero;promo_banner;siteorigin_body;tags,cover_box_dark;teaser_media;teaser_overlay;teaser_toolbar,vimeo,
https://www.skoda-storyboard.com/en/skoda-world/not-just-shining-in-the-dark-lights-have-to-do-more-than-that/,STO,story,post,200,card_teaser;cover_box;downloads;hero;promo_banner;siteorigin_body;tags,cover_box_dark;teaser_media;teaser_overlay;teaser_toolbar,,
https://www.skoda-storyboard.com/en/skoda-world/10-things-you-might-not-know-about-skoda/,STO,story,post,200,card_teaser;cover_box;downloads;hero;promo_banner;siteorigin_body;tags,cover_box_dark;teaser_media;teaser_overlay;teaser_toolbar,,
https://www.skoda-storyboard.com/en/skoda-world/minutes-from-car-production-bodywork-in-the-welding-shop/,STO,story,post,200,card_teaser;carousel_rails;cover_box;downloads;hero;promo_banner;siteorigin_body;tags,cover_box_dark;teaser_media;teaser_overlay;teaser_toolbar,youtube,
https://www.skoda-storyboard.com/en/classic-cars/original-cars-from-history-discover-unique-skodas/,STO,story,post,200,card_teaser;carousel_rails;cover_box;downloads;hero;promo_banner;siteorigin_body;tags,cover_box_dark;teaser_media;teaser_overlay;teaser_toolbar,,
https://www.skoda-storyboard.com/en/skoda-world/in-the-virtual-centre-you-can-touch-cars-that-dont-exist/,STO,story,post,200,card_teaser;carousel_rails;cover_box;downloads;hero;promo_banner;siteorigin_body;tags,cover_box_dark;teaser_media;teaser_overlay;teaser_toolbar,,
https://www.skoda-storyboard.com/en/skoda-world/crystallinium-a-brightly-coloured-jewel-in-lights/,STO,story,post,200,card_teaser;carousel_rails;cover_box;downloads;hero;promo_banner;siteorigin_body;tags,cover_box_dark;teaser_media;teaser_overlay;teaser_toolbar,,
https://www.skoda-storyboard.com/en/lifestyle/dont-let-winter-catch-you-off-guard/,STO,story,post,200,card_teaser;carousel_rails;cover_box;downloads;hero;promo_banner;siteorigin_body;tags,cover_box_dark;teaser_media;teaser_overlay;teaser_toolbar,,
https://www.skoda-storyboard.com/en/emobility/meet-the-skoda-enyaq-85/,STO,story,post,200,card_teaser;carousel_rails;cover_box;downloads;hero;promo_banner;siteorigin_body;tags,cover_box_dark;gallery_lightbox_viewer;teaser_media;teaser_overlay;teaser_toolbar,,
https://www.skoda-storyboard.com/en/skoda-world/innovation-and-technology/cars-on-the-way-to-vietnam/,STO,story,post,200,card_teaser;cover_box;downloads;hero;promo_banner;siteorigin_body;tags,cover_box_dark;teaser_media;teaser_overlay;teaser_toolbar,,
https://www.skoda-storyboard.com/en/podcast-en/podcast-exploreskoda-enyaq-for-the-2024-with-extended-range/,STO,story,post,200,card_teaser;carousel_rails;cover_box;hero;promo_banner;siteorigin_body;tags,cover_box_dark;teaser_media;teaser_overlay;teaser_toolbar,spotify,
https://www.skoda-storyboard.com/en/classic-cars/octavia-ts-triumphs-at-the-acropolis-rally-again-60-years-on/,STO,story,post,200,card_teaser;carousel_rails;cover_box;downloads;hero;promo_banner;siteorigin_body;tags,cover_box_dark;teaser_media;teaser_overlay;teaser_toolbar,,
https://www.skoda-storyboard.com/en/skoda-world/can-you-recognise-skoda-models-from-their-silhouettes/,STO,story,post,200,card_teaser;carousel_rails;cover_box;downloads;hero;promo_banner;siteorigin_body;tags,cover_box_dark;teaser_media;teaser_overlay;teaser_toolbar,,
https://www.skoda-storyboard.com/en/skoda-world/2023-a-year-of-exploration-and-inspiring-encounters/,STO,story,post,200,card_teaser;cover_box;downloads;hero;promo_banner;siteorigin_body;tags,cover_box_dark;teaser_media;teaser_overlay;teaser_toolbar,youtube,
https://www.skoda-storyboard.com/en/skoda-world/skoda-sets-off-on-a-fortnite-adventure/,STO,story,post,200,card_teaser;carousel_rails;cover_box;downloads;hero;promo_banner;siteorigin_body;tags,cover_box_dark;teaser_media;teaser_overlay;teaser_toolbar,vimeo,
https://www.skoda-storyboard.com/en/emobility/2023-new-cars-and-a-glimpse-of-the-future/,STO,story,post,200,card_teaser;cover_box;downloads;hero;promo_banner;siteorigin_body;tags,cover_box_dark;teaser_media;teaser_overlay;teaser_toolbar,vimeo;youtube,
https://www.skoda-storyboard.com/en/skoda-world/nudge-and-spin-police-kodiaqs-in-action/,STO,story,post,200,card_teaser;carousel_rails;cover_box;downloads;hero;promo_banner;siteorigin_body;tags,cover_box_dark;gallery_lightbox_viewer;teaser_media;teaser_overlay;teaser_toolbar,vimeo,
https://www.skoda-storyboard.com/en/skoda-world/a-century-of-the-winged-arrow/,STO,story,post,200,card_teaser;carousel_rails;cover_box;downloads;hero;promo_banner;siteorigin_body;tags,cover_box_dark;teaser_media;teaser_overlay;teaser_toolbar,vimeo,
https://www.skoda-storyboard.com/en/podcast-en/podcast-exploreskoda-33-000-km-across-africa-with-skoda-enyaq/,STO,story,post,200,card_teaser;carousel_rails;cover_box;hero;promo_banner;siteorigin_body;tags,cover_box_dark;teaser_media;teaser_overlay;teaser_toolbar,,
https://www.skoda-storyboard.com/en/emobility/enyaq-covered-thousands-of-kilometres-of-rough-african-roads/,STO,story,post,200,card_teaser;carousel_rails;cover_box;downloads;hero;promo_banner;siteorigin_body;tags,cover_box_dark;teaser_media;teaser_overlay;teaser_toolbar,vimeo,
https://www.skoda-storyboard.com/en/lifestyle/rally-on-the-road-to-sustainability/,STO,story,post,200,card_teaser;carousel_rails;cover_box;downloads;hero;promo_banner;siteorigin_body;tags,cover_box_dark;gallery_lightbox_viewer;teaser_media;teaser_overlay;teaser_toolbar,,
https://www.skoda-storyboard.com/en/skoda-world/laurin-klement-models-cars-with-tradition-and-a-touch-of-luxury/,STO,story,post,200,card_teaser;cover_box;downloads;hero;promo_banner;siteorigin_body;tags,cover_box_dark;gallery_lightbox_viewer;teaser_media;teaser_overlay;teaser_toolbar,,
https://www.skoda-storyboard.com/en/lifestyle/gifts-from-the-world-of-skoda-christmas-joy-for-the-whole-family/,STO,story,post,200,card_teaser;carousel_rails;cover_box;downloads;hero;promo_banner;siteorigin_body;tags,cover_box_dark;teaser_media;teaser_overlay;teaser_toolbar,,
https://www.skoda-storyboard.com/en/skoda-world/explorers-of-sustainability-when-finnish-grannies-knit/,STO,story,post,200,card_teaser;carousel_rails;cover_box;downloads;hero;promo_banner;siteorigin_body;tags,cover_box_dark;teaser_media;teaser_overlay;teaser_toolbar,youtube,
https://www.skoda-storyboard.com/en/skoda-world/the-new-superb-the-latest-made-in-bratislava-skoda/,STO,story,post,200,card_teaser;carousel_rails;cover_box;downloads;hero;promo_banner;siteorigin_body;tags,cover_box_dark;teaser_media;teaser_overlay;teaser_toolbar,,
https://www.skoda-storyboard.com/en/podcast-en/podcast-exploreskoda-the-new-digital-service-pay-to-fuel/,STO,story,post,200,card_teaser;carousel_rails;cover_box;hero;promo_banner;siteorigin_body;tags,cover_box_dark;teaser_media;teaser_overlay;teaser_toolbar,spotify,
https://www.skoda-storyboard.com/en/skoda-world/a-talented-painter-among-designers/,STO,story,post,200,card_teaser;carousel_rails;cover_box;downloads;hero;promo_banner;siteorigin_body;tags,cover_box_dark;teaser_media;teaser_overlay;teaser_toolbar,spotify,
https://www.skoda-storyboard.com/en/classic-cars/skoda-1203-multifunctional-and-immortal/,STO,story,post,200,card_teaser;carousel_rails;cover_box;downloads;hero;promo_banner;siteorigin_body;tags,cover_box_dark;teaser_media;teaser_overlay;teaser_toolbar,,
https://www.skoda-storyboard.com/en/podcast-en/podcast-exploreskoda-about-the-exterior-of-the-all-new-skoda-superb/,STO,story,post,200,card_teaser;carousel_rails;cover_box;hero;promo_banner;siteorigin_body;tags,cover_box_dark;teaser_media;teaser_overlay;teaser_toolbar,spotify,
https://www.skoda-storyboard.com/en/skoda-world/explore-the-redesigned-skoda-exposition-at-autostadt/,STO,story,post,200,card_teaser;cover_box;downloads;hero;promo_banner;siteorigin_body;tags,cover_box_dark;teaser_media;teaser_overlay;teaser_toolbar,,
https://www.skoda-storyboard.com/en/skoda-world/explorers-of-sustainability-furniture-made-from-seaweed-and-fishing-nets/,STO,story,post,200,card_teaser;carousel_rails;cover_box;downloads;hero;promo_banner;siteorigin_body;tags,cover_box_dark;gallery_lightbox_viewer;teaser_media;teaser_overlay;teaser_toolbar,youtube,
https://www.skoda-storyboard.com/en/skoda-world/edu-lab-stokes-passion-for-technology/,STO,story,post,200,card_teaser;cover_box;downloads;hero;promo_banner;siteorigin_body;tags,cover_box_dark;gallery_lightbox_viewer;teaser_media;teaser_overlay;teaser_toolbar,,
https://www.skoda-storyboard.com/en/skoda-world/all-new-skoda-superb-world-premiere-2023/,STO,story,post,200,card_teaser;carousel_rails;cover_box;downloads;hero;promo_banner;siteorigin_body;tags,cover_box_dark;gallery_lightbox_viewer;teaser_media;teaser_overlay;teaser_toolbar,youtube,
https://www.skoda-storyboard.com/en/about/be-in-the-picture-subscribe-to-the-skoda-world/,STO,story,post,200,hero;promo_banner;siteorigin_body,teaser_overlay,,
https://www.skoda-storyboard.com/en/podcast-en/podcast-exploreskoda-key-milestones-of-skoda-superb/,STO,story,post,200,card_teaser;carousel_rails;cover_box;hero;promo_banner;siteorigin_body;tags,cover_box_dark;teaser_media;teaser_overlay;teaser_toolbar,spotify,
https://www.skoda-storyboard.com/en/skoda-world/from-bustling-istanbul-to-country-roads-and-back/,STO,story,post,200,card_teaser;carousel_rails;cover_box;downloads;hero;promo_banner;siteorigin_body;tags,cover_box_dark;teaser_media;teaser_overlay;teaser_toolbar,,
https://www.skoda-storyboard.com/en/skoda-world/crystalline-precise-and-timeless-designers-rate-the-third-superb/,STO,story,post,200,card_teaser;carousel_rails;cover_box;downloads;hero;promo_banner;siteorigin_body;tags,cover_box_dark;gallery_lightbox_viewer;teaser_media;teaser_overlay;teaser_toolbar,,
https://www.skoda-storyboard.com/en/lifestyle/exploring-the-magnificent-alps-in-rs-models/,STO,story,post,200,card_teaser;carousel_rails;cover_box;downloads;hero;promo_banner;siteorigin_body;tags,cover_box_dark;gallery_lightbox_viewer;teaser_media;teaser_overlay;teaser_toolbar,,
https://www.skoda-storyboard.com/en/podcast-en/podcast-exploreskoda-world-premiere-of-the-all-new-skoda-kodiaq/,STO,story,post,200,card_teaser;carousel_rails;cover_box;hero;promo_banner;siteorigin_body;tags,cover_box_dark;teaser_media;teaser_overlay;teaser_toolbar,spotify,
https://www.skoda-storyboard.com/en/lifestyle/an-office-on-wheels-designed-for-exploring/,STO,story,post,200,card_teaser;carousel_rails;cover_box;downloads;hero;promo_banner;siteorigin_body;tags,cover_box_dark;gallery_lightbox_viewer;teaser_media;teaser_overlay;teaser_toolbar,youtube,
https://www.skoda-storyboard.com/en/skoda-world/how-to-get-a-kodiaq-into-a-metro-station/,STO,story,post,200,card_teaser;carousel_rails;cover_box;downloads;hero;promo_banner;siteorigin_body;tags,cover_box_dark;teaser_media;teaser_overlay;teaser_toolbar,youtube,
https://www.skoda-storyboard.com/en/skoda-world/two-favorits-road-trip-to-their-place-of-birth/,STO,story,post,200,card_teaser;carousel_rails;cover_box;downloads;hero;promo_banner;siteorigin_body;tags,cover_box_dark;gallery_lightbox_viewer;teaser_media;teaser_overlay;teaser_toolbar,,
https://www.skoda-storyboard.com/en/skoda-world/a-beautiful-estate-and-a-unique-sedan-superb-ii-designers-look-back/,STO,story,post,200,card_teaser;carousel_rails;cover_box;downloads;hero;promo_banner;siteorigin_body;tags,cover_box_dark;gallery_lightbox_viewer;teaser_media;teaser_overlay;teaser_toolbar,,
https://www.skoda-storyboard.com/en/skoda-world/watch-the-premiere-of-the-new-kodiaq-model-live/,STO,story,post,200,card_teaser;carousel_rails;cover_box;downloads;hero;promo_banner;siteorigin_body;tags,cover_box_dark;gallery_lightbox_viewer;teaser_media;teaser_overlay;teaser_toolbar,,
https://www.skoda-storyboard.com/en/skoda-world/explorers-of-sustainability-a-beacon-of-thrifty-fashion/,STO,story,post,200,card_teaser;carousel_rails;cover_box;downloads;hero;promo_banner;siteorigin_body;tags,cover_box_dark;gallery_lightbox_viewer;teaser_media;teaser_overlay;teaser_toolbar,youtube,
https://www.skoda-storyboard.com/en/podcast-en/podcast-exploreskoda-the-main-changes-in-the-new-skoda-kodiaq-interior/,STO,story,post,200,card_teaser;carousel_rails;cover_box;hero;promo_banner;siteorigin_body;tags,cover_box_dark;teaser_media;teaser_overlay;teaser_toolbar,spotify,
https://www.skoda-storyboard.com/en/emobility/the-improved-enyaq-is-here-with-more-power-and-longer-range/,STO,story,post,200,card_teaser;carousel_rails;cover_box;downloads;hero;promo_banner;siteorigin_body;tags,cover_box_dark;teaser_media;teaser_overlay;teaser_toolbar,,
https://www.skoda-storyboard.com/en/skoda-world/first-sketches-of-the-new-kodiaq/,STO,story,post,200,card_teaser;cover_box;downloads;hero;promo_banner;siteorigin_body;tags,cover_box_dark;gallery_lightbox_viewer;teaser_media;teaser_overlay;teaser_toolbar,,
https://www.skoda-storyboard.com/en/skoda-world/vietnam-and-skoda-promising-market-and-gateway-to-southeast-asia/,STO,story,post,200,card_teaser;cover_box;downloads;hero;promo_banner;siteorigin_body;tags,cover_box_dark;gallery_lightbox_viewer;teaser_media;teaser_overlay;teaser_toolbar,,
https://www.skoda-storyboard.com/en/skoda-world/the-first-superb-was-a-breakthrough-the-designers-recall/,STO,story,post,200,card_teaser;carousel_rails;cover_box;downloads;hero;promo_banner;siteorigin_body;tags,cover_box_dark;teaser_media;teaser_overlay;teaser_toolbar,,
https://www.skoda-storyboard.com/en/skoda-world/responsibility/explorers-of-sustainability-a-fisherman-from-the-heart-of-galicia/,STO,story,post,200,card_teaser;carousel_rails;cover_box;downloads;hero;promo_banner;siteorigin_body;tags,cover_box_dark;gallery_lightbox_viewer;teaser_media;teaser_overlay;teaser_toolbar,youtube,
https://www.skoda-storyboard.com/en/skoda-world/new-superb-and-kodiaq-must-deal-both-with-heat-and-cold/,STO,story,post,200,card_teaser;carousel_rails;cover_box;downloads;hero;promo_banner;siteorigin_body;tags,cover_box_dark;gallery_lightbox_viewer;teaser_media;teaser_overlay;teaser_toolbar,youtube,
https://www.skoda-storyboard.com/en/skoda-world/klaus-drives-skoda-classic-tour-2023/,STO,story,post,200,card_teaser;cover_box;downloads;hero;promo_banner;siteorigin_body;tags,cover_box_dark;gallery_lightbox_viewer;teaser_media;teaser_overlay;teaser_toolbar,youtube,
https://www.skoda-storyboard.com/en/podcast-en/podcast-exploreskoda-key-changes-in-the-design-of-kamiq-and-scala/,STO,story,post,200,card_teaser;carousel_rails;cover_box;hero;promo_banner;siteorigin_body;tags,cover_box_dark;teaser_media;teaser_overlay;teaser_toolbar,spotify,
https://www.skoda-storyboard.com/en/skoda-world/quiz-did-you-catch-all-this-summers-news/,STO,story,post,200,card_teaser;carousel_rails;cover_box;downloads;hero;promo_banner;siteorigin_body;tags,cover_box_dark;teaser_media;teaser_overlay;teaser_toolbar,vimeo;youtube,
https://www.skoda-storyboard.com/en/skoda-world/i-enjoy-the-skoda-classic-tour-every-year/,STO,story,post,200,card_teaser;carousel_rails;cover_box;downloads;hero;promo_banner;siteorigin_body;tags,cover_box_dark;gallery_lightbox_viewer;teaser_media;teaser_overlay;teaser_toolbar,,
https://www.skoda-storyboard.com/en/lifestyle/sports/skoda-enyaq-and-electric-bicycles-the-ideal-combination/,STO,story,post,200,card_teaser;carousel_rails;cover_box;downloads;hero;promo_banner;siteorigin_body;tags,cover_box_dark;teaser_media;teaser_overlay;teaser_toolbar,,
https://www.skoda-storyboard.com/en/podcast-en/podcast-exploreskoda-skoda-roadiaq-will-capture-the-hearts-of-digital-nomads/,STO,story,post,200,card_teaser;carousel_rails;cover_box;hero;promo_banner;siteorigin_body;tags,cover_box_dark;teaser_media;teaser_overlay;teaser_toolbar,spotify,
https://www.skoda-storyboard.com/en/skoda-world/innovation-and-technology/smart-dials-a-smart-solution-for-air-conditioning-and-more/,STO,story,post,200,card_teaser;carousel_rails;cover_box;downloads;hero;promo_banner;siteorigin_body;tags,cover_box_dark;teaser_media;teaser_overlay;teaser_toolbar,vimeo,
https://www.skoda-storyboard.com/en/emobility/my-enyaq-driving-into-the-electric-future/,STO,story,post,200,card_teaser;carousel_rails;cover_box;downloads;hero;promo_banner;siteorigin_body;tags,cover_box_dark;teaser_media;teaser_overlay;teaser_toolbar,,
https://www.skoda-storyboard.com/en/lifestyle/skoda-cars-dazzled-at-the-sachsen-classic/,STO,story,post,200,card_teaser;carousel_rails;cover_box;downloads;hero;promo_banner;siteorigin_body;tags,cover_box_dark;gallery_lightbox_viewer;teaser_media;teaser_overlay;teaser_toolbar,,
https://www.skoda-storyboard.com/en/skoda-world/from-bicycles-to-cars-or-the-first-ten-years-of-lk/,STO,story,post,200,card_teaser;carousel_rails;cover_box;downloads;hero;promo_banner;siteorigin_body;tags,cover_box_dark;teaser_media;teaser_overlay;teaser_toolbar,,
https://www.skoda-storyboard.com/en/podcast-en/podcast-exploreskoda-covers-everything-you-need-to-know-about-active-safety/,STO,story,post,200,card_teaser;carousel_rails;cover_box;hero;promo_banner;siteorigin_body;tags,cover_box_dark;teaser_media;teaser_overlay;teaser_toolbar,spotify,
https://www.skoda-storyboard.com/en/skoda-world/assistance-systems-up-close-and-personal/,STO,story,post,200,card_teaser;carousel_rails;cover_box;downloads;hero;promo_banner;siteorigin_body;tags,cover_box_dark;gallery_lightbox_viewer;teaser_media;teaser_overlay;teaser_toolbar,,
https://www.skoda-storyboard.com/en/skoda-world/the-new-skoda-kamiq-seen-through-a-designers-eyes/,STO,story,post,200,card_teaser;carousel_rails;cover_box;downloads;hero;promo_banner;siteorigin_body;tags,cover_box_dark;gallery_lightbox_viewer;teaser_media;teaser_overlay;teaser_toolbar,youtube,
https://www.skoda-storyboard.com/en/skoda-world/the-new-skoda-scala-seen-through-a-designers-eyes/,STO,story,post,200,card_teaser;cover_box;downloads;hero;promo_banner;siteorigin_body;tags,cover_box_dark;gallery_lightbox_viewer;teaser_media;teaser_overlay;teaser_toolbar,youtube,
https://www.skoda-storyboard.com/en/skoda-world/the-new-scala-and-kamiq-practical-details-and-stronger-character/,STO,story,post,200,card_teaser;carousel_rails;cover_box;downloads;hero;promo_banner;siteorigin_body;tags,cover_box_dark;gallery_lightbox_viewer;teaser_media;teaser_overlay;teaser_toolbar,youtube,
https://www.skoda-storyboard.com/en/lifestyle/klaus-drives-on-the-tour-de-france-course/,STO,story,post,200,card_teaser;cover_box;downloads;hero;promo_banner;siteorigin_body;tags,cover_box_dark;teaser_media;teaser_overlay;teaser_toolbar,youtube,
https://www.skoda-storyboard.com/en/skoda-world/skoda-challenge-chooses-the-best-of-the-best/,STO,story,post,200,card_teaser;carousel_rails;cover_box;downloads;hero;promo_banner;siteorigin_body;tags,cover_box_dark;gallery_lightbox_viewer;teaser_media;teaser_overlay;teaser_toolbar,,
https://www.skoda-storyboard.com/en/skoda-world/the-new-superb-on-the-tour-de-france-in-unique-camouflage/,STO,story,post,200,card_teaser;cover_box;downloads;hero;promo_banner;siteorigin_body;tags,cover_box_dark;teaser_media;teaser_overlay;teaser_toolbar,,
https://www.skoda-storyboard.com/en/skoda-world/what-does-the-new-superb-have-to-offer-check-it-out/,STO,story,post,200,card_teaser;carousel_rails;cover_box;downloads;hero;promo_banner;siteorigin_body;tags,cover_box_dark;gallery_lightbox_viewer;teaser_media;teaser_overlay;teaser_toolbar,youtube,
https://www.skoda-storyboard.com/en/skoda-world/a-good-view-and-protection-whats-important-in-car-glass/,STO,story,post,200,card_teaser;carousel_rails;cover_box;downloads;hero;promo_banner;siteorigin_body;tags,cover_box_dark;teaser_media;teaser_overlay;teaser_toolbar,,
https://www.skoda-storyboard.com/en/emobility/my-enyaq-tips-for-summer-trips-not-only-by-electric-car/,STO,story,post,200,card_teaser;carousel_rails;cover_box;downloads;hero;promo_banner;siteorigin_body;tags,cover_box_dark;teaser_media;teaser_overlay;teaser_toolbar,,
https://www.skoda-storyboard.com/en/skoda-world/take-a-look-at-the-latest-generation-of-the-kodiaq/,STO,story,post,200,card_teaser;carousel_rails;cover_box;downloads;hero;promo_banner;siteorigin_body;tags,cover_box_dark;gallery_lightbox_viewer;teaser_media;teaser_overlay;teaser_toolbar,youtube,
https://www.skoda-storyboard.com/en/lifestyle/skoda-at-the-head-of-the-tour-de-france-the-evolution-of-the-red-car/,STO,story,post,200,card_teaser;cover_box;downloads;hero;promo_banner;siteorigin_body;tags,cover_box_dark;gallery_lightbox_viewer;teaser_media;teaser_overlay;teaser_toolbar,,
https://www.skoda-storyboard.com/en/skoda-world/skoda-equipe-hits-the-road/,STO,story,post,200,card_teaser;carousel_rails;cover_box;downloads;hero;promo_banner;siteorigin_body;tags,cover_box_dark;gallery_lightbox_viewer;teaser_media;teaser_overlay;teaser_toolbar,youtube,
https://www.skoda-storyboard.com/en/lifestyle/a-passion-for-cycling-and-the-tour-de-france/,STO,story,post,200,card_teaser;carousel_rails;cover_box;downloads;hero;promo_banner;siteorigin_body;tags,cover_box_dark;gallery_lightbox_viewer;teaser_media;teaser_overlay;teaser_toolbar,youtube,
https://www.skoda-storyboard.com/en/emobility/skoda-roadiaq-student-car-for-adventurers/,STO,story,post,200,card_teaser;carousel_rails;cover_box;downloads;hero;promo_banner;siteorigin_body;tags,cover_box_dark;gallery_lightbox_viewer;teaser_media;teaser_overlay;teaser_toolbar,vimeo,
https://www.skoda-storyboard.com/en/skoda-world/tradition-and-exploration-skoda-has-a-new-sound-logo/,STO,story,post,200,card_teaser;carousel_rails;cover_box;downloads;hero;promo_banner;siteorigin_body;tags,cover_box_dark;teaser_media;teaser_overlay;teaser_toolbar,vimeo;youtube,
https://www.skoda-storyboard.com/en/emobility/enyaq-coupe-respectline-a-celebration-of-uniqueness/,STO,story,post,200,card_teaser;cover_box;downloads;hero;promo_banner;siteorigin_body;tags,cover_box_dark;gallery_lightbox_viewer;teaser_media;teaser_overlay;teaser_toolbar,youtube,
https://www.skoda-storyboard.com/en/skoda-world/explore-how-skodas-design-language-has-evolved/,STO,story,post,200,card_teaser;cover_box;downloads;hero;promo_banner;siteorigin_body;tags,cover_box_dark;gallery_lightbox_viewer;teaser_media;teaser_overlay;teaser_toolbar,,
https://www.skoda-storyboard.com/en/skoda-world/what-can-vin-codes-tell-you/,STO,story,post,200,card_teaser;carousel_rails;cover_box;downloads;hero;promo_banner;siteorigin_body;tags,cover_box_dark;teaser_media;teaser_overlay;teaser_toolbar,,
https://www.skoda-storyboard.com/en/skoda-world/mattoni-and-skoda-from-czechia-to-the-world/,STO,story,post,200,card_teaser;carousel_rails;cover_box;downloads;hero;promo_banner;siteorigin_body;tags,cover_box_dark;teaser_media;teaser_overlay;teaser_toolbar,,
https://www.skoda-storyboard.com/en/emobility/quiz-what-new-models-skoda-is-preparing-for-the-future/,STO,story,post,200,card_teaser;carousel_rails;cover_box;downloads;hero;promo_banner;siteorigin_body;tags,cover_box_dark;teaser_media;teaser_overlay;teaser_toolbar,,
https://www.skoda-storyboard.com/en/lifestyle/driving-on-african-sun/,STO,story,post,200,card_teaser;carousel_rails;cover_box;downloads;hero;promo_banner;siteorigin_body;tags,cover_box_dark;gallery_lightbox_viewer;teaser_media;teaser_overlay;teaser_toolbar,,
https://www.skoda-storyboard.com/en/skoda-world/skoda-x-a-new-centre-for-digital-services-in-cars/,STO,story,post,200,card_teaser;carousel_rails;cover_box;downloads;hero;promo_banner;siteorigin_body;tags,cover_box_dark;teaser_media;teaser_overlay;teaser_toolbar,,
https://www.skoda-storyboard.com/en/skoda-world/eco-friendly-leather-for-enyaq-iv-is-just-the-start/,STO,story,post,200,card_teaser;carousel_rails;cover_box;downloads;hero;promo_banner;siteorigin_body;tags,cover_box_dark;gallery_lightbox_viewer;teaser_media;teaser_overlay;teaser_toolbar,youtube,
https://www.skoda-storyboard.com/en/lifestyle/virtual-and-real-ice-hockey-fun/,STO,story,post,200,card_teaser;carousel_rails;cover_box;downloads;hero;promo_banner;siteorigin_body;tags,cover_box_dark;gallery_lightbox_viewer;teaser_media;teaser_overlay;teaser_toolbar,youtube,
https://www.skoda-storyboard.com/en/emobility/enyaq-lk-technical-upgrades-and-extra-elegance/,STO,story,post,200,card_teaser;carousel_rails;cover_box;downloads;hero;promo_banner;siteorigin_body;tags,cover_box_dark;gallery_lightbox_viewer;teaser_media;teaser_overlay;teaser_toolbar,,
https://www.skoda-storyboard.com/en/skoda-world/klaus-drives-presents-the-electric-future/,STO,story,post,200,card_teaser;cover_box;downloads;hero;promo_banner;siteorigin_body;tags,cover_box_dark;teaser_media;teaser_overlay;teaser_toolbar,youtube,
https://www.skoda-storyboard.com/en/lifestyle/this-years-skoda-auto-hockey-team-line-up/,STO,story,post,200,card_teaser;cover_box;downloads;hero;promo_banner;siteorigin_body;tags,cover_box_dark;gallery_lightbox_viewer;teaser_media;teaser_overlay;teaser_toolbar,,
https://www.skoda-storyboard.com/en/skoda-world/debut-student-car-in-india-a-rapid-cabriolet/,STO,story,post,200,card_teaser;cover_box;downloads;hero;promo_banner;siteorigin_body;tags,cover_box_dark;teaser_media;teaser_overlay;teaser_toolbar,,
https://www.skoda-storyboard.com/en/skoda-world/all-round-head-protection/,STO,story,post,200,card_teaser;carousel_rails;cover_box;downloads;hero;promo_banner;siteorigin_body;tags,cover_box_dark;teaser_media;teaser_overlay;teaser_toolbar,,
https://www.skoda-storyboard.com/en/skoda-world/sculptures-revealing-the-future-this-is-how-they-were-made/,STO,story,post,200,card_teaser;carousel_rails;cover_box;downloads;hero;promo_banner;siteorigin_body;tags,cover_box_dark;teaser_media;teaser_overlay;teaser_toolbar,youtube,
https://www.skoda-storyboard.com/en/skoda-world/the-best-preserved-favorit-in-the-world/,STO,story,post,200,card_teaser;carousel_rails;cover_box;downloads;hero;promo_banner;siteorigin_body;tags,cover_box_dark;gallery_lightbox_viewer;teaser_media;teaser_overlay;teaser_toolbar,,
https://www.skoda-storyboard.com/en/skoda-world/have-you-already-got-your-skodaverse-avatar/,STO,story,post,200,card_teaser;carousel_rails;cover_box;downloads;hero;promo_banner;siteorigin_body;tags,cover_box_dark;teaser_media;teaser_overlay;teaser_toolbar,,
https://www.skoda-storyboard.com/en/skoda-world/first-taster-a-glimpse-of-the-superb-and-kodiaq/,STO,story,post,200,card_teaser;carousel_rails;cover_box;downloads;hero;promo_banner;siteorigin_body;tags,cover_box_dark;teaser_media;teaser_overlay;teaser_toolbar,,
https://www.skoda-storyboard.com/en/skoda-world/lets-explore-2023/,STO,story,post,200,card_teaser;cover_box;downloads;hero;promo_banner;siteorigin_body;tags,cover_box_dark;gallery_lightbox_viewer;teaser_media;teaser_overlay;teaser_toolbar,,
https://www.skoda-storyboard.com/en/skoda-world/skoda-octavia-rs-how-it-has-evolved/,STO,story,post,200,card_teaser;carousel_rails;cover_box;downloads;hero;promo_banner;siteorigin_body;tags,cover_box_dark;gallery_lightbox_viewer;teaser_media;teaser_overlay;teaser_toolbar,,
https://www.skoda-storyboard.com/en/emobility/my-enyaq-iv-when-one-isnt-enough/,STO,story,post,200,card_teaser;carousel_rails;cover_box;downloads;hero;promo_banner;siteorigin_body;tags,cover_box_dark;teaser_media;teaser_overlay;teaser_toolbar,,
https://www.skoda-storyboard.com/en/skoda-world/video-four-generations-of-the-fabia-as-seen-by-rally-drivers/,STO,story,post,200,card_teaser;cover_box;downloads;hero;promo_banner;siteorigin_body;tags,cover_box_dark;teaser_media;teaser_overlay;teaser_toolbar,,
https://www.skoda-storyboard.com/en/skoda-world/from-a-limo-to-a-fire-engine-and-back-again/,STO,story,post,200,card_teaser;carousel_rails;cover_box;downloads;hero;promo_banner;siteorigin_body;tags,cover_box_dark;gallery_lightbox_viewer;teaser_media;teaser_overlay;teaser_toolbar,,
https://www.skoda-storyboard.com/en/skoda-world/innovation-and-technology/mpi-tsi-skoda-in-charge-of-combustion-engines-for-7-brands/,STO,story,post,200,card_teaser;cover_box;downloads;hero;promo_banner;siteorigin_body;tags,cover_box_dark;gallery_lightbox_viewer;teaser_media;teaser_overlay;teaser_toolbar,,
https://www.skoda-storyboard.com/en/skoda-world/drive-like-a-champion-on-tarmac-gravel-or-snow/,STO,story,post,200,card_teaser;cover_box;downloads;hero;promo_banner;siteorigin_body;tags,cover_box_dark;gallery_lightbox_viewer;teaser_media;teaser_overlay;teaser_toolbar,,
https://www.skoda-storyboard.com/en/emobility/going-electric-with-diesel-in-the-bloodstream/,STO,story,post,200,card_teaser;carousel_rails;cover_box;downloads;hero;promo_banner;siteorigin_body;tags,cover_box_dark;teaser_media;teaser_overlay;teaser_toolbar,,
https://www.skoda-storyboard.com/en/skoda-world/the-new-student-dream-car-will-be-adventurous-and-electric/,STO,story,post,200,card_teaser;carousel_rails;cover_box;downloads;hero;promo_banner;siteorigin_body;tags,cover_box_dark;teaser_media;teaser_overlay;teaser_toolbar,vimeo,
https://www.skoda-storyboard.com/en/skoda-world/starting-cars-used-to-be-an-art/,STO,story,post,200,card_teaser;cover_box;downloads;hero;promo_banner;siteorigin_body;tags,cover_box_dark;teaser_media;teaser_overlay;teaser_toolbar,youtube,
https://www.skoda-storyboard.com/en/skoda-world/production-fabia-vs-racing-fabia-whats-the-difference/,STO,story,post,200,card_teaser;carousel_rails;cover_box;downloads;hero;promo_banner;siteorigin_body;tags,cover_box_dark;teaser_media;teaser_overlay;teaser_toolbar,youtube,
https://www.skoda-storyboard.com/en/emobility/my-enyaq-iv-the-cars-a-really-well-rounded-package/,STO,story,post,200,card_teaser;carousel_rails;cover_box;downloads;hero;promo_banner;siteorigin_body;tags,cover_box_dark;teaser_media;teaser_overlay;teaser_toolbar,,
https://www.skoda-storyboard.com/en/skoda-world/live-skoda-annual-press-conference-3/,STO,story,post,200,card_teaser;cover_box;downloads;hero;promo_banner;siteorigin_body;tags,cover_box_dark;teaser_media;teaser_overlay;teaser_toolbar,,
https://www.skoda-storyboard.com/en/lifestyle/into-the-freezing-water-with-the-iceman/,STO,story,post,200,card_teaser;cover_box;downloads;hero;promo_banner;siteorigin_body;tags,cover_box_dark;gallery_lightbox_viewer;teaser_media;teaser_overlay;teaser_toolbar,youtube,
https://www.skoda-storyboard.com/en/skoda-world/the-hard-life-of-crash-test-dummies/,STO,story,post,200,card_teaser;carousel_rails;cover_box;downloads;hero;promo_banner;siteorigin_body;tags,cover_box_dark;teaser_media;teaser_overlay;teaser_toolbar,,
https://www.skoda-storyboard.com/en/skoda-world/klaus-drives-on-the-ice-with-a-rally-champion/,STO,story,post,200,card_teaser;cover_box;downloads;hero;promo_banner;siteorigin_body;tags,cover_box_dark;gallery_lightbox_viewer;teaser_media;teaser_overlay;teaser_toolbar,youtube,
https://www.skoda-storyboard.com/en/skoda-world/future-pedestrians-may-be-assisted-by-robots-and-smart-grilles/,STO,story,post,200,card_teaser;carousel_rails;cover_box;downloads;hero;promo_banner;siteorigin_body;tags,cover_box_dark;teaser_media;teaser_overlay;teaser_toolbar,,
https://www.skoda-storyboard.com/en/skoda-world/the-iconic-czech-estate-car-down-the-years/,STO,story,post,200,card_teaser;cover_box;downloads;hero;promo_banner;siteorigin_body;tags,cover_box_dark;gallery_lightbox_viewer;teaser_media;teaser_overlay;teaser_toolbar,youtube,
https://www.skoda-storyboard.com/en/skoda-world/tips-to-polish-your-rusty-parking-skills/,STO,story,post,200,card_teaser;carousel_rails;cover_box;downloads;hero;promo_banner;siteorigin_body;tags,cover_box_dark;teaser_media;teaser_overlay;teaser_toolbar,,
https://www.skoda-storyboard.com/en/skoda-world/4x4-for-greater-safety-and-for-driving-pleasure/,STO,story,post,200,card_teaser;cover_box;downloads;hero;promo_banner;siteorigin_body;tags,cover_box_dark;gallery_lightbox_viewer;teaser_media;teaser_overlay;teaser_toolbar,,
https://www.skoda-storyboard.com/en/emobility/see-how-nature-generates-electricity/,STO,story,post,200,card_teaser;carousel_rails;cover_box;downloads;hero;promo_banner;siteorigin_body;tags,cover_box_dark;gallery_lightbox_viewer;teaser_media;teaser_overlay;teaser_toolbar,youtube,
https://www.skoda-storyboard.com/en/skoda-world/alone-in-the-sahara-90-years-on-from-an-intrepid-drive/,STO,story,post,200,card_teaser;carousel_rails;cover_box;downloads;hero;promo_banner;siteorigin_body;tags,cover_box_dark;teaser_media;teaser_overlay;teaser_toolbar,,
https://www.skoda-storyboard.com/en/lifestyle/what-does-a-skoda-superb-offer-a-women-cyclists-team/,STO,story,post,200,card_teaser;cover_box;downloads;hero;promo_banner;siteorigin_body;tags,cover_box_dark;gallery_lightbox_viewer;teaser_media;teaser_overlay;teaser_toolbar,,
https://www.skoda-storyboard.com/en/skoda-world/enjoy-the-silence-while-youre-driving/,STO,story,post,200,card_teaser;cover_box;downloads;hero;promo_banner;siteorigin_body;tags,cover_box_dark;teaser_media;teaser_overlay;teaser_toolbar,,
https://www.skoda-storyboard.com/en/skoda-world/sliding-into-the-record-books/,STO,story,post,200,card_teaser;carousel_rails;cover_box;hero;promo_banner;siteorigin_body;tags,cover_box_dark;gallery_lightbox_viewer;teaser_media;teaser_overlay;teaser_toolbar,spotify,
https://www.skoda-storyboard.com/en/skoda-world/how-cars-are-designed-hidden-figures-uncovered/,STO,story,post,200,card_teaser;cover_box;downloads;hero;promo_banner;siteorigin_body;tags,cover_box_dark;teaser_media;teaser_overlay;teaser_toolbar,,
https://www.skoda-storyboard.com/en/emobility/all-you-need-to-know-before-getting-into-an-electric-car/,STO,story,post,200,card_teaser;carousel_rails;cover_box;downloads;hero;promo_banner;siteorigin_body;tags,cover_box_dark;teaser_media;teaser_overlay;teaser_toolbar,,
https://www.skoda-storyboard.com/en/emobility/klaus-drives-skoda-enyaq-rs-iv/,STO,story,post,200,card_teaser;cover_box;downloads;hero;promo_banner;siteorigin_body;tags,cover_box_dark;teaser_media;teaser_overlay;teaser_toolbar,youtube,
https://www.skoda-storyboard.com/en/skoda-world/from-peak-to-peak-two-skodas-in-the-mountains/,STO,story,post,200,card_teaser;cover_box;downloads;hero;promo_banner;siteorigin_body;tags,cover_box_dark;teaser_media;teaser_overlay;teaser_toolbar,,
https://www.skoda-storyboard.com/en/skoda-world/when-your-car-pays-for-parking/,STO,story,post,200,card_teaser;carousel_rails;cover_box;downloads;hero;promo_banner;siteorigin_body;tags,cover_box_dark;teaser_media;teaser_overlay;teaser_toolbar,spotify;youtube,
https://www.skoda-storyboard.com/en/skoda-world/quiz-how-well-do-you-know-the-skoda-colour-palette/,STO,story,post,200,card_teaser;carousel_rails;cover_box;downloads;hero;promo_banner;siteorigin_body;tags,cover_box_dark;teaser_media;teaser_overlay;teaser_toolbar,,
https://www.skoda-storyboard.com/en/skoda-world/rs-models-skodas-true-sporting-spirit/,STO,story,post,200,card_teaser;carousel_rails;cover_box;downloads;hero;promo_banner;siteorigin_body;tags,cover_box_dark;gallery_lightbox_viewer;teaser_media;teaser_overlay;teaser_toolbar,youtube,
https://www.skoda-storyboard.com/en/skoda-world/beep-beep/,STO,story,post,200,card_teaser;cover_box;downloads;hero;promo_banner;siteorigin_body;tags,cover_box_dark;teaser_media;teaser_overlay;teaser_toolbar,,
https://www.skoda-storyboard.com/en/skoda-world/2022-was-full-of-adventure-and-fun/,STO,story,post,200,card_teaser;carousel_rails;cover_box;downloads;hero;promo_banner;siteorigin_body;tags,cover_box_dark;teaser_media;teaser_overlay;teaser_toolbar,youtube,
https://www.skoda-storyboard.com/en/skoda-world/2022-and-the-road-to-the-future/,STO,story,post,200,card_teaser;carousel_rails;cover_box;downloads;hero;promo_banner;siteorigin_body;tags,cover_box_dark;teaser_media;teaser_overlay;teaser_toolbar,vimeo;youtube,
https://www.skoda-storyboard.com/en/lifestyle/im-dreaming-of-a-sustainable-christmas/,STO,story,post,200,card_teaser;carousel_rails;cover_box;downloads;hero;promo_banner;siteorigin_body;tags,cover_box_dark;teaser_media;teaser_overlay;teaser_toolbar,youtube,
https://www.skoda-storyboard.com/en/skoda-world/production-superheroes-modern-robots-help-at-every-step/,STO,story,post,200,card_teaser;carousel_rails;cover_box;downloads;hero;promo_banner;siteorigin_body;tags,cover_box_dark;teaser_media;teaser_overlay;teaser_toolbar,,
https://www.skoda-storyboard.com/en/skoda-world/electricity-and-combustion-will-go-on-side-by-side-in-india/,STO,story,post,200,card_teaser;carousel_rails;cover_box;downloads;hero;promo_banner;siteorigin_body;tags,cover_box_dark;teaser_media;teaser_overlay;teaser_toolbar,,
https://www.skoda-storyboard.com/en/lifestyle/skoda-enyaq-coupe-iv-heading-for-the-stars/,STO,story,post,200,card_teaser;carousel_rails;cover_box;downloads;hero;promo_banner;siteorigin_body;tags,cover_box_dark;gallery_lightbox_viewer;teaser_media;teaser_overlay;teaser_toolbar,youtube,
https://www.skoda-storyboard.com/en/lifestyle/looking-for-christmas-presents-heres-some-inspiration/,STO,story,post,200,card_teaser;carousel_rails;cover_box;downloads;hero;promo_banner;siteorigin_body;tags,cover_box_dark;teaser_media;teaser_overlay;teaser_toolbar,,
https://www.skoda-storyboard.com/en/skoda-world/rally-champion-presents-the-rs-family/,STO,story,post,200,card_teaser;carousel_rails;cover_box;downloads;hero;promo_banner;siteorigin_body;tags,cover_box_dark;teaser_media;teaser_overlay;teaser_toolbar,youtube,
https://www.skoda-storyboard.com/en/skoda-world/a-sustainable-future-is-smart-and-recycled/,STO,story,post,200,card_teaser;cover_box;downloads;hero;promo_banner;siteorigin_body;tags,cover_box_dark;teaser_media;teaser_overlay;teaser_toolbar,vimeo,
https://www.skoda-storyboard.com/en/skoda-world/wuthering-heights/,STO,story,post,200,card_teaser;cover_box;downloads;hero;promo_banner;siteorigin_body;tags,cover_box_dark;teaser_media;teaser_overlay;teaser_toolbar,youtube,
https://www.skoda-storyboard.com/en/skoda-world/a-future-full-of-new-journeys/,STO,story,post,200,card_teaser;carousel_rails;cover_box;downloads;hero;promo_banner;siteorigin_body;tags,cover_box_dark;teaser_media;teaser_overlay;teaser_toolbar,,
https://www.skoda-storyboard.com/en/lifestyle/the-speedy-fabia-rs-rally2-will-bowl-you-over-in-60-seconds/,STO,story,post,200,card_teaser;carousel_rails;cover_box;downloads;hero;promo_banner;siteorigin_body;tags,cover_box_dark;teaser_media;teaser_overlay;teaser_toolbar,youtube,
https://www.skoda-storyboard.com/en/lifestyle/what-to-keep-in-mind-in-winter-and-how-to-prepare/,STO,story,post,200,card_teaser;carousel_rails;cover_box;downloads;hero;promo_banner;siteorigin_body;tags,cover_box_dark;teaser_media;teaser_overlay;teaser_toolbar,,
https://www.skoda-storyboard.com/en/skoda-world/skodas-indian-boost/,STO,story,post,200,card_teaser;carousel_rails;cover_box;downloads;hero;promo_banner;siteorigin_body;tags,cover_box_dark;teaser_media;teaser_overlay;teaser_toolbar,,
https://www.skoda-storyboard.com/en/skoda-world/a-modern-crash-test-lab-can-handle-all-kinds-of-tests/,STO,story,post,200,card_teaser;carousel_rails;cover_box;downloads;hero;promo_banner;siteorigin_body;tags,cover_box_dark;teaser_media;teaser_overlay;teaser_toolbar,,
https://www.skoda-storyboard.com/en/emobility/the-second-life-of-batteries/,STO,story,post,200,card_teaser;carousel_rails;cover_box;downloads;hero;promo_banner;siteorigin_body;tags,cover_box_dark;teaser_media;teaser_overlay;teaser_toolbar,spotify,
https://www.skoda-storyboard.com/en/skoda-world/coca-cola-and-skoda-more-than-30-years-together/,STO,story,post,200,card_teaser;carousel_rails;cover_box;downloads;hero;promo_banner;siteorigin_body;tags,cover_box_dark;teaser_media;teaser_overlay;teaser_toolbar,,
https://www.skoda-storyboard.com/en/skoda-world/tips-for-getting-the-best-sound/,STO,story,post,200,card_teaser;carousel_rails;cover_box;downloads;hero;promo_banner;siteorigin_body;tags,cover_box_dark;teaser_media;teaser_overlay;teaser_toolbar,,
https://www.skoda-storyboard.com/en/emobility/high-performance-in-a-practical-package-thats-enyaq-rs-iv/,STO,story,post,200,card_teaser;carousel_rails;cover_box;downloads;hero;promo_banner;siteorigin_body;tags,cover_box_dark;gallery_lightbox_viewer;teaser_media;teaser_overlay;teaser_toolbar,,
https://www.skoda-storyboard.com/en/skoda-world/yeti-was-a-pioneer-meet-the-lesser-known-versions/,STO,story,post,200,card_teaser;cover_box;downloads;hero;promo_banner;siteorigin_body;tags,cover_box_dark;teaser_media;teaser_overlay;teaser_toolbar,,
https://www.skoda-storyboard.com/en/skoda-world/skoda-vision-gt-digital-embodiment-of-sporting-tradition/,STO,story,post,200,card_teaser;carousel_rails;cover_box;downloads;hero;promo_banner;siteorigin_body;tags,cover_box_dark;teaser_media;teaser_overlay;teaser_toolbar,vimeo,
https://www.skoda-storyboard.com/en/skoda-world/breeding-innovations-quickly-and-effectively/,STO,story,post,200,card_teaser;cover_box;downloads;hero;promo_banner;siteorigin_body,cover_box_dark;teaser_media;teaser_overlay;teaser_toolbar,,
https://www.skoda-storyboard.com/en/skoda-world/vision-7s-the-most-complex-concept-car-and-major-challenges/,STO,story,post,200,card_teaser;carousel_rails;cover_box;downloads;hero;promo_banner;siteorigin_body;tags,cover_box_dark;teaser_media;teaser_overlay;teaser_toolbar,,
https://www.skoda-storyboard.com/en/skoda-world/meet-the-mascots-sharyaq-and-prediaq/,STO,story,post,200,card_teaser;cover_box;downloads;hero;promo_banner;siteorigin_body;tags,cover_box_dark;gallery_lightbox_viewer;teaser_media;teaser_overlay;teaser_toolbar,,
https://www.skoda-storyboard.com/en/lifestyle/a-desert-wolf-test-drives-the-afriq-let-it-race/,STO,story,post,200,card_teaser;cover_box;downloads;hero;promo_banner;siteorigin_body;tags,cover_box_dark;gallery_lightbox_viewer;teaser_media;teaser_overlay;teaser_toolbar,youtube,
https://www.skoda-storyboard.com/en/skoda-world/bank-on-the-road-to-carbon-neutrality/,STO,story,post,200,card_teaser;carousel_rails;cover_box;downloads;hero;promo_banner;siteorigin_body;tags,cover_box_dark;teaser_media;teaser_overlay;teaser_toolbar,,
https://www.skoda-storyboard.com/en/skoda-world/children-painted-cars-for-medical-clowns/,STO,story,post,200,card_teaser;cover_box;downloads;hero;promo_banner;siteorigin_body;tags,cover_box_dark;teaser_media;teaser_overlay;teaser_toolbar,,
https://www.skoda-storyboard.com/en/emobility/charging-isnt-rocket-science/,STO,story,post,200,card_teaser;carousel_rails;cover_box;downloads;hero;promo_banner;siteorigin_body;tags,cover_box_dark;teaser_media;teaser_overlay;teaser_toolbar,,
https://www.skoda-storyboard.com/en/skoda-world/new-painting-technology-is-environmentally-friendlier/,STO,story,post,200,card_teaser;cover_box;downloads;hero;promo_banner;siteorigin_body;tags,cover_box_dark;teaser_media;teaser_overlay;teaser_toolbar,vimeo,
https://www.skoda-storyboard.com/en/lifestyle/up-and-down-pedal-and-recuperate/,STO,story,post,200,card_teaser;carousel_rails;cover_box;hero;promo_banner;siteorigin_body;tags,cover_box_dark;teaser_media;teaser_overlay;teaser_toolbar,,
https://www.skoda-storyboard.com/en/skoda-world/bold-or-traditional-how-cars-choose-their-colours/,STO,story,post,200,card_teaser;carousel_rails;cover_box;downloads;hero;promo_banner;siteorigin_body;tags,cover_box_dark;teaser_media;teaser_overlay;teaser_toolbar,,
https://www.skoda-storyboard.com/en/skoda-world/skoda-octavia-combi-25-years-of-its-modern-career/,STO,story,post,200,card_teaser;cover_box;downloads;hero;promo_banner;siteorigin_body;tags,cover_box_dark;teaser_media;teaser_overlay;teaser_toolbar,,
https://www.skoda-storyboard.com/en/skoda-world/skoda-classic-tour-is-an-awesome-experience/,STO,story,post,200,card_teaser;cover_box;downloads;hero;promo_banner;siteorigin_body;tags,cover_box_dark;teaser_media;teaser_overlay;teaser_toolbar,,
https://www.skoda-storyboard.com/en/skoda-world/design/stop-reset-start-how-vision-7s-was-designed/,STO,story,post,200,card_teaser;carousel_rails;cover_box;downloads;hero;promo_banner;siteorigin_body;tags,cover_box_dark;teaser_media;teaser_overlay;teaser_toolbar,,
https://www.skoda-storyboard.com/en/skoda-world/its-a-revolution-but-our-rules-remain/,STO,story,post,200,card_teaser;cover_box;downloads;hero;promo_banner;siteorigin_body;tags,cover_box_dark;teaser_media;teaser_overlay;teaser_toolbar,,
https://www.skoda-storyboard.com/en/skoda-world/skoda-vision-7s-reveals-the-future/,STO,story,post,200,card_teaser;cover_box;downloads;hero;promo_banner;siteorigin_body;tags,cover_box_dark;teaser_media;teaser_overlay;teaser_toolbar,youtube,
https://www.skoda-storyboard.com/en/skoda-world/skoda-unveils-its-new-logo-colours-and-future-identity/,STO,story,post,200,card_teaser;carousel_rails;cover_box;downloads;hero;promo_banner;siteorigin_body;tags,cover_box_dark;teaser_media;teaser_overlay;teaser_toolbar,youtube,
https://www.skoda-storyboard.com/en/skoda-world/how-taxis-gave-prague-the-feel-of-a-big-city/,STO,story,post,200,card_teaser;carousel_rails;cover_box;downloads;hero;promo_banner;siteorigin_body;tags,cover_box_dark;teaser_media;teaser_overlay;teaser_toolbar,,
https://www.skoda-storyboard.com/en/classic-cars/grand-de-luxe-super/,STO,story,post,200,card_teaser;carousel_rails;cover_box;downloads;hero;promo_banner;siteorigin_body;tags,cover_box_dark;teaser_media;teaser_overlay;teaser_toolbar,,
https://www.skoda-storyboard.com/en/skoda-world/enyaq-iv-getting-a-software-upgrade/,STO,story,post,200,card_teaser;carousel_rails;cover_box;downloads;hero;promo_banner;siteorigin_body;tags,cover_box_dark;teaser_media;teaser_overlay;teaser_toolbar,youtube,
https://www.skoda-storyboard.com/en/emobility/all-you-need-to-know-about-electric-car-charging/,STO,story,post,200,card_teaser;carousel_rails;cover_box;downloads;hero;promo_banner;siteorigin_body;tags,cover_box_dark;teaser_media;teaser_overlay;teaser_toolbar,,
https://www.skoda-storyboard.com/en/skoda-world/the-approach-of-the-keyless-age/,STO,story,post,200,card_teaser;cover_box;downloads;hero;promo_banner;siteorigin_body;tags,cover_box_dark;teaser_media;teaser_overlay;teaser_toolbar,,
https://www.skoda-storyboard.com/en/skoda-world/shake-it-and-listen/,STO,story,post,200,card_teaser;carousel_rails;cover_box;downloads;hero;promo_banner;siteorigin_body;tags,cover_box_dark;teaser_media;teaser_overlay;teaser_toolbar,vimeo,
https://www.skoda-storyboard.com/en/skoda-world/skoda-cars-reporting-for-duty/,STO,story,post,200,card_teaser;cover_box;downloads;hero;promo_banner;siteorigin_body;tags,cover_box_dark;teaser_media;teaser_overlay;teaser_toolbar,,
https://www.skoda-storyboard.com/en/emobility/how-is-an-electric-cars-range-measured/,STO,story,post,200,card_teaser;carousel_rails;cover_box;downloads;hero;promo_banner;siteorigin_body;tags,cover_box_dark;teaser_media;teaser_overlay;teaser_toolbar,,
https://www.skoda-storyboard.com/en/skoda-world/hidden-figures-of-design-nice-idea-but-can-it-be-made/,STO,story,post,200,card_teaser;carousel_rails;cover_box;downloads;hero;promo_banner;siteorigin_body;tags,cover_box_dark;teaser_media;teaser_overlay;teaser_toolbar,,
https://www.skoda-storyboard.com/en/lifestyle/nft-posters-to-celebrate-women-on-the-tour-de-france/,STO,story,post,200,card_teaser;carousel_rails;cover_box;downloads;hero;promo_banner;siteorigin_body;tags,cover_box_dark;teaser_media;teaser_overlay;teaser_toolbar,,
https://www.skoda-storyboard.com/en/skoda-world/perfectly-proven-electronics/,STO,story,post,200,card_teaser;carousel_rails;cover_box;downloads;hero;promo_banner;siteorigin_body;tags,cover_box_dark;teaser_media;teaser_overlay;teaser_toolbar,,
https://www.skoda-storyboard.com/en/lifestyle/tough-test-for-car-drivers-as-well-as-the-riders-of-the-tour/,STO,story,post,200,card_teaser;carousel_rails;cover_box;downloads;hero;promo_banner;siteorigin_body;tags,cover_box_dark;teaser_media;teaser_overlay;teaser_toolbar,,
https://www.skoda-storyboard.com/en/skoda-world/how-laurin-klement-manufactured-cars-and-drivers/,STO,story,post,200,card_teaser;carousel_rails;cover_box;downloads;hero;promo_banner;siteorigin_body;tags,cover_box_dark;teaser_media;teaser_overlay;teaser_toolbar,,
https://www.skoda-storyboard.com/en/skoda-world/monte-carlo-in-monte-carlo/,STO,story,post,200,card_teaser;cover_box;downloads;hero;promo_banner;siteorigin_body;tags,cover_box_dark;gallery_lightbox_viewer;teaser_media;teaser_overlay;teaser_toolbar,,
https://www.skoda-storyboard.com/en/skoda-world/a-lovely-return-to-le-mans/,STO,story,post,200,card_teaser;cover_box;downloads;hero;promo_banner;siteorigin_body;tags,cover_box_dark;gallery_lightbox_viewer;teaser_media;teaser_overlay;teaser_toolbar,youtube,
https://www.skoda-storyboard.com/en/skoda-world/pro-tips-for-reaching-your-summer-destination-safe-and-sound/,STO,story,post,200,card_teaser;cover_box;downloads;hero;promo_banner;siteorigin_body;tags,cover_box_dark;teaser_media;teaser_overlay;teaser_toolbar,,
https://www.skoda-storyboard.com/en/skoda-world/klaus-zellmer-in-the-driving-seat-at-skoda/,STO,story,post,200,card_teaser;cover_box;downloads;hero;promo_banner;siteorigin_body;tags,cover_box_dark;teaser_media;teaser_overlay;teaser_toolbar,youtube,
https://www.skoda-storyboard.com/en/skoda-world/monte-carlo-models-with-a-sporting-spirit/,STO,story,post,200,card_teaser;carousel_rails;cover_box;downloads;hero;promo_banner;siteorigin_body;tags,cover_box_dark;teaser_media;teaser_overlay;teaser_toolbar,,
https://www.skoda-storyboard.com/en/emobility/skoda-enyaq-coupe-iv-will-get-you-in-60-seconds/,STO,story,post,200,card_teaser;cover_box;downloads;hero;promo_banner;siteorigin_body;tags,cover_box_dark;teaser_media;teaser_overlay;teaser_toolbar,youtube,
https://www.skoda-storyboard.com/en/skoda-world/innovation-and-technology/how-are-cars-set-up-for-music-and-phone-calls/,STO,story,post,200,card_teaser;carousel_rails;cover_box;downloads;hero;promo_banner;siteorigin_body;tags,cover_box_dark;teaser_media;teaser_overlay;teaser_toolbar,,
https://www.skoda-storyboard.com/en/skoda-world/instead-of-computer-science-i-now-teach-the-alphabet/,STO,story,post,200,card_teaser;carousel_rails;cover_box;downloads;hero;promo_banner;siteorigin_body;tags,cover_box_dark;teaser_media;teaser_overlay;teaser_toolbar,,
https://www.skoda-storyboard.com/en/lifestyle/motorsport/live-presentation-of-the-new-skoda-fabia-rs-rally2/,STO,story,post,200,card_teaser;cover_box;downloads;hero;promo_banner;siteorigin_body;tags,cover_box_dark;teaser_media;teaser_overlay;teaser_toolbar,youtube,
https://www.skoda-storyboard.com/en/emobility/my-enyaq-iv-people-only-focus-on-the-range-of-electric-cars/,STO,story,post,200,card_teaser;carousel_rails;cover_box;downloads;hero;promo_banner;siteorigin_body;tags,cover_box_dark;teaser_media;teaser_overlay;teaser_toolbar,,
https://www.skoda-storyboard.com/en/skoda-world/heritage/50-years-of-skoda-crash-tests/,STO,story,post,200,card_teaser;cover_box;downloads;hero;promo_banner;siteorigin_body;tags,cover_box_dark;teaser_media;teaser_overlay;teaser_toolbar,,
https://www.skoda-storyboard.com/en/lifestyle/sports/cycling/enyaq-iv-takes-on-the-skoda-titan-desert-in-the-sahara/,STO,story,post,200,card_teaser;carousel_rails;cover_box;downloads;hero;promo_banner;siteorigin_body;tags,cover_box_dark;gallery_lightbox_viewer;teaser_media;teaser_overlay;teaser_toolbar,,
https://www.skoda-storyboard.com/en/skoda-world/innovation-and-technology/the-same-yet-different-production-fabia-vs-rally-fabia/,STO,story,post,200,card_teaser;cover_box;downloads;hero;promo_banner;siteorigin_body;tags,cover_box_dark;teaser_media;teaser_overlay;teaser_toolbar,vimeo,
https://www.skoda-storyboard.com/en/models/how-to-safely-earn-five-stars-from-euro-ncap/,STO,story,post,200,card_teaser;cover_box;downloads;hero;promo_banner;siteorigin_body;tags,cover_box_dark;teaser_media;teaser_overlay;teaser_toolbar,vimeo,
https://www.skoda-storyboard.com/en/lifestyle/sports/hockey/favorit-went-to-the-ice-hockey-a-camera-behind-the-scenes/,STO,story,post,200,card_teaser;cover_box;downloads;hero;promo_banner;siteorigin_body;tags,cover_box_dark;teaser_media;teaser_overlay;teaser_toolbar,youtube,
https://www.skoda-storyboard.com/en/skoda-world/skoda-afriq-student-dream-car-for-dakar/,STO,story,post,200,card_teaser;carousel_rails;cover_box;downloads;hero;promo_banner;siteorigin_body;tags,cover_box_dark;teaser_media;teaser_overlay;teaser_toolbar,vimeo,
https://www.skoda-storyboard.com/en/lifestyle/be-yourself-the-new-fabia-allows-you-to-do-just-that/,STO,story,post,200,card_teaser;carousel_rails;cover_box;downloads;hero;promo_banner;siteorigin_body;tags,cover_box_dark;teaser_media;teaser_overlay;teaser_toolbar,,
https://www.skoda-storyboard.com/en/emobility/before-an-electric-car-starts-up-for-the-first-time/,STO,story,post,200,card_teaser;cover_box;downloads;hero;promo_banner;siteorigin_body;tags,cover_box_dark;teaser_media;teaser_overlay;teaser_toolbar,vimeo,
https://www.skoda-storyboard.com/en/lifestyle/motorsport/developing-a-racing-car-fun-but-also-hard-work-for-drivers/,STO,story,post,200,card_teaser;carousel_rails;cover_box;downloads;hero;promo_banner;siteorigin_body;tags,cover_box_dark;teaser_media;teaser_overlay;teaser_toolbar,,
https://www.skoda-storyboard.com/en/models/the-skoda-slavia-through-the-eyes-of-its-chief-designer/,STO,story,post,200,card_teaser;cover_box;downloads;hero;promo_banner;siteorigin_body;tags,cover_box_dark;teaser_media;teaser_overlay;teaser_toolbar,,
https://www.skoda-storyboard.com/en/lifestyle/sports/hockey/skoda-and-the-ice-hockey-championship-30-years-together/,STO,story,post,200,card_teaser;carousel_rails;cover_box;downloads;hero;promo_banner;siteorigin_body;tags,cover_box_dark;teaser_media;teaser_overlay;teaser_toolbar,,
https://www.skoda-storyboard.com/en/lifestyle/road-trip-in-asturias-from-beaches-to-high-peaks/,STO,story,post,200,card_teaser;carousel_rails;cover_box;downloads;hero;promo_banner;siteorigin_body;tags,cover_box_dark;teaser_media;teaser_overlay;teaser_toolbar,,
https://www.skoda-storyboard.com/en/skoda-world/how-an-ukrainian-car-plant-helps-people-during-wartime/,STO,story,post,200,card_teaser;carousel_rails;cover_box;downloads;hero;promo_banner;siteorigin_body;tags,cover_box_dark;teaser_media;teaser_overlay;teaser_toolbar,,
https://www.skoda-storyboard.com/en/classic-cars/7-castles-trial-2022-beautiful-cars-in-countryside/,STO,story,post,200,card_teaser;carousel_rails;cover_box;downloads;hero;promo_banner;siteorigin_body;tags,cover_box_dark;teaser_media;teaser_overlay;teaser_toolbar,,
https://www.skoda-storyboard.com/en/skoda-world/pandemic-chips-war-challenges-for-all-including-skoda/,STO,story,post,200,card_teaser;carousel_rails;cover_box;downloads;hero;promo_banner;siteorigin_body;tags,cover_box_dark;teaser_media;teaser_overlay;teaser_toolbar,,
https://www.skoda-storyboard.com/en/classic-cars/40-years-ago-the-skoda-garde-headed-to-bratislava/,STO,story,post,200,card_teaser;cover_box;downloads;hero;promo_banner;siteorigin_body;tags,cover_box_dark;teaser_media;teaser_overlay;teaser_toolbar,,
https://www.skoda-storyboard.com/en/models/enyaq/how-our-skoda-enyaq-iv-saw-the-sea/,STO,story,post,200,card_teaser;carousel_rails;cover_box;downloads;hero;promo_banner;siteorigin_body;tags,cover_box_dark;teaser_media;teaser_overlay;teaser_toolbar,,
https://www.skoda-storyboard.com/en/skoda-world/responsibility/project1hour-the-environment-needs-everyones-help/,STO,story,post,200,card_teaser;carousel_rails;cover_box;downloads;hero;promo_banner;siteorigin_body;tags,cover_box_dark;teaser_media;teaser_overlay;teaser_toolbar,vimeo,
https://www.skoda-storyboard.com/en/models/karoq/the-new-skoda-karoq-will-get-you-in-60-seconds/,STO,story,post,200,card_teaser;cover_box;downloads;hero;promo_banner;siteorigin_body;tags,cover_box_dark;teaser_media;teaser_overlay;teaser_toolbar,,
https://www.skoda-storyboard.com/en/skoda-world/hidden-figures-of-design-linchpins-of-the-car-development/,STO,story,post,200,card_teaser;carousel_rails;cover_box;downloads;hero;promo_banner;siteorigin_body;tags,cover_box_dark;teaser_media;teaser_overlay;teaser_toolbar,,
https://www.skoda-storyboard.com/en/lifestyle/how-to-take-the-best-picture-of-a-car-follow-a-pros-advice/,STO,story,post,200,card_teaser;cover_box;downloads;hero;promo_banner;siteorigin_body;tags,cover_box_dark;teaser_media;teaser_overlay;teaser_toolbar,youtube,
https://www.skoda-storyboard.com/en/lifestyle/fabia-first-hand-experience-clever-safe-funky/,STO,story,post,200,card_teaser;carousel_rails;cover_box;downloads;hero;promo_banner;siteorigin_body;tags,cover_box_dark;teaser_media;teaser_overlay;teaser_toolbar,,
https://www.skoda-storyboard.com/en/skoda-world/innovation-and-technology/how-do-brakes-learn-how-to-brake/,STO,story,post,200,card_teaser;carousel_rails;cover_box;downloads;hero;promo_banner;siteorigin_body;tags,cover_box_dark;teaser_media;teaser_overlay;teaser_toolbar,,
https://www.skoda-storyboard.com/en/emobility/road-trip-through-the-port-country/,STO,story,post,200,card_teaser;cover_box;downloads;hero;promo_banner;siteorigin_body;tags,cover_box_dark;teaser_media;teaser_overlay;teaser_toolbar,,
https://www.skoda-storyboard.com/en/emobility/my-enyaq-iv-the-range-no-problem-at-all/,STO,story,post,200,card_teaser;carousel_rails;cover_box;downloads;hero;promo_banner;siteorigin_body;tags,cover_box_dark;teaser_media;teaser_overlay;teaser_toolbar,,
https://www.skoda-storyboard.com/en/skoda-world/the-future-is-modern-solid/,STO,story,post,200,card_teaser;carousel_rails;cover_box;downloads;hero;promo_banner;siteorigin_body;tags,cover_box_dark;teaser_media;teaser_overlay;teaser_toolbar,,
https://www.skoda-storyboard.com/en/skoda-world/heritage/take-a-look-inside-a-unique-cars-depository/,STO,story,post,200,card_teaser;carousel_rails;cover_box;downloads;hero;promo_banner;siteorigin_body;tags,cover_box_dark;teaser_media;teaser_overlay;teaser_toolbar,,
https://www.skoda-storyboard.com/en/models/enyaq/quiz-enyaq-iv-leading-the-peloton-at-the-tour-de-france/,STO,story,post,200,card_teaser;carousel_rails;cover_box;downloads;hero;promo_banner;siteorigin_body;tags,cover_box_dark;teaser_media;teaser_overlay;teaser_toolbar,,
https://www.skoda-storyboard.com/en/media/annual-reports/live-skoda-annual-press-conference-2/,STO,story,post,200,card_teaser;carousel_rails;cover_box;downloads;hero;promo_banner;siteorigin_body;tags,cover_box_dark;teaser_media;teaser_overlay;teaser_toolbar,,
https://www.skoda-storyboard.com/en/skoda-world/hidden-figures-of-design-transport-of-top-secret-and-unique-cargoes/,STO,story,post,200,card_teaser;carousel_rails;cover_box;downloads;hero;promo_banner;siteorigin_body;tags,cover_box_dark;teaser_media;teaser_overlay;teaser_toolbar,,
https://www.skoda-storyboard.com/en/lifestyle/road-trip-from-a-portuguese-palace-to-a-surfers-paradise/,STO,story,post,200,card_teaser;carousel_rails;cover_box;downloads;hero;promo_banner;siteorigin_body;tags,cover_box_dark;teaser_media;teaser_overlay;teaser_toolbar,,
https://www.skoda-storyboard.com/en/lifestyle/motorsport/testing-in-the-land-of-snow-and-ice/,STO,story,post,200,card_teaser;carousel_rails;cover_box;downloads;hero;promo_banner;siteorigin_body;tags,cover_box_dark;teaser_media;teaser_overlay;teaser_toolbar,youtube,
https://www.skoda-storyboard.com/en/models/fabia/the-new-fabia-monte-carlo-continuing-the-tradition/,STO,story,post,200,card_teaser;cover_box;downloads;hero;promo_banner;siteorigin_body;tags,cover_box_dark;gallery_lightbox_viewer;teaser_media;teaser_overlay;teaser_toolbar,,
https://www.skoda-storyboard.com/en/emobility/my-enyaq-iv-it-turns-heads-wherever-we-go/,STO,story,post,200,card_teaser;carousel_rails;cover_box;downloads;hero;promo_banner;siteorigin_body;tags,cover_box_dark;teaser_media;teaser_overlay;teaser_toolbar,,
https://www.skoda-storyboard.com/en/skoda-world/heritage/skoda-1100-ohc-coupe-restored-to-its-former-glory/,STO,story,post,200,card_teaser;cover_box;downloads;hero;promo_banner;siteorigin_body;tags,cover_box_dark;teaser_media;teaser_overlay;teaser_toolbar,youtube,
https://www.skoda-storyboard.com/en/skoda-world/your-skoda-passed-through-here-too-explore-the-test-polygon/,STO,story,post,200,card_teaser;carousel_rails;cover_box;downloads;hero;promo_banner;siteorigin_body;tags,cover_box_dark;teaser_media;teaser_overlay;teaser_toolbar,youtube,
https://www.skoda-storyboard.com/en/models/enyaq/new-skoda-enyaq-coupe-rs-iv/,STO,story,post,200,card_teaser;cover_box;downloads;hero;promo_banner;siteorigin_body;tags,cover_box_dark;gallery_lightbox_viewer;teaser_media;teaser_overlay;teaser_toolbar,,
https://www.skoda-storyboard.com/en/classic-cars/360-tour-inside-the-legend-that-triumphed-in-monte-carlo/,STO,story,post,200,card_teaser;carousel_rails;cover_box;downloads;hero;promo_banner;siteorigin_body;tags,cover_box_dark;teaser_media;teaser_overlay;teaser_toolbar,,
https://www.skoda-storyboard.com/en/skoda-world/innovation-and-technology/this-is-your-car-can-you-hear-me/,STO,story,post,200,card_teaser;carousel_rails;cover_box;downloads;hero;promo_banner;siteorigin_body;tags,cover_box_dark;teaser_media;teaser_overlay;teaser_toolbar,,
https://www.skoda-storyboard.com/en/lifestyle/the-incredible-travels-of-a-dane-and-his-trusty-skoda/,STO,story,post,200,card_teaser;carousel_rails;cover_box;downloads;hero;promo_banner;siteorigin_body;tags,cover_box_dark;teaser_media;teaser_overlay;teaser_toolbar,,
https://www.skoda-storyboard.com/en/models/enyaq/my-enyaq-iv-i-went-all-electric-and-i-wont-go-back-now/,STO,story,post,200,card_teaser;carousel_rails;cover_box;downloads;hero;promo_banner;siteorigin_body;tags,cover_box_dark;teaser_media;teaser_overlay;teaser_toolbar,,
https://www.skoda-storyboard.com/en/skoda-world/innovation-and-technology/smart-technology-ensures-the-production-line-never-stops/,STO,story,post,200,card_teaser;carousel_rails;cover_box;downloads;hero;promo_banner;siteorigin_body;tags,cover_box_dark;teaser_media;teaser_overlay;teaser_toolbar,,
https://www.skoda-storyboard.com/en/models/enyaq/first-sketches-of-the-enyaq-coupe-iv-elegance-with-tradition/,STO,story,post,200,card_teaser;cover_box;downloads;hero;promo_banner;siteorigin_body;tags,cover_box_dark;teaser_media;teaser_overlay;teaser_toolbar,,
https://www.skoda-storyboard.com/en/skoda-world/innovation-and-technology/lights-seat-belts-radio-abs-where-can-you-find-chips-in-a-car/,STO,story,post,200,card_teaser;carousel_rails;cover_box;downloads;hero;promo_banner;siteorigin_body;tags,cover_box_dark;teaser_media;teaser_overlay;teaser_toolbar,,
https://www.skoda-storyboard.com/en/emobility/emobility-and-servicing-less-hassle-for-drivers/,STO,story,post,200,card_teaser;cover_box;downloads;hero;promo_banner;siteorigin_body;tags,cover_box_dark;teaser_media;teaser_overlay;teaser_toolbar,,
https://www.skoda-storyboard.com/en/skoda-world/design/hidden-figures-of-design-car-sculptors/,STO,story,post,200,card_teaser;carousel_rails;cover_box;downloads;hero;promo_banner;siteorigin_body;tags,cover_box_dark;teaser_media;teaser_overlay;teaser_toolbar,,
https://www.skoda-storyboard.com/en/skoda-world/skoda-storyboard-in-2021-new-possibilities/,STO,story,post,200,card_teaser;carousel_rails;cover_box;downloads;hero;promo_banner;siteorigin_body;tags,cover_box_dark;teaser_media;teaser_overlay;teaser_toolbar,,
https://www.skoda-storyboard.com/en/skoda-world/skoda-storyboard-in-2021-powerful-stories/,STO,story,post,200,card_teaser;carousel_rails;cover_box;downloads;hero;promo_banner;siteorigin_body;tags,cover_box_dark;gallery_lightbox_viewer;teaser_media;teaser_overlay;teaser_toolbar,vimeo;youtube,
https://www.skoda-storyboard.com/en/lifestyle/motorsport/120-years-of-skoda-motorsport/quiz-how-well-do-you-know-the-history-of-skoda-motorsport/,STO,story,post,200,card_teaser;carousel_rails;cover_box;downloads;hero;promo_banner;siteorigin_body;tags,cover_box_dark;teaser_media;teaser_overlay;teaser_toolbar,,
https://www.skoda-storyboard.com/en/emobility/8-tips-for-getting-the-most-out-of-electric-car-batteries/,STO,story,post,200,card_teaser;carousel_rails;cover_box;downloads;hero;promo_banner;siteorigin_body;tags,cover_box_dark;teaser_media;teaser_overlay;teaser_toolbar,vimeo,
https://www.skoda-storyboard.com/en/models/enyaq/skoda-enyaq-coupe-iv-aerodynamics-champion/,STO,story,post,200,card_teaser;carousel_rails;cover_box;downloads;hero;promo_banner;siteorigin_body;tags,cover_box_dark;teaser_media;teaser_overlay;teaser_toolbar,vimeo,
https://www.skoda-storyboard.com/en/concepts/creator-of-famous-prototypes/,STO,story,post,200,card_teaser;cover_box;downloads;hero;promo_banner;siteorigin_body;tags,cover_box_dark;teaser_media;teaser_overlay;teaser_toolbar,,
https://www.skoda-storyboard.com/en/skoda-world/hidden-figures-of-design-modellers-in-the-digital-age/,STO,story,post,200,card_teaser;carousel_rails;cover_box;downloads;hero;promo_banner;siteorigin_body;tags,cover_box_dark;teaser_media;teaser_overlay;teaser_toolbar,vimeo,
https://www.skoda-storyboard.com/en/lifestyle/christmas-inspiration-with-the-skoda-logo/,STO,story,post,200,card_teaser;carousel_rails;cover_box;downloads;hero;promo_banner;siteorigin_body;tags,cover_box_dark;teaser_media;teaser_overlay;teaser_toolbar,,
https://www.skoda-storyboard.com/en/models/karoq/the-new-skoda-karoq-is-being-unveiled-watch-the-digital-presentation/,STO,story,post,200,card_teaser;cover_box;downloads;hero;promo_banner;siteorigin_body;tags,cover_box_dark;teaser_media;teaser_overlay;teaser_toolbar,,
https://www.skoda-storyboard.com/en/emobility/my-enyaq-iv-trips-on-a-single-charge/,STO,story,post,200,card_teaser;carousel_rails;cover_box;downloads;hero;promo_banner;siteorigin_body;tags,cover_box_dark;teaser_media;teaser_overlay;teaser_toolbar,,
https://www.skoda-storyboard.com/en/models/karoq/video-taster-the-new-skoda-karoq/,STO,story,post,200,card_teaser;carousel_rails;cover_box;downloads;hero;promo_banner;siteorigin_body;tags,cover_box_dark;teaser_media;teaser_overlay;teaser_toolbar,,
https://www.skoda-storyboard.com/en/models/slavia/watch-the-premiere-of-the-new-skoda-slavia/,STO,story,post,200,card_teaser;cover_box;downloads;hero;promo_banner;siteorigin_body;tags,cover_box_dark;teaser_media;teaser_overlay;teaser_toolbar,vimeo,
https://www.skoda-storyboard.com/en/models/karoq/first-sketches-of-the-new-skoda-karoq/,STO,story,post,200,card_teaser;cover_box;downloads;hero;promo_banner;siteorigin_body;tags,cover_box_dark;teaser_media;teaser_overlay;teaser_toolbar,,
https://www.skoda-storyboard.com/en/lifestyle/motorsport/hear-the-glorious-history-and-present-of-skoda-motorsport/,STO,story,post,200,card_teaser;cover_box;downloads;hero;promo_banner;siteorigin_body;tags,cover_box_dark;teaser_media;teaser_overlay;teaser_toolbar,youtube,
https://www.skoda-storyboard.com/en/skoda-world/hidden-figures-of-design-lights-as-designer-jewellery/,STO,story,post,200,card_teaser;cover_box;downloads;hero;promo_banner;siteorigin_body;tags,cover_box_dark;teaser_media;teaser_overlay;teaser_toolbar,,
https://www.skoda-storyboard.com/en/skoda-world/car-and-driver-preparing-for-winter-how-to-put-on-chains/,STO,story,post,200,card_teaser;carousel_rails;cover_box;downloads;hero;promo_banner;siteorigin_body;tags,cover_box_dark;teaser_media;teaser_overlay;teaser_toolbar,vimeo,
https://www.skoda-storyboard.com/en/models/slavia/first-sketches-of-the-skoda-slavia-sedan-for-india/,STO,story,post,200,card_teaser;cover_box;downloads;hero;promo_banner;siteorigin_body;tags,cover_box_dark;teaser_media;teaser_overlay;teaser_toolbar,,
https://www.skoda-storyboard.com/en/skoda-world/heritage/photo-stories-the-tudor-conquers-alpine-passes/,STO,story,post,200,card_teaser;carousel_rails;cover_box;downloads;hero;promo_banner;siteorigin_body;tags,cover_box_dark;teaser_media;teaser_overlay;teaser_toolbar,,
https://www.skoda-storyboard.com/en/skoda-world/innovation-and-technology/5-helpers-for-stress-free-parking/,STO,story,post,200,card_teaser;carousel_rails;cover_box;downloads;hero;promo_banner;siteorigin_body;tags,cover_box_dark;teaser_media;teaser_overlay;teaser_toolbar,,
https://www.skoda-storyboard.com/en/concepts/student-car-for-desert-rallies/,STO,story,post,200,card_teaser;cover_box;downloads;hero;promo_banner;siteorigin_body;tags,cover_box_dark;teaser_media;teaser_overlay;teaser_toolbar,,
https://www.skoda-storyboard.com/en/skoda-world/design/icons-get-a-makeover-a-sporting-legend-for-the-21st-century/,STO,story,post,200,card_teaser;carousel_rails;cover_box;downloads;hero;promo_banner;siteorigin_body;tags,cover_box_dark;teaser_media;teaser_overlay;teaser_toolbar,,
https://www.skoda-storyboard.com/en/emobility/visiting-the-emobility-development-unit/,STO,story,post,200,card_teaser;carousel_rails;cover_box;downloads;hero;promo_banner;siteorigin_body;tags,cover_box_dark;teaser_media;teaser_overlay;teaser_toolbar,,
https://www.skoda-storyboard.com/en/lifestyle/motorsport/120-years-of-skoda-motorsport/exhibition-showcasing-speed-and-victory/,STO,story,post,200,card_teaser;carousel_rails;cover_box;downloads;hero;promo_banner;siteorigin_body;tags,cover_box_dark;teaser_media;teaser_overlay;teaser_toolbar,,
https://www.skoda-storyboard.com/en/skoda-world/the-hidden-figures-of-design-making-your-car-feel-like-home/,STO,story,post,200,card_teaser;carousel_rails;cover_box;downloads;hero;promo_banner;siteorigin_body;tags,cover_box_dark;teaser_media;teaser_overlay;teaser_toolbar,,
https://www.skoda-storyboard.com/en/skoda-world/the-cleanest-energy-is-energy-that-doesnt-need-to-be-made/,STO,story,post,200,card_teaser;cover_box;downloads;hero;promo_banner;siteorigin_body;tags,cover_box_dark;teaser_media;teaser_overlay;teaser_toolbar,,
https://www.skoda-storyboard.com/en/models/fabia/the-new-skoda-fabia-will-get-you-in-60-seconds/,STO,story,post,200,card_teaser;carousel_rails;cover_box;downloads;hero;promo_banner;siteorigin_body;tags,cover_box_dark;teaser_media;teaser_overlay;teaser_toolbar,,
https://www.skoda-storyboard.com/en/models/superb/skoda-superb-20-years-of-luxury/,STO,story,post,200,card_teaser;carousel_rails;cover_box;downloads;hero;promo_banner;siteorigin_body;tags,cover_box_dark;teaser_media;teaser_overlay;teaser_toolbar,youtube,
https://www.skoda-storyboard.com/en/classic-cars/will-the-trekka-have-its-own-lego-set-vote/,STO,story,post,200,card_teaser;cover_box;downloads;hero;promo_banner;siteorigin_body;tags,cover_box_dark;teaser_media;teaser_overlay;teaser_toolbar,,
https://www.skoda-storyboard.com/en/models/kodiaq/kodiaq-with-a-helicopter-on-the-roof/,STO,story,post,200,card_teaser;carousel_rails;cover_box;downloads;hero;promo_banner;siteorigin_body;tags,cover_box_dark;gallery_lightbox_viewer;teaser_media;teaser_overlay;teaser_toolbar,youtube,
https://www.skoda-storyboard.com/en/models/enyaq/welcome-to-our-live-broadcast-from-a-skoda-enyaq-iv/,STO,story,post,200,card_teaser;carousel_rails;cover_box;downloads;hero;promo_banner;siteorigin_body;tags,cover_box_dark;teaser_media;teaser_overlay;teaser_toolbar,,
https://www.skoda-storyboard.com/en/skoda-world/innovation-and-technology/raw-materials-recycling-and-reuse/,STO,story,post,200,card_teaser;carousel_rails;cover_box;downloads;hero;promo_banner;siteorigin_body;tags,cover_box_dark;teaser_media;teaser_overlay;teaser_toolbar,,
https://www.skoda-storyboard.com/en/skoda-world/innovation-and-technology/shock-absorbers-its-a-hard-life/,STO,story,post,200,card_teaser;cover_box;downloads;hero;promo_banner;siteorigin_body;tags,cover_box_dark;teaser_media;teaser_overlay;teaser_toolbar,,
https://www.skoda-storyboard.com/en/skoda-world/driving-school-alone-is-not-enough-young-drivers-need-to-drive/,STO,story,post,200,card_teaser;cover_box;downloads;hero;promo_banner;siteorigin_body;tags,cover_box_dark;teaser_media;teaser_overlay;teaser_toolbar,,
https://www.skoda-storyboard.com/en/classic-cars/skoda-classic-tour-driven-by-a-love-of-vintage-cars/,STO,story,post,200,card_teaser;cover_box;downloads;hero;promo_banner;siteorigin_body;tags,cover_box_dark;teaser_media;teaser_overlay;teaser_toolbar,,
https://www.skoda-storyboard.com/en/models/enyaq/skoda-enyaq-coupe-iv-whats-beneath-the-camouflage/,STO,story,post,200,card_teaser;cover_box;downloads;hero;promo_banner;siteorigin_body;tags,cover_box_dark;teaser_media;teaser_overlay;teaser_toolbar,youtube,
https://www.skoda-storyboard.com/en/models/octavia/skoda-octavia-25-years-at-the-top/,STO,story,post,200,card_teaser;carousel_rails;cover_box;downloads;hero;promo_banner;siteorigin_body;tags,cover_box_dark;teaser_media;teaser_overlay;teaser_toolbar,youtube,
https://www.skoda-storyboard.com/en/models/fabia/new-skoda-fabia-what-do-its-co-authors-have-to-say-about-it/,STO,story,post,200,card_teaser;carousel_rails;cover_box;downloads;hero;promo_banner;siteorigin_body;tags,cover_box_dark;teaser_media;teaser_overlay;teaser_toolbar,,
https://www.skoda-storyboard.com/en/lifestyle/motorsport/sachsen-classic-in-mlada-boleslav/,STO,story,post,200,card_teaser;carousel_rails;cover_box;downloads;hero;promo_banner;siteorigin_body;tags,cover_box_dark;teaser_media;teaser_overlay;teaser_toolbar,vimeo,
https://www.skoda-storyboard.com/en/skoda-world/innovation-and-technology/order-your-parcel-straight-into-your-car/,STO,story,post,200,card_teaser;cover_box;downloads;hero;promo_banner;siteorigin_body,cover_box_dark;teaser_media;teaser_overlay;teaser_toolbar,vimeo,
https://www.skoda-storyboard.com/en/skoda-world/design/icons-get-a-makeover-the-ferat-vampire-mobile-comes-back-to-life/,STO,story,post,200,card_teaser;cover_box;downloads;hero;promo_banner;siteorigin_body;tags,cover_box_dark;teaser_media;teaser_overlay;teaser_toolbar,,
https://www.skoda-storyboard.com/en/skoda-world/heritage/the-story-behind-the-photo-the-lawyer-who-drove-a-unique-car/,STO,story,post,200,card_teaser;carousel_rails;cover_box;downloads;hero;promo_banner;siteorigin_body;tags,cover_box_dark;teaser_media;teaser_overlay;teaser_toolbar,,
https://www.skoda-storyboard.com/en/skoda-world/skoda-cars-in-police-livery/,STO,story,post,200,card_teaser;carousel_rails;cover_box;downloads;hero;promo_banner;siteorigin_body;tags,cover_box_dark;teaser_media;teaser_overlay;teaser_toolbar,,
https://www.skoda-storyboard.com/en/models/kushaq/the-skoda-kushaq-through-the-eyes-of-its-chief-designer/,STO,story,post,200,card_teaser;carousel_rails;cover_box;downloads;hero;promo_banner;siteorigin_body;tags,cover_box_dark;teaser_media;teaser_overlay;teaser_toolbar,,
https://www.skoda-storyboard.com/en/classic-cars/a-historic-moment-the-first-motorised-cart-is-made-in-mlada-boleslav/,STO,story,post,200,card_teaser;carousel_rails;cover_box;downloads;hero;promo_banner;siteorigin_body;tags,cover_box_dark;teaser_media;teaser_overlay;teaser_toolbar,,
https://www.skoda-storyboard.com/en/skoda-world/design/the-hidden-faces-of-design-help-you-get-along-with-your-car/,STO,story,post,200,card_teaser;carousel_rails;cover_box;downloads;hero;promo_banner;siteorigin_body;tags,cover_box_dark;teaser_media;teaser_overlay;teaser_toolbar,,
https://www.skoda-storyboard.com/en/emobility/skoda-enyaq-iv-a-car-with-carbon-neutral-balance/,STO,story,post,200,card_teaser;cover_box;downloads;hero;promo_banner;siteorigin_body;tags,cover_box_dark;teaser_media;teaser_overlay;teaser_toolbar,,
https://www.skoda-storyboard.com/en/skoda-world/making-sure-cargo-is-not-a-threat/,STO,story,post,200,card_teaser;carousel_rails;cover_box;downloads;hero;promo_banner;siteorigin_body;tags,cover_box_dark;teaser_media;teaser_overlay;teaser_toolbar,,
https://www.skoda-storyboard.com/en/skoda-world/heritage/whats-behind-the-photo-triumph-of-travelling-blacksmith/,STO,story,post,200,card_teaser;cover_box;downloads;hero;promo_banner;siteorigin_body;tags,cover_box_dark;teaser_media;teaser_overlay;teaser_toolbar,,
https://www.skoda-storyboard.com/en/skoda-world/design/the-quest-for-sustainability-in-skoda-cars/,STO,story,post,200,card_teaser;cover_box;downloads;hero;promo_banner;siteorigin_body;tags,cover_box_dark;teaser_media;teaser_overlay;teaser_toolbar,,
https://www.skoda-storyboard.com/en/lifestyle/motorsport/electric-premiere-in-rally/,STO,story,post,200,card_teaser;carousel_rails;cover_box;downloads;hero;promo_banner;siteorigin_body;tags,cover_box_dark;teaser_media;teaser_overlay;teaser_toolbar,,
https://www.skoda-storyboard.com/en/lifestyle/people/i-drive-my-veteran-to-the-shops-i-dont-need-another-car/,STO,story,post,200,card_teaser;cover_box;downloads;hero;promo_banner;siteorigin_body;tags,cover_box_dark;teaser_media;teaser_overlay;teaser_toolbar,,
https://www.skoda-storyboard.com/en/skoda-world/we-keep-working-till-theres-nothing-left-to-do/,STO,story,post,200,card_teaser;cover_box;downloads;hero;promo_banner;siteorigin_body;tags,cover_box_dark;teaser_media;teaser_overlay;teaser_toolbar,,
https://www.skoda-storyboard.com/en/models/kodiaq/the-new-skoda-kodiaq-will-get-you-in-60-seconds/,STO,story,post,200,card_teaser;carousel_rails;cover_box;downloads;hero;promo_banner;siteorigin_body;tags,cover_box_dark;teaser_media;teaser_overlay;teaser_toolbar,,
https://www.skoda-storyboard.com/en/skoda-world/showrooms-go-digital/,STO,story,post,200,card_teaser;cover_box;downloads;hero;promo_banner;siteorigin_body;tags,cover_box_dark;teaser_media;teaser_overlay;teaser_toolbar,,
https://www.skoda-storyboard.com/en/skoda-world/design/evoiturette-an-icon-that-got-a-makeover-has-come-to-life/,STO,story,post,200,card_teaser;carousel_rails;cover_box;downloads;hero;promo_banner;siteorigin_body;tags,cover_box_dark;teaser_media;teaser_overlay;teaser_toolbar,,
https://www.skoda-storyboard.com/en/lifestyle/motorsport/120-years-of-skoda-motorsport/120-years-behind-the-wheel-of-racing-legends/,STO,story,post,200,card_teaser;carousel_rails;cover_box;downloads;hero;promo_banner;siteorigin_body;tags,cover_box_dark;teaser_media;teaser_overlay;teaser_toolbar,,
https://www.skoda-storyboard.com/en/skoda-world/staying-safe-wherever-you-sit/,STO,story,post,200,card_teaser;carousel_rails;cover_box;downloads;hero;promo_banner;siteorigin_body;tags,cover_box_dark;teaser_media;teaser_overlay;teaser_toolbar,,
https://www.skoda-storyboard.com/en/skoda-world/next-level-strategy-2030/,STO,story,post,200,card_teaser;cover_box;downloads;hero;promo_banner;siteorigin_body;tags,cover_box_dark;teaser_media;teaser_overlay;teaser_toolbar,,
https://www.skoda-storyboard.com/en/skoda-world/are-you-sitting-comfortably-what-about-safely/,STO,story,post,200,card_teaser;carousel_rails;cover_box;downloads;hero;promo_banner;siteorigin_body;tags,cover_box_dark;teaser_media;teaser_overlay;teaser_toolbar,,
https://www.skoda-storyboard.com/en/classic-cars/the-first-octavia-combi-a-huge-boot-and-a-comfortable-bed/,STO,story,post,200,card_teaser;cover_box;downloads;hero;promo_banner;siteorigin_body;tags,cover_box_dark;teaser_media;teaser_overlay;teaser_toolbar,,
https://www.skoda-storyboard.com/en/skoda-world/finding-talented-youngsters-in-the-time-of-pandemic/,STO,story,post,200,card_teaser;carousel_rails;cover_box;downloads;hero;promo_banner;siteorigin_body;tags,cover_box_dark;teaser_media;teaser_overlay;teaser_toolbar,,
https://www.skoda-storyboard.com/en/skoda-world/skoda-cars-tailor-made-for-local-customers/,STO,story,post,200,card_teaser;carousel_rails;cover_box;downloads;hero;promo_banner;siteorigin_body;tags,cover_box_dark;teaser_media;teaser_overlay;teaser_toolbar,,
https://www.skoda-storyboard.com/en/skoda-world/purchasing-and-logistics-sprint-to-help-india/,STO,story,post,200,card_teaser;carousel_rails;cover_box;downloads;hero;promo_banner;siteorigin_body;tags,cover_box_dark;teaser_media;teaser_overlay;teaser_toolbar,vimeo,
https://www.skoda-storyboard.com/en/emobility/over-a-hundred-years-of-emobility/,STO,story,post,200,card_teaser;carousel_rails;cover_box;downloads;hero;promo_banner;siteorigin_body;tags,cover_box_dark;teaser_media;teaser_overlay;teaser_toolbar,,
https://www.skoda-storyboard.com/en/lifestyle/sports/hockey/15000-figures-of-hockey-fans-to-fill-the-stands-in-riga/,STO,story,post,200,card_teaser;carousel_rails;cover_box;downloads;hero;promo_banner;siteorigin_body;tags,cover_box_dark;teaser_media;teaser_overlay;teaser_toolbar,,
https://www.skoda-storyboard.com/en/emobility/dont-fear-voltage/,STO,story,post,200,card_teaser;carousel_rails;cover_box;downloads;hero;promo_banner;siteorigin_body;tags,cover_box_dark;teaser_media;teaser_overlay;teaser_toolbar,,
https://www.skoda-storyboard.com/en/models/kushaq/tough-indian-testing-mission-accomplished/,STO,story,post,200,card_teaser;carousel_rails;cover_box;downloads;hero;promo_banner;siteorigin_body;tags,cover_box_dark;teaser_media;teaser_overlay;teaser_toolbar,,
https://www.skoda-storyboard.com/en/skoda-world/design/quiz-whats-that-car-in-front-of-me/,STO,story,post,200,card_teaser;carousel_rails;cover_box;downloads;hero;promo_banner;siteorigin_body;tags,cover_box_dark;teaser_media;teaser_overlay;teaser_toolbar,,
https://www.skoda-storyboard.com/en/corporate-life/behind-the-curtain-how-a-world-premiere-is-prepared/,STO,story,post,200,card_teaser;carousel_rails;cover_box;downloads;hero;promo_banner;siteorigin_body;tags,cover_box_dark;teaser_media;teaser_overlay;teaser_toolbar,,
https://www.skoda-storyboard.com/en/models/enyaq/enyaq-iv-fleet-to-electrify-the-ice-hockey-championship/,STO,story,post,200,card_teaser;cover_box;downloads;hero;promo_banner;siteorigin_body;tags,cover_box_dark;teaser_media;teaser_overlay;teaser_toolbar,,
https://www.skoda-storyboard.com/en/skoda-world/skoda-and-the-czech-philharmonic-helping-through-music/,STO,story,post,200,card_teaser;carousel_rails;cover_box;downloads;hero;promo_banner;siteorigin_body;tags,cover_box_dark;teaser_media;teaser_overlay;teaser_toolbar,,
https://www.skoda-storyboard.com/en/skoda-world/design/when-designers-get-stuck-into-sticky-tape/,STO,story,post,200,card_teaser;carousel_rails;cover_box;downloads;hero;promo_banner;siteorigin_body;tags,cover_box_dark;teaser_media;teaser_overlay;teaser_toolbar,vimeo,
https://www.skoda-storyboard.com/en/models/fabia/the-new-skoda-fabia-seen-through-its-designers-eyes/,STO,story,post,200,card_teaser;carousel_rails;cover_box;downloads;hero;promo_banner;siteorigin_body;tags,cover_box_dark;teaser_media;teaser_overlay;teaser_toolbar,vimeo,
https://www.skoda-storyboard.com/en/models/fabia/the-new-skoda-fabia-is-here-watch-the-premiere/,STO,story,post,200,card_teaser;carousel_rails;cover_box;downloads;hero;promo_banner;siteorigin_body;tags,cover_box_dark;teaser_media;teaser_overlay;teaser_toolbar,youtube,
https://www.skoda-storyboard.com/en/models/fabia/the-new-fabia-reveals-its-interior-its-been-transformed/,STO,story,post,200,card_teaser;carousel_rails;cover_box;downloads;hero;promo_banner;siteorigin_body;tags,cover_box_dark;teaser_media;teaser_overlay;teaser_toolbar,,
https://www.skoda-storyboard.com/en/skoda-world/watch-out-on-a-bike-in-a-car-and-on-foot/,STO,story,post,200,card_teaser;cover_box;downloads;hero;promo_banner;siteorigin_body;tags,cover_box_dark;teaser_media;teaser_overlay;teaser_toolbar,,
https://www.skoda-storyboard.com/en/skoda-world/responsibility/project1hour-you-can-reduce-your-environmental-footprint/,STO,story,post,200,card_teaser;cover_box;downloads;hero;promo_banner;siteorigin_body;tags,cover_box_dark;teaser_media;teaser_overlay;teaser_toolbar,,
https://www.skoda-storyboard.com/en/skoda-world/design/the-new-skoda-fabia-is-a-modern-take-on-tradition/,STO,story,post,200,card_teaser;carousel_rails;cover_box;downloads;hero;promo_banner;siteorigin_body;tags,cover_box_dark;teaser_media;teaser_overlay;teaser_toolbar,,
https://www.skoda-storyboard.com/en/models/enyaq/we-are-designing-the-future/,STO,story,post,200,card_teaser;cover_box;downloads;hero;promo_banner;siteorigin_body;tags,cover_box_dark;teaser_media;teaser_overlay;teaser_toolbar,vimeo,
https://www.skoda-storyboard.com/en/skoda-world/skoda-and-volkswagen-three-decades-of-partnership/,STO,story,post,200,card_teaser;carousel_rails;cover_box;downloads;hero;promo_banner;siteorigin_body;tags,cover_box_dark;teaser_media;teaser_overlay;teaser_toolbar,,
https://www.skoda-storyboard.com/en/models/kodiaq/the-rejuvenated-skoda-kodiaq-is-here-watch-its-premiere/,STO,story,post,200,card_teaser;cover_box;downloads;hero;promo_banner;siteorigin_body;tags,cover_box_dark;gallery_lightbox_viewer;teaser_media;teaser_overlay;teaser_toolbar,,
https://www.skoda-storyboard.com/en/lifestyle/motorsport/ken-block-behind-the-wheel-of-the-beast-the-skoda-fabia-r5/,STO,story,post,200,hero;promo_banner;siteorigin_body;tags,teaser_overlay,,
https://www.skoda-storyboard.com/en/models/enyaq/spotlight-on-the-design-of-the-skoda-enyaq-iv/,STO,story,post,200,card_teaser;carousel_rails;cover_box;downloads;hero;promo_banner;siteorigin_body;tags,cover_box_dark;teaser_media;teaser_overlay;teaser_toolbar,,
https://www.skoda-storyboard.com/en/models/kodiaq/the-skoda-kodiaq-sets-off-on-more-adventures/,STO,story,post,200,card_teaser;carousel_rails;cover_box;downloads;hero;promo_banner;siteorigin_body;tags,cover_box_dark;teaser_media;teaser_overlay;teaser_toolbar,vimeo,
https://www.skoda-storyboard.com/en/skoda-world/can-you-see-the-hidden-image/,STO,story,post,200,card_teaser;carousel_rails;cover_box;downloads;hero;promo_banner;siteorigin_body;tags,cover_box_dark;teaser_media;teaser_overlay;teaser_toolbar,,
https://www.skoda-storyboard.com/en/models/enyaq/alex-kersten-takes-a-close-look-at-the-skoda-enyaq-iv/,STO,story,post,200,card_teaser;carousel_rails;cover_box;downloads;hero;promo_banner;siteorigin_body;tags,cover_box_dark;teaser_media;teaser_overlay;teaser_toolbar,,
https://www.skoda-storyboard.com/en/models/enyaq/the-new-skoda-enyaq-iv-will-get-you-in-60-seconds/,STO,story,post,200,card_teaser;carousel_rails;cover_box;downloads;hero;promo_banner;siteorigin_body;tags,cover_box_dark;teaser_media;teaser_overlay;teaser_toolbar,,
https://www.skoda-storyboard.com/en/skoda-world/live-skoda-annual-press-conference/,STO,story,post,200,card_teaser;carousel_rails;cover_box;downloads;hero;promo_banner;siteorigin_body;tags,cover_box_dark;teaser_media;teaser_overlay;teaser_toolbar,vimeo,
https://www.skoda-storyboard.com/en/lifestyle/motorsport/120-years-of-skoda-motorsport/120-years-of-international-rally-trophies-for-skoda-cars/,STO,story,post,200,card_teaser;carousel_rails;cover_box;downloads;hero;promo_banner;siteorigin_body;tags,cover_box_dark;teaser_media;teaser_overlay;teaser_toolbar,,
https://www.skoda-storyboard.com/en/models/watch-the-premiere-of-the-indian-skoda-kushaq-suv/,STO,story,post,200,card_teaser;cover_box;downloads;hero;promo_banner;siteorigin_body;tags,cover_box_dark;teaser_media;teaser_overlay;teaser_toolbar,youtube,
https://www.skoda-storyboard.com/en/emobility/skoda-octavia-iv-recuperating-in-hundred-spired-prague/,STO,story,post,200,card_teaser;cover_box;downloads;hero;promo_banner;siteorigin_body;tags,cover_box_dark;teaser_media;teaser_overlay;teaser_toolbar,,
https://www.skoda-storyboard.com/en/lifestyle/motorsport/racing-legends-on-snow-and-ice/,STO,story,post,200,card_teaser;cover_box;downloads;hero;promo_banner;siteorigin_body;tags,cover_box_dark;teaser_media;teaser_overlay;teaser_toolbar,,
https://www.skoda-storyboard.com/en/models/octavia/skoda-octavia-pro-czech-bestseller-for-the-chinese-market/,STO,story,post,200,card_teaser;carousel_rails;cover_box;downloads;hero;promo_banner;siteorigin_body;tags,cover_box_dark;teaser_media;teaser_overlay;teaser_toolbar,,
https://www.skoda-storyboard.com/en/models/fabia/monsoon-and-crash-tests-are-no-match-for-the-new-fabia/,STO,story,post,200,card_teaser;carousel_rails;cover_box;downloads;hero;promo_banner;siteorigin_body;tags,cover_box_dark;teaser_media;teaser_overlay;teaser_toolbar,vimeo,
https://www.skoda-storyboard.com/en/models/karoq/enjoy-your-freedom-on-your-bike-and-behind-the-wheel/,STO,story,post,200,card_teaser;carousel_rails;cover_box;downloads;hero;promo_banner;siteorigin_body;tags,cover_box_dark;teaser_media;teaser_overlay;teaser_toolbar,,
https://www.skoda-storyboard.com/en/models/enyaq/the-skoda-enyaq-iv-recuperating-in-the-ore-mountains/,STO,story,post,200,card_teaser;carousel_rails;cover_box;downloads;hero;promo_banner;siteorigin_body;tags,cover_box_dark;teaser_media;teaser_overlay;teaser_toolbar,,
https://www.skoda-storyboard.com/en/models/fabia/the-new-fabia-whats-hiding-beneath-the-camouflage/,STO,story,post,200,card_teaser;carousel_rails;cover_box;downloads;hero;promo_banner;siteorigin_body;tags,cover_box_dark;teaser_media;teaser_overlay;teaser_toolbar,vimeo,
https://www.skoda-storyboard.com/en/skoda-world/innovation-and-technology/we-have-lots-more-simply-clever-ideas-in-store/,STO,story,post,200,card_teaser;cover_box;downloads;hero;promo_banner;siteorigin_body;tags,cover_box_dark;teaser_media;teaser_overlay;teaser_toolbar,,
https://www.skoda-storyboard.com/en/emobility/skoda-superb-iv-recuperating-around-jested/,STO,story,post,200,card_teaser;cover_box;downloads;hero;promo_banner;siteorigin_body;tags,cover_box_dark;teaser_media;teaser_overlay;teaser_toolbar,,
https://www.skoda-storyboard.com/en/lifestyle/motorsport/how-a-veteran-conquered-dakar/,STO,story,post,200,card_teaser;carousel_rails;cover_box;downloads;hero;promo_banner;siteorigin_body;tags,cover_box_dark;teaser_media;teaser_overlay;teaser_toolbar,,
https://www.skoda-storyboard.com/en/models/fabia/from-first-to-fourth-the-new-fabia-has-a-lot-to-live-up-to/,STO,story,post,200,card_teaser;carousel_rails;cover_box;downloads;hero;promo_banner;siteorigin_body;tags,cover_box_dark;teaser_media;teaser_overlay;teaser_toolbar,,
https://www.skoda-storyboard.com/en/skoda-world/like-castaways-in-a-hairdryer-skoda-goes-to-india/,STO,story,post,200,card_teaser;cover_box;downloads;hero;promo_banner;siteorigin_body;tags,cover_box_dark;teaser_media;teaser_overlay;teaser_toolbar,,
https://www.skoda-storyboard.com/en/lifestyle/people/superb-iv-first-hand-experience-lets-keep-the-air-clean/,STO,story,post,200,card_teaser;carousel_rails;cover_box;downloads;hero;promo_banner;siteorigin_body;tags,cover_box_dark;teaser_media;teaser_overlay;teaser_toolbar,,
https://www.skoda-storyboard.com/en/skoda-world/innovation-and-technology/icons-get-a-makeover-a-practical-camper-van/,STO,story,post,200,card_teaser;cover_box;downloads;hero;promo_banner;siteorigin_body;tags,cover_box_dark;teaser_media;teaser_overlay;teaser_toolbar,,
https://www.skoda-storyboard.com/en/skoda-world/innovation-and-technology/keeping-your-front-and-rear-windscreens-clear/,STO,story,post,200,card_teaser;carousel_rails;cover_box;downloads;hero;promo_banner;siteorigin_body;tags,cover_box_dark;teaser_media;teaser_overlay;teaser_toolbar,,
https://www.skoda-storyboard.com/en/skoda-world/innovation-and-technology/top-secret-where-are-prototypes-made/,STO,story,post,200,card_teaser;cover_box;downloads;hero;promo_banner;siteorigin_body;tags,cover_box_dark;teaser_media;teaser_overlay;teaser_toolbar,vimeo;youtube,
https://www.skoda-storyboard.com/en/skoda-world/heritage/how-the-popular-avoided-an-elephant-at-the-monte-carlo-rally/,STO,story,post,200,card_teaser;carousel_rails;cover_box;downloads;hero;promo_banner;siteorigin_body;tags,cover_box_dark;teaser_media;teaser_overlay;teaser_toolbar,,
https://www.skoda-storyboard.com/en/lifestyle/people/octavia-iv-first-hand-experience-i-drove-better-than-usual/,STO,story,post,200,card_teaser;carousel_rails;cover_box;downloads;hero;promo_banner;siteorigin_body;tags,cover_box_dark;teaser_media;teaser_overlay;teaser_toolbar,,
https://www.skoda-storyboard.com/en/skoda-world/innovation-and-technology/first-aid-for-frosted-windows/,STO,story,post,200,card_teaser;carousel_rails;cover_box;downloads;hero;promo_banner;siteorigin_body;tags,cover_box_dark;teaser_media;teaser_overlay;teaser_toolbar,,
https://www.skoda-storyboard.com/en/lifestyle/sports/120-years-of-motorsport-hear-how-it-all-began/,STO,story,post,200,card_teaser;carousel_rails;cover_box;downloads;hero;promo_banner;siteorigin_body;tags,cover_box_dark;teaser_media;teaser_overlay;teaser_toolbar,vimeo,
https://www.skoda-storyboard.com/en/skoda-world/innovation-and-technology/icons-get-a-makeover-a-new-take-on-a-sporting-legend/,STO,story,post,200,card_teaser;carousel_rails;cover_box;downloads;hero;promo_banner;siteorigin_body;tags,cover_box_dark;teaser_media;teaser_overlay;teaser_toolbar,,
https://www.skoda-storyboard.com/en/skoda-world/suv-for-india-gets-a-royal-name-kushaq/,STO,story,post,200,card_teaser;carousel_rails;cover_box;downloads;hero;promo_banner;siteorigin_body;tags,cover_box_dark;teaser_media;teaser_overlay;teaser_toolbar,,
https://www.skoda-storyboard.com/en/skoda-world/innovation-and-technology/drive-safely-de-ice-properly-in-the-morning/,STO,story,post,200,card_teaser;carousel_rails;cover_box;downloads;hero;promo_banner;siteorigin_body;tags,cover_box_dark;teaser_media;teaser_overlay;teaser_toolbar,youtube,
https://www.skoda-storyboard.com/en/125-let-skode/125-years-of-skoda-a-lighter-look-at-the-past/,STO,story,post,200,card_teaser;carousel_rails;cover_box;downloads;hero;promo_banner;siteorigin_body;tags,cover_box_dark;teaser_media;teaser_overlay;teaser_toolbar,,
https://www.skoda-storyboard.com/en/skoda-world/2020-an-electric-year/,STO,story,post,200,card_teaser;carousel_rails;cover_box;downloads;hero;promo_banner;siteorigin_body;tags,cover_box_dark;teaser_media;teaser_overlay;teaser_toolbar,vimeo,
https://www.skoda-storyboard.com/en/skoda-world/2020-a-year-like-no-other/,STO,story,post,200,card_teaser;carousel_rails;cover_box;downloads;hero;promo_banner;siteorigin_body;tags,cover_box_dark;teaser_media;teaser_overlay;teaser_toolbar,youtube,
https://www.skoda-storyboard.com/en/skoda-world/responsibility/how-skoda-helps-others-to-help/,STO,story,post,200,card_teaser;carousel_rails;cover_box;downloads;hero;promo_banner;siteorigin_body;tags,cover_box_dark;teaser_media;teaser_overlay;teaser_toolbar,,
https://www.skoda-storyboard.com/en/models/everywhere-skoda-is-at-home/,STO,story,post,200,card_teaser;cover_box;downloads;hero;promo_banner;siteorigin_body;tags,cover_box_dark;teaser_media;teaser_overlay;teaser_toolbar,,
https://www.skoda-storyboard.com/en/skoda-world/measuring-boot-space-a-process-a-bit-like-tetris/,STO,story,post,200,card_teaser;carousel_rails;cover_box;downloads;hero;promo_banner;siteorigin_body;tags,cover_box_dark;teaser_media;teaser_overlay;teaser_toolbar,youtube,
https://www.skoda-storyboard.com/en/skoda-world/quality-must-be-felt/,STO,story,post,200,card_teaser;carousel_rails;cover_box;downloads;hero;promo_banner;siteorigin_body;tags,cover_box_dark;teaser_media;teaser_overlay;teaser_toolbar,,
https://www.skoda-storyboard.com/en/skoda-world/innovation-and-technology/skoda-enyaq-iv-and-octavia-on-the-same-line/,STO,story,post,200,card_teaser;carousel_rails;cover_box;downloads;hero;promo_banner;siteorigin_body;tags,cover_box_dark;teaser_media;teaser_overlay;teaser_toolbar,vimeo,
https://www.skoda-storyboard.com/en/skoda-world/innovation-and-technology/icons-get-a-makeover-a-divinely-airy-skoda-felicia/,STO,story,post,200,card_teaser;cover_box;downloads;hero;promo_banner;siteorigin_body;tags,cover_box_dark;teaser_media;teaser_overlay;teaser_toolbar,,
https://www.skoda-storyboard.com/en/models/octavia/the-new-skoda-octavia-rs-will-get-you-in-60-seconds/,STO,story,post,200,card_teaser;carousel_rails;cover_box;downloads;hero;promo_banner;siteorigin_body;tags,cover_box_dark;teaser_media;teaser_overlay;teaser_toolbar,,
https://www.skoda-storyboard.com/en/models/octavia/the-new-skoda-octavia-scout-will-get-you-in-60-seconds/,STO,story,post,200,card_teaser;carousel_rails;cover_box;downloads;hero;promo_banner;siteorigin_body;tags,cover_box_dark;teaser_media;teaser_overlay;teaser_toolbar,,
https://www.skoda-storyboard.com/en/models/enyaq/listen-to-the-enyaq-iv/,STO,story,post,200,card_teaser;carousel_rails;cover_box;downloads;hero;promo_banner;siteorigin_body;tags,cover_box_dark;teaser_media;teaser_overlay;teaser_toolbar,vimeo,
https://www.skoda-storyboard.com/en/125-let-skode/125-years-of-skoda-clever-ideas-have-a-long-tradition/,STO,story,post,200,card_teaser;carousel_rails;cover_box;downloads;hero;promo_banner;siteorigin_body;tags,cover_box_dark;teaser_media;teaser_overlay;teaser_toolbar,,
https://www.skoda-storyboard.com/en/skoda-world/innovation-and-technology/tips-tricks-windscreen-wipers-and-sprays-deserve-care-and-attention/,STO,story,post,200,card_teaser;carousel_rails;cover_box;downloads;hero;promo_banner;siteorigin_body;tags,cover_box_dark;teaser_media;teaser_overlay;teaser_toolbar,,
https://www.skoda-storyboard.com/en/lifestyle/the-new-interiors-concept-feels-like-home/,STO,story,post,200,card_teaser;carousel_rails;cover_box;downloads;hero;promo_banner;siteorigin_body;tags,cover_box_dark;teaser_media;teaser_overlay;teaser_toolbar,,
https://www.skoda-storyboard.com/en/skoda-world/innovation-and-technology/modern-car-seats-whats-under-the-cover/,STO,story,post,200,card_teaser;carousel_rails;cover_box;downloads;hero;promo_banner;siteorigin_body;tags,cover_box_dark;teaser_media;teaser_overlay;teaser_toolbar,,
https://www.skoda-storyboard.com/en/skoda-world/design/quiz-identify-the-skoda-models-by-their-lights/,STO,story,post,200,card_teaser;carousel_rails;cover_box;downloads;hero;promo_banner;siteorigin_body;tags,cover_box_dark;teaser_media;teaser_overlay;teaser_toolbar,,
https://www.skoda-storyboard.com/en/models/enyaq/la-vuelta-a-skoda-enyaq-iv-leads-the-riders-into-the-spanish-hills/,STO,story,post,200,card_teaser;carousel_rails;cover_box;downloads;hero;promo_banner;siteorigin_body;tags,cover_box_dark;teaser_media;teaser_overlay;teaser_toolbar,youtube,
https://www.skoda-storyboard.com/en/skoda-world/innovation-and-technology/icons-get-a-makeover-skoda-popular-monte-carlo/,STO,story,post,200,card_teaser;cover_box;downloads;hero;promo_banner;siteorigin_body;tags,cover_box_dark;teaser_media;teaser_overlay;teaser_toolbar,,
https://www.skoda-storyboard.com/en/emobility/a-chamber-that-turns-up-the-heat-on-electric-cars/,STO,story,post,200,card_teaser;carousel_rails;cover_box;downloads;hero;promo_banner;siteorigin_body;tags,cover_box_dark;teaser_media;teaser_overlay;teaser_toolbar,,
https://www.skoda-storyboard.com/en/skoda-world/innovation-and-technology/industry-4-0-manufacturing-can-also-be-simply-clever/,STO,story,post,200,card_teaser;carousel_rails;cover_box;downloads;hero;promo_banner;siteorigin_body;tags,cover_box_dark;teaser_media;teaser_overlay;teaser_toolbar,,
https://www.skoda-storyboard.com/en/skoda-world/innovation-and-technology/the-skoda-octavia-g-tec-runs-on-carrots-and-onions/,STO,story,post,200,card_teaser;carousel_rails;cover_box;downloads;hero;promo_banner;siteorigin_body;tags,cover_box_dark;teaser_media;teaser_overlay;teaser_toolbar,,
https://www.skoda-storyboard.com/en/skoda-world/innovation-and-technology/eyes-that-see-in-the-rain-in-the-dark-in-bright-sunlight/,STO,story,post,200,card_teaser;carousel_rails;cover_box;downloads;hero;promo_banner;siteorigin_body;tags,cover_box_dark;teaser_media;teaser_overlay;teaser_toolbar,,
https://www.skoda-storyboard.com/en/skoda-world/innovation-and-technology/new-two-spoke-steering-wheel-a-complex-development-project/,STO,story,post,200,card_teaser;carousel_rails;cover_box;downloads;hero;promo_banner;siteorigin_body;tags,cover_box_dark;teaser_media;teaser_overlay;teaser_toolbar,,
https://www.skoda-storyboard.com/en/125-let-skode/125-years-of-skoda-one-big-family-for-generations/,STO,story,post,200,card_teaser;cover_box;downloads;hero;promo_banner;siteorigin_body;tags,cover_box_dark;teaser_media;teaser_overlay;teaser_toolbar,,
https://www.skoda-storyboard.com/en/models/enyaq/get-to-know-the-meb-platform-the-base-of-the-skoda-enyaq-iv/,STO,story,post,200,card_teaser;carousel_rails;cover_box;downloads;hero;promo_banner;siteorigin_body;tags,cover_box_dark;teaser_media;teaser_overlay;teaser_toolbar,,
https://www.skoda-storyboard.com/en/skoda-world/innovation-and-technology/technology/dont-have-a-leak-what-the-watertightness-tests-for-skoda-cars-entail/,STO,story,post,200,card_teaser;carousel_rails;cover_box;downloads;hero;promo_banner;siteorigin_body;tags,cover_box_dark;teaser_media;teaser_overlay;teaser_toolbar,,
https://www.skoda-storyboard.com/en/skoda-world/innovation-and-technology/icons-get-a-makeover-the-voiturette-a-as-an-autonomous-carriage/,STO,story,post,200,card_teaser;carousel_rails;cover_box;downloads;hero;promo_banner;siteorigin_body;tags,cover_box_dark;teaser_media;teaser_overlay;teaser_toolbar,,
https://www.skoda-storyboard.com/en/emobility/three-pillars-of-charging-powerpass-wallboxes-and-new-ideas/,STO,story,post,200,card_teaser;carousel_rails;cover_box;downloads;hero;promo_banner;siteorigin_body;tags,cover_box_dark;teaser_media;teaser_overlay;teaser_toolbar,,
https://www.skoda-storyboard.com/en/corporate-life/schafer-skodas-successful-story-will-go-on/,STO,story,post,200,card_teaser;carousel_rails;cover_box;downloads;hero;promo_banner;siteorigin_body;tags,cover_box_dark;teaser_media;teaser_overlay;teaser_toolbar,,
https://www.skoda-storyboard.com/en/125-let-skode/a-drive-through-125-years-of-history-at-the-skoda-museum/,STO,story,post,200,card_teaser;carousel_rails;cover_box;downloads;hero;promo_banner;siteorigin_body;tags,cover_box_dark;teaser_media;teaser_overlay;teaser_toolbar,youtube,
https://www.skoda-storyboard.com/en/models/enyaq/skoda-enyaq-iv-conquered-the-iconic-peak-of-the-tour-de-france/,STO,story,post,200,card_teaser;carousel_rails;cover_box;downloads;hero;promo_banner;siteorigin_body;tags,cover_box_dark;teaser_media;teaser_overlay;teaser_toolbar,,
https://www.skoda-storyboard.com/en/skoda-world/innovation-and-technology/emobility-can-you-tell-the-difference-between-iv-and-e-tec/,STO,story,post,200,card_teaser;carousel_rails;cover_box;downloads;hero;promo_banner;siteorigin_body;tags,cover_box_dark;teaser_media;teaser_overlay;teaser_toolbar,,
https://www.skoda-storyboard.com/en/skoda-world/a-legend-and-an-inspiration-jan-kopecky-behind-the-wheel-of-a-skoda-slavia-and-a-1100-ohc/,STO,story,post,200,card_teaser;cover_box;downloads;hero;promo_banner;siteorigin_body;tags,cover_box_dark;teaser_media;teaser_overlay;teaser_toolbar,,
https://www.skoda-storyboard.com/en/skoda-world/innovation-and-technology/how-it-works-lights-that-switch-themselves-on-and-off/,STO,story,post,200,card_teaser;cover_box;downloads;hero;promo_banner;siteorigin_body;tags,cover_box_dark;teaser_media;teaser_overlay;teaser_toolbar,,
https://www.skoda-storyboard.com/en/models/enyaq/skoda-enyaq-iv-gets-ready-for-tour-de-france/,STO,story,post,200,card_teaser;carousel_rails;cover_box;downloads;hero;promo_banner;siteorigin_body;tags,cover_box_dark;teaser_media;teaser_overlay;teaser_toolbar,youtube,
https://www.skoda-storyboard.com/en/models/enyaq/world-premiere-skoda-to-unveil-the-electric-enyaq-iv-suv/,STO,story,post,200,card_teaser;carousel_rails;cover_box;downloads;hero;promo_banner;siteorigin_body;tags,cover_box_dark;teaser_media;teaser_overlay;teaser_toolbar,,
https://www.skoda-storyboard.com/en/skoda-world/heritage/skoda-sport-fast-at-le-mans/,STO,story,post,200,card_teaser;carousel_rails;cover_box;downloads;hero;promo_banner;siteorigin_body;tags,cover_box_dark;teaser_media;teaser_overlay;teaser_toolbar,vimeo,
https://www.skoda-storyboard.com/en/skoda-world/innovation-and-technology/technology/battery-production-how-the-heart-of-an-electric-car-is-made/,STO,story,post,200,card_teaser;cover_box;downloads;hero;promo_banner;siteorigin_body;tags,cover_box_dark;teaser_media;teaser_overlay;teaser_toolbar,,
https://www.skoda-storyboard.com/en/skoda-world/unknown-history-octavia-cars-were-made-in-chile-50-years-ago/,STO,story,post,200,card_teaser;carousel_rails;cover_box;downloads;hero;promo_banner;siteorigin_body;tags,cover_box_dark;teaser_media;teaser_overlay;teaser_toolbar,,
https://www.skoda-storyboard.com/en/skoda-world/design/design-of-the-electric-enyaq-iv-suv-progressive-balanced-and-self-confident/,STO,story,post,200,card_teaser;carousel_rails;cover_box;hero;promo_banner;siteorigin_body;tags,cover_box_dark;teaser_media;teaser_overlay;teaser_toolbar,,
https://www.skoda-storyboard.com/en/skoda-world/innovation-and-technology/colourful-and-bold-car-design-tailor-fitted-for-india/,STO,story,post,200,card_teaser;cover_box;downloads;hero;promo_banner;siteorigin_body;tags,cover_box_dark;teaser_media;teaser_overlay;teaser_toolbar,,
https://www.skoda-storyboard.com/en/125-let-skode/125-years-of-history-and-a-herald-of-the-future/,STO,story,post,200,card_teaser;carousel_rails;cover_box;downloads;hero;promo_banner;siteorigin_body;tags,cover_box_dark;teaser_media;teaser_overlay;teaser_toolbar,youtube,
https://www.skoda-storyboard.com/en/skoda-world/innovation-and-technology/dashboard-cameras-where-its-advisable-to-put-them-away/,STO,story,post,200,card_teaser;carousel_rails;cover_box;downloads;hero;promo_banner;siteorigin_body;tags,cover_box_dark;teaser_media;teaser_overlay;teaser_toolbar,,
https://www.skoda-storyboard.com/en/skoda-world/design/interior-of-the-skoda-enyaq-iv-suv-airy-roomy-and-comfy/,STO,story,post,200,card_teaser;carousel_rails;cover_box;hero;promo_banner;siteorigin_body;tags,cover_box_dark;teaser_media;teaser_overlay;teaser_toolbar,,
https://www.skoda-storyboard.com/en/models/enyaq/skoda-enyaq-iv-in-3-2-1/,STO,story,post,200,card_teaser;cover_box;downloads;hero;promo_banner;siteorigin_body;tags,cover_box_dark;teaser_media;teaser_overlay;teaser_toolbar,,
https://www.skoda-storyboard.com/en/skoda-world/innovation-and-technology/skoda-slavia-a-student-spider-inspired-by-history/,STO,story,post,200,card_teaser;carousel_rails;cover_box;downloads;hero;promo_banner;siteorigin_body;tags,cover_box_dark;teaser_media;teaser_overlay;teaser_toolbar,youtube,
https://www.skoda-storyboard.com/en/125-let-skode/125-years-of-skoda-two-and-more-heads-are-better-than-one/,STO,story,post,200,card_teaser;carousel_rails;cover_box;downloads;hero;promo_banner;siteorigin_body;tags,cover_box_dark;teaser_media;teaser_overlay;teaser_toolbar,,
https://www.skoda-storyboard.com/en/skoda-world/innovation-and-technology/the-perfectly-aerodynamic-skoda-octavia/,STO,story,post,200,card_teaser;carousel_rails;cover_box;downloads;hero;promo_banner;siteorigin_body;tags,cover_box_dark;teaser_media;teaser_overlay;teaser_toolbar,,
https://www.skoda-storyboard.com/en/skoda-world/student-dream-cars-slavia-celebrates-the-carmakers-jubilee-year/,STO,story,post,200,card_teaser;cover_box;downloads;hero;promo_banner;siteorigin_body;tags,cover_box_dark;teaser_media;teaser_overlay;teaser_toolbar,,
https://www.skoda-storyboard.com/en/lifestyle/interior-cleaning-from-top-to-bottom-coarse-to-fine/,STO,story,post,200,card_teaser;carousel_rails;cover_box;downloads;hero;promo_banner;siteorigin_body;tags,cover_box_dark;teaser_media;teaser_overlay;teaser_toolbar,,
https://www.skoda-storyboard.com/en/skoda-world/meet-the-whole-octavia-family/,STO,story,post,200,card_teaser;carousel_rails;cover_box;downloads;hero;promo_banner;siteorigin_body;tags,cover_box_dark;teaser_media;teaser_overlay;teaser_toolbar,,
https://www.skoda-storyboard.com/en/skoda-world/how-to-be-safe-on-long-journeys-dont-rely-on-assist-functions/,STO,story,post,200,card_teaser;carousel_rails;cover_box;downloads;hero;promo_banner;siteorigin_body;tags,cover_box_dark;teaser_media;teaser_overlay;teaser_toolbar,,
https://www.skoda-storyboard.com/en/skoda-world/innovation-and-technology/a-behind-the-scenes-look-masked-enyaq-iv-in-ireland/,STO,story,post,200,card_teaser;carousel_rails;cover_box;downloads;hero;promo_banner;siteorigin_body;tags,cover_box_dark;teaser_media;teaser_overlay;teaser_toolbar,,
https://www.skoda-storyboard.com/en/125-let-skode/125-years-of-skoda-important-places/,STO,story,post,200,card_teaser;cover_box;downloads;hero;promo_banner;siteorigin_body;tags,cover_box_dark;teaser_media;teaser_overlay;teaser_toolbar,,
https://www.skoda-storyboard.com/en/lifestyle/training-and-gardening-athletes-did-not-waste-time-during-lockdown/,STO,story,post,200,card_teaser;carousel_rails;cover_box;downloads;hero;promo_banner;siteorigin_body;tags,cover_box_dark;teaser_media;teaser_overlay;teaser_toolbar,,
https://www.skoda-storyboard.com/en/lifestyle/fast-and-safe-what-protects-the-crew-of-the-works-fabia-rally2-evo/,STO,story,post,200,card_teaser;cover_box;downloads;hero;promo_banner;siteorigin_body;tags,cover_box_dark;teaser_media;teaser_overlay;teaser_toolbar,,
https://www.skoda-storyboard.com/en/skoda-world/the-history-of-customer-care-from-elka-to-emobility/,STO,story,post,200,card_teaser;carousel_rails;cover_box;downloads;hero;promo_banner;siteorigin_body;tags,cover_box_dark;teaser_media;teaser_overlay;teaser_toolbar,,
https://www.skoda-storyboard.com/en/skoda-world/the-all-new-octavia-scout-ideal-for-active-lifestyles/,STO,story,post,200,card_teaser;carousel_rails;cover_box;downloads;hero;promo_banner;siteorigin_body;tags,cover_box_dark;teaser_media;teaser_overlay;teaser_toolbar,,
https://www.skoda-storyboard.com/en/lifestyle/ride2unite-a-unique-project-bringing-together-fans-and-pro-cyclists/,STO,story,post,200,card_teaser;cover_box;downloads;hero;promo_banner;siteorigin_body;tags,cover_box_dark;teaser_media;teaser_overlay;teaser_toolbar,,
https://www.skoda-storyboard.com/en/skoda-world/innovation-and-technology/how-do-electric-cars-protect-pedestrians-listen-to-it/,STO,story,post,200,card_teaser;cover_box;downloads;hero;promo_banner;siteorigin_body;tags,cover_box_dark;teaser_media;teaser_overlay;teaser_toolbar,,
https://www.skoda-storyboard.com/en/skoda-world/innovation-and-technology/use-of-recycled-materials-in-skoda-cars-no-plastic-waste-at-all/,STO,story,post,200,card_teaser;carousel_rails;cover_box;hero;promo_banner;siteorigin_body;tags,cover_box_dark;teaser_media;teaser_overlay;teaser_toolbar,,
https://www.skoda-storyboard.com/en/skoda-world/heavy-traffic-safely-and-stress-free/,STO,story,post,200,card_teaser;carousel_rails;cover_box;downloads;hero;promo_banner;siteorigin_body;tags,cover_box_dark;teaser_media;teaser_overlay;teaser_toolbar,,
https://www.skoda-storyboard.com/en/skoda-world/innovation-and-technology/the-secrets-of-camouflage/,STO,story,post,200,card_teaser;carousel_rails;cover_box;downloads;hero;promo_banner;siteorigin_body;tags,cover_box_dark;teaser_media;teaser_overlay;teaser_toolbar,,
https://www.skoda-storyboard.com/en/skoda-world/innovation-and-technology/8-biggest-myths-about-emobility/,STO,story,post,200,card_teaser;cover_box;downloads;hero;promo_banner;siteorigin_body;tags,cover_box_dark;teaser_media;teaser_overlay;teaser_toolbar,,
https://www.skoda-storyboard.com/en/skoda-world/shooting-an-suv-commercial-in-the-living-room/,STO,story,post,200,card_teaser;carousel_rails;cover_box;downloads;hero;promo_banner;siteorigin_body;tags,cover_box_dark;teaser_media;teaser_overlay;teaser_toolbar,,
https://www.skoda-storyboard.com/en/125-let-skode/125-years-of-skoda-from-motorcycles-to-victories-in-the-skoda-fabia-rally2-evo/,STO,story,post,200,card_teaser;carousel_rails;cover_box;downloads;hero;promo_banner;siteorigin_body;tags,cover_box_dark;teaser_media;teaser_overlay;teaser_toolbar,,
https://www.skoda-storyboard.com/en/skoda-world/innovation-and-technology/skoda-kamiq-scoutline-for-city-life-and-out-of-town-adventures/,STO,story,post,200,card_teaser;cover_box;downloads;hero;promo_banner;siteorigin_body;tags,cover_box_dark;teaser_media;teaser_overlay;teaser_toolbar,,
https://www.skoda-storyboard.com/en/lifestyle/sports/hockey/ice-hockey-quiz-now-with-all-games-cancelled-take-part-on-your-own-tournament/,STO,story,post,200,card_teaser;cover_box;downloads;hero;promo_banner;siteorigin_body;tags,cover_box_dark;teaser_media;teaser_overlay;teaser_toolbar,,
https://www.skoda-storyboard.com/en/skoda-world/innovation-and-technology/a-glimpse-of-the-skoda-enyaq-iv-rear-wheel-drive-five-levels-of-performance/,STO,story,post,200,card_teaser;cover_box;downloads;hero;promo_banner;siteorigin_body;tags,cover_box_dark;teaser_media;teaser_overlay;teaser_toolbar,youtube,
https://www.skoda-storyboard.com/en/skoda-world/back-on-the-road-heres-what-to-keep-in-mind/,STO,story,post,200,card_teaser;carousel_rails;cover_box;downloads;hero;promo_banner;siteorigin_body;tags,cover_box_dark;teaser_media;teaser_overlay;teaser_toolbar,,
https://www.skoda-storyboard.com/en/lifestyle/wellness-for-your-car/,STO,story,post,200,card_teaser;carousel_rails;cover_box;downloads;hero;promo_banner;siteorigin_body;tags,cover_box_dark;teaser_media;teaser_overlay;teaser_toolbar,youtube,
https://www.skoda-storyboard.com/en/skoda-world/innovation-and-technology/strube-combustion-engines-are-not-outdated/,STO,story,post,200,card_teaser;carousel_rails;cover_box;downloads;hero;promo_banner;siteorigin_body;tags,cover_box_dark;teaser_media;teaser_overlay;teaser_toolbar,,
https://www.skoda-storyboard.com/en/skoda-world/innovation-and-technology/chief-designer-reveals-the-magic-of-the-new-generation-skoda-octavia/,STO,story,post,200,card_teaser;carousel_rails;cover_box;downloads;hero;promo_banner;siteorigin_body;tags,cover_box_dark;teaser_media;teaser_overlay;teaser_toolbar,,
https://www.skoda-storyboard.com/en/lifestyle/fans-take-on-rally-drivers-in-the-skoda-motorsport-echallenge/,STO,story,post,200,card_teaser;carousel_rails;cover_box;downloads;hero;promo_banner;siteorigin_body;tags,cover_box_dark;teaser_media;teaser_overlay;teaser_toolbar,,
https://www.skoda-storyboard.com/en/skoda-world/the-all-new-skoda-octavia-will-get-you-in-60-seconds/,STO,story,post,200,card_teaser;carousel_rails;cover_box;downloads;hero;promo_banner;siteorigin_body;tags,cover_box_dark;teaser_media;teaser_overlay;teaser_toolbar,,
https://www.skoda-storyboard.com/en/125-let-skode/quiz-test-your-knowledge-of-skoda-history/,STO,story,post,200,card_teaser;carousel_rails;cover_box;downloads;hero;promo_banner;siteorigin_body;tags,cover_box_dark;teaser_media;teaser_overlay;teaser_toolbar,,
https://www.skoda-storyboard.com/en/skoda-world/innovation-and-technology/electricity-stored-in-a-flywheel/,STO,story,post,200,card_teaser;carousel_rails;cover_box;downloads;hero;promo_banner;siteorigin_body;tags,cover_box_dark;teaser_media;teaser_overlay;teaser_toolbar,,
https://www.skoda-storyboard.com/en/skoda-world/how-to-keep-having-fun-when-its-better-to-stay-at-home/,STO,story,post,200,card_teaser;carousel_rails;cover_box;downloads;hero;promo_banner;siteorigin_body;tags,cover_box_dark;teaser_media;teaser_overlay;teaser_toolbar,,
https://www.skoda-storyboard.com/en/corporate-life/maier-there-will-be-a-time-after-coronavirus/,STO,story,post,200,card_teaser;carousel_rails;cover_box;downloads;hero;promo_banner;siteorigin_body;tags,cover_box_dark;teaser_media;teaser_overlay;teaser_toolbar,,
https://www.skoda-storyboard.com/en/skoda-world/innovation-and-technology/sustainable-mobility-is-a-joint-project/,STO,story,post,200,card_teaser;carousel_rails;cover_box;downloads;hero;promo_banner;siteorigin_body;tags,cover_box_dark;teaser_media;teaser_overlay;teaser_toolbar,,
https://www.skoda-storyboard.com/en/skoda-world/responsibility/printing-respirators-instead-of-secret-prototypes-skoda-helps/,STO,story,post,200,card_teaser;carousel_rails;cover_box;hero;promo_banner;siteorigin_body;tags,cover_box_dark;teaser_media;teaser_overlay;teaser_toolbar,,
https://www.skoda-storyboard.com/en/lifestyle/i-carry-the-family-torch-we-have-always-had-a-skoda-vehicle/,STO,story,post,200,card_teaser;carousel_rails;cover_box;downloads;hero;promo_banner;siteorigin_body;tags,cover_box_dark;teaser_media;teaser_overlay;teaser_toolbar,,
https://www.skoda-storyboard.com/en/skoda-world/responsibility/how-to-have-fun-when-its-better-to-stay-at-home/,STO,story,post,200,card_teaser;carousel_rails;cover_box;downloads;hero;promo_banner;siteorigin_body;tags,cover_box_dark;teaser_media;teaser_overlay;teaser_toolbar,,
https://www.skoda-storyboard.com/en/lifestyle/people/student-dream-car-a-career-springboard/,STO,story,post,200,card_teaser;cover_box;downloads;hero;promo_banner;siteorigin_body;tags,cover_box_dark;teaser_media;teaser_overlay;teaser_toolbar,,
https://www.skoda-storyboard.com/en/lifestyle/how-to-stay-safe-when-travelling-by-car-during-the-coronavirus-pandemic/,STO,story,post,200,card_teaser;carousel_rails;cover_box;downloads;hero;promo_banner;siteorigin_body;tags,cover_box_dark;teaser_media;teaser_overlay;teaser_toolbar,,
https://www.skoda-storyboard.com/en/125-let-skode/125-years-of-skoda-hall-of-fame/,STO,story,post,200,card_teaser;carousel_rails;cover_box;downloads;hero;promo_banner;siteorigin_body;tags,cover_box_dark;teaser_media;teaser_overlay;teaser_toolbar,,
https://www.skoda-storyboard.com/en/skoda-world/number-of-the-month-93/,STO,story,post,200,card_teaser;carousel_rails;cover_box;downloads;hero;promo_banner;siteorigin_body;tags,cover_box_dark;teaser_media;teaser_overlay;teaser_toolbar,vimeo,
https://www.skoda-storyboard.com/en/skoda-world/design/the-first-octavia-remains-rather-fetching-says-its-designer/,STO,story,post,200,card_teaser;carousel_rails;cover_box;downloads;hero;promo_banner;siteorigin_body;tags,cover_box_dark;teaser_media;teaser_overlay;teaser_toolbar,,
https://www.skoda-storyboard.com/en/models/octavia/sporty-but-ecological-the-skoda-octavia-rs-iv-is-unveiled/,STO,story,post,200,card_teaser;carousel_rails;cover_box;downloads;hero;promo_banner;siteorigin_body;tags,cover_box_dark;teaser_media;teaser_overlay;teaser_toolbar,,
https://www.skoda-storyboard.com/en/lifestyle/a-journey-that-will-not-burden-the-future/,STO,story,post,200,card_teaser;carousel_rails;cover_box;downloads;hero;promo_banner;siteorigin_body;tags,cover_box_dark;teaser_media;teaser_overlay;teaser_toolbar,,
https://www.skoda-storyboard.com/en/125-let-skode/125-years-of-skoda-fundamental-changes/,STO,story,post,200,card_teaser;carousel_rails;cover_box;hero;promo_banner;siteorigin_body;tags,cover_box_dark;teaser_media;teaser_overlay;teaser_toolbar,,
https://www.skoda-storyboard.com/en/models/octavia/number-of-the-month-7000000/,STO,story,post,200,card_teaser;carousel_rails;cover_box;downloads;hero;promo_banner;siteorigin_body;tags,cover_box_dark;teaser_media;teaser_overlay;teaser_toolbar,vimeo,
https://www.skoda-storyboard.com/en/lifestyle/set-off-to-the-south-with-kitesurfers-in-skoda-citigo%e1%b5%89-iv/,STO,story,post,200,card_teaser;carousel_rails;cover_box;downloads;hero;promo_banner;siteorigin_body;tags,cover_box_dark;teaser_media;teaser_overlay;teaser_toolbar,,
https://www.skoda-storyboard.com/en/skoda-world/enyaq-expresses-both-power-and-efficiency-whats-the-story-behind-the-new-suvs-name/,STO,story,post,200,card_teaser;carousel_rails;cover_box;downloads;hero;promo_banner;siteorigin_body;tags,cover_box_dark;teaser_media;teaser_overlay;teaser_toolbar,,
https://www.skoda-storyboard.com/en/lifestyle/people/martina-sablikova-i-turn-the-warm-ventilation-on-my-feet/,STO,story,post,200,card_teaser;carousel_rails;cover_box;downloads;hero;promo_banner;siteorigin_body;tags,cover_box_dark;teaser_media;teaser_overlay;teaser_toolbar,,
https://www.skoda-storyboard.com/en/lifestyle/motorsport/360-video-winter-battle-of-champions-with-fabia-rally2-evo/,STO,story,post,200,card_teaser;carousel_rails;cover_box;downloads;hero;promo_banner;siteorigin_body;tags,cover_box_dark;teaser_media;teaser_overlay;teaser_toolbar,youtube,
https://www.skoda-storyboard.com/en/skoda-world/skoda-vision-in-introduced/,STO,story,post,200,card_teaser;cover_box;downloads;hero;promo_banner;siteorigin_body,cover_box_dark;teaser_media;teaser_overlay;teaser_toolbar,,
https://www.skoda-storyboard.com/en/skoda-world/dangerous-microsleep-useful-tips-how-to-stay-alert/,STO,story,post,200,card_teaser;carousel_rails;cover_box;downloads;hero;promo_banner;siteorigin_body;tags,cover_box_dark;teaser_media;teaser_overlay;teaser_toolbar,youtube,
https://www.skoda-storyboard.com/en/skoda-world/innovation-and-technology/technology/top-e-questions-and-e-answers/,STO,story,post,200,card_teaser;carousel_rails;cover_box;downloads;hero;promo_banner;siteorigin_body;tags,cover_box_dark;teaser_media;teaser_overlay;teaser_toolbar,,
https://www.skoda-storyboard.com/en/lifestyle/motorsport/faithful-friends-of-an-experienced-rally-driver/,STO,story,post,200,card_teaser;carousel_rails;cover_box;downloads;hero;promo_banner;siteorigin_body;tags,cover_box_dark;teaser_media;teaser_overlay;teaser_toolbar,,
https://www.skoda-storyboard.com/en/125-let-skode/125-years-of-skoda-iconic-cars/,STO,story,post,200,card_teaser;hero;promo_banner;siteorigin_body;tags,teaser_media;teaser_overlay;teaser_toolbar,,
https://www.skoda-storyboard.com/en/skoda-world/design/how-wheels-are-born/,STO,story,post,200,card_teaser;carousel_rails;cover_box;hero;promo_banner;siteorigin_body;tags,cover_box_dark;teaser_media;teaser_overlay;teaser_toolbar,,
https://www.skoda-storyboard.com/en/skoda-world/innovation-and-technology/technology/number-of-the-month-5-3/,STO,story,post,200,card_teaser;carousel_rails;cover_box;downloads;hero;promo_banner;siteorigin_body;tags,cover_box_dark;teaser_media;teaser_overlay;teaser_toolbar,,
https://www.skoda-storyboard.com/en/skoda-world/treasures-from-the-garage-top-5-skoda-veterans/,STO,story,post,200,card_teaser;carousel_rails;cover_box;downloads;hero;promo_banner;siteorigin_body;tags,cover_box_dark;teaser_media;teaser_overlay;teaser_toolbar,,
https://www.skoda-storyboard.com/en/skoda-world/innovation-and-technology/technology/the-secret-of-heating-the-warm-hug-of-a-car/,STO,story,post,200,card_teaser;carousel_rails;cover_box;downloads;hero;promo_banner;siteorigin_body;tags,cover_box_dark;teaser_media;teaser_overlay;teaser_toolbar,youtube,
https://www.skoda-storyboard.com/en/skoda-world/design/home-comforts-in-your-car/,STO,story,post,200,card_teaser;carousel_rails;cover_box;downloads;hero;promo_banner;siteorigin_body;tags,cover_box_dark;teaser_media;teaser_overlay;teaser_toolbar,,
https://www.skoda-storyboard.com/en/skoda-world/a-wild-fun-ride-through-2019/,STO,story,post,200,card_teaser;carousel_rails;cover_box;downloads;hero;promo_banner;siteorigin_body;tags,cover_box_dark;teaser_media;teaser_overlay;teaser_toolbar,vimeo;youtube,
https://www.skoda-storyboard.com/en/125-let-skode/number-of-the-month-125/,STO,story,post,200,card_teaser;cover_box;downloads;hero;promo_banner;siteorigin_body;tags,cover_box_dark;teaser_media;teaser_overlay;teaser_toolbar,,
https://www.skoda-storyboard.com/en/skoda-world/innovation-and-technology/2019-the-year-that-kick-started-the-future/,STO,story,post,200,card_teaser;carousel_rails;cover_box;hero;promo_banner;siteorigin_body;tags,cover_box_dark;teaser_media;teaser_overlay;teaser_toolbar,youtube,
https://www.skoda-storyboard.com/en/models/fabia/how-to-fly-a-rally-car/,STO,story,post,200,card_teaser;carousel_rails;cover_box;downloads;hero;promo_banner;siteorigin_body;tags,cover_box_dark;teaser_media;teaser_overlay;teaser_toolbar,youtube,
https://www.skoda-storyboard.com/en/lifestyle/chasing-the-best-drone-shot-ever/,STO,story,post,200,card_teaser;carousel_rails;cover_box;gallery_lightbox;hero;promo_banner;siteorigin_body;tags,cover_box_dark;teaser_media;teaser_overlay;teaser_toolbar,,
https://www.skoda-storyboard.com/en/concepts/the-skoda-joyster-lemon-joy/,STO,story,post,200,card_teaser;cover_box;downloads;gallery_lightbox;hero;promo_banner;siteorigin_body;tags,cover_box_dark;teaser_media;teaser_overlay;teaser_toolbar,,
https://www.skoda-storyboard.com/en/models/highlights-from-the-world-of-number-plates/,STO,story,post,200,card_teaser;carousel_rails;cover_box;downloads;hero;promo_banner;siteorigin_body;tags,cover_box_dark;teaser_media;teaser_overlay;teaser_toolbar,,
https://www.skoda-storyboard.com/en/skoda-world/innovation-and-technology/quiz-are-you-ready-for-the-cars-of-the-future/,STO,story,post,200,card_teaser;carousel_rails;cover_box;downloads;hero;promo_banner;siteorigin_body;tags,cover_box_dark;teaser_media;teaser_overlay;teaser_toolbar,,
https://www.skoda-storyboard.com/en/lifestyle/motorsport/skoda-motorsport-and-its-devotion-to-victory/,STO,story,post,200,card_teaser;carousel_rails;cover_box;downloads;hero;promo_banner;siteorigin_body,cover_box_dark;teaser_media;teaser_overlay;teaser_toolbar,youtube,
https://www.skoda-storyboard.com/en/skoda-world/a-secret-department-shaping-the-future/,STO,story,post,200,card_teaser;carousel_rails;cover_box;hero;promo_banner;siteorigin_body;tags,cover_box_dark;teaser_media;teaser_overlay;teaser_toolbar,youtube,
https://www.skoda-storyboard.com/en/skoda-world/design/number-of-the-month-373/,STO,story,post,200,card_teaser;carousel_rails;cover_box;downloads;gallery_lightbox;hero;promo_banner;siteorigin_body,cover_box_dark;teaser_media;teaser_overlay;teaser_toolbar,,
https://www.skoda-storyboard.com/en/emobility/electrically-on-land-on-water-and-in-the-air/,STO,story,post,200,card_teaser;carousel_rails;cover_box;hero;promo_banner;siteorigin_body;tags,cover_box_dark;teaser_media;teaser_overlay;teaser_toolbar,,
https://www.skoda-storyboard.com/en/skoda-world/four-in-one-how-to-pack-a-car-for-overseas-travel/,STO,story,post,200,card_teaser;carousel_rails;cover_box;downloads;hero;promo_banner;siteorigin_body;tags,cover_box_dark;teaser_media;teaser_overlay;teaser_toolbar,,
https://www.skoda-storyboard.com/en/models/deciphering-number-plates-switzerland/,STO,story,post,200,card_teaser;carousel_rails;cover_box;downloads;hero;promo_banner;siteorigin_body;tags,cover_box_dark;teaser_media;teaser_overlay;teaser_toolbar,,
https://www.skoda-storyboard.com/en/models/octavia/the-all-new-skoda-octavia-through-the-eyes-of-its-chief-designer/,STO,story,post,200,card_teaser;carousel_rails;cover_box;downloads;hero;promo_banner;siteorigin_body;tags,cover_box_dark;teaser_media;teaser_overlay;teaser_toolbar,,
https://www.skoda-storyboard.com/en/models/octavia/new-octavia-ive-been-driving-it-for-a-year-and-a-half/,STO,story,post,200,card_teaser;carousel_rails;cover_box;downloads;hero;promo_banner;siteorigin_body;tags,cover_box_dark;teaser_media;teaser_overlay;teaser_toolbar,,
https://www.skoda-storyboard.com/en/models/octavia/my-octavia-scout-is-as-adventurous-as-i-am/,STO,story,post,200,card_teaser;carousel_rails;cover_box;downloads;gallery_lightbox;hero;promo_banner;siteorigin_body;tags,cover_box_dark;teaser_media;teaser_overlay;teaser_toolbar,,
https://www.skoda-storyboard.com/en/models/octavia/our-octavia-went-through-the-biggest-moments-of-our-lives-with-us/,STO,story,post,200,card_teaser;carousel_rails;cover_box;downloads;hero;promo_banner;siteorigin_body;tags,cover_box_dark;teaser_media;teaser_overlay;teaser_toolbar,,
https://www.skoda-storyboard.com/en/models/where-other-cars-fail-the-octavia-wrc-keeps-going/,STO,story,post,200,card_teaser;carousel_rails;cover_box;downloads;hero;promo_banner;siteorigin_body;tags,cover_box_dark;teaser_media;teaser_overlay;teaser_toolbar,,
https://www.skoda-storyboard.com/en/classic-cars/the-first-octavia-took-a-family-to-the-sea/,STO,story,post,200,card_teaser;carousel_rails;cover_box;downloads;gallery_lightbox;hero;promo_banner;siteorigin_body;tags,cover_box_dark;teaser_media;teaser_overlay;teaser_toolbar,,
https://www.skoda-storyboard.com/en/models/octavia/the-all-new-skoda-octavia-has-arrived/,STO,story,post,200,card_teaser;carousel_rails;cover_box;downloads;gallery_lightbox;hero;promo_banner;siteorigin_body;tags,cover_box_dark;teaser_media;teaser_overlay;teaser_toolbar,,
https://www.skoda-storyboard.com/en/models/octavia/the-all-new-skoda-octavia-and-its-travels-through-time/,STO,story,post,200,card_teaser;carousel_rails;cover_box;downloads;hero;promo_banner;siteorigin_body;tags,cover_box_dark;teaser_media;teaser_overlay;teaser_toolbar,,
https://www.skoda-storyboard.com/en/models/octavia/the-all-new-skoda-octavia-take-a-look-inside/,STO,story,post,200,card_teaser;carousel_rails;cover_box;downloads;hero;promo_banner;siteorigin_body;tags,cover_box_dark;teaser_media;teaser_overlay;teaser_toolbar,,
https://www.skoda-storyboard.com/en/models/octavia/sneaking-a-peek-of-the-all-new-skoda-octavia/,STO,story,post,200,card_teaser;carousel_rails;cover_box;downloads;hero;promo_banner;siteorigin_body;tags,cover_box_dark;teaser_media;teaser_overlay;teaser_toolbar,youtube,
https://www.skoda-storyboard.com/en/skoda-world/innovation-and-technology/technology/from-calculator-to-supercomputer/,STO,story,post,200,card_teaser;carousel_rails;cover_box;downloads;gallery_lightbox;hero;promo_banner;siteorigin_body;tags,cover_box_dark;teaser_media;teaser_overlay;teaser_toolbar,,
https://www.skoda-storyboard.com/en/lifestyle/sports/picture-gallery-relive-the-2019-championship-rally-season/,STO,story,post,200,card_teaser;carousel_rails;cover_box;downloads;hero;promo_banner;siteorigin_body;tags,cover_box_dark;teaser_media;teaser_overlay;teaser_toolbar,,
https://www.skoda-storyboard.com/en/models/octavia/the-all-new-skoda-octavia-is-an-inspiration-for-artists/,STO,story,post,200,card_teaser;carousel_rails;cover_box;downloads;gallery_lightbox;hero;promo_banner;siteorigin_body;tags,cover_box_dark;teaser_media;teaser_overlay;teaser_toolbar,,
https://www.skoda-storyboard.com/en/skoda-world/innovation-and-technology/why-be-convoluted-when-it-can-be-simply-clever/,STO,story,post,200,card_teaser;carousel_rails;cover_box;downloads;hero;promo_banner;siteorigin_body;tags,cover_box_dark;teaser_media;teaser_overlay;teaser_toolbar,,
https://www.skoda-storyboard.com/en/models/number-of-the-month-1401500/,STO,story,post,200,card_teaser;carousel_rails;cover_box;downloads;gallery_lightbox;hero;promo_banner;siteorigin_body;tags,cover_box_dark;teaser_media;teaser_overlay;teaser_toolbar,,
https://www.skoda-storyboard.com/en/models/skoda-lifts-the-veil-on-the-all-new-octavia/,STO,story,post,200,card_teaser;carousel_rails;cover_box;downloads;hero;promo_banner;siteorigin_body;tags,cover_box_dark;teaser_media;teaser_overlay;teaser_toolbar,vimeo,
https://www.skoda-storyboard.com/en/emobility/skodas-electrified-cars-what-will-they-offer-customers/,STO,story,post,200,card_teaser;carousel_rails;cover_box;hero;promo_banner;siteorigin_body;tags,cover_box_dark;teaser_media;teaser_overlay;teaser_toolbar,,
https://www.skoda-storyboard.com/en/models/india-from-a-nation-of-mopeds-to-a-nation-of-cars/,STO,story,post,200,card_teaser;cover_box;downloads;hero;promo_banner;siteorigin_body;tags,cover_box_dark;teaser_media;teaser_overlay;teaser_toolbar,,
https://www.skoda-storyboard.com/en/models/deciphering-number-plates-poland/,STO,story,post,200,card_teaser;carousel_rails;cover_box;downloads;hero;promo_banner;siteorigin_body;tags,cover_box_dark;teaser_media;teaser_overlay;teaser_toolbar,,
https://www.skoda-storyboard.com/en/lifestyle/cooking-in-the-wild-with-skoda-and-almazan-kitchen-cottage/,STO,story,post,200,card_teaser;carousel_rails;cover_box;gallery_lightbox;hero;promo_banner;siteorigin_body;tags,cover_box_dark;teaser_media;teaser_overlay;teaser_toolbar,,
https://www.skoda-storyboard.com/en/models/a-unique-look-at-how-skoda-model-cars-are-made/,STO,story,post,200,card_teaser;carousel_rails;cover_box;gallery_lightbox;hero;promo_banner;siteorigin_body;tags,cover_box_dark;teaser_media;teaser_overlay;teaser_toolbar,,
https://www.skoda-storyboard.com/en/lifestyle/cooking-in-the-wild-with-skoda-and-almazan-kitchen-lake/,STO,story,post,200,card_teaser;gallery_lightbox;hero;promo_banner;siteorigin_body,teaser_media;teaser_overlay;teaser_toolbar,,
https://www.skoda-storyboard.com/en/skoda-world/innovation-and-technology/okay-laura-lets-talk/,STO,story,post,200,card_teaser;cover_box;downloads;hero;promo_banner;siteorigin_body;tags,cover_box_dark;teaser_media;teaser_overlay;teaser_toolbar,,
https://www.skoda-storyboard.com/en/models/deciphering-number-plates-spain/,STO,story,post,200,card_teaser;carousel_rails;cover_box;downloads;hero;promo_banner;siteorigin_body;tags,cover_box_dark;teaser_media;teaser_overlay;teaser_toolbar,,
https://www.skoda-storyboard.com/en/lifestyle/cooking-in-the-wild-with-skoda-and-almazan-kitchen-forest/,STO,story,post,200,card_teaser;carousel_rails;cover_box;gallery_lightbox;hero;promo_banner;siteorigin_body;tags,cover_box_dark;teaser_media;teaser_overlay;teaser_toolbar,,
https://www.skoda-storyboard.com/en/emobility/learning-how-to-breathe-life-into-a-hybrid-car/,STO,story,post,200,card_teaser;cover_box;downloads;hero;promo_banner;siteorigin_body;tags,cover_box_dark;teaser_media;teaser_overlay;teaser_toolbar,,
https://www.skoda-storyboard.com/en/classic-cars/number-of-the-month-132/,STO,story,post,200,card_teaser;carousel_rails;cover_box;downloads;gallery_lightbox;hero;promo_banner;siteorigin_body;tags,cover_box_dark;teaser_media;teaser_overlay;teaser_toolbar,,
https://www.skoda-storyboard.com/en/models/skoda-at-the-2019-frankfurt-motor-show/,STO,story,post,200,card_teaser;carousel_rails;cover_box;downloads;hero;promo_banner;siteorigin_body;tags,cover_box_dark;teaser_media;teaser_overlay;teaser_toolbar,,
https://www.skoda-storyboard.com/en/models/the-iv-and-g-tec-green-alternatives/,STO,story,post,200,card_teaser;cover_box;downloads;hero;promo_banner;siteorigin_body;tags,cover_box_dark;teaser_media;teaser_overlay;teaser_toolbar,youtube,
https://www.skoda-storyboard.com/en/models/take-a-look-at-skodas-electric-future/,STO,story,post,200,card_teaser;cover_box;downloads;hero;promo_banner;siteorigin_body;tags,cover_box_dark;teaser_media;teaser_overlay;teaser_toolbar,,
https://www.skoda-storyboard.com/en/models/the-scala-and-the-kamiq-put-on-the-monte-carlo-coat/,STO,story,post,200,card_teaser;cover_box;downloads;hero;promo_banner;siteorigin_body;tags,cover_box_dark;teaser_media;teaser_overlay;teaser_toolbar,,
https://www.skoda-storyboard.com/en/models/kamiq/the-skoda-kamiq-meets-the-press/,STO,story,post,200,card_teaser;carousel_rails;cover_box;downloads;gallery_lightbox;hero;promo_banner;siteorigin_body;tags,cover_box_dark;teaser_media;teaser_overlay;teaser_toolbar,,
https://www.skoda-storyboard.com/en/skoda-world/a-train-is-arriving-at-platform-one/,STO,story,post,200,card_teaser;carousel_rails;cover_box;hero;promo_banner;siteorigin_body;tags,cover_box_dark;teaser_media;teaser_overlay;teaser_toolbar,,
https://www.skoda-storyboard.com/en/skoda-world/design/a-snowman-in-two-colours/,STO,story,post,200,card_teaser;cover_box;downloads;gallery_lightbox;hero;promo_banner;siteorigin_body;tags,cover_box_dark;teaser_media;teaser_overlay;teaser_toolbar,,
https://www.skoda-storyboard.com/en/skoda-world/innovation-and-technology/electricity-cng-or-perhaps-hydrogen-judge-for-yourselves/,STO,story,post,200,hero;promo_banner;siteorigin_body;tags,teaser_overlay,,
https://www.skoda-storyboard.com/en/skoda-world/innovation-and-technology/step-by-step-through-skodas-state-of-the-art-paint-shop/,STO,story,post,200,card_teaser;carousel_rails;cover_box;downloads;hero;promo_banner;siteorigin_body;tags,cover_box_dark;teaser_media;teaser_overlay;teaser_toolbar,youtube,
https://www.skoda-storyboard.com/en/models/kamiq/the-skoda-kamiq-your-travel-buddy-for-urban-adventuring/,STO,story,post,200,card_teaser;cover_box;downloads;hero;promo_banner;siteorigin_body;tags,cover_box_dark;teaser_media;teaser_overlay;teaser_toolbar,,
https://www.skoda-storyboard.com/en/emobility/number-of-the-month-13000/,STO,story,post,200,card_teaser;carousel_rails;cover_box;downloads;hero;promo_banner;siteorigin_body;tags,cover_box_dark;teaser_media;teaser_overlay;teaser_toolbar,,
https://www.skoda-storyboard.com/en/lifestyle/sports/buying-a-rally-car-in-7-steps/,STO,story,post,200,card_teaser;carousel_rails;cover_box;downloads;gallery_lightbox;hero;promo_banner;siteorigin_body;tags,cover_box_dark;teaser_media;teaser_overlay;teaser_toolbar,,
https://www.skoda-storyboard.com/en/models/deciphering-number-plates-france/,STO,story,post,200,card_teaser;carousel_rails;cover_box;downloads;hero;promo_banner;siteorigin_body;tags,cover_box_dark;teaser_media;teaser_overlay;teaser_toolbar,,
https://www.skoda-storyboard.com/en/corporate-life/a-peek-behind-the-curtains-how-emissions-are-measured/,STO,story,post,200,card_teaser;cover_box;downloads;hero;promo_banner;siteorigin_body;tags,cover_box_dark;teaser_media;teaser_overlay;teaser_toolbar,,
https://www.skoda-storyboard.com/en/skoda-world/innovation-and-technology/new-ways-to-get-electricity/,STO,story,post,200,card_teaser;carousel_rails;cover_box;downloads;hero;promo_banner;siteorigin_body;tags,cover_box_dark;teaser_media;teaser_overlay;teaser_toolbar,,
https://www.skoda-storyboard.com/en/lifestyle/sports/slavia-on-the-letape-iron-will-and-an-unplanned-marathon/,STO,story,post,200,card_teaser;carousel_rails;cover_box;downloads;hero;promo_banner;siteorigin_body;tags,cover_box_dark;teaser_media;teaser_overlay;teaser_toolbar,,
https://www.skoda-storyboard.com/en/skoda-world/innovation-and-technology/250-year-quest-for-the-ideal-drive/,STO,story,post,200,card_teaser;cover_box;downloads;hero;promo_banner;siteorigin_body;tags,cover_box_dark;teaser_media;teaser_overlay;teaser_toolbar,,
https://www.skoda-storyboard.com/en/skoda-world/innovation-and-technology/90-years-on-the-production-line/,STO,story,post,200,card_teaser;carousel_rails;cover_box;downloads;hero;promo_banner;siteorigin_body;tags,cover_box_dark;teaser_media;teaser_overlay;teaser_toolbar,,
https://www.skoda-storyboard.com/en/lifestyle/sports/number-of-the-month-5-2/,STO,story,post,200,card_teaser;carousel_rails;cover_box;downloads;hero;promo_banner;siteorigin_body;tags,cover_box_dark;teaser_media;teaser_overlay;teaser_toolbar,vimeo,
https://www.skoda-storyboard.com/en/skoda-world/design/the-designer-light-breathes-life-into-glass-we-breathe-life-into-lights/,STO,story,post,200,card_teaser;carousel_rails;cover_box;downloads;hero;promo_banner;siteorigin_body;tags,cover_box_dark;teaser_media;teaser_overlay;teaser_toolbar,,
https://www.skoda-storyboard.com/en/lifestyle/sports/slavia-versus-festka-scalatore-120-years-of-cycling-evolution/,STO,story,post,200,card_teaser;carousel_rails;cover_box;downloads;hero;promo_banner;siteorigin_body;tags,cover_box_dark;teaser_media;teaser_overlay;teaser_toolbar,,
https://www.skoda-storyboard.com/en/models/superb/new-skoda-superb-and-the-best-city-in-the-world/,STO,story,post,200,card_teaser;carousel_rails;cover_box;downloads;gallery_lightbox;hero;promo_banner;siteorigin_body;tags,cover_box_dark;teaser_media;teaser_overlay;teaser_toolbar,,
https://www.skoda-storyboard.com/en/models/deciphering-number-plates-italy/,STO,story,post,200,card_teaser;carousel_rails;cover_box;downloads;hero;promo_banner;siteorigin_body;tags,cover_box_dark;teaser_media;teaser_overlay;teaser_toolbar,,
https://www.skoda-storyboard.com/en/skoda-world/innovation-and-technology/technology/manual-or-automatic-keep-an-open-mind/,STO,story,post,200,card_teaser;cover_box;downloads;hero;promo_banner;siteorigin_body;tags,cover_box_dark;teaser_media;teaser_overlay;teaser_toolbar,,
https://www.skoda-storyboard.com/en/lifestyle/sports/a-legend-embarks-on-the-route-of-a-tour-de-france-stage/,STO,story,post,200,card_teaser;carousel_rails;cover_box;downloads;gallery_lightbox;hero;promo_banner;siteorigin_body;tags,cover_box_dark;teaser_media;teaser_overlay;teaser_toolbar,,
https://www.skoda-storyboard.com/en/models/superb/when-lights-are-controlled-by-camera-and-gps/,STO,story,post,200,card_teaser;carousel_rails;cover_box;downloads;hero;promo_banner;siteorigin_body;tags,cover_box_dark;teaser_media;teaser_overlay;teaser_toolbar,vimeo,
https://www.skoda-storyboard.com/en/skoda-world/innovation-and-technology/technology/10-tips-on-how-to-use-air-conditioning-properly/,STO,story,post,200,card_teaser;cover_box;downloads;hero;promo_banner;siteorigin_body,cover_box_dark;teaser_media;teaser_overlay;teaser_toolbar,,
https://www.skoda-storyboard.com/en/models/deciphering-number-plates-china/,STO,story,post,200,card_teaser;carousel_rails;cover_box;downloads;hero;promo_banner;siteorigin_body;tags,cover_box_dark;teaser_media;teaser_overlay;teaser_toolbar,,
https://www.skoda-storyboard.com/en/skoda-world/number-of-the-month-48/,STO,story,post,200,card_teaser;carousel_rails;cover_box;downloads;hero;promo_banner;siteorigin_body;tags,cover_box_dark;teaser_media;teaser_overlay;teaser_toolbar,,
https://www.skoda-storyboard.com/en/lifestyle/people/driving-through-a-beautiful-landscape-is-inspiring/,STO,story,post,200,card_teaser;carousel_rails;cover_box;downloads;hero;promo_banner;siteorigin_body;tags,cover_box_dark;teaser_media;teaser_overlay;teaser_toolbar,,
https://www.skoda-storyboard.com/en/lifestyle/sports/5-tips-for-cyclists-and-drivers-to-coexist-in-safety/,STO,story,post,200,card_teaser;cover_box;downloads;hero;promo_banner;siteorigin_body,cover_box_dark;teaser_media;teaser_overlay;teaser_toolbar,,
https://www.skoda-storyboard.com/en/skoda-world/innovation-and-technology/technology/air-conditioning-hot-facts-about-cooling/,STO,story,post,200,card_teaser;carousel_rails;cover_box;downloads;hero;promo_banner;siteorigin_body;tags,cover_box_dark;teaser_media;teaser_overlay;teaser_toolbar,,
https://www.skoda-storyboard.com/en/emobility/300-charging-points/,STO,story,post,200,card_teaser;carousel_rails;cover_box;downloads;hero;promo_banner;siteorigin_body;tags,cover_box_dark;teaser_media;teaser_overlay;teaser_toolbar,,
https://www.skoda-storyboard.com/en/concepts/meet-the-skoda-mountiaq-the-new-student-concept-car/,STO,story,post,200,card_teaser;cover_box;downloads;gallery_lightbox;hero;promo_banner;siteorigin_body;tags,cover_box_dark;teaser_media;teaser_overlay;teaser_toolbar,vimeo,
https://www.skoda-storyboard.com/en/lifestyle/sports/the-new-fabia-r5-evo-excels-in-portuguese-survival-course/,STO,story,post,200,card_teaser;cover_box;downloads;gallery_lightbox;hero;promo_banner;siteorigin_body;tags,cover_box_dark;teaser_media;teaser_overlay;teaser_toolbar,,
https://www.skoda-storyboard.com/en/lifestyle/sports/the-skoda-fabia-r5-evo-takes-its-world-rally-bow/,STO,story,post,200,card_teaser;carousel_rails;cover_box;downloads;gallery_lightbox;hero;promo_banner;siteorigin_body;tags,cover_box_dark;teaser_media;teaser_overlay;teaser_toolbar,youtube,
https://www.skoda-storyboard.com/en/corporate-life/skoda-fire-brigade-equipment-drone-robot-60-m-platform/,STO,story,post,200,card_teaser;carousel_rails;cover_box;downloads;hero;promo_banner;siteorigin_body;tags,cover_box_dark;teaser_media;teaser_overlay;teaser_toolbar,,
https://www.skoda-storyboard.com/en/concepts/how-students-make-their-dream-car/,STO,story,post,200,card_teaser;carousel_rails;cover_box;downloads;hero;promo_banner;siteorigin_body;tags,cover_box_dark;teaser_media;teaser_overlay;teaser_toolbar,,
https://www.skoda-storyboard.com/en/lifestyle/people/alain-favey-the-future-lies-in-offering-a-wide-range-of-electric-vehicles/,STO,story,post,200,card_teaser;cover_box;downloads;hero;promo_banner;siteorigin_body;tags,cover_box_dark;teaser_media;teaser_overlay;teaser_toolbar,,
https://www.skoda-storyboard.com/en/models/the-electrified-superb-iv-and-citigoe-iv-are-here/,STO,story,post,200,card_teaser;carousel_rails;cover_box;hero;promo_banner;siteorigin_body;tags,cover_box_dark;teaser_media;teaser_overlay;teaser_toolbar,youtube,
https://www.skoda-storyboard.com/en/models/superb/take-a-look-under-the-bonnet-of-the-superb-iv/,STO,story,post,200,card_teaser;cover_box;downloads;hero;promo_banner;siteorigin_body;tags,cover_box_dark;teaser_media;teaser_overlay;teaser_toolbar,youtube,
https://www.skoda-storyboard.com/en/models/citigo/the-skoda-citigo%e1%b5%89-iv-is-here-whats-hidden-inside/,STO,story,post,200,card_teaser;carousel_rails;cover_box;downloads;hero;promo_banner;siteorigin_body;tags,cover_box_dark;teaser_media;teaser_overlay;teaser_toolbar,youtube,
https://www.skoda-storyboard.com/en/lifestyle/sports/bratislava-graced-with-an-original-sculpture-made-of-ice-hockey-pucks/,STO,story,post,200,card_teaser;carousel_rails;cover_box;downloads;hero;promo_banner;siteorigin_body;tags,cover_box_dark;teaser_media;teaser_overlay;teaser_toolbar,,
https://www.skoda-storyboard.com/en/models/number-of-the-month-27/,STO,story,post,200,card_teaser;carousel_rails;cover_box;downloads;hero;promo_banner;siteorigin_body;tags,cover_box_dark;teaser_media;teaser_overlay;teaser_toolbar,,
https://www.skoda-storyboard.com/en/models/superb/revised-superb-introduces-full-led-matrix-headlights/,STO,story,post,200,card_teaser;carousel_rails;cover_box;downloads;hero;promo_banner;siteorigin_body;tags,cover_box_dark;teaser_media;teaser_overlay;teaser_toolbar,youtube,
https://www.skoda-storyboard.com/en/lifestyle/sports/nomads-on-bikes-conquer-the-sahara/,STO,story,post,200,card_teaser;carousel_rails;cover_box;downloads;gallery_lightbox;hero;promo_banner;siteorigin_body;tags,cover_box_dark;teaser_media;teaser_overlay;teaser_toolbar,,
https://www.skoda-storyboard.com/en/lifestyle/sports/will-it-fit-the-skoda-karoq-scout-versus-2000-pucks/,STO,story,post,200,card_teaser;cover_box;downloads;hero;promo_banner;siteorigin_body;tags,cover_box_dark;teaser_media;teaser_overlay;teaser_toolbar,youtube,
https://www.skoda-storyboard.com/en/models/superb/modernised-superb-reveals-its-lines/,STO,story,post,200,card_teaser;cover_box;downloads;hero;promo_banner;siteorigin_body;tags,cover_box_dark;teaser_media;teaser_overlay;teaser_toolbar,,
https://www.skoda-storyboard.com/en/models/deciphering-number-plates-russia/,STO,story,post,200,card_teaser;carousel_rails;cover_box;downloads;hero;promo_banner;siteorigin_body;tags,cover_box_dark;teaser_media;teaser_overlay;teaser_toolbar,,
https://www.skoda-storyboard.com/en/lifestyle/sports/dragon-boats-when-the-team-becomes-your-second-family/,STO,story,post,200,card_teaser;carousel_rails;cover_box;downloads;hero;promo_banner;siteorigin_body;tags,cover_box_dark;teaser_media;teaser_overlay;teaser_toolbar,,
https://www.skoda-storyboard.com/en/skoda-world/design/skoda-tudor-a-car-that-still-has-a-lot-to-offer/,STO,story,post,200,card_teaser;cover_box;downloads;hero;promo_banner;siteorigin_body;tags,cover_box_dark;teaser_media;teaser_overlay;teaser_toolbar,,
https://www.skoda-storyboard.com/en/skoda-world/innovation-and-technology/technology/your-old-winter-tyres-will-see-you-through-the-summer-and-other-dangerous-myths/,STO,story,post,200,card_teaser;carousel_rails;cover_box;downloads;hero;promo_banner;siteorigin_body;tags,cover_box_dark;teaser_media;teaser_overlay;teaser_toolbar,,
https://www.skoda-storyboard.com/en/skoda-world/innovation-and-technology/in-prague-the-whole-world-thought-up-future-travel/,STO,story,post,200,card_teaser;carousel_rails;cover_box;downloads;hero;promo_banner;siteorigin_body;tags,cover_box_dark;teaser_media;teaser_overlay;teaser_toolbar,,
https://www.skoda-storyboard.com/en/models/scala/number-of-the-month-40/,STO,story,post,200,card_teaser;cover_box;downloads;gallery_lightbox;hero;promo_banner;siteorigin_body;tags,cover_box_dark;teaser_media;teaser_overlay;teaser_toolbar,vimeo,
https://www.skoda-storyboard.com/en/models/deciphering-number-plates-germany/,STO,story,post,200,card_teaser;carousel_rails;cover_box;downloads;hero;promo_banner;siteorigin_body;tags,cover_box_dark;teaser_media;teaser_overlay;teaser_toolbar,,
https://www.skoda-storyboard.com/en/lifestyle/stay-on-the-safe-side/,STO,story,post,200,card_teaser;cover_box;downloads;hero;promo_banner;siteorigin_body;tags,cover_box_dark;teaser_media;teaser_overlay;teaser_toolbar,,
https://www.skoda-storyboard.com/en/emobility/purchase-subsidies-zero-rate-tax-and-toll-free-travel-how-to-incentivise-emobility/,STO,story,post,200,card_teaser;cover_box;downloads;hero;promo_banner;siteorigin_body;tags,cover_box_dark;teaser_media;teaser_overlay;teaser_toolbar,,
https://www.skoda-storyboard.com/en/skoda-world/heritage/engine-starting-systems-decades-of-transformation/,STO,story,post,200,card_teaser;carousel_rails;cover_box;downloads;hero;promo_banner;tags,cover_box_dark;teaser_media;teaser_overlay;teaser_toolbar,,
https://www.skoda-storyboard.com/en/skoda-world/innovation-and-technology/technology/tyres-black-rubber-magic/,STO,story,post,200,card_teaser;carousel_rails;cover_box;downloads;hero;promo_banner;siteorigin_body;tags,cover_box_dark;teaser_media;teaser_overlay;teaser_toolbar,,
https://www.skoda-storyboard.com/en/lifestyle/motorsport/adrenaline-in-the-service-park-the-mechanics-rally-experience/,STO,story,post,200,card_teaser;cover_box;downloads;hero;promo_banner;siteorigin_body;tags,cover_box_dark;teaser_media;teaser_overlay;teaser_toolbar,,
https://www.skoda-storyboard.com/en/models/student-car-grabs-attention-with-big-wheels-and-sharp-cut-edges/,STO,story,post,200,card_teaser;cover_box;downloads;hero;promo_banner;siteorigin_body;tags,cover_box_dark;teaser_media;teaser_overlay;teaser_toolbar,,
https://www.skoda-storyboard.com/en/emobility/types-of-electric-vehicles-do-you-know-them-all/,STO,story,post,200,card_teaser;carousel_rails;cover_box;hero;promo_banner;siteorigin_body;tags,cover_box_dark;teaser_media;teaser_overlay;teaser_toolbar,,
https://www.skoda-storyboard.com/en/skoda-world/skoda-annual-press-conference/,STO,story,post,200,card_teaser;cover_box;downloads;hero;promo_banner;siteorigin_body;tags,cover_box_dark;teaser_media;teaser_overlay;teaser_toolbar,,
https://www.skoda-storyboard.com/en/models/number-of-the-month-140/,STO,story,post,200,card_teaser;cover_box;downloads;hero;promo_banner;siteorigin_body;tags,cover_box_dark;teaser_media;teaser_overlay;teaser_toolbar,,
https://www.skoda-storyboard.com/en/models/kodiaq/ice-challenge-the-skoda-kodiaq-rs-and-the-arctic-circle/,STO,story,post,200,card_teaser;gallery_lightbox;hero;promo_banner;siteorigin_body;tags,teaser_media;teaser_overlay;teaser_toolbar,,
https://www.skoda-storyboard.com/en/models/quiz-test-your-knowledge-of-the-2019-geneva-motor-show/,STO,story,post,200,card_teaser;cover_box;downloads;hero;promo_banner;siteorigin_body;tags,cover_box_dark;teaser_media;teaser_overlay;teaser_toolbar,,
https://www.skoda-storyboard.com/en/models/deciphering-number-plates-india/,STO,story,post,200,card_teaser;carousel_rails;cover_box;downloads;hero;promo_banner;siteorigin_body;tags,cover_box_dark;teaser_media;teaser_overlay;teaser_toolbar,,
https://www.skoda-storyboard.com/en/skoda-world/explore-whats-new-at-skoda-in-geneva/,STO,story,post,200,card_teaser;carousel_rails;cover_box;downloads;hero;promo_banner;siteorigin_body;tags,cover_box_dark;teaser_media;teaser_overlay;teaser_toolbar,youtube,
https://www.skoda-storyboard.com/en/models/scala/meet-the-skoda-scala/,STO,story,post,200,card_teaser;carousel_rails;cover_box;hero;promo_banner;siteorigin_body;tags,cover_box_dark;teaser_media;teaser_overlay;teaser_toolbar,youtube,
https://www.skoda-storyboard.com/en/concepts/meet-the-skoda-vision-iv/,STO,story,post,200,card_teaser;carousel_rails;cover_box;downloads;hero;promo_banner;siteorigin_body;tags,cover_box_dark;teaser_media;teaser_overlay;teaser_toolbar,youtube,
https://www.skoda-storyboard.com/en/models/kamiq/meet-the-skoda-kamiq/,STO,story,post,200,card_teaser;carousel_rails;cover_box;downloads;hero;promo_banner;siteorigin_body;tags,cover_box_dark;teaser_media;teaser_overlay;teaser_toolbar,youtube,
https://www.skoda-storyboard.com/en/skoda-world/live-skoda-at-the-2019-geneva-motor-show/,STO,story,post,200,card_teaser;carousel_rails;cover_box;downloads;gallery_lightbox;hero;promo_banner;siteorigin_body;tags,cover_box_dark;teaser_media;teaser_overlay;teaser_toolbar,,
https://www.skoda-storyboard.com/en/concepts/the-klement-our-vision-of-future-urban-mobility/,STO,story,post,200,card_teaser;carousel_rails;cover_box;downloads;hero;promo_banner;siteorigin_body;tags,cover_box_dark;teaser_media;teaser_overlay;teaser_toolbar,,
https://www.skoda-storyboard.com/en/concepts/the-skoda-vision-iv-is-here/,STO,story,post,200,card_teaser;carousel_rails;cover_box;hero;promo_banner;siteorigin_body;tags,cover_box_dark;teaser_media;teaser_overlay;teaser_toolbar,,
https://www.skoda-storyboard.com/en/lifestyle/people/bernhard-maier-shaping-the-industrys-future/,STO,story,post,200,card_teaser;carousel_rails;cover_box;downloads;hero;promo_banner;siteorigin_body;tags,cover_box_dark;teaser_media;teaser_overlay;teaser_toolbar,,
https://www.skoda-storyboard.com/en/models/kamiq/how-did-the-skoda-kamiq-influence-the-influencers/,STO,story,post,200,card_teaser;carousel_rails;cover_box;downloads;gallery_lightbox;hero;promo_banner;siteorigin_body;tags,cover_box_dark;teaser_media;teaser_overlay;teaser_toolbar,,
https://www.skoda-storyboard.com/en/models/kamiq/skoda-kamiq-exclusive-unveiling/,STO,story,post,200,hero;promo_banner;siteorigin_body;tags,teaser_overlay,vimeo,
https://www.skoda-storyboard.com/en/emobility/smart-city-the-quest-for-smart-solutions/,STO,story,post,200,card_teaser;carousel_rails;cover_box;downloads;hero;promo_banner;siteorigin_body;tags,cover_box_dark;teaser_media;teaser_overlay;teaser_toolbar,,
https://www.skoda-storyboard.com/en/lifestyle/motorsport/battle-of-the-generations-kalle-versus-harri-rovanpera/,STO,story,post,200,card_teaser;carousel_rails;cover_box;downloads;gallery_lightbox;hero;promo_banner;siteorigin_body;tags,cover_box_dark;teaser_media;teaser_overlay;teaser_toolbar,,
https://www.skoda-storyboard.com/en/concepts/a-glimpse-of-the-vision-ivs-interior/,STO,story,post,200,card_teaser;cover_box;downloads;gallery_lightbox;hero;promo_banner;siteorigin_body;tags,cover_box_dark;teaser_media;teaser_overlay;teaser_toolbar,,
https://www.skoda-storyboard.com/en/models/deciphering-number-plates-united-kingdom/,STO,story,post,200,card_teaser;carousel_rails;cover_box;downloads;hero;promo_banner;siteorigin_body;tags,cover_box_dark;teaser_media;teaser_overlay;teaser_toolbar,,
https://www.skoda-storyboard.com/en/concepts/another-snapshot-of-our-electric-future/,STO,story,post,200,card_teaser;cover_box;downloads;hero;promo_banner;siteorigin_body;tags,cover_box_dark;teaser_media;teaser_overlay;teaser_toolbar,,
https://www.skoda-storyboard.com/en/models/simply-clever-history/,STO,story,post,200,card_teaser;carousel_rails;cover_box;hero;promo_banner;siteorigin_body;tags,cover_box_dark;teaser_media;teaser_overlay;teaser_toolbar,,
https://www.skoda-storyboard.com/en/emobility/recharging-instead-of-refuelling-how-is-life-going-to-change/,STO,story,post,200,card_teaser;carousel_rails;cover_box;downloads;hero;promo_banner;siteorigin_body;tags,cover_box_dark;teaser_media;teaser_overlay;teaser_toolbar,,
https://www.skoda-storyboard.com/en/skoda-world/innovation-and-technology/connectivity/new-generation-connectivity-takes-to-the-stage/,STO,story,post,200,card_teaser;carousel_rails;cover_box;downloads;hero;promo_banner;siteorigin_body;tags,cover_box_dark;teaser_media;teaser_overlay;teaser_toolbar,,
https://www.skoda-storyboard.com/en/models/a-steering-wheel-on-the-left-why/,STO,story,post,200,card_teaser;carousel_rails;cover_box;downloads;hero;promo_banner;siteorigin_body;tags,cover_box_dark;teaser_media;teaser_overlay;teaser_toolbar,,
https://www.skoda-storyboard.com/en/models/octavia/number-of-the-month-60/,STO,story,post,200,card_teaser;cover_box;downloads;hero;promo_banner;siteorigin_body;tags,cover_box_dark;teaser_media;teaser_overlay;teaser_toolbar,vimeo,
https://www.skoda-storyboard.com/en/models/kamiq/first-sketches-of-the-skoda-kamiq/,STO,story,post,200,card_teaser;carousel_rails;cover_box;downloads;hero;promo_banner;siteorigin_body;tags,cover_box_dark;teaser_media;teaser_overlay;teaser_toolbar,vimeo,
https://www.skoda-storyboard.com/en/models/kamiq/skodas-new-suv-christened-the-kamiq/,STO,story,post,200,card_teaser;carousel_rails;cover_box;downloads;hero;promo_banner;siteorigin_body;tags,cover_box_dark;teaser_media;teaser_overlay;teaser_toolbar,vimeo,
https://www.skoda-storyboard.com/en/emobility/an-introduction-to-the-world-of-batteries/,STO,story,post,200,card_teaser;carousel_rails;cover_box;hero;promo_banner;siteorigin_body;tags,cover_box_dark;teaser_media;teaser_overlay;teaser_toolbar,,
https://www.skoda-storyboard.com/en/models/number-of-the-month-5/,STO,story,post,200,card_teaser;carousel_rails;cover_box;downloads;hero;promo_banner;siteorigin_body;tags,cover_box_dark;teaser_media;teaser_overlay;teaser_toolbar,,
https://www.skoda-storyboard.com/en/models/first-glimpse-of-skodas-new-suv/,STO,story,post,200,card_teaser;carousel_rails;cover_box;downloads;hero;promo_banner;siteorigin_body;tags,cover_box_dark;teaser_media;teaser_overlay;teaser_toolbar,vimeo,
https://www.skoda-storyboard.com/en/skoda-world/heritage/watch-out-im-changing-direction/,STO,story,post,200,card_teaser;carousel_rails;cover_box;downloads;hero;promo_banner;siteorigin_body;tags,cover_box_dark;teaser_media;teaser_overlay;teaser_toolbar,vimeo,
https://www.skoda-storyboard.com/en/models/kodiaq/rally-world-champion-tests-the-kodiaq-rs/,STO,story,post,200,card_teaser;carousel_rails;cover_box;hero;promo_banner;siteorigin_body;tags,cover_box_dark;teaser_media;teaser_overlay;teaser_toolbar,,
https://www.skoda-storyboard.com/en/emobility/carsharing-drive-a-car-without-having-to-own-it/,STO,story,post,200,card_teaser;carousel_rails;cover_box;downloads;hero;promo_banner;siteorigin_body;tags,cover_box_dark;teaser_media;teaser_overlay;teaser_toolbar,,
https://www.skoda-storyboard.com/en/models/deciphering-number-plates-czech-republic/,STO,story,post,200,card_teaser;carousel_rails;cover_box;downloads;hero;promo_banner;siteorigin_body;tags,cover_box_dark;teaser_media;teaser_overlay;teaser_toolbar,,
https://www.skoda-storyboard.com/en/lifestyle/the-best-of-storyboard-pucks-wheels-seconds/,STO,story,post,200,card_teaser;cover_box;downloads;hero;promo_banner;siteorigin_body;tags,cover_box_dark;teaser_media;teaser_overlay;teaser_toolbar,,
https://www.skoda-storyboard.com/en/models/the-best-of-storyboard-past-present-and-future/,STO,story,post,200,card_teaser;cover_box;downloads;hero;promo_banner;siteorigin_body;tags,cover_box_dark;teaser_media;teaser_overlay;teaser_toolbar,,
https://www.skoda-storyboard.com/en/skoda-world/make-a-skoda-wish-last-minute-present-christmas-greeting/,STO,story,post,200,card_teaser;carousel_rails;cover_box;downloads;hero;promo_banner;siteorigin_body;tags,cover_box_dark;teaser_media;teaser_overlay;teaser_toolbar,,
https://www.skoda-storyboard.com/en/lifestyle/people/my-life-my-car-eleven-lives-eleven-cars/,STO,story,post,200,card_teaser;carousel_rails;cover_box;downloads;hero;promo_banner;siteorigin_body;tags,cover_box_dark;teaser_media;teaser_overlay;teaser_toolbar,,
https://www.skoda-storyboard.com/en/lifestyle/sports/fabia-r5-and-unusual-challenges/,STO,story,post,200,card_teaser;carousel_rails;cover_box;downloads;gallery_lightbox;hero;promo_banner;siteorigin_body;tags,cover_box_dark;teaser_media;teaser_overlay;teaser_toolbar,,
https://www.skoda-storyboard.com/en/lifestyle/the-best-gifts-for-motorists/,STO,story,post,200,card_teaser;carousel_rails;cover_box;downloads;hero;promo_banner;siteorigin_body;tags,cover_box_dark;teaser_media;teaser_overlay;teaser_toolbar,,
https://www.skoda-storyboard.com/en/emobility/the-best-of-storyboard-emobility/,STO,story,post,200,card_teaser;carousel_rails;cover_box;downloads;hero;promo_banner;siteorigin_body;tags,cover_box_dark;teaser_media;teaser_overlay;teaser_toolbar,,
https://www.skoda-storyboard.com/en/models/kodiaq/skoda-kodiaq-rs-through-a-designers-eyes/,STO,story,post,200,card_teaser;gallery_lightbox;hero;promo_banner;siteorigin_body;tags,teaser_media;teaser_overlay;teaser_toolbar,youtube,
https://www.skoda-storyboard.com/en/skoda-world/heritage/czech-influences-on-world-music/,STO,story,post,200,card_teaser;carousel_rails;cover_box;hero;promo_banner;siteorigin_body;tags,cover_box_dark;teaser_media;teaser_overlay;teaser_toolbar,,
https://www.skoda-storyboard.com/en/lifestyle/people/nora-egri-eleven-year-old-girl-heading-into-the-world-of-professional-ice-hockey/,STO,story,post,200,card_teaser;carousel_rails;cover_box;downloads;hero;promo_banner;siteorigin_body;tags,cover_box_dark;teaser_media;teaser_overlay;teaser_toolbar,,
https://www.skoda-storyboard.com/en/lifestyle/people/priscilia-le-foll-every-millisecond-in-life-counts/,STO,story,post,200,card_teaser;carousel_rails;cover_box;hero;promo_banner;siteorigin_body;tags,cover_box_dark;teaser_media;teaser_overlay;teaser_toolbar,,
https://www.skoda-storyboard.com/en/lifestyle/people/davor-rostuhar-everybody-has-talent-but-it-depends-on-determination/,STO,story,post,200,card_teaser;carousel_rails;cover_box;downloads;hero;promo_banner;siteorigin_body;tags,cover_box_dark;teaser_media;teaser_overlay;teaser_toolbar,,
https://www.skoda-storyboard.com/en/lifestyle/people/zuzana-habanova-the-world-is-as-colourful-as-you-make-it/,STO,story,post,200,card_teaser;carousel_rails;cover_box;downloads;hero;promo_banner;siteorigin_body;tags,cover_box_dark;teaser_media;teaser_overlay;teaser_toolbar,,
https://www.skoda-storyboard.com/en/lifestyle/people/kalle-rovanpera-i-race-to-win/,STO,story,post,200,card_teaser;carousel_rails;cover_box;downloads;hero;promo_banner;siteorigin_body;tags,cover_box_dark;teaser_media;teaser_overlay;teaser_toolbar,,
https://www.skoda-storyboard.com/en/models/scala/world-premiere-of-the-all-new-skoda-scala/,STO,story,post,200,card_teaser;cover_box;downloads;gallery_lightbox;hero;promo_banner;siteorigin_body;tags,cover_box_dark;teaser_media;teaser_overlay;teaser_toolbar,youtube,
https://www.skoda-storyboard.com/en/lifestyle/people/isabelle-beckers-my-next-goal-is-the-olympics/,STO,story,post,200,card_teaser;carousel_rails;cover_box;downloads;hero;promo_banner;siteorigin_body;tags,cover_box_dark;teaser_media;teaser_overlay;teaser_toolbar,,
https://www.skoda-storyboard.com/en/lifestyle/people/skoda-scalas-world-premiere-read-stories-brimming-with-courage/,STO,story,post,200,card_teaser;carousel_rails;cover_box;hero;promo_banner;siteorigin_body;tags,cover_box_dark;teaser_media;teaser_overlay;teaser_toolbar,,
https://www.skoda-storyboard.com/en/lifestyle/motorsport/wrc-2-season-from-the-point-of-view-of-jan-kopecky/,STO,story,post,200,card_teaser;carousel_rails;cover_box;downloads;hero;promo_banner;siteorigin_body;tags,cover_box_dark;teaser_media;teaser_overlay;teaser_toolbar,,
https://www.skoda-storyboard.com/en/models/scala/the-all-new-skoda-scala-what-makes-it-unique/,STO,story,post,200,card_teaser;carousel_rails;cover_box;downloads;gallery_lightbox;hero;promo_banner;siteorigin_body;tags,cover_box_dark;teaser_media;teaser_overlay;teaser_toolbar,,
https://www.skoda-storyboard.com/en/models/scala/skoda-scala-surprises-with-unique-camouflaging-at-the-lennon-wall/,STO,story,post,200,card_teaser;carousel_rails;cover_box;downloads;gallery_lightbox;hero;promo_banner;siteorigin_body;tags,cover_box_dark;teaser_media;teaser_overlay;teaser_toolbar,youtube,
https://www.skoda-storyboard.com/en/skoda-world/heritage/czech-footprint-ferdinand-porsche/,STO,story,post,200,card_teaser;carousel_rails;cover_box;downloads;hero;promo_banner;siteorigin_body;tags,cover_box_dark;teaser_media;teaser_overlay;teaser_toolbar,,
https://www.skoda-storyboard.com/en/skoda-world/heritage/czech-footprint-czech-tweaks/,STO,story,post,200,card_teaser;carousel_rails;cover_box;downloads;hero;promo_banner;siteorigin_body;tags,cover_box_dark;teaser_media;teaser_overlay;teaser_toolbar,,
https://www.skoda-storyboard.com/en/models/whats-behind-a-cars-colour/,STO,story,post,200,card_teaser;cover_box;downloads;hero;promo_banner;siteorigin_body;tags,cover_box_dark;teaser_media;teaser_overlay;teaser_toolbar,,
https://www.skoda-storyboard.com/en/skoda-world/innovation-and-technology/technology/360-tour-how-engines-are-tested/,STO,story,post,200,card_teaser;cover_box;downloads;gallery_lightbox;hero;promo_banner;siteorigin_body;tags,cover_box_dark;teaser_media;teaser_overlay;teaser_toolbar,,
https://www.skoda-storyboard.com/en/skoda-world/heritage/czech-footprint-inventions-and-inventors/,STO,story,post,200,card_teaser;carousel_rails;cover_box;hero;promo_banner;siteorigin_body;tags,cover_box_dark;teaser_media;teaser_overlay;teaser_toolbar,,
https://www.skoda-storyboard.com/en/models/kodiaq/the-skoda-kodiaq-gt-a-new-flagship-for-china/,STO,story,post,200,card_teaser;cover_box;downloads;gallery_lightbox;hero;promo_banner;siteorigin_body;tags,cover_box_dark;teaser_media;teaser_overlay;teaser_toolbar,,
https://www.skoda-storyboard.com/en/emobility/the-five-priorities-of-skodas-emobility/,STO,story,post,200,card_teaser;carousel_rails;cover_box;downloads;hero;promo_banner;siteorigin_body;tags,cover_box_dark;teaser_media;teaser_overlay;teaser_toolbar,,
https://www.skoda-storyboard.com/en/models/skoda-4x4-your-best-bet-in-the-snow/,STO,story,post,200,card_teaser;carousel_rails;cover_box;downloads;hero;promo_banner;siteorigin_body;tags,cover_box_dark;teaser_media;teaser_overlay;teaser_toolbar,youtube,
https://www.skoda-storyboard.com/en/lifestyle/people/my-life-my-car-when-im-in-my-truck-i-am-the-master-of-my-time/,STO,story,post,200,card_teaser;carousel_rails;cover_box;downloads;hero;promo_banner;siteorigin_body;tags,cover_box_dark;teaser_media;teaser_overlay;teaser_toolbar,,
https://www.skoda-storyboard.com/en/models/scala/skoda-scala-first-glimpse-inside/,STO,story,post,200,card_teaser;cover_box;downloads;hero;promo_banner;siteorigin_body;tags,cover_box_dark;teaser_media;teaser_overlay;teaser_toolbar,,
https://www.skoda-storyboard.com/en/lifestyle/sports/full-tilt-through-a-skoda-factory/,STO,story,post,200,card_teaser;cover_box;downloads;hero;promo_banner;siteorigin_body;tags,cover_box_dark;teaser_media;teaser_overlay;teaser_toolbar,,
https://www.skoda-storyboard.com/en/skoda-world/winters-coming-prepare-your-car/,STO,story,post,200,card_teaser;carousel_rails;cover_box;downloads;hero;promo_banner;siteorigin_body;tags,cover_box_dark;teaser_media;teaser_overlay;teaser_toolbar,,
https://www.skoda-storyboard.com/en/skoda-world/heritage/czech-footprint-crystal-for-the-whole-world/,STO,story,post,200,card_teaser;carousel_rails;cover_box;hero;promo_banner;siteorigin_body;tags,cover_box_dark;teaser_media;teaser_overlay;teaser_toolbar,,
https://www.skoda-storyboard.com/en/skoda-world/innovation-and-technology/virtual-night-time-drive/,STO,story,post,200,card_teaser;cover_box;downloads;hero;promo_banner;siteorigin_body;tags,cover_box_dark;teaser_media;teaser_overlay;teaser_toolbar,,
https://www.skoda-storyboard.com/en/skoda-world/how-skoda-attracts-young-talent/,STO,story,post,200,card_teaser;cover_box;downloads;hero;promo_banner;siteorigin_body;tags,cover_box_dark;teaser_media;teaser_overlay;teaser_toolbar,,
https://www.skoda-storyboard.com/en/skoda-world/innovation-and-technology/technology/can-you-recognise-these-parts-part-3/,STO,story,post,200,card_teaser;carousel_rails;cover_box;downloads;hero;promo_banner;siteorigin_body;tags,cover_box_dark;teaser_media;teaser_overlay;teaser_toolbar,,
https://www.skoda-storyboard.com/en/skoda-world/innovation-and-technology/connectivity/from-hands-free-to-always-online/,STO,story,post,200,card_teaser;carousel_rails;cover_box;hero;promo_banner;tags,cover_box_dark;teaser_media;teaser_overlay;teaser_toolbar,,
https://www.skoda-storyboard.com/en/lifestyle/people/my-life-my-car-thanks-to-my-car-i-can-move-freely-again/,STO,story,post,200,card_teaser;carousel_rails;cover_box;downloads;hero;promo_banner;siteorigin_body;tags,cover_box_dark;teaser_media;teaser_overlay;teaser_toolbar,,
https://www.skoda-storyboard.com/en/models/scala/welcome-the-skoda-scala/,STO,story,post,200,card_teaser;cover_box;downloads;hero;promo_banner;siteorigin_body;tags,cover_box_dark;teaser_media;teaser_overlay;teaser_toolbar,,
https://www.skoda-storyboard.com/en/lifestyle/people/an-unforgettable-trip-with-skoda-vision-rs/,STO,story,post,200,card_teaser;carousel_rails;cover_box;downloads;hero;promo_banner;siteorigin_body;tags,cover_box_dark;teaser_media;teaser_overlay;teaser_toolbar,,
https://www.skoda-storyboard.com/en/skoda-world/quiz-test-your-knowledge-of-the-paris-motor-show/,STO,story,post,200,card_teaser;cover_box;downloads;hero;promo_banner;siteorigin_body;tags,cover_box_dark;teaser_media;teaser_overlay;teaser_toolbar,,
https://www.skoda-storyboard.com/en/models/scala/first-glimpse-of-skodas-future-compact-model/,STO,story,post,200,card_teaser;carousel_rails;cover_box;downloads;hero;promo_banner;siteorigin_body;tags,cover_box_dark;teaser_media;teaser_overlay;teaser_toolbar,,
https://www.skoda-storyboard.com/en/models/fabia/can-you-recognise-these-parts-part-2/,STO,story,post,200,card_teaser;carousel_rails;cover_box;downloads;hero;promo_banner;siteorigin_body;tags,cover_box_dark;teaser_media;teaser_overlay;teaser_toolbar,,
https://www.skoda-storyboard.com/en/skoda-world/the-skoda-stand-in-paris-360-tour/,STO,story,post,200,card_teaser;carousel_rails;cover_box;downloads;hero;promo_banner;siteorigin_body;tags,cover_box_dark;teaser_media;teaser_overlay;teaser_toolbar,youtube,
https://www.skoda-storyboard.com/en/models/karoq/the-skoda-karoq-scout-versus-the-sportline-how-to-tell-them-apart/,STO,story,post,200,card_teaser;carousel_rails;cover_box;hero;promo_banner;siteorigin_body;tags,cover_box_dark;teaser_media;teaser_overlay;teaser_toolbar,youtube,
https://www.skoda-storyboard.com/en/models/kodiaq/meet-the-skoda-kodiaq-rs/,STO,story,post,200,card_teaser;carousel_rails;cover_box;downloads;gallery_lightbox;hero;promo_banner;siteorigin_body;tags,cover_box_dark;teaser_media;teaser_overlay;teaser_toolbar,youtube,
https://www.skoda-storyboard.com/en/concepts/meet-the-skoda-vision-rs/,STO,story,post,200,card_teaser;carousel_rails;cover_box;downloads;hero;promo_banner;siteorigin_body;tags,cover_box_dark;teaser_media;teaser_overlay;teaser_toolbar,youtube,
https://www.skoda-storyboard.com/en/media/livestream/from-paris-straight-to-the-future/,STO,story,post,200,card_teaser;carousel_rails;cover_box;downloads;gallery_lightbox;hero;promo_banner;siteorigin_body;tags,cover_box_dark;teaser_media;teaser_overlay;teaser_toolbar,youtube,
https://www.skoda-storyboard.com/en/media/livestream/sneak-preview-of-the-skoda-vision-rs-and-the-kodiaq-rs/,STO,story,post,200,card_teaser;carousel_rails;cover_box;downloads;gallery_lightbox;hero;promo_banner;siteorigin_body;tags,cover_box_dark;teaser_media;teaser_overlay;teaser_toolbar,youtube,
https://www.skoda-storyboard.com/en/lifestyle/motorsport/secrets-of-a-rally-navigator/,STO,story,post,200,card_teaser;carousel_rails;cover_box;downloads;hero;promo_banner;siteorigin_body;tags,cover_box_dark;teaser_media;teaser_overlay;teaser_toolbar,,
https://www.skoda-storyboard.com/en/concepts/the-skoda-vision-rs-an-eco-friendly-athlete/,STO,story,post,200,card_teaser;cover_box;downloads;gallery_lightbox;hero;promo_banner;siteorigin_body;tags,cover_box_dark;teaser_media;teaser_overlay;teaser_toolbar,,
https://www.skoda-storyboard.com/en/models/kodiaq/a-kodiaq-on-kodiak-island/,STO,story,post,200,card_teaser;carousel_rails;cover_box;downloads;gallery_lightbox;hero;promo_banner;siteorigin_body;tags,cover_box_dark;teaser_media;teaser_overlay;teaser_toolbar,youtube,
https://www.skoda-storyboard.com/en/emobility/quiz-how-much-do-you-know-about-e-mobility/,STO,story,post,200,card_teaser;carousel_rails;cover_box;downloads;hero;promo_banner;siteorigin_body;tags,cover_box_dark;teaser_media;teaser_overlay;teaser_toolbar,,
https://www.skoda-storyboard.com/en/lifestyle/sports/miss-peaches-on-the-road-surfing-in-san-sebastian/,STO,story,post,200,card_teaser;carousel_rails;cover_box;downloads;gallery_lightbox;hero;promo_banner;siteorigin_body;tags,cover_box_dark;teaser_media;teaser_overlay;teaser_toolbar,,
https://www.skoda-storyboard.com/en/models/the-skoda-kodiaq-rs-whets-the-appetite/,STO,story,post,200,card_teaser;carousel_rails;cover_box;downloads;hero;promo_banner;siteorigin_body;tags,cover_box_dark;teaser_media;teaser_overlay;teaser_toolbar,youtube,
https://www.skoda-storyboard.com/en/models/fabia/can-you-recognise-these-parts-part-1/,STO,story,post,200,card_teaser;cover_box;downloads;hero;promo_banner;siteorigin_body;tags,cover_box_dark;teaser_media;teaser_overlay;teaser_toolbar,,
https://www.skoda-storyboard.com/en/lifestyle/sports/cycling/miss-peaches-on-the-road-enduro-in-barcelona/,STO,story,post,200,card_teaser;carousel_rails;cover_box;downloads;gallery_lightbox;hero;promo_banner;siteorigin_body;tags,cover_box_dark;teaser_media;teaser_overlay;teaser_toolbar,,
https://www.skoda-storyboard.com/en/classic-cars/my-life-my-car-there-are-no-problems-only-solutions/,STO,story,post,200,card_teaser;carousel_rails;cover_box;downloads;hero;promo_banner;siteorigin_body;tags,cover_box_dark;teaser_media;teaser_overlay;teaser_toolbar,,
https://www.skoda-storyboard.com/en/models/octavia/catch-the-arrow-documentary-of-a-world-record/,STO,story,post,200,card_teaser;carousel_rails;cover_box;downloads;hero;promo_banner;siteorigin_body;tags,cover_box_dark;teaser_media;teaser_overlay;teaser_toolbar,,
https://www.skoda-storyboard.com/en/concepts/the-future-of-the-rs-genetic-code-the-view-from-within/,STO,story,post,200,card_teaser;cover_box;downloads;hero;promo_banner;siteorigin_body;tags,cover_box_dark;teaser_media;teaser_overlay;teaser_toolbar,youtube,
https://www.skoda-storyboard.com/en/lifestyle/sports/cycling/miss-peaches-on-the-road-skatepark-tricks-in-marseille/,STO,story,post,200,card_teaser;carousel_rails;cover_box;downloads;gallery_lightbox;hero;promo_banner;siteorigin_body;tags,cover_box_dark;teaser_media;teaser_overlay;teaser_toolbar,,
https://www.skoda-storyboard.com/en/skoda-world/safely-back-to-school/,STO,story,post,200,card_teaser;carousel_rails;cover_box;downloads;hero;promo_banner;siteorigin_body;tags,cover_box_dark;teaser_media;teaser_overlay;teaser_toolbar,,
https://www.skoda-storyboard.com/en/concepts/the-future-of-the-rs-genetic-code/,STO,story,post,200,card_teaser;carousel_rails;cover_box;downloads;hero;promo_banner;siteorigin_body;tags,cover_box_dark;teaser_media;teaser_overlay;teaser_toolbar,youtube,
https://www.skoda-storyboard.com/en/models/rapid/skoda-rapid-spaceback-in-papal-service/,STO,story,post,200,card_teaser;cover_box;downloads;hero;promo_banner;siteorigin_body;tags,cover_box_dark;teaser_media;teaser_overlay;teaser_toolbar,,
https://www.skoda-storyboard.com/en/lifestyle/sports/miss-peaches-on-the-road-downhill-biking-in-champery-switzerland/,STO,story,post,200,card_teaser;carousel_rails;cover_box;downloads;gallery_lightbox;hero;promo_banner;siteorigin_body;tags,cover_box_dark;teaser_media;teaser_overlay;teaser_toolbar,,
https://www.skoda-storyboard.com/en/models/fabia/the-era-of-influencers-i-think-i-like-this-car/,STO,story,post,200,card_teaser;cover_box;downloads;gallery_lightbox;hero;promo_banner;siteorigin_body;tags,cover_box_dark;teaser_media;teaser_overlay;teaser_toolbar,,
https://www.skoda-storyboard.com/en/models/kodiaq/skoda-kodiaq-rs-served-up-with-a-new-logo/,STO,story,post,200,card_teaser;cover_box;downloads;hero;promo_banner;siteorigin_body;tags,cover_box_dark;teaser_media;teaser_overlay;teaser_toolbar,,
https://www.skoda-storyboard.com/en/skoda-world/heritage/from-radio-to-the-internet-the-history-of-audio-systems/,STO,story,post,200,card_teaser;carousel_rails;cover_box;downloads;hero;promo_banner;siteorigin_body;tags,cover_box_dark;teaser_media;teaser_overlay;teaser_toolbar,,
https://www.skoda-storyboard.com/en/models/millionth-skoda-suv/,STO,story,post,200,card_teaser;cover_box;downloads;hero;promo_banner;siteorigin_body;tags,cover_box_dark;teaser_media;teaser_overlay;teaser_toolbar,,
https://www.skoda-storyboard.com/en/lifestyle/sports/cycling/miss-peaches-on-the-road-whitewater-in-switzerland/,STO,story,post,200,card_teaser;carousel_rails;cover_box;downloads;gallery_lightbox;hero;promo_banner;siteorigin_body;tags,cover_box_dark;teaser_media;teaser_overlay;teaser_toolbar,,
https://www.skoda-storyboard.com/en/emobility/how-will-customers-benefit-from-electric-cars/,STO,story,post,200,card_teaser;carousel_rails;cover_box;downloads;hero;promo_banner;siteorigin_body;tags,cover_box_dark;teaser_media;teaser_overlay;teaser_toolbar,,
https://www.skoda-storyboard.com/en/skoda-world/innovation-and-technology/technology/my-machine-ultrasonic-testing-of-welds/,STO,story,post,200,card_teaser;carousel_rails;cover_box;downloads;hero;promo_banner;siteorigin_body;tags,cover_box_dark;teaser_media;teaser_overlay;teaser_toolbar,,
https://www.skoda-storyboard.com/en/models/octavia/the-arrow-in-flight-versus-octavia-rs/,STO,story,post,200,card_teaser;cover_box;downloads;hero;promo_banner;siteorigin_body;tags,cover_box_dark;teaser_media;teaser_overlay;teaser_toolbar,,
https://www.skoda-storyboard.com/en/lifestyle/sports/miss-peaches-on-the-road-canyoning-in-switzerland/,STO,story,post,200,card_teaser;carousel_rails;cover_box;downloads;gallery_lightbox;hero;promo_banner;siteorigin_body;tags,cover_box_dark;teaser_media;teaser_overlay;teaser_toolbar,,
https://www.skoda-storyboard.com/en/lifestyle/people/my-life-my-car-two-sets-of-pedals/,STO,story,post,200,card_teaser;carousel_rails;cover_box;downloads;hero;promo_banner;siteorigin_body;tags,cover_box_dark;teaser_media;teaser_overlay;teaser_toolbar,,
https://www.skoda-storyboard.com/en/models/fabia/the-skoda-fabia-a-brushed-up-design-and-new-technology/,STO,story,post,200,card_teaser;carousel_rails;cover_box;downloads;gallery_lightbox;hero;promo_banner;siteorigin_body;tags,cover_box_dark;teaser_media;teaser_overlay;teaser_toolbar,,
https://www.skoda-storyboard.com/en/lifestyle/motorsport/big-brother-check-out-the-service-truck/,STO,story,post,200,card_teaser;cover_box;downloads;hero;promo_banner;siteorigin_body;tags,cover_box_dark;teaser_media;teaser_overlay;teaser_toolbar,,
https://www.skoda-storyboard.com/en/lifestyle/sports/cycling/miss-peaches-on-the-road-helen-soars-above-the-stubaital-valley/,STO,story,post,200,card_teaser;carousel_rails;cover_box;downloads;gallery_lightbox;hero;promo_banner;siteorigin_body;tags,cover_box_dark;teaser_media;teaser_overlay;teaser_toolbar,,
https://www.skoda-storyboard.com/en/classic-cars/an-alpine-rendezvous/,STO,story,post,200,card_teaser;cover_box;downloads;hero;promo_banner;siteorigin_body;tags,cover_box_dark;teaser_media;teaser_overlay;teaser_toolbar,,
https://www.skoda-storyboard.com/en/skoda-world/heritage/a-trip-into-the-past/,STO,story,post,200,card_teaser;carousel_rails;cover_box;downloads;hero;promo_banner;siteorigin_body;tags,cover_box_dark;teaser_media;teaser_overlay;teaser_toolbar,,
https://www.skoda-storyboard.com/en/lifestyle/sports/cycling/miss-peaches-on-the-road-viola-in-stuttgart/,STO,story,post,200,card_teaser;carousel_rails;cover_box;downloads;gallery_lightbox;hero;promo_banner;siteorigin_body;tags,cover_box_dark;teaser_media;teaser_overlay;teaser_toolbar,,
https://www.skoda-storyboard.com/en/lifestyle/sports/the-tour-de-france-at-first-hand/,STO,story,post,200,card_teaser;carousel_rails;cover_box;downloads;hero;promo_banner;siteorigin_body;tags,cover_box_dark;teaser_media;teaser_overlay;teaser_toolbar,,
https://www.skoda-storyboard.com/en/lifestyle/people/the-mile-chasers-argentinian-adventure/,STO,story,post,200,card_teaser;carousel_rails;cover_box;downloads;hero;promo_banner;siteorigin_body;tags,cover_box_dark;teaser_media;teaser_overlay;teaser_toolbar,,
https://www.skoda-storyboard.com/en/lifestyle/sports/cycling/test-your-knowledge-of-tour-de-france/,STO,story,post,200,card_teaser;carousel_rails;cover_box;downloads;hero;promo_banner;siteorigin_body;tags,cover_box_dark;teaser_media;teaser_overlay;teaser_toolbar,,
https://www.skoda-storyboard.com/en/skoda-world/innovation-and-technology/technology/make-way-robot-coming-through/,STO,story,post,200,card_teaser;cover_box;downloads;hero;promo_banner;siteorigin_body;tags,cover_box_dark;teaser_media;teaser_overlay;teaser_toolbar,,
https://www.skoda-storyboard.com/en/lifestyle/people/fredrik-ahlin-never-forget-to-have-fun/,STO,story,post,200,card_teaser;carousel_rails;cover_box;downloads;hero;promo_banner;siteorigin_body;tags,cover_box_dark;teaser_media;teaser_overlay;teaser_toolbar,youtube,
https://www.skoda-storyboard.com/en/lifestyle/sports/cycling/the-opening-act/,STO,story,post,200,card_teaser;carousel_rails;cover_box;downloads;hero;promo_banner;siteorigin_body;tags,cover_box_dark;teaser_media;teaser_overlay;teaser_toolbar,youtube,
https://www.skoda-storyboard.com/en/lifestyle/people/my-life-my-car-i-like-to-floor-the-gas/,STO,story,post,200,card_teaser;carousel_rails;cover_box;downloads;hero;promo_banner;siteorigin_body;tags,cover_box_dark;teaser_media;teaser_overlay;teaser_toolbar,,
https://www.skoda-storyboard.com/en/lifestyle/sports/team-command-vehicle/,STO,story,post,200,card_teaser;cover_box;downloads;hero;promo_banner;siteorigin_body;tags,cover_box_dark;teaser_media;teaser_overlay;teaser_toolbar,,
https://www.skoda-storyboard.com/en/emobility/the-future-of-emobility/,STO,story,post,200,card_teaser;carousel_rails;cover_box;downloads;hero;promo_banner;siteorigin_body;tags,cover_box_dark;teaser_media;teaser_overlay;teaser_toolbar,,
https://www.skoda-storyboard.com/en/classic-cars/1000-czechoslovak-miles/,STO,story,post,200,card_teaser;carousel_rails;cover_box;downloads;hero;promo_banner;siteorigin_body;tags,cover_box_dark;teaser_media;teaser_overlay;teaser_toolbar,,
https://www.skoda-storyboard.com/en/lifestyle/sports/10-things-you-should-know-about-the-tour-de-france/,STO,story,post,200,card_teaser;carousel_rails;cover_box;downloads;hero;promo_banner;siteorigin_body;tags,cover_box_dark;teaser_media;teaser_overlay;teaser_toolbar,,
https://www.skoda-storyboard.com/en/lifestyle/sports/cycling/cars-and-bikes-two-bikers-share-their-tips-for-getting-the-best-of-both/,STO,story,post,200,card_teaser;carousel_rails;cover_box;downloads;hero;promo_banner;siteorigin_body;tags,cover_box_dark;teaser_media;teaser_overlay;teaser_toolbar,,
https://www.skoda-storyboard.com/en/skoda-world/the-holidays-are-here/,STO,story,post,200,card_teaser;carousel_rails;cover_box;downloads;hero;promo_banner;siteorigin_body;tags,cover_box_dark;teaser_media;teaser_overlay;teaser_toolbar,,
https://www.skoda-storyboard.com/en/skoda-world/travelling-coins-celebrate-skoda-heritage/,STO,story,post,200,card_teaser;cover_box;downloads;hero;promo_banner;siteorigin_body;tags,cover_box_dark;teaser_media;teaser_overlay;teaser_toolbar,,
https://www.skoda-storyboard.com/en/skoda-world/10-tips-on-selling-your-car-well/,STO,story,post,200,card_teaser;carousel_rails;cover_box;downloads;hero;promo_banner;siteorigin_body;tags,cover_box_dark;teaser_media;teaser_overlay;teaser_toolbar,,
https://www.skoda-storyboard.com/en/lifestyle/people/my-life-my-car-id-never-eat-in-my-car/,STO,story,post,200,card_teaser;carousel_rails;cover_box;downloads;hero;promo_banner;siteorigin_body;tags,cover_box_dark;teaser_media;teaser_overlay;teaser_toolbar,,
https://www.skoda-storyboard.com/en/skoda-world/innovation-and-technology/skoda-launches-its-start-up-story-in-israel/,STO,story,post,200,card_teaser;carousel_rails;cover_box;downloads;hero;promo_banner;siteorigin_body;tags,cover_box_dark;teaser_media;teaser_overlay;teaser_toolbar,,
https://www.skoda-storyboard.com/en/skoda-world/wheels-decades-of-transformation/,STO,story,post,200,card_teaser;carousel_rails;cover_box;downloads;hero;promo_banner;tags,cover_box_dark;teaser_media;teaser_overlay;teaser_toolbar,,
https://www.skoda-storyboard.com/en/skoda-world/behind-the-scenes-into-the-sun-with-a-smile/,STO,story,post,200,card_teaser;cover_box;downloads;hero;promo_banner;siteorigin_body;tags,cover_box_dark;teaser_media;teaser_overlay;teaser_toolbar,,
https://www.skoda-storyboard.com/en/models/kodiaq/kodiaq-rs-sets-nurburgring-record/,STO,story,post,200,card_teaser;carousel_rails;cover_box;downloads;gallery_lightbox;hero;promo_banner;siteorigin_body;tags,cover_box_dark;teaser_media;teaser_overlay;teaser_toolbar,youtube,
https://www.skoda-storyboard.com/en/models/kodiaq/the-record-breaking-kodiaq-rs-crew-interview/,STO,story,post,200,card_teaser;carousel_rails;cover_box;downloads;gallery_lightbox;hero;promo_banner;siteorigin_body;tags,cover_box_dark;teaser_media;teaser_overlay;teaser_toolbar,youtube,
https://www.skoda-storyboard.com/en/models/the-kodiaq-rs-on-the-starting-line/,STO,story,post,200,card_teaser;carousel_rails;cover_box;downloads;gallery_lightbox;hero;promo_banner;siteorigin_body;tags,cover_box_dark;teaser_media;teaser_overlay;teaser_toolbar,youtube,
https://www.skoda-storyboard.com/en/concepts/a-summer-afternoon-by-a-lake-inspired-the-name-sunroq/,STO,story,post,200,card_teaser;carousel_rails;cover_box;downloads;hero;promo_banner;siteorigin_body;tags,cover_box_dark;teaser_media;teaser_overlay;teaser_toolbar,,
https://www.skoda-storyboard.com/en/lifestyle/people/from-noisy-mumbai-to-open-skies/,STO,story,post,200,card_teaser;carousel_rails;cover_box;downloads;hero;promo_banner;siteorigin_body;tags,cover_box_dark;teaser_media;teaser_overlay;teaser_toolbar,,
https://www.skoda-storyboard.com/en/models/the-sun-is-rising/,STO,story,post,200,card_teaser;carousel_rails;cover_box;downloads;gallery_lightbox;hero;promo_banner;siteorigin_body;tags,cover_box_dark;teaser_media;teaser_overlay;teaser_toolbar,,
https://www.skoda-storyboard.com/en/skoda-world/the-international-childrens-day-of-joy/,STO,story,post,200,card_teaser;carousel_rails;cover_box;downloads;hero;promo_banner;siteorigin_body;tags,cover_box_dark;teaser_media;teaser_overlay;teaser_toolbar,,
https://www.skoda-storyboard.com/en/lifestyle/sports/the-lion-trail-whos-forrest/,STO,story,post,200,card_teaser;carousel_rails;cover_box;downloads;hero;promo_banner;siteorigin_body;tags,cover_box_dark;teaser_media;teaser_overlay;teaser_toolbar,,
https://www.skoda-storyboard.com/en/skoda-world/innovation-and-technology/technology/decoding-the-mystery-of-warning-lights/,STO,story,post,200,card_teaser;carousel_rails;cover_box;downloads;hero;promo_banner;siteorigin_body;tags,cover_box_dark;teaser_media;teaser_overlay;teaser_toolbar,,
https://www.skoda-storyboard.com/en/skoda-world/skoda-celebrates-100-years-of-czechoslovakia/,STO,story,post,200,card_teaser;carousel_rails;cover_box;downloads;hero;promo_banner;siteorigin_body;tags,cover_box_dark;teaser_media;teaser_overlay;teaser_toolbar,,
https://www.skoda-storyboard.com/en/lifestyle/people/my-life-my-car-id-never-go-to-a-car-wash/,STO,story,post,200,card_teaser;carousel_rails;cover_box;downloads;hero;promo_banner;siteorigin_body;tags,cover_box_dark;teaser_media;teaser_overlay;teaser_toolbar,,
https://www.skoda-storyboard.com/en/models/fabia/down-to-the-very-last-bolt/,STO,story,post,200,card_teaser;cover_box;downloads;hero;promo_banner;siteorigin_body;tags,cover_box_dark;teaser_media;teaser_overlay;teaser_toolbar,,
https://www.skoda-storyboard.com/en/skoda-world/design/design-creates-emotion/,STO,story,post,200,card_teaser;carousel_rails;cover_box;downloads;hero;promo_banner;siteorigin_body;tags,cover_box_dark;teaser_media;teaser_overlay;teaser_toolbar,,
https://www.skoda-storyboard.com/en/emobility/how-does-an-electric-motor-work-10-questions-and-answers/,STO,story,post,200,card_teaser;carousel_rails;cover_box;downloads;hero;promo_banner;siteorigin_body;tags,cover_box_dark;teaser_media;teaser_overlay;teaser_toolbar,,
https://www.skoda-storyboard.com/en/lifestyle/sports/test-your-knowledge-of-sport-and-more-in-this-ice-hockey-quiz/,STO,story,post,200,card_teaser;carousel_rails;cover_box;downloads;hero;promo_banner;siteorigin_body;tags,cover_box_dark;teaser_media;teaser_overlay;teaser_toolbar,,
https://www.skoda-storyboard.com/en/classic-cars/at-the-wheel-of-a-unique-wonder/,STO,story,post,200,card_teaser;carousel_rails;cover_box;downloads;hero;promo_banner;siteorigin_body;tags,cover_box_dark;teaser_media;teaser_overlay;teaser_toolbar,,
https://www.skoda-storyboard.com/en/lifestyle/sports/types-of-fans-youll-see-at-an-ice-hockey-game/,STO,story,post,200,card_teaser;carousel_rails;cover_box;downloads;hero;promo_banner;siteorigin_body;tags,cover_box_dark;teaser_media;teaser_overlay;teaser_toolbar,,
https://www.skoda-storyboard.com/en/skoda-world/360-tour-of-the-huge-skoda-parts-warehouse/,STO,story,post,200,card_teaser;carousel_rails;cover_box;downloads;hero;promo_banner;siteorigin_body;tags,cover_box_dark;teaser_media;teaser_overlay;teaser_toolbar,,
https://www.skoda-storyboard.com/en/skoda-world/the-ice-hockey-fairy-tales-of-herning/,STO,story,post,200,card_teaser;carousel_rails;cover_box;downloads;hero;promo_banner;siteorigin_body;tags,cover_box_dark;teaser_media;teaser_overlay;teaser_toolbar,,
https://www.skoda-storyboard.com/en/skoda-world/ice-hockey-smorrebrod-and-copenhagen/,STO,story,post,200,card_teaser;carousel_rails;cover_box;downloads;hero;promo_banner;siteorigin_body;tags,cover_box_dark;teaser_media;teaser_overlay;teaser_toolbar,,
https://www.skoda-storyboard.com/en/lifestyle/sports/czechia-home-of-world-famous-ice-hockey-pucks/,STO,story,post,200,card_teaser;carousel_rails;cover_box;downloads;hero;promo_banner;siteorigin_body;tags,cover_box_dark;teaser_media;teaser_overlay;teaser_toolbar,,
https://www.skoda-storyboard.com/en/models/my-life-my-car-for-love-of-driving-and-people/,STO,story,post,200,card_teaser;carousel_rails;cover_box;downloads;hero;promo_banner;siteorigin_body;tags,cover_box_dark;teaser_media;teaser_overlay;teaser_toolbar,,
https://www.skoda-storyboard.com/en/skoda-world/innovation-and-technology/skodas-electric-future/,STO,story,post,200,card_teaser;cover_box;downloads;hero;promo_banner;siteorigin_body;tags,cover_box_dark;teaser_media;teaser_overlay;teaser_toolbar,,
https://www.skoda-storyboard.com/en/lifestyle/sports/cycling/why-we-ride-from-punk-to-biker/,STO,story,post,200,card_teaser;carousel_rails;cover_box;downloads;hero;promo_banner;siteorigin_body;tags,cover_box_dark;teaser_media;teaser_overlay;teaser_toolbar,,
https://www.skoda-storyboard.com/en/models/a-new-skoda-for-china/,STO,story,post,200,card_teaser;cover_box;downloads;gallery_lightbox;hero;promo_banner;siteorigin_body;tags,cover_box_dark;teaser_media;teaser_overlay;teaser_toolbar,,
https://www.skoda-storyboard.com/en/models/dangerously-beautiful-highway/,STO,story,post,200,card_teaser;carousel_rails;cover_box;downloads;hero;promo_banner;siteorigin_body;tags,cover_box_dark;teaser_media;teaser_overlay;teaser_toolbar,,
https://www.skoda-storyboard.com/en/skoda-world/innovation-and-technology/a-supercomputer-equal-to-60000-pcs/,STO,story,post,200,card_teaser;cover_box;downloads;hero;promo_banner;siteorigin_body;tags,cover_box_dark;teaser_media;teaser_overlay;teaser_toolbar,,
https://www.skoda-storyboard.com/en/models/introducing-the-students-number-five/,STO,story,post,200,card_teaser;cover_box;downloads;hero;promo_banner;siteorigin_body;tags,cover_box_dark;teaser_media;teaser_overlay;teaser_toolbar,,
https://www.skoda-storyboard.com/en/skoda-world/caredriver-mobility-with-a-heart/,STO,story,post,200,card_teaser;carousel_rails;cover_box;downloads;hero;promo_banner;siteorigin_body;tags,cover_box_dark;teaser_media;teaser_overlay;teaser_toolbar,,
https://www.skoda-storyboard.com/en/models/headlamps-decades-of-transformation/,STO,story,post,200,card_teaser;carousel_rails;cover_box;downloads;hero;promo_banner;tags,cover_box_dark;teaser_media;teaser_overlay;teaser_toolbar,,
https://www.skoda-storyboard.com/en/skoda-world/extreme-polar-circle-challenge/,STO,story,post,200,card_teaser;carousel_rails;cover_box;downloads;hero;promo_banner;siteorigin_body;tags,cover_box_dark;teaser_media;teaser_overlay;teaser_toolbar,,
https://www.skoda-storyboard.com/en/concepts/skoda-vision-x-in-motion-for-the-first-time/,STO,story,post,200,card_teaser;cover_box;downloads;hero;promo_banner;siteorigin_body;tags,cover_box_dark;teaser_media;teaser_overlay;teaser_toolbar,youtube,
https://www.skoda-storyboard.com/en/classic-cars/teardrop-cars/,STO,story,post,200,card_teaser;carousel_rails;cover_box;downloads;hero;promo_banner;siteorigin_body;tags,cover_box_dark;teaser_media;teaser_overlay;teaser_toolbar,,
https://www.skoda-storyboard.com/en/lifestyle/people/my-life-my-car-the-smiles-on-customers-faces-make-me-happy/,STO,story,post,200,card_teaser;carousel_rails;cover_box;hero;promo_banner;siteorigin_body;tags,cover_box_dark;teaser_media;teaser_overlay;teaser_toolbar,,
https://www.skoda-storyboard.com/en/classic-cars/trekka-precursor-of-the-skoda-suv/,STO,story,post,200,card_teaser;cover_box;downloads;gallery_lightbox;hero;promo_banner;siteorigin_body;tags,cover_box_dark;teaser_media;teaser_overlay;teaser_toolbar,,
https://www.skoda-storyboard.com/en/media/livestream/skoda-auto-annual-press-conference/,STO,story,post,200,card_teaser;carousel_rails;cover_box;downloads;hero;promo_banner;siteorigin_body;tags,cover_box_dark;teaser_media;teaser_overlay;teaser_toolbar,,
https://www.skoda-storyboard.com/en/skoda-world/innovation-and-technology/10-car-things-to-check-for-in-spring/,STO,story,post,200,card_teaser;carousel_rails;cover_box;downloads;hero;promo_banner;siteorigin_body;tags,cover_box_dark;teaser_media;teaser_overlay;teaser_toolbar,youtube,
https://www.skoda-storyboard.com/en/models/test-your-knowledge-in-our-geneva-quiz/,STO,story,post,200,card_teaser;carousel_rails;cover_box;downloads;hero;promo_banner;siteorigin_body;tags,cover_box_dark;teaser_media;teaser_overlay;teaser_toolbar,,
https://www.skoda-storyboard.com/en/skoda-world/digital-news-from-geneva/,STO,story,post,200,hero;promo_banner;siteorigin_body;tags,teaser_overlay,,
https://www.skoda-storyboard.com/en/models/meet-the-skoda-kodiaq-laurin-klement/,STO,story,post,200,card_teaser;carousel_rails;cover_box;hero;promo_banner;siteorigin_body;tags,cover_box_dark;teaser_media;teaser_overlay;teaser_toolbar,youtube,
https://www.skoda-storyboard.com/en/skoda-world/skoda-in-geneva/,STO,story,post,200,card_teaser;carousel_rails;cover_box;hero;promo_banner;siteorigin_body;tags,cover_box_dark;teaser_media;teaser_overlay;teaser_toolbar,youtube,
https://www.skoda-storyboard.com/en/models/meet-the-new-skoda-fabia-2/,STO,story,post,200,card_teaser;carousel_rails;cover_box;hero;promo_banner;siteorigin_body;tags,cover_box_dark;teaser_media;teaser_overlay;teaser_toolbar,youtube,
https://www.skoda-storyboard.com/en/models/meet-the-skoda-vision-x/,STO,story,post,200,card_teaser;carousel_rails;cover_box;downloads;gallery_lightbox;hero;promo_banner;siteorigin_body;tags,cover_box_dark;teaser_media;teaser_overlay;teaser_toolbar,youtube,
https://www.skoda-storyboard.com/en/concepts/skoda-vision-x-is-here/,STO,story,post,200,card_teaser;carousel_rails;cover_box;downloads;gallery_lightbox;hero;promo_banner;siteorigin_body;tags,cover_box_dark;teaser_media;teaser_overlay;teaser_toolbar,youtube,
https://www.skoda-storyboard.com/en/models/a-school-of-driving-on-ice-and-snow-karoq-and-kodiaq-wont-let-you-down/,STO,story,post,200,card_teaser;carousel_rails;cover_box;downloads;hero;promo_banner;siteorigin_body;tags,cover_box_dark;teaser_media;teaser_overlay;teaser_toolbar,,
https://www.skoda-storyboard.com/en/models/13-challenging-questions-kids-ask-in-the-car/,STO,story,post,200,card_teaser;carousel_rails;cover_box;hero;promo_banner;siteorigin_body;tags,cover_box_dark;teaser_media;teaser_overlay;teaser_toolbar,,
https://www.skoda-storyboard.com/en/models/the-school-of-snow-and-ice-driving/,STO,story,post,200,card_teaser;carousel_rails;cover_box;downloads;hero;promo_banner;siteorigin_body;tags,cover_box_dark;teaser_media;teaser_overlay;teaser_toolbar,youtube,
https://www.skoda-storyboard.com/en/skoda-world/when-keeping-score-becomes-secondary/,STO,story,post,200,card_teaser;carousel_rails;cover_box;downloads;hero;promo_banner;siteorigin_body;tags,cover_box_dark;teaser_media;teaser_overlay;teaser_toolbar,,
https://www.skoda-storyboard.com/en/skoda-world/innovation-and-technology/five-levels-of-autonomous-driving/,STO,story,post,200,card_teaser;carousel_rails;cover_box;downloads;hero;promo_banner;siteorigin_body;tags,cover_box_dark;teaser_media;teaser_overlay;teaser_toolbar,,
https://www.skoda-storyboard.com/en/models/park-a-karoq-in-front-of-your-house-or-on-your-shelf/,STO,story,post,200,card_teaser;cover_box;downloads;hero;promo_banner;siteorigin_body;tags,cover_box_dark;teaser_media;teaser_overlay;teaser_toolbar,,
https://www.skoda-storyboard.com/en/models/discovering-the-full-power-of-a-skoda-4x4/,STO,story,post,200,card_teaser;cover_box;downloads;gallery_lightbox;hero;promo_banner;siteorigin_body;tags,cover_box_dark;teaser_media;teaser_overlay;teaser_toolbar,,
https://www.skoda-storyboard.com/en/models/vision-x-a-sketch-from-silhouette-to-details/,STO,story,post,200,card_teaser;carousel_rails;cover_box;downloads;hero;promo_banner;siteorigin_body;tags,cover_box_dark;teaser_media;teaser_overlay;teaser_toolbar,youtube,
https://www.skoda-storyboard.com/en/lifestyle/people/my-life-my-car-you-have-to-learn-to-walk-before-you-run/,STO,story,post,200,card_teaser;carousel_rails;cover_box;downloads;hero;promo_banner;siteorigin_body;tags,cover_box_dark;teaser_media;teaser_overlay;teaser_toolbar,,
https://www.skoda-storyboard.com/en/skoda-world/innovation-and-technology/gear-stick-decades-of-transformation/,STO,story,post,200,card_teaser;carousel_rails;cover_box;downloads;hero;promo_banner;tags,cover_box_dark;teaser_media;teaser_overlay;teaser_toolbar,,
https://www.skoda-storyboard.com/en/models/superb/skoda-mission-to-mars/,STO,story,post,200,card_teaser;carousel_rails;cover_box;downloads;hero;promo_banner;siteorigin_body;tags,cover_box_dark;teaser_media;teaser_overlay;teaser_toolbar,,
https://www.skoda-storyboard.com/en/models/sporty-spirit-from-rapid-to-rapid/,STO,story,post,200,card_teaser;cover_box;downloads;hero;promo_banner;siteorigin_body;tags,cover_box_dark;teaser_media;teaser_overlay;teaser_toolbar,,
https://www.skoda-storyboard.com/en/skoda-world/5-valentine-tips-for-love-on-four-wheels/,STO,story,post,200,card_teaser;carousel_rails;cover_box;downloads;hero;promo_banner;siteorigin_body;tags,cover_box_dark;teaser_media;teaser_overlay;teaser_toolbar,,
https://www.skoda-storyboard.com/en/models/meet-the-new-skoda-fabia/,STO,story,post,200,card_teaser;carousel_rails;cover_box;downloads;hero;promo_banner;siteorigin_body;tags,cover_box_dark;teaser_media;teaser_overlay;teaser_toolbar,youtube,
https://www.skoda-storyboard.com/en/skoda-world/innovation-and-technology/360-tour-of-the-digital-heart-of-skoda/,STO,story,post,200,card_teaser;carousel_rails;cover_box;downloads;hero;promo_banner;siteorigin_body;tags,cover_box_dark;teaser_media;teaser_overlay;teaser_toolbar,,
https://www.skoda-storyboard.com/en/skoda-world/winter-tips-4-simply-clever-tips-and-accessories/,STO,story,post,200,card_teaser;carousel_rails;cover_box;downloads;hero;promo_banner;siteorigin_body;tags,cover_box_dark;teaser_media;teaser_overlay;teaser_toolbar,,
https://www.skoda-storyboard.com/en/models/skoda-introduces-urban-crossover-vision-x/,STO,story,post,200,card_teaser;carousel_rails;cover_box;downloads;hero;promo_banner;siteorigin_body;tags,cover_box_dark;teaser_media;teaser_overlay;teaser_toolbar,,
https://www.skoda-storyboard.com/en/models/skoda-karoq-as-the-perfect-playground/,STO,story,post,200,card_teaser;carousel_rails;cover_box;downloads;hero;promo_banner;siteorigin_body;tags,cover_box_dark;teaser_media;teaser_overlay;teaser_toolbar,,
https://www.skoda-storyboard.com/en/lifestyle/motorsport/fabia-r5-taxi-behind-the-scenes/,STO,story,post,200,card_teaser;cover_box;downloads;hero;promo_banner;siteorigin_body;tags,cover_box_dark;teaser_media;teaser_overlay;teaser_toolbar,,
https://www.skoda-storyboard.com/en/models/my-life-my-car-i-get-a-charge-out-of-seeing-how-my-work-helps-people/,STO,story,post,200,card_teaser;carousel_rails;cover_box;downloads;hero;promo_banner;siteorigin_body;tags,cover_box_dark;teaser_media;teaser_overlay;teaser_toolbar,,
https://www.skoda-storyboard.com/en/models/kodiaq-is-first-skoda-to-complete-the-dakar-rally/,STO,story,post,200,card_teaser;carousel_rails;cover_box;downloads;hero;promo_banner;siteorigin_body;tags,cover_box_dark;teaser_media;teaser_overlay;teaser_toolbar,,
https://www.skoda-storyboard.com/en/skoda-world/winter-tips-3-do-not-let-snow-and-ice-catch-you-by-surprise/,STO,story,post,200,card_teaser;carousel_rails;cover_box;downloads;hero;promo_banner;siteorigin_body;tags,cover_box_dark;teaser_media;teaser_overlay;teaser_toolbar,,
https://www.skoda-storyboard.com/en/models/take-a-look-at-rejuvenated-skoda-fabia/,STO,story,post,200,card_teaser;carousel_rails;cover_box;downloads;hero;promo_banner;siteorigin_body;tags,cover_box_dark;teaser_media;teaser_overlay;teaser_toolbar,,
https://www.skoda-storyboard.com/en/models/quiz-recognize-the-skoda-models-by-their-lights/,STO,story,post,200,card_teaser;carousel_rails;cover_box;downloads;hero;promo_banner;siteorigin_body;tags,cover_box_dark;teaser_media;teaser_overlay;teaser_toolbar,,
https://www.skoda-storyboard.com/en/skoda-world/innovation-and-technology/10-questions-and-answers-about-electric-cars/,STO,story,post,200,card_teaser;carousel_rails;cover_box;downloads;hero;promo_banner;siteorigin_body;tags,cover_box_dark;teaser_media;teaser_overlay;teaser_toolbar,,
https://www.skoda-storyboard.com/en/skoda-world/from-austro-hungarian-empire-to-virtual-reality/,STO,story,post,200,card_teaser;carousel_rails;cover_box;downloads;hero;promo_banner;siteorigin_body;tags,cover_box_dark;teaser_media;teaser_overlay;teaser_toolbar,,
https://www.skoda-storyboard.com/en/skoda-world/winter-tips-2-prepare-your-car-for-a-frosty-night/,STO,story,post,200,card_teaser;carousel_rails;cover_box;downloads;hero;promo_banner;siteorigin_body;tags,cover_box_dark;teaser_media;teaser_overlay;teaser_toolbar,,
https://www.skoda-storyboard.com/en/skoda-world/innovation-and-technology/between-carbon-and-sulphur/,STO,story,post,200,card_teaser;cover_box;downloads;hero;promo_banner;siteorigin_body;tags,cover_box_dark;teaser_media;teaser_overlay;teaser_toolbar,,
https://www.skoda-storyboard.com/en/skoda-world/motoring-to-winter-fun-in-italy-france-and-slovenia/,STO,story,post,200,card_teaser;carousel_rails;cover_box;downloads;hero;promo_banner;siteorigin_body;tags,cover_box_dark;teaser_media;teaser_overlay;teaser_toolbar,,
https://www.skoda-storyboard.com/en/lifestyle/sports/taxi-taxi-the-zesty-fabia-r5-raced-passengers-through-prague/,STO,story,post,200,card_teaser;cover_box;downloads;gallery_lightbox;hero;promo_banner;siteorigin_body;tags,cover_box_dark;teaser_media;teaser_overlay;teaser_toolbar,youtube,
https://www.skoda-storyboard.com/en/models/karoq/last-minute-gift-download-your-own-karoq/,STO,story,post,200,card_teaser;carousel_rails;cover_box;downloads;hero;promo_banner;siteorigin_body;tags,cover_box_dark;teaser_media;teaser_overlay;teaser_toolbar,,
https://www.skoda-storyboard.com/en/lifestyle/last-minute-gift-holiday-greetings/,STO,story,post,200,card_teaser;carousel_rails;cover_box;downloads;hero;promo_banner;siteorigin_body;tags,cover_box_dark;teaser_media;teaser_overlay;teaser_toolbar,,
https://www.skoda-storyboard.com/en/skoda-world/champion-at-work-fabia-r5-racing-through-factory/,STO,story,post,200,card_teaser;carousel_rails;cover_box;downloads;hero;promo_banner;siteorigin_body;tags,cover_box_dark;teaser_media;teaser_overlay;teaser_toolbar,,
https://www.skoda-storyboard.com/en/skoda-world/winter-tips-1-prepare-for-winter/,STO,story,post,200,card_teaser;carousel_rails;cover_box;downloads;hero;promo_banner;siteorigin_body;tags,cover_box_dark;teaser_media;teaser_overlay;teaser_toolbar,,
https://www.skoda-storyboard.com/en/skoda-world/motoring-to-winter-fun-in-austria-and-switzerland/,STO,story,post,200,card_teaser;carousel_rails;cover_box;downloads;hero;promo_banner;siteorigin_body;tags,cover_box_dark;teaser_media;teaser_overlay;teaser_toolbar,,
https://www.skoda-storyboard.com/en/skoda-world/the-best-of-storyboard-exploration-in-2017/,STO,story,post,200,card_teaser;cover_box;downloads;hero;promo_banner;siteorigin_body;tags,cover_box_dark;teaser_media;teaser_overlay;teaser_toolbar,,
https://www.skoda-storyboard.com/en/skoda-world/the-best-of-storyboard-a-drive-through-2017/,STO,story,post,200,card_teaser;cover_box;downloads;hero;promo_banner;siteorigin_body;tags,cover_box_dark;teaser_media;teaser_overlay;teaser_toolbar,,
https://www.skoda-storyboard.com/en/skoda-world/santas-honorary-helpers-3/,STO,story,post,200,card_teaser;carousel_rails;cover_box;downloads;gallery_lightbox;hero;promo_banner;siteorigin_body;tags,cover_box_dark;teaser_media;teaser_overlay;teaser_toolbar,,
https://www.skoda-storyboard.com/en/models/skoda-octavia-eye-to-eye/,STO,story,post,200,card_teaser;cover_box;downloads;hero;promo_banner;siteorigin_body;tags,cover_box_dark;teaser_media;teaser_overlay;teaser_toolbar,,
https://www.skoda-storyboard.com/en/skoda-world/motoring-to-winter-fun/,STO,story,post,200,card_teaser;carousel_rails;cover_box;hero;promo_banner;siteorigin_body;tags,cover_box_dark;teaser_media;teaser_overlay;teaser_toolbar,,
https://www.skoda-storyboard.com/en/lifestyle/sports/catching-breath-the-himalayan-challenge/,STO,story,post,200,card_teaser;carousel_rails;cover_box;downloads;hero;promo_banner;siteorigin_body;tags,cover_box_dark;teaser_media;teaser_overlay;teaser_toolbar,,
https://www.skoda-storyboard.com/en/models/the-magic-of-santas-village/,STO,story,post,200,card_teaser;carousel_rails;cover_box;downloads;gallery_lightbox;hero;promo_banner;siteorigin_body;tags,cover_box_dark;teaser_media;teaser_overlay;teaser_toolbar,,
https://www.skoda-storyboard.com/en/skoda-world/a-racing-car-born-for-victory/,STO,story,post,200,card_teaser;carousel_rails;cover_box;downloads;hero;promo_banner;siteorigin_body;tags,cover_box_dark;teaser_media;teaser_overlay;teaser_toolbar,vimeo,
https://www.skoda-storyboard.com/en/lifestyle/people/10-tips-on-how-to-photograph-cars-with-your-smartphone/,STO,story,post,200,card_teaser;carousel_rails;cover_box;downloads;hero;promo_banner;siteorigin_body;tags,cover_box_dark;teaser_media;teaser_overlay;teaser_toolbar,,
https://www.skoda-storyboard.com/en/skoda-world/innovation-and-technology/close-up-through-the-microscope-part-2/,STO,story,post,200,card_teaser;carousel_rails;cover_box;downloads;hero;promo_banner;siteorigin_body;tags,cover_box_dark;teaser_media;teaser_overlay;teaser_toolbar,,
https://www.skoda-storyboard.com/en/skoda-world/the-christmas-letter-carriers-journey/,STO,story,post,200,card_teaser;carousel_rails;cover_box;downloads;gallery_lightbox;hero;promo_banner;siteorigin_body;tags,cover_box_dark;teaser_media;teaser_overlay;teaser_toolbar,,
https://www.skoda-storyboard.com/en/skoda-world/steering-wheel-decades-of-changes/,STO,story,post,200,card_teaser;cover_box;downloads;hero;promo_banner;siteorigin_body;tags,cover_box_dark;teaser_media;teaser_overlay;teaser_toolbar,,
https://www.skoda-storyboard.com/en/models/connect-yourself-with-the-karoq/,STO,story,post,200,card_teaser;carousel_rails;cover_box;downloads;hero;promo_banner;siteorigin_body;tags,cover_box_dark;teaser_media;teaser_overlay;teaser_toolbar,,
https://www.skoda-storyboard.com/en/skoda-world/topsy-turvy-christmas/,STO,story,post,200,card_teaser;carousel_rails;cover_box;downloads;hero;promo_banner;siteorigin_body;tags,cover_box_dark;teaser_media;teaser_overlay;teaser_toolbar,,
https://www.skoda-storyboard.com/en/skoda-world/eight-decades-of-4x4-at-skoda/,STO,story,post,200,card_teaser;carousel_rails;cover_box;downloads;hero;promo_banner;siteorigin_body;tags,cover_box_dark;teaser_media;teaser_overlay;teaser_toolbar,,
https://www.skoda-storyboard.com/en/lifestyle/sports/11-steps-to-victory/,STO,story,post,200,card_teaser;carousel_rails;cover_box;downloads;hero;promo_banner;siteorigin_body;tags,cover_box_dark;teaser_media;teaser_overlay;teaser_toolbar,,
https://www.skoda-storyboard.com/en/lifestyle/people/adventure-in-the-shadow-of-mount-etna/,STO,story,post,200,card_teaser;cover_box;downloads;hero;promo_banner;siteorigin_body;tags,cover_box_dark;teaser_media;teaser_overlay;teaser_toolbar,,
https://www.skoda-storyboard.com/en/models/skoda-karoq-takes-the-prestigious-golden-steering-wheel/,STO,story,post,200,card_teaser;carousel_rails;cover_box;downloads;hero;promo_banner;siteorigin_body;tags,cover_box_dark;teaser_media;teaser_overlay;teaser_toolbar,,
https://www.skoda-storyboard.com/en/skoda-world/innovation-and-technology/10-tips-that-may-help-you-save-fuel/,STO,story,post,200,card_teaser;cover_box;downloads;hero;promo_banner;siteorigin_body;tags,cover_box_dark;teaser_media;teaser_overlay;teaser_toolbar,,
https://www.skoda-storyboard.com/en/skoda-world/a-different-halloween-awaken-your-inner-child/,STO,story,post,200,card_teaser;carousel_rails;cover_box;downloads;hero;promo_banner;siteorigin_body;tags,cover_box_dark;teaser_media;teaser_overlay;teaser_toolbar,,
https://www.skoda-storyboard.com/en/skoda-world/innovation-and-technology/meet-the-style-skoda-color-trim-design-team/,STO,story,post,200,card_teaser;carousel_rails;cover_box;downloads;hero;promo_banner;siteorigin_body;tags,cover_box_dark;teaser_media;teaser_overlay;teaser_toolbar,,
https://www.skoda-storyboard.com/en/skoda-world/skoda-on-the-way-to-customers/,STO,story,post,200,card_teaser;carousel_rails;cover_box;downloads;hero;promo_banner;siteorigin_body;tags,cover_box_dark;teaser_media;teaser_overlay;teaser_toolbar,,
https://www.skoda-storyboard.com/en/skoda-world/virtual-walk-through-historical-prague/,STO,story,post,200,card_teaser;carousel_rails;cover_box;downloads;hero;promo_banner;siteorigin_body;tags,cover_box_dark;teaser_media;teaser_overlay;teaser_toolbar,,
https://www.skoda-storyboard.com/en/skoda-world/70-years-in-kvasiny/,STO,story,post,200,card_teaser;cover_box;downloads;hero;promo_banner;siteorigin_body;tags,cover_box_dark;teaser_media;teaser_overlay;teaser_toolbar,,
https://www.skoda-storyboard.com/en/lifestyle/people/how-skoda-helps/,STO,story,post,200,card_teaser;carousel_rails;cover_box;downloads;hero;promo_banner;siteorigin_body;tags,cover_box_dark;teaser_media;teaser_overlay;teaser_toolbar,,
https://www.skoda-storyboard.com/en/skoda-world/90-years-of-vocational-training/,STO,story,post,200,card_teaser;carousel_rails;cover_box;downloads;hero;promo_banner;siteorigin_body;tags,cover_box_dark;teaser_media;teaser_overlay;teaser_toolbar,,
https://www.skoda-storyboard.com/en/skoda-world/innovation-and-technology/skodas-new-live-tour/,STO,story,post,200,card_teaser;carousel_rails;cover_box;downloads;hero;promo_banner;siteorigin_body;tags,cover_box_dark;teaser_media;teaser_overlay;teaser_toolbar,,
https://www.skoda-storyboard.com/en/models/parking-challenge-citigo-in-action/,STO,story,post,200,card_teaser;carousel_rails;cover_box;downloads;hero;promo_banner;siteorigin_body;tags,cover_box_dark;teaser_media;teaser_overlay;teaser_toolbar,,
https://www.skoda-storyboard.com/en/skoda-world/innovation-and-technology/it-girls-are-changing-the-car-of-the-future/,STO,story,post,200,card_teaser;carousel_rails;cover_box;downloads;hero;promo_banner;siteorigin_body;tags,cover_box_dark;teaser_media;teaser_overlay;teaser_toolbar,,
https://www.skoda-storyboard.com/en/lifestyle/people/skoda-cars-on-postage-stamps/,STO,story,post,200,card_teaser;carousel_rails;cover_box;downloads;hero;promo_banner;siteorigin_body;tags,cover_box_dark;teaser_media;teaser_overlay;teaser_toolbar,,
https://www.skoda-storyboard.com/en/skoda-world/innovation-and-technology/creating-art-for-skoda-showrooms/,STO,story,post,200,card_teaser;carousel_rails;cover_box;downloads;hero;promo_banner;siteorigin_body;tags,cover_box_dark;teaser_media;teaser_overlay;teaser_toolbar,,
https://www.skoda-storyboard.com/en/skoda-world/20-million-reasons-to-celebrate/,STO,story,post,200,card_teaser;cover_box;downloads;hero;promo_banner;siteorigin_body;tags,cover_box_dark;teaser_media;teaser_overlay;teaser_toolbar,,
https://www.skoda-storyboard.com/en/skoda-world/making-of-video-behind-the-skoda-logo-story/,STO,story,post,200,card_teaser;carousel_rails;cover_box;downloads;hero;promo_banner;siteorigin_body;tags,cover_box_dark;teaser_media;teaser_overlay;teaser_toolbar,,
https://www.skoda-storyboard.com/en/models/the-art-of-speed-pontus-tidemand-and-octavia-rs-245/,STO,story,post,200,card_teaser;carousel_rails;cover_box;downloads;hero;promo_banner;siteorigin_body;tags,cover_box_dark;teaser_media;teaser_overlay;teaser_toolbar,,
https://www.skoda-storyboard.com/en/models/the-new-skoda-karoq-introduced-check-it-out/,STO,story,post,200,card_teaser;carousel_rails;cover_box;downloads;hero;promo_banner;siteorigin_body;tags,cover_box_dark;teaser_media;teaser_overlay;teaser_toolbar,,
https://www.skoda-storyboard.com/en/models/meet-skoda-kodiaq-scout/,STO,story,post,200,card_teaser;cover_box;downloads;hero;promo_banner;siteorigin_body;tags,cover_box_dark;teaser_media;teaser_overlay;teaser_toolbar,,
https://www.skoda-storyboard.com/en/skoda-world/marathon-runners-helping-children/,STO,story,post,200,card_teaser;cover_box;downloads;hero;promo_banner;siteorigin_body;tags,cover_box_dark;teaser_media;teaser_overlay;teaser_toolbar,,
https://www.skoda-storyboard.com/en/skoda-world/enter-the-world-of-skoda-in-frankfurt/,STO,story,post,200,card_teaser;cover_box;downloads;hero;promo_banner;siteorigin_body;tags,cover_box_dark;teaser_media;teaser_overlay;teaser_toolbar,vimeo,
https://www.skoda-storyboard.com/en/models/meet-the-skoda-kodiaq-sportline/,STO,story,post,200,card_teaser;cover_box;downloads;hero;promo_banner;siteorigin_body;tags,cover_box_dark;teaser_media;teaser_overlay;teaser_toolbar,,
https://www.skoda-storyboard.com/en/concepts/take-a-close-look-at-the-vision-e-concept/,STO,story,post,200,card_teaser;carousel_rails;cover_box;downloads;hero;promo_banner;siteorigin_body;tags,cover_box_dark;teaser_media;teaser_overlay;teaser_toolbar,,
https://www.skoda-storyboard.com/en/media/livestream/skoda-in-frankfurt/,STO,story,post,200,card_teaser;carousel_rails;cover_box;downloads;hero;promo_banner;siteorigin_body;tags,cover_box_dark;teaser_media;teaser_overlay;teaser_toolbar,,
https://www.skoda-storyboard.com/en/skoda-world/innovation-and-technology/powerful-and-efficient/,STO,story,post,200,card_teaser;cover_box;downloads;hero;promo_banner;siteorigin_body,cover_box_dark;teaser_media;teaser_overlay;teaser_toolbar,,
https://www.skoda-storyboard.com/en/skoda-world/heritage/happy-birthday-dear-favorit/,STO,story,post,200,card_teaser;cover_box;downloads;hero;promo_banner;siteorigin_body,cover_box_dark;teaser_media;teaser_overlay;teaser_toolbar,vimeo,
https://www.skoda-storyboard.com/en/models/kodiaq/to-alaska-with-kodiaq/,STO,story,post,200,card_teaser;carousel_rails;cover_box;downloads;hero;promo_banner;siteorigin_body;tags,cover_box_dark;teaser_media;teaser_overlay;teaser_toolbar,,
https://www.skoda-storyboard.com/en/models/citigo/visit-czechia-hidden-places-in-prague/,STO,story,post,200,card_teaser;cover_box;downloads;hero;promo_banner;siteorigin_body;tags,cover_box_dark;teaser_media;teaser_overlay;teaser_toolbar,,
https://www.skoda-storyboard.com/en/lifestyle/motorsport/world-champions-once-again/,STO,story,post,200,card_teaser;carousel_rails;cover_box;downloads;hero;promo_banner;siteorigin_body;tags,cover_box_dark;teaser_media;teaser_overlay;teaser_toolbar,,
https://www.skoda-storyboard.com/en/skoda-world/first-hand-classic-rally-experience/,STO,story,post,200,card_teaser;cover_box;downloads;hero;promo_banner;siteorigin_body;tags,cover_box_dark;teaser_media;teaser_overlay;teaser_toolbar,,
https://www.skoda-storyboard.com/en/skoda-world/driving-through-slovakia/,STO,story,post,200,card_teaser;carousel_rails;cover_box;downloads;hero;promo_banner;siteorigin_body;tags,cover_box_dark;teaser_media;teaser_overlay;teaser_toolbar,,
https://www.skoda-storyboard.com/en/lifestyle/motorsport/remarkable-story-skoda-130-lr/,STO,story,post,200,card_teaser;cover_box;downloads;hero;promo_banner;siteorigin_body;tags,cover_box_dark;teaser_media;teaser_overlay;teaser_toolbar,vimeo,
https://www.skoda-storyboard.com/en/skoda-world/driving-through-austria/,STO,story,post,200,card_teaser;carousel_rails;cover_box;downloads;hero;promo_banner;siteorigin_body;tags,cover_box_dark;teaser_media;teaser_overlay;teaser_toolbar,,
https://www.skoda-storyboard.com/en/models/discover-the-dna-of-the-skoda-suv-family/,STO,story,post,200,card_teaser;carousel_rails;cover_box;downloads;hero;promo_banner;siteorigin_body;tags,cover_box_dark;teaser_media;teaser_overlay;teaser_toolbar,,
https://www.skoda-storyboard.com/en/skoda-world/driving-through-poland/,STO,story,post,200,card_teaser;carousel_rails;cover_box;downloads;hero;promo_banner;siteorigin_body;tags,cover_box_dark;teaser_media;teaser_overlay;teaser_toolbar,,
https://www.skoda-storyboard.com/en/skoda-world/innovation-and-technology/childishly-simple-skoda-assistance-systems-part-3/,STO,story,post,200,card_teaser;carousel_rails;cover_box;downloads;hero;promo_banner;siteorigin_body;tags,cover_box_dark;teaser_media;teaser_overlay;teaser_toolbar,,
https://www.skoda-storyboard.com/en/skoda-world/carefully-attended-jewels/,STO,story,post,200,card_teaser;carousel_rails;cover_box;downloads;hero;promo_banner;siteorigin_body;tags,cover_box_dark;teaser_media;teaser_overlay;teaser_toolbar,,
https://www.skoda-storyboard.com/en/skoda-world/driving-through-germany/,STO,story,post,200,card_teaser;carousel_rails;cover_box;downloads;hero;promo_banner;siteorigin_body;tags,cover_box_dark;teaser_media;teaser_overlay;teaser_toolbar,,
https://www.skoda-storyboard.com/en/lifestyle/people/recipe-for-success/,STO,story,post,200,card_teaser;carousel_rails;cover_box;downloads;hero;promo_banner;siteorigin_body;tags,cover_box_dark;teaser_media;teaser_overlay;teaser_toolbar,,
https://www.skoda-storyboard.com/en/models/how-the-karoq-is-born/,STO,story,post,200,card_teaser;cover_box;downloads;hero;promo_banner;siteorigin_body;tags,cover_box_dark;teaser_media;teaser_overlay;teaser_toolbar,,
https://www.skoda-storyboard.com/en/skoda-world/desert-cowboys-help-to-revitalize-tabernas/,STO,story,post,200,card_teaser;carousel_rails;cover_box;downloads;hero;promo_banner;siteorigin_body;tags,cover_box_dark;teaser_media;teaser_overlay;teaser_toolbar,,
https://www.skoda-storyboard.com/en/skoda-world/driving-through-italy/,STO,story,post,200,card_teaser;carousel_rails;cover_box;downloads;hero;promo_banner;siteorigin_body;tags,cover_box_dark;teaser_media;teaser_overlay;teaser_toolbar,,
https://www.skoda-storyboard.com/en/skoda-world/imagine-all-smiles-upon-us/,STO,story,post,200,card_teaser;carousel_rails;cover_box;downloads;hero;promo_banner;siteorigin_body;tags,cover_box_dark;teaser_media;teaser_overlay;teaser_toolbar,,
https://www.skoda-storyboard.com/en/skoda-world/driving-through-croatia/,STO,story,post,200,card_teaser;carousel_rails;cover_box;downloads;hero;promo_banner;siteorigin_body;tags,cover_box_dark;teaser_media;teaser_overlay;teaser_toolbar,,
https://www.skoda-storyboard.com/en/models/will-it-fit-karoq-versus-1000-bidons/,STO,story,post,200,card_teaser;carousel_rails;cover_box;downloads;hero;promo_banner;siteorigin_body;tags,cover_box_dark;teaser_media;teaser_overlay;teaser_toolbar,,
https://www.skoda-storyboard.com/en/lifestyle/sports/cycling/crystal-gems-of-tour-de-france/,STO,story,post,200,card_teaser;carousel_rails;cover_box;downloads;hero;promo_banner;siteorigin_body;tags,cover_box_dark;teaser_media;teaser_overlay;teaser_toolbar,,
https://www.skoda-storyboard.com/en/skoda-world/driving-through-czech-republic/,STO,story,post,200,card_teaser;carousel_rails;cover_box;downloads;hero;promo_banner;siteorigin_body;tags,cover_box_dark;teaser_media;teaser_overlay;teaser_toolbar,,
https://www.skoda-storyboard.com/en/lifestyle/motorsport/skoda-motorsport-success-built-on-tradition/,STO,story,post,200,card_teaser;carousel_rails;cover_box;downloads;hero;promo_banner;siteorigin_body;tags,cover_box_dark;teaser_media;teaser_overlay;teaser_toolbar,,
https://www.skoda-storyboard.com/en/skoda-world/tour-de-france-with-skoda-karoq/,STO,story,post,200,card_teaser;cover_box;downloads;hero;promo_banner;siteorigin_body;tags,cover_box_dark;teaser_media;teaser_overlay;teaser_toolbar,,
https://www.skoda-storyboard.com/en/skoda-world/driving-through-europe/,STO,story,post,200,card_teaser;carousel_rails;cover_box;downloads;hero;promo_banner;siteorigin_body;tags,cover_box_dark;teaser_media;teaser_overlay;teaser_toolbar,,
https://www.skoda-storyboard.com/en/skoda-world/streamlined-tear-drop/,STO,story,post,200,card_teaser;cover_box;downloads;hero;promo_banner;siteorigin_body;tags,cover_box_dark;teaser_media;teaser_overlay;teaser_toolbar,,
https://www.skoda-storyboard.com/en/lifestyle/sports/cycling/tour-de-other-countries/,STO,story,post,200,card_teaser;carousel_rails;cover_box;downloads;hero;promo_banner;siteorigin_body;tags,cover_box_dark;teaser_media;teaser_overlay;teaser_toolbar,,
https://www.skoda-storyboard.com/en/skoda-world/innovation-and-technology/childishly-simple-skoda-assistance-systems-part-2/,STO,story,post,200,card_teaser;carousel_rails;cover_box;downloads;hero;promo_banner;siteorigin_body;tags,cover_box_dark;teaser_media;teaser_overlay;teaser_toolbar,,
https://www.skoda-storyboard.com/en/skoda-world/15-million-cars-since-1991/,STO,story,post,200,card_teaser;carousel_rails;cover_box;downloads;hero;promo_banner;siteorigin_body;tags,cover_box_dark;teaser_media;teaser_overlay;teaser_toolbar,,
https://www.skoda-storyboard.com/en/models/a-new-student-car-the-skoda-element/,STO,story,post,200,card_teaser;cover_box;downloads;hero;promo_banner;siteorigin_body;tags,cover_box_dark;teaser_media;teaser_overlay;teaser_toolbar,,
https://www.skoda-storyboard.com/en/models/kodiaq/100-years-of-tradition-skoda-ambulances/,STO,story,post,200,card_teaser;cover_box;downloads;hero;promo_banner;siteorigin_body;tags,cover_box_dark;teaser_media;teaser_overlay;teaser_toolbar,,
https://www.skoda-storyboard.com/en/models/octavia/yoga-it/,STO,story,post,200,card_teaser;cover_box;downloads;hero;promo_banner;siteorigin_body;tags,cover_box_dark;teaser_media;teaser_overlay;teaser_toolbar,,
https://www.skoda-storyboard.com/en/models/frankfurt-vertical/,STO,story,post,200,card_teaser;carousel_rails;cover_box;downloads;hero;promo_banner;siteorigin_body;tags,cover_box_dark;teaser_media;teaser_overlay;teaser_toolbar,,
https://www.skoda-storyboard.com/en/skoda-world/innovation-and-technology/close-up-through-the-microscope/,STO,story,post,200,card_teaser;carousel_rails;cover_box;downloads;hero;promo_banner;siteorigin_body;tags,cover_box_dark;teaser_media;teaser_overlay;teaser_toolbar,,
https://www.skoda-storyboard.com/en/models/kodiaq/stargazing-with-the-kodiaq/,STO,story,post,200,card_teaser;carousel_rails;cover_box;downloads;hero;promo_banner;siteorigin_body;tags,cover_box_dark;teaser_media;teaser_overlay;teaser_toolbar,,
https://www.skoda-storyboard.com/en/skoda-world/innovation-and-technology/life-in-the-lab/,STO,story,post,200,card_teaser;carousel_rails;cover_box;downloads;hero;promo_banner;siteorigin_body;tags,cover_box_dark;teaser_media;teaser_overlay;teaser_toolbar,,
https://www.skoda-storyboard.com/en/skoda-world/18-cents-a-spin/,STO,story,post,200,card_teaser;cover_box;downloads;hero;promo_banner;siteorigin_body;tags,cover_box_dark;teaser_media;teaser_overlay;teaser_toolbar,,
https://www.skoda-storyboard.com/en/lifestyle/sports/ice-hockey-and-skoda-go-together/,STO,story,post,200,card_teaser;cover_box;downloads;hero;promo_banner;siteorigin_body;tags,cover_box_dark;teaser_media;teaser_overlay;teaser_toolbar,,
https://www.skoda-storyboard.com/en/skoda-world/letape-du-tour/,STO,story,post,200,card_teaser;carousel_rails;cover_box;downloads;hero;promo_banner;siteorigin_body;tags,cover_box_dark;teaser_media;teaser_overlay;teaser_toolbar,,
https://www.skoda-storyboard.com/en/models/the-karoq-naming-story/,STO,story,post,200,card_teaser;carousel_rails;cover_box;downloads;hero;promo_banner;siteorigin_body;tags,cover_box_dark;teaser_media;teaser_overlay;teaser_toolbar,,
https://www.skoda-storyboard.com/en/models/skoda-karoq-no-more-secrets/,STO,story,post,200,card_teaser;cover_box;downloads;hero;promo_banner;siteorigin_body;tags,cover_box_dark;teaser_media;teaser_overlay;teaser_toolbar,,
https://www.skoda-storyboard.com/en/media/livestream/skoda-karoq-world-premiere/,STO,story,post,200,card_teaser;carousel_rails;cover_box;hero;promo_banner;siteorigin_body;tags,cover_box_dark;teaser_media;teaser_overlay;teaser_toolbar,,
https://www.skoda-storyboard.com/en/models/road-to-stockholm-with-the-karoq-part-3-sweden/,STO,story,post,200,card_teaser;carousel_rails;cover_box;downloads;hero;promo_banner;siteorigin_body;tags,cover_box_dark;teaser_media;teaser_overlay;teaser_toolbar,,
https://www.skoda-storyboard.com/en/models/road-to-stockholm-with-the-karoq-part-2-germany/,STO,story,post,200,card_teaser;carousel_rails;cover_box;downloads;hero;promo_banner;siteorigin_body;tags,cover_box_dark;teaser_media;teaser_overlay;teaser_toolbar,,
https://www.skoda-storyboard.com/en/models/road-to-stockholm-with-the-karoq-part-1-czechia/,STO,story,post,200,card_teaser;carousel_rails;cover_box;downloads;hero;promo_banner;siteorigin_body;tags,cover_box_dark;teaser_media;teaser_overlay;teaser_toolbar,,
https://www.skoda-storyboard.com/en/lifestyle/sports/dream-rink-how-to-make-perfect-ice/,STO,story,post,200,card_teaser;carousel_rails;cover_box;downloads;hero;promo_banner;siteorigin_body;tags,cover_box_dark;teaser_media;teaser_overlay;teaser_toolbar,,
https://www.skoda-storyboard.com/en/skoda-world/innovation-and-technology/what-drives-you-berlin-skoda/,STO,story,post,200,card_teaser;carousel_rails;cover_box;downloads;hero;promo_banner;siteorigin_body;tags,cover_box_dark;teaser_media;teaser_overlay;teaser_toolbar,,
https://www.skoda-storyboard.com/en/models/million-kilometres-in-a-fabia/,STO,story,post,200,card_teaser;carousel_rails;cover_box;downloads;hero;promo_banner;siteorigin_body;tags,cover_box_dark;teaser_media;teaser_overlay;teaser_toolbar,,
https://www.skoda-storyboard.com/en/models/tracking-karoq-in-the-wild/,STO,story,post,200,card_teaser;cover_box;downloads;hero;promo_banner;siteorigin_body;tags,cover_box_dark;teaser_media;teaser_overlay;teaser_toolbar,youtube,
https://www.skoda-storyboard.com/en/skoda-world/the-first-european-referee-in-nhl/,STO,story,post,200,card_teaser;carousel_rails;cover_box;downloads;hero;promo_banner;siteorigin_body;tags,cover_box_dark;teaser_media;teaser_overlay;teaser_toolbar,,
https://www.skoda-storyboard.com/en/skoda-world/25-years-with-hockey/,STO,story,post,200,card_teaser;carousel_rails;cover_box;downloads;hero;promo_banner;siteorigin_body;tags,cover_box_dark;teaser_media;teaser_overlay;teaser_toolbar,youtube,
https://www.skoda-storyboard.com/en/skoda-world/innovation-and-technology/vision-of-a-digital-future/,STO,story,post,200,card_teaser;carousel_rails;cover_box;downloads;hero;promo_banner;siteorigin_body;tags,cover_box_dark;teaser_media;teaser_overlay;teaser_toolbar,,
https://www.skoda-storyboard.com/en/models/fabia/visit-czechia-most-romantic-places/,STO,story,post,200,card_teaser;cover_box;downloads;hero;promo_banner;siteorigin_body;tags,cover_box_dark;teaser_media;teaser_overlay;teaser_toolbar,,
https://www.skoda-storyboard.com/en/models/karoq/the-karoq-story/,STO,story,post,200,card_teaser;carousel_rails;cover_box;downloads;hero;promo_banner;siteorigin_body;tags,cover_box_dark;teaser_media;teaser_overlay;teaser_toolbar,youtube,
https://www.skoda-storyboard.com/en/skoda-world/innovation-and-technology/experts-behind-the-vision-e/,STO,story,post,200,card_teaser;carousel_rails;cover_box;downloads;hero;promo_banner;siteorigin_body;tags,cover_box_dark;teaser_media;teaser_overlay;teaser_toolbar,youtube,
https://www.skoda-storyboard.com/en/models/kodiaq-off-road/,STO,story,post,200,card_teaser;cover_box;downloads;hero;promo_banner;siteorigin_body;tags,cover_box_dark;teaser_media;teaser_overlay;teaser_toolbar,,
https://www.skoda-storyboard.com/en/skoda-world/innovation-and-technology/8-steps-to-a-new-concept-car/,STO,story,post,200,card_teaser;cover_box;downloads;hero;promo_banner;siteorigin_body;tags,cover_box_dark;teaser_media;teaser_overlay;teaser_toolbar,youtube,
https://www.skoda-storyboard.com/en/skoda-world/innovation-and-technology/vision-e-premiere-in-shanghai/,STO,story,post,200,card_teaser;cover_box;downloads;hero;promo_banner;siteorigin_body;tags,cover_box_dark;teaser_media;teaser_overlay;teaser_toolbar,youtube,
https://www.skoda-storyboard.com/en/models/visit-czechia-jeseniky-mountains/,STO,story,post,200,card_teaser;cover_box;downloads;hero;promo_banner;siteorigin_body;tags,cover_box_dark;teaser_media;teaser_overlay;teaser_toolbar,youtube,
https://www.skoda-storyboard.com/en/skoda-world/my-excellent-dog-life/,STO,story,post,200,card_teaser;carousel_rails;cover_box;downloads;hero;promo_banner;siteorigin_body;tags,cover_box_dark;teaser_media;teaser_overlay;teaser_toolbar,youtube,
https://www.skoda-storyboard.com/en/models/kodiaq-soars-over-the-swiss-alps/,STO,story,post,200,card_teaser;carousel_rails;cover_box;downloads;hero;promo_banner;siteorigin_body;tags,cover_box_dark;teaser_media;teaser_overlay;teaser_toolbar,youtube,
https://www.skoda-storyboard.com/en/skoda-world/innovation-and-technology/keeping-germs-away-from-your-car/,STO,story,post,200,card_teaser;carousel_rails;cover_box;downloads;hero;promo_banner;siteorigin_body;tags,cover_box_dark;teaser_media;teaser_overlay;teaser_toolbar,,
https://www.skoda-storyboard.com/en/models/kodiaq-road-trip/,STO,story,post,200,card_teaser;carousel_rails;cover_box;downloads;hero;promo_banner;siteorigin_body;tags,cover_box_dark;teaser_media;teaser_overlay;teaser_toolbar,youtube,
https://www.skoda-storyboard.com/en/models/will-it-fit-kodiaq-vs-rugby-team/,STO,story,post,200,card_teaser;carousel_rails;cover_box;downloads;hero;promo_banner;siteorigin_body;tags,cover_box_dark;teaser_media;teaser_overlay;teaser_toolbar,,
https://www.skoda-storyboard.com/en/skoda-world/innovation-and-technology/vision-e-skodas-charged-future/,STO,story,post,200,card_teaser;carousel_rails;cover_box;downloads;hero;promo_banner;siteorigin_body;tags,cover_box_dark;teaser_media;teaser_overlay;teaser_toolbar,,
https://www.skoda-storyboard.com/en/models/the-highest-level-of-comfort-for-seated-giants/,STO,story,post,200,card_teaser;cover_box;downloads;hero;promo_banner;siteorigin_body;tags,cover_box_dark;teaser_media;teaser_overlay;teaser_toolbar,,
https://www.skoda-storyboard.com/en/skoda-world/innovation-and-technology/skoda-design-dna/,STO,story,post,200,hero;promo_banner;siteorigin_body;tags,teaser_overlay,youtube,
https://www.skoda-storyboard.com/en/skoda-world/innovation-and-technology/10-tips-for-travelling-with-pets/,STO,story,post,200,card_teaser;cover_box;downloads;hero;promo_banner;siteorigin_body;tags,cover_box_dark;teaser_media;teaser_overlay;teaser_toolbar,,
https://www.skoda-storyboard.com/en/skoda-world/innovation-and-technology/simply-clever-simply-quick/,STO,story,post,200,card_teaser;carousel_rails;cover_box;hero;promo_banner;siteorigin_body;tags,cover_box_dark;teaser_media;teaser_overlay;teaser_toolbar,youtube,
https://www.skoda-storyboard.com/en/skoda-world/giant-construction-the-skoda-stand-in-geneva/,STO,story,post,200,card_teaser;carousel_rails;cover_box;hero;promo_banner;siteorigin_body;tags,cover_box_dark;teaser_media;teaser_overlay;teaser_toolbar,youtube,
https://www.skoda-storyboard.com/en/models/skoda-not-only-cars-for-grown-ups/,STO,story,post,200,hero;promo_banner;siteorigin_body;tags,teaser_overlay,,
https://www.skoda-storyboard.com/en/lifestyle/sports/a-new-predator-in-the-world-rally-championship/,STO,story,post,200,hero;promo_banner;siteorigin_body;tags,teaser_overlay,,
https://www.skoda-storyboard.com/en/skoda-world/engine-indulgence/,STO,story,post,200,card_teaser;cover_box;downloads;hero;promo_banner;siteorigin_body;tags,cover_box_dark;teaser_media;teaser_overlay;teaser_toolbar,,
https://www.skoda-storyboard.com/en/skoda-world/is-your-bike-really-safe/,STO,story,post,200,hero;promo_banner;siteorigin_body;tags,teaser_overlay,youtube,
https://www.skoda-storyboard.com/en/lifestyle/people/an-international-womens-day-surprise/,STO,story,post,200,card_teaser;carousel_rails;cover_box;hero;promo_banner;siteorigin_body;tags,cover_box_dark;teaser_media;teaser_overlay;teaser_toolbar,youtube,
https://www.skoda-storyboard.com/en/models/walk-through-the-skoda-booth-in-geneva/,STO,story,post,200,card_teaser;carousel_rails;cover_box;hero;promo_banner;siteorigin_body;tags,cover_box_dark;teaser_media;teaser_overlay;teaser_toolbar,youtube,
https://www.skoda-storyboard.com/en/models/skoda-world-premieres-in-geneva/,STO,story,post,200,hero;promo_banner;siteorigin_body;tags,teaser_overlay,youtube,
https://www.skoda-storyboard.com/en/skoda-world/innovation-and-technology/childishly-simple-skoda-assistance-systems/,STO,story,post,200,card_teaser;carousel_rails;cover_box;hero;promo_banner;siteorigin_body;tags,cover_box_dark;teaser_media;teaser_overlay;teaser_toolbar,,
https://www.skoda-storyboard.com/en/models/the-cliff-whisperer/,STO,story,post,200,card_teaser;carousel_rails;cover_box;downloads;hero;promo_banner;siteorigin_body;tags,cover_box_dark;teaser_media;teaser_overlay;teaser_toolbar,youtube,
https://www.skoda-storyboard.com/en/models/kodiaq-skinned-to-the-bone/,STO,story,post,200,card_teaser;carousel_rails;cover_box;downloads;gallery_lightbox;hero;promo_banner;siteorigin_body;tags,cover_box_dark;teaser_media;teaser_overlay;teaser_toolbar,,
https://www.skoda-storyboard.com/en/lifestyle/sports/cycling/mumbai-the-ultimate-bike-challenge/,STO,story,post,200,card_teaser;carousel_rails;cover_box;hero;promo_banner;siteorigin_body;tags,cover_box_dark;teaser_media;teaser_overlay;teaser_toolbar,youtube,
https://www.skoda-storyboard.com/en/lifestyle/people/a-skoda-love-story/,STO,story,post,200,card_teaser;carousel_rails;cover_box;downloads;hero;promo_banner;siteorigin_body;tags,cover_box_dark;teaser_media;teaser_overlay;teaser_toolbar,,
https://www.skoda-storyboard.com/en/skoda-world/new-record-kodiaq-and-275-people-in-a-bubble/,STO,story,post,200,card_teaser;carousel_rails;cover_box;downloads;hero;promo_banner;siteorigin_body;tags,cover_box_dark;teaser_media;teaser_overlay;teaser_toolbar,youtube,
https://www.skoda-storyboard.com/en/lifestyle/people/skodas-vintage-car-workshop-in-the-ore-mountains/,STO,story,post,200,card_teaser;carousel_rails;cover_box;downloads;hero;promo_banner;siteorigin_body;tags,cover_box_dark;teaser_media;teaser_overlay;teaser_toolbar,,
https://www.skoda-storyboard.com/en/skoda-world/responsibility/laughter-is-indeed-the-best-medicine/,STO,story,post,200,card_teaser;carousel_rails;cover_box;downloads;hero;promo_banner;siteorigin_body;tags,cover_box_dark;teaser_media;teaser_overlay;teaser_toolbar,,
https://www.skoda-storyboard.com/en/models/discover-bilbao/,STO,story,post,200,card_teaser;carousel_rails;cover_box;downloads;hero;promo_banner;siteorigin_body;tags,cover_box_dark;teaser_media;teaser_overlay;teaser_toolbar,,
https://www.skoda-storyboard.com/en/models/the-glowing-trademark/,STO,story,post,200,card_teaser;carousel_rails;cover_box;hero;promo_banner;siteorigin_body;tags,cover_box_dark;teaser_media;teaser_overlay;teaser_toolbar,,
https://www.skoda-storyboard.com/en/lifestyle/motorsport/extraordinary-interview/,STO,story,post,200,card_teaser;carousel_rails;cover_box;downloads;hero;promo_banner;siteorigin_body;tags,cover_box_dark;teaser_media;teaser_overlay;teaser_toolbar,youtube,
https://www.skoda-storyboard.com/en/skoda-world/heritage/skoda-advertising-through-the-ages/,STO,story,post,200,card_teaser;carousel_rails;cover_box;downloads;hero;promo_banner;siteorigin_body;tags,cover_box_dark;teaser_media;teaser_overlay;teaser_toolbar,youtube,
https://www.skoda-storyboard.com/en/models/new-skoda-octavia-its-own-way/,STO,story,post,200,card_teaser;cover_box;downloads;hero;promo_banner;siteorigin_body;tags,cover_box_dark;teaser_media;teaser_overlay;teaser_toolbar,youtube,
https://www.skoda-storyboard.com/en/models/the-upgraded-skoda-octavia/,STO,story,post,200,card_teaser;carousel_rails;cover_box;gallery_lightbox;hero;promo_banner;tags,cover_box_dark;teaser_media;teaser_overlay;teaser_toolbar,youtube,
https://www.skoda-storyboard.com/en/models/hunting-the-yeti-in-the-clouds/,STO,story,post,200,card_teaser;carousel_rails;cover_box;downloads;hero;promo_banner;siteorigin_body;tags,cover_box_dark;teaser_media;teaser_overlay;teaser_toolbar,youtube,
https://www.skoda-storyboard.com/en/models/one-night-to-conquer-paris/,STO,story,post,200,card_teaser;carousel_rails;cover_box;downloads;hero;promo_banner;siteorigin_body;tags,cover_box_dark;teaser_media;teaser_overlay;teaser_toolbar,,
https://www.skoda-storyboard.com/en/lifestyle/people/new-year-is-coming/,STO,story,post,200,hero;promo_banner;siteorigin_body;tags,teaser_overlay,youtube,
https://www.skoda-storyboard.com/en/skoda-world/lets-play-a-game-2/,STO,story,post,200,card_teaser;carousel_rails;cover_box;downloads;hero;promo_banner;siteorigin_body;tags,cover_box_dark;teaser_media;teaser_overlay;teaser_toolbar,,
https://www.skoda-storyboard.com/en/lifestyle/people/road-to-christmas-with-bernhard-maier/,STO,story,post,200,card_teaser;carousel_rails;cover_box;downloads;hero;promo_banner;siteorigin_body;tags,cover_box_dark;teaser_media;teaser_overlay;teaser_toolbar,,
https://www.skoda-storyboard.com/en/skoda-world/innovation-and-technology/christmas-playlist/,STO,story,post,200,card_teaser;carousel_rails;cover_box;hero;promo_banner;siteorigin_body;tags,cover_box_dark;teaser_media;teaser_overlay;teaser_toolbar,youtube,
https://www.skoda-storyboard.com/en/lifestyle/people/road-to-christmas-with-tereza-maxova/,STO,story,post,200,card_teaser;carousel_rails;cover_box;downloads;hero;promo_banner;siteorigin_body;tags,cover_box_dark;teaser_media;teaser_overlay;teaser_toolbar,,
https://www.skoda-storyboard.com/en/lifestyle/people/how-to-drawa-colourless-car/,STO,story,post,200,card_teaser;carousel_rails;cover_box;downloads;hero;promo_banner;siteorigin_body;tags,cover_box_dark;teaser_media;teaser_overlay;teaser_toolbar,youtube,
https://www.skoda-storyboard.com/en/models/superb/distinctive-as-christmas-that-new-car-smell/,STO,story,post,200,card_teaser;carousel_rails;cover_box;downloads;hero;promo_banner;siteorigin_body;tags,cover_box_dark;teaser_media;teaser_overlay;teaser_toolbar,,
https://www.skoda-storyboard.com/en/skoda-world/on-land-on-water-through-the-air/,STO,story,post,200,card_teaser;carousel_rails;cover_box;downloads;hero;promo_banner;siteorigin_body;tags,cover_box_dark;teaser_media;teaser_overlay;teaser_toolbar,,
https://www.skoda-storyboard.com/en/lifestyle/people/road-to-christmas-with-ondrej-synek/,STO,story,post,200,card_teaser;carousel_rails;cover_box;downloads;hero;promo_banner;siteorigin_body;tags,cover_box_dark;teaser_media;teaser_overlay;teaser_toolbar,youtube,
https://www.skoda-storyboard.com/en/lifestyle/people/the-future-of-fincas/,STO,story,post,200,card_teaser;carousel_rails;cover_box;downloads;hero;promo_banner;siteorigin_body;tags,cover_box_dark;teaser_media;teaser_overlay;teaser_toolbar,,
https://www.skoda-storyboard.com/en/skoda-world/driven-by-desire/,STO,story,post,200,card_teaser;carousel_rails;cover_box;downloads;hero;promo_banner;siteorigin_body;tags,cover_box_dark;teaser_media;teaser_overlay;teaser_toolbar,,
https://www.skoda-storyboard.com/en/lifestyle/people/road-to-christmas-with-jan-kopecky/,STO,story,post,200,card_teaser;carousel_rails;cover_box;downloads;hero;promo_banner;siteorigin_body;tags,cover_box_dark;teaser_media;teaser_overlay;teaser_toolbar,youtube,
https://www.skoda-storyboard.com/en/lifestyle/motorsport/a-season-of-skoda-fabia-r5-success/,STO,story,post,200,card_teaser;cover_box;downloads;hero;promo_banner;siteorigin_body,cover_box_dark;teaser_media;teaser_overlay;teaser_toolbar,vimeo,
https://www.skoda-storyboard.com/en/skoda-world/innovation-and-technology/completing-da-vinci-where-engineering-meets-ingenuity/,STO,story,post,200,card_teaser;carousel_rails;cover_box;downloads;hero;promo_banner;siteorigin_body;tags,cover_box_dark;teaser_media;teaser_overlay;teaser_toolbar,,
https://www.skoda-storyboard.com/en/models/over-hill-and-dale-to-the-first-lesson/,STO,story,post,200,card_teaser;carousel_rails;cover_box;downloads;hero;promo_banner;siteorigin_body;tags,cover_box_dark;teaser_media;teaser_overlay;teaser_toolbar,,
https://www.skoda-storyboard.com/en/lifestyle/people/road-to-christmas/,STO,story,post,200,card_teaser;carousel_rails;cover_box;hero;promo_banner;tags,cover_box_dark;teaser_media;teaser_overlay;teaser_toolbar,,
https://www.skoda-storyboard.com/en/concepts/prank-you-very-much/,STO,story,post,200,card_teaser;cover_box;downloads;hero;promo_banner;siteorigin_body,cover_box_dark;teaser_media;teaser_overlay;teaser_toolbar,,
https://www.skoda-storyboard.com/en/models/the-millionth-one/,STO,story,post,200,card_teaser;cover_box;downloads;hero;promo_banner;siteorigin_body;tags,cover_box_dark;teaser_media;teaser_overlay;teaser_toolbar,,
https://www.skoda-storyboard.com/en/lifestyle/sports/world-champions/,STO,story,post,200,card_teaser;carousel_rails;cover_box;downloads;hero;promo_banner;siteorigin_body;tags,cover_box_dark;teaser_media;teaser_overlay;teaser_toolbar,,
https://www.skoda-storyboard.com/en/skoda-world/innovation-and-technology/when-idea-becomes-reality/,STO,story,post,200,card_teaser;carousel_rails;cover_box;downloads;hero;promo_banner;siteorigin_body;tags,cover_box_dark;teaser_media;teaser_overlay;teaser_toolbar,,
https://www.skoda-storyboard.com/en/lifestyle/sports/let-your-spirit-flow/,STO,story,post,200,card_teaser;carousel_rails;cover_box;downloads;hero;promo_banner;siteorigin_body;tags,cover_box_dark;teaser_media;teaser_overlay;teaser_toolbar,,
https://www.skoda-storyboard.com/en/models/mission-unaccomplished/,STO,story,post,200,card_teaser;carousel_rails;cover_box;downloads;hero;promo_banner;siteorigin_body;tags,cover_box_dark;teaser_media;teaser_overlay;teaser_toolbar,,
https://www.skoda-storyboard.com/en/skoda-world/from-garlanded-wheel-to-winged-arrow/,STO,story,post,200,card_teaser;cover_box;downloads;hero;promo_banner;siteorigin_body;tags,cover_box_dark;teaser_media;teaser_overlay;teaser_toolbar,,
https://www.skoda-storyboard.com/en/lifestyle/sports/blood-in-the-fast-lane/,STO,story,post,200,card_teaser;cover_box;downloads;gallery_lightbox;hero;promo_banner;siteorigin_body,cover_box_dark;teaser_media;teaser_overlay;teaser_toolbar,,
https://www.skoda-storyboard.com/en/skoda-world/honzas-fairy-tales/,STO,story,post,200,card_teaser;carousel_rails;cover_box;downloads;hero;promo_banner;siteorigin_body;tags,cover_box_dark;teaser_media;teaser_overlay;teaser_toolbar,,
https://www.skoda-storyboard.com/en/models/yeti/around-the-world-without-leaving-russia/,STO,story,post,200,card_teaser;cover_box;downloads;hero;promo_banner;siteorigin_body;tags,cover_box_dark;teaser_media;teaser_overlay;teaser_toolbar,,
https://www.skoda-storyboard.com/en/lifestyle/people/a-life-full-of-music-and-sugar/,STO,story,post,200,card_teaser;carousel_rails;cover_box;downloads;hero;promo_banner;siteorigin_body;tags,cover_box_dark;teaser_media;teaser_overlay;teaser_toolbar,,
https://www.skoda-storyboard.com/en/models/kodiaq/paris-motorshow-for-ever/,STO,story,post,200,card_teaser;carousel_rails;cover_box;hero;promo_banner;tags,cover_box_dark;teaser_media;teaser_overlay;teaser_toolbar,,
https://www.skoda-storyboard.com/en/models/kodiaq/the-adventures-of-the-q/,STO,story,post,200,card_teaser;carousel_rails;cover_box;downloads;hero;promo_banner;siteorigin_body;tags,cover_box_dark;teaser_media;teaser_overlay;teaser_toolbar,,
https://www.skoda-storyboard.com/en/skoda-world/i-want-to-be-a-youtuber/,STO,story,post,200,card_teaser;cover_box;downloads;hero;promo_banner;siteorigin_body,cover_box_dark;teaser_media;teaser_overlay;teaser_toolbar,,
https://www.skoda-storyboard.com/en/lifestyle/sports/the-one-spot/,STO,story,post,200,card_teaser;carousel_rails;cover_box;downloads;hero;promo_banner;siteorigin_body;tags,cover_box_dark;teaser_media;teaser_overlay;teaser_toolbar,,
https://www.skoda-storyboard.com/en/models/kodiaq/i-packed-my-suitcase/,STO,story,post,200,card_teaser;carousel_rails;cover_box;downloads;hero;promo_banner;siteorigin_body;tags,cover_box_dark;teaser_media;teaser_overlay;teaser_toolbar,,
https://www.skoda-storyboard.com/en/skoda-world/when-the-bear-helps/,STO,story,post,200,card_teaser;cover_box;downloads;hero;promo_banner;siteorigin_body;tags,cover_box_dark;teaser_media;teaser_overlay;teaser_toolbar,,
https://www.skoda-storyboard.com/en/skoda-world/design/colour-me-beautiful/,STO,story,post,200,card_teaser;carousel_rails;cover_box;downloads;hero;promo_banner;siteorigin_body;tags,cover_box_dark;teaser_media;teaser_overlay;teaser_toolbar,,
https://www.skoda-storyboard.com/en/models/put-to-the-acid-test/,STO,story,post,200,card_teaser;cover_box;downloads;gallery_lightbox;hero;promo_banner;siteorigin_body,cover_box_dark;teaser_media;teaser_overlay;teaser_toolbar,,
https://www.skoda-storyboard.com/en/models/dream-driving/,STO,story,post,200,card_teaser;cover_box;downloads;gallery_lightbox;hero;promo_banner;siteorigin_body;tags,cover_box_dark;teaser_media;teaser_overlay;teaser_toolbar,,
https://www.skoda-storyboard.com/en/skoda-world/vineyards-and-good-wine-on-the-vltava/,STO,story,post,200,card_teaser;carousel_rails;cover_box;downloads;hero;promo_banner;siteorigin_body;tags,cover_box_dark;teaser_media;teaser_overlay;teaser_toolbar,,
https://www.skoda-storyboard.com/en/models/skoda-euro-trek-2016-gravel-mud-and-scary-vampire-stories/,STO,story,post,200,card_teaser;cover_box;downloads;hero;promo_banner;siteorigin_body,cover_box_dark;teaser_media;teaser_overlay;teaser_toolbar,,
https://www.skoda-storyboard.com/en/skoda-world/innovation-and-technology/giving-the-off-roader-a-fresh-sparkle/,STO,story,post,200,card_teaser;carousel_rails;cover_box;downloads;gallery_lightbox;hero;promo_banner;siteorigin_body;tags,cover_box_dark;teaser_media;teaser_overlay;teaser_toolbar,,
https://www.skoda-storyboard.com/en/models/kodiaq/3-2-1-countdown-to-kodiaq-world-premiere/,STO,story,post,200,card_teaser;carousel_rails;cover_box;downloads;hero;promo_banner;siteorigin_body;tags,cover_box_dark;teaser_media;teaser_overlay;teaser_toolbar,,
https://www.skoda-storyboard.com/en/models/the-all-new-skoda-kodiaq-unleashed-live-in-berlin/,STO,story,post,200,card_teaser;carousel_rails;cover_box;hero;promo_banner;tags,cover_box_dark;teaser_media;teaser_overlay;teaser_toolbar,,
https://www.skoda-storyboard.com/en/lifestyle/sports/success-starts-early/,STO,story,post,200,card_teaser;carousel_rails;cover_box;downloads;gallery_lightbox;hero;promo_banner;siteorigin_body;tags,cover_box_dark;teaser_media;teaser_overlay;teaser_toolbar,,
https://www.skoda-storyboard.com/en/models/fabia/kings-of-long-distance/,STO,story,post,200,card_teaser;carousel_rails;cover_box;downloads;hero;promo_banner;siteorigin_body;tags,cover_box_dark;teaser_media;teaser_overlay;teaser_toolbar,,
https://www.skoda-storyboard.com/en/lifestyle/motorsport/anniversary-of-speed-115-years-of-skoda-motorsport/,STO,story,post,200,card_teaser;cover_box;downloads;gallery_lightbox;hero;promo_banner;siteorigin_body,cover_box_dark;teaser_media;teaser_overlay;teaser_toolbar,,
https://www.skoda-storyboard.com/en/lifestyle/sports/cycling/hunt-for-the-x-factor-is-science-going-to-make-pavel-kelemen-the-winner/,STO,story,post,200,card_teaser;carousel_rails;cover_box;downloads;hero;promo_banner;siteorigin_body;tags,cover_box_dark;teaser_media;teaser_overlay;teaser_toolbar,,
https://www.skoda-storyboard.com/en/lifestyle/sports/the-glass-of-champions/,STO,story,post,200,card_teaser;carousel_rails;cover_box;downloads;hero;promo_banner;siteorigin_body;tags,cover_box_dark;teaser_media;teaser_overlay;teaser_toolbar,,
https://www.skoda-storyboard.com/en/lifestyle/sports/cycling/the-unsung-heroes-of-the-tour-de-france/,STO,story,post,200,card_teaser;cover_box;downloads;gallery_lightbox;hero;promo_banner;siteorigin_body;tags,cover_box_dark;teaser_media;teaser_overlay;teaser_toolbar,,
https://www.skoda-storyboard.com/en/models/the-mobile-command-center/,STO,story,post,200,card_teaser;carousel_rails;cover_box;downloads;gallery_lightbox;hero;promo_banner;siteorigin_body;tags,cover_box_dark;teaser_media;teaser_overlay;teaser_toolbar,,
https://www.skoda-storyboard.com/en/skoda-world/heritage/two-companies-write-one-history/,STO,story,post,200,card_teaser;carousel_rails;cover_box;gallery_lightbox;hero;promo_banner;siteorigin_body;tags,cover_box_dark;teaser_media;teaser_overlay;teaser_toolbar,,
https://www.skoda-storyboard.com/en/models/kodiaq/the-story-of-the-q/,STO,story,post,200,card_teaser;carousel_rails;cover_box;downloads;gallery_lightbox;hero;promo_banner;siteorigin_body;tags,cover_box_dark;teaser_media;teaser_overlay;teaser_toolbar,,
https://www.skoda-storyboard.com/en/lifestyle/sports/cycling/no-pain-no-gain-tracing-the-route-of-the-tour-de-france/,STO,story,post,200,card_teaser;carousel_rails;cover_box;hero;promo_banner;siteorigin_body;tags,cover_box_dark;teaser_media;teaser_overlay;teaser_toolbar,,
https://www.skoda-storyboard.com/en/models/octavia/rs-means-motorsport/,STO,story,post,200,card_teaser;carousel_rails;cover_box;downloads;hero;promo_banner;siteorigin_body;tags,cover_box_dark;teaser_media;teaser_overlay;teaser_toolbar,,
https://www.skoda-storyboard.com/en/lifestyle/motorsport/around-the-world-in-14-rallies/,STO,story,post,200,card_teaser;carousel_rails;cover_box;downloads;hero;promo_banner;siteorigin_body;tags,cover_box_dark;teaser_media;teaser_overlay;teaser_toolbar,,
https://www.skoda-storyboard.com/en/lifestyle/sports/hockey/cold-war-on-the-hockey-rink/,STO,story,post,200,card_teaser;carousel_rails;cover_box;hero;promo_banner;tags,cover_box_dark;teaser_media;teaser_overlay;teaser_toolbar,,
https://www.skoda-storyboard.com/en/concepts/for-your-eyes-only/,STO,story,post,200,card_teaser;carousel_rails;cover_box;downloads;gallery_lightbox;hero;promo_banner;siteorigin_body;tags,cover_box_dark;teaser_media;teaser_overlay;teaser_toolbar,,
https://www.skoda-storyboard.com/en/skoda-world/innovation-and-technology/technology/sociably-mobile/,STO,story,post,200,card_teaser;carousel_rails;cover_box;downloads;hero;promo_banner;tags,cover_box_dark;teaser_media;teaser_overlay;teaser_toolbar,,
https://www.skoda-storyboard.com/en/lifestyle/motorsport/czech-mates-are-winning-team/,STO,story,post,200,card_teaser;cover_box;downloads;hero;promo_banner,cover_box_dark;teaser_media;teaser_overlay;teaser_toolbar,,
https://www.skoda-storyboard.com/en/lifestyle/people/a-bohemian-on-the-riviera/,STO,story,post,200,card_teaser;cover_box;downloads;hero;promo_banner;siteorigin_body;tags,cover_box_dark;teaser_media;teaser_overlay;teaser_toolbar,,
https://www.skoda-storyboard.com/en/skoda-world/responsibility/evergreen-ambitions/,STO,story,post,200,card_teaser;carousel_rails;cover_box;downloads;hero;promo_banner;siteorigin_body;tags,cover_box_dark;teaser_media;teaser_overlay;teaser_toolbar,,
https://www.skoda-storyboard.com/en/skoda-world/innovation-and-technology/connectivity/parking-made-easy/,STO,story,post,200,card_teaser;carousel_rails;cover_box;hero;promo_banner;siteorigin_body;tags,cover_box_dark;teaser_media;teaser_overlay;teaser_toolbar,,
https://www.skoda-storyboard.com/en/lifestyle/sports/hockey/black-magic-everything-revolves-around-the-puck/,STO,story,post,200,card_teaser;carousel_rails;cover_box;downloads;hero;promo_banner;siteorigin_body;tags,cover_box_dark;teaser_media;teaser_overlay;teaser_toolbar,,
https://www.skoda-storyboard.com/en/models/octavia/tiger-on-ice/,STO,story,post,200,card_teaser;carousel_rails;cover_box;downloads;gallery_lightbox;hero;promo_banner;siteorigin_body;tags,cover_box_dark;teaser_media;teaser_overlay;teaser_toolbar,,
https://www.skoda-storyboard.com/en/skoda-world/design/shaping-the-future-of-auto-design/,STO,story,post,200,card_teaser;cover_box;downloads;hero;promo_banner;tags,cover_box_dark;teaser_media;teaser_overlay;teaser_toolbar,,
https://www.skoda-storyboard.com/en/lifestyle/people/progress-begins-in-peoples-minds/,STO,story,post,200,card_teaser;carousel_rails;cover_box;downloads;hero;promo_banner;siteorigin_body;tags,cover_box_dark;teaser_media;teaser_overlay;teaser_toolbar,,
https://www.skoda-storyboard.com/en/lifestyle/adventures/new-faces/,STO,story,post,200,card_teaser;carousel_rails;cover_box;downloads;hero;promo_banner;siteorigin_body;tags,cover_box_dark;teaser_media;teaser_overlay;teaser_toolbar,,
https://www.skoda-storyboard.com/en/skoda-world/innovation-and-technology/technology/quality-time/,STO,story,post,200,card_teaser;carousel_rails;cover_box;downloads;gallery_lightbox;hero;promo_banner;siteorigin_body;tags,cover_box_dark;teaser_media;teaser_overlay;teaser_toolbar,,
https://www.skoda-storyboard.com/en/emobility/the-self-driving-future/,STO,story,post,200,card_teaser;carousel_rails;cover_box;downloads;hero;promo_banner;siteorigin_body;tags,cover_box_dark;teaser_media;teaser_overlay;teaser_toolbar,,
https://www.skoda-storyboard.com/en/skoda-world/innovation-and-technology/technology/how-3-d-is-your-car/,STO,story,post,200,card_teaser;carousel_rails;cover_box;downloads;hero;promo_banner;tags,cover_box_dark;teaser_media;teaser_overlay;teaser_toolbar,,
https://www.skoda-storyboard.com/en/lifestyle/sports/cycling/the-art-of-bicycle-performance/,STO,story,post,200,card_teaser;carousel_rails;cover_box;downloads;hero;promo_banner;tags,cover_box_dark;teaser_media;teaser_overlay;teaser_toolbar,,
https://www.skoda-storyboard.com/en/models/octavia/the-land-of-undiscovered-opportunity/,STO,story,post,200,card_teaser;cover_box;downloads;hero;promo_banner;siteorigin_body;tags,cover_box_dark;teaser_media;teaser_overlay;teaser_toolbar,,
https://www.skoda-storyboard.com/en/skoda-world/design/skodas-suv-future-on-stage-in-switzerland/,STO,story,post,200,card_teaser;cover_box;downloads;hero;promo_banner;tags,cover_box_dark;teaser_media;teaser_overlay;teaser_toolbar,,
https://www.skoda-storyboard.com/en/skoda-world/innovation-and-technology/connectivity/car-phones-with-a-difference/,STO,story,post,200,card_teaser;carousel_rails;cover_box;downloads;hero;promo_banner;siteorigin_body;tags,cover_box_dark;teaser_media;teaser_overlay;teaser_toolbar,,
https://www.skoda-storyboard.com/en/lifestyle/motorsport/young-gifted-and-swedish/,STO,story,post,200,card_teaser;cover_box;downloads;hero;promo_banner,cover_box_dark;teaser_media;teaser_overlay;teaser_toolbar,,
https://www.skoda-storyboard.com/en/skoda-world/innovation-and-technology/connectivity/putting-the-ar-into-car/,STO,story,post,200,card_teaser;carousel_rails;cover_box;downloads;hero;promo_banner;siteorigin_body;tags,cover_box_dark;teaser_media;teaser_overlay;teaser_toolbar,,
https://www.skoda-storyboard.com/en/lifestyle/motorsport/new-team-rallying-for-success/,STO,story,post,200,card_teaser;cover_box;downloads;hero;promo_banner,cover_box_dark;teaser_media;teaser_overlay;teaser_toolbar,,
https://www.skoda-storyboard.com/en/lifestyle/sports/cycling/six-of-the-best/,STO,story,post,200,card_teaser;carousel_rails;cover_box;downloads;hero;promo_banner;tags,cover_box_dark;teaser_media;teaser_overlay;teaser_toolbar,,
https://www.skoda-storyboard.com/en/lifestyle/motorsport/rally-rules-ok/,STO,story,post,200,card_teaser;cover_box;downloads;hero;promo_banner,cover_box_dark;teaser_media;teaser_overlay;teaser_toolbar,,
https://www.skoda-storyboard.com/en/skoda-world/innovation-and-technology/technology/simply-clever/,STO,story,post,200,card_teaser;carousel_rails;cover_box;downloads;hero;promo_banner;tags,cover_box_dark;teaser_media;teaser_overlay;teaser_toolbar,,
https://www.skoda-storyboard.com/en/skoda-world/innovation-and-technology/technology/new-robotic-workmate-on-the-factory-floor/,STO,story,post,200,card_teaser;cover_box;downloads;hero;promo_banner;tags,cover_box_dark;teaser_media;teaser_overlay;teaser_toolbar,,
https://www.skoda-storyboard.com/en/models/octavia/simply-speedy/,STO,story,post,200,hero;promo_banner;tags,teaser_overlay,,
https://www.skoda-storyboard.com/en/models/octavia/in-the-eye-of-the-beholder/,STO,story,post,200,card_teaser;carousel_rails;cover_box;hero;promo_banner;tags,cover_box_dark;teaser_media;teaser_overlay;teaser_toolbar,,
https://www.skoda-storyboard.com/en/models/octavia/inheriting-a-tradition/,STO,story,post,200,card_teaser;carousel_rails;cover_box;hero;promo_banner;tags,cover_box_dark;teaser_media;teaser_overlay;teaser_toolbar,,
https://www.skoda-storyboard.com/en/models/octavia/skoda-means-safety/,STO,story,post,200,hero;promo_banner;tags,teaser_overlay,,
https://www.skoda-storyboard.com/en/models/octavia/explore-inner-space/,STO,story,post,200,hero;promo_banner;tags,teaser_overlay,,
https://www.skoda-storyboard.com/en/lifestyle/sports/cycling/stealing-attention/,STO,story,post,200,card_teaser;carousel_rails;cover_box;hero;promo_banner;tags,cover_box_dark;teaser_media;teaser_overlay;teaser_toolbar,,
https://www.skoda-storyboard.com/en/lifestyle/motorsport/the-130-rs-turns-40/,STO,story,post,200,card_teaser;cover_box;downloads;hero;promo_banner;tags,cover_box_dark;teaser_media;teaser_overlay;teaser_toolbar,,
https://www.skoda-storyboard.com/en/lifestyle/motorsport/best-of-british/,STO,story,post,200,card_teaser;carousel_rails;cover_box;downloads;hero;promo_banner;tags,cover_box_dark;teaser_media;teaser_overlay;teaser_toolbar,,
https://www.skoda-storyboard.com/en/lifestyle/motorsport/fast-car-to-china/,STO,story,post,200,hero;promo_banner,teaser_overlay,,
https://www.skoda-storyboard.com/en/models/superb/sprinkling-stardust-on-the-superb/,STO,story,post,200,card_teaser;cover_box;downloads;hero;promo_banner;tags,cover_box_dark;teaser_media;teaser_overlay;teaser_toolbar,,
https://www.skoda-storyboard.com/en/models/superb/watch-this-space/,STO,story,post,200,card_teaser;carousel_rails;cover_box;downloads;hero;promo_banner;tags,cover_box_dark;teaser_media;teaser_overlay;teaser_toolbar,,
https://www.skoda-storyboard.com/en/skoda-world/innovation-and-technology/technology/keep-cool-and-carry-on/,STO,story,post,200,card_teaser;carousel_rails;cover_box;downloads;hero;promo_banner;tags,cover_box_dark;teaser_media;teaser_overlay;teaser_toolbar,,
https://www.skoda-storyboard.com/en/skoda-world/innovation-and-technology/little-backseat-drivers/,STO,story,post,200,card_teaser;carousel_rails;cover_box;downloads;hero;promo_banner;siteorigin_body;tags,cover_box_dark;teaser_media;teaser_overlay;teaser_toolbar,,
https://www.skoda-storyboard.com/en/models/fabia/driving-ambition/,STO,story,post,200,card_teaser;gallery_lightbox;hero;promo_banner;tags,teaser_media;teaser_overlay;teaser_toolbar,,
https://www.skoda-storyboard.com/en/lifestyle/sports/cycling/business-cycle/,STO,story,post,200,card_teaser;cover_box;downloads;hero;promo_banner;tags,cover_box_dark;teaser_media;teaser_overlay;teaser_toolbar,,
https://www.skoda-storyboard.com/en/lifestyle/motorsport/czech-rally-champion-in-his-own-words/,STO,story,post,200,card_teaser;cover_box;downloads;hero;promo_banner,cover_box_dark;teaser_media;teaser_overlay;teaser_toolbar,,
https://www.skoda-storyboard.com/en/models/yeti/f1-driver-takes-the-yeti-off-the-beaten-track/,STO,story,post,200,card_teaser;carousel_rails;cover_box;hero;promo_banner;tags,cover_box_dark;teaser_media;teaser_overlay;teaser_toolbar,,
https://www.skoda-storyboard.com/en/models/citigo/five-reasons-to-love-smart-driving/,STO,story,post,200,card_teaser;carousel_rails;cover_box;hero;promo_banner;tags,cover_box_dark;teaser_media;teaser_overlay;teaser_toolbar,,
https://www.skoda-storyboard.com/en/models/superb/the-truth-is-out-there/,STO,story,post,200,card_teaser;cover_box;downloads;hero;promo_banner,cover_box_dark;teaser_media;teaser_overlay;teaser_toolbar,,
https://www.skoda-storyboard.com/en/classic-cars/bensberg-beauties/,STO,story,post,200,card_teaser;carousel_rails;cover_box;hero;promo_banner;tags,cover_box_dark;teaser_media;teaser_overlay;teaser_toolbar,,
https://www.skoda-storyboard.com/en/lifestyle/sports/cycling/skoda-at-the-tour-de-france/,STO,story,post,200,card_teaser;carousel_rails;cover_box;downloads;hero;promo_banner;tags,cover_box_dark;teaser_media;teaser_overlay;teaser_toolbar,,
https://www.skoda-storyboard.com/en/classic-cars/skoda-gems-on-display/,STO,story,post,200,card_teaser;carousel_rails;cover_box;downloads;hero;promo_banner;tags,cover_box_dark;teaser_media;teaser_overlay;teaser_toolbar,,
https://www.skoda-storyboard.com/en/skoda-world/innovation-and-technology/technology/seven-pillars-of-certainty/,STO,story,post,200,card_teaser;carousel_rails;cover_box;hero;promo_banner;tags,cover_box_dark;teaser_media;teaser_overlay;teaser_toolbar,,
https://www.skoda-storyboard.com/en/lifestyle/sports/cycling/a-touch-of-glass/,STO,story,post,200,card_teaser;carousel_rails;cover_box;downloads;hero;promo_banner;tags,cover_box_dark;teaser_media;teaser_overlay;teaser_toolbar,,
https://www.skoda-storyboard.com/en/classic-cars/one-of-a-kind/,STO,story,post,200,card_teaser;carousel_rails;cover_box;downloads;hero;promo_banner;tags,cover_box_dark;teaser_media;teaser_overlay;teaser_toolbar,,
https://www.skoda-storyboard.com/en/skoda-world/responsibility/building-to-reduce-emissions/,STO,story,post,200,card_teaser;carousel_rails;cover_box;downloads;hero;promo_banner;siteorigin_body;tags,cover_box_dark;teaser_media;teaser_overlay;teaser_toolbar,,
https://www.skoda-storyboard.com/en/skoda-world/heritage/born-on-a-bike/,STO,story,post,200,hero;promo_banner;tags,teaser_overlay,,
https://www.skoda-storyboard.com/en/lifestyle/people/dedicated-to-design/,STO,story,post,200,card_teaser;carousel_rails;cover_box;downloads;hero;promo_banner;tags,cover_box_dark;teaser_media;teaser_overlay;teaser_toolbar,,
https://www.skoda-storyboard.com/en/skoda-world/innovation-and-technology/technology/top-level-safety-for-skoda-superb/,STO,story,post,200,card_teaser;carousel_rails;cover_box;downloads;hero;promo_banner;tags,cover_box_dark;teaser_media;teaser_overlay;teaser_toolbar,,
https://www.skoda-storyboard.com/en/lifestyle/motorsport/third-win-jan-kopecky-victorious-after-pursuit-in-the-skoda-fabia-r5/,STO,story,post,200,card_teaser;cover_box;downloads;gallery_lightbox;hero;promo_banner,cover_box_dark;teaser_media;teaser_overlay;teaser_toolbar,,
https://www.skoda-storyboard.com/en/lifestyle/adventures/bohemian-balance/,STO,story,post,200,card_teaser;carousel_rails;cover_box;downloads;hero;promo_banner;siteorigin_body;tags,cover_box_dark;teaser_media;teaser_overlay;teaser_toolbar,,
https://www.skoda-storyboard.com/en/skoda-peaq-world-premiere-event-gallery/,STO,custom_microsite,page,200,card_teaser;gallery_lightbox;siteorigin_body,teaser_media;teaser_overlay;teaser_toolbar,,
https://www.skoda-storyboard.com/en/skoda-epiq-press-kit-event-gallery/,STO,custom_microsite,page,200,card_teaser;gallery_lightbox;siteorigin_body,teaser_media;teaser_overlay;teaser_toolbar,,
https://www.skoda-storyboard.com/en/newsletter/,MR,carousel_listing,page,200,card_teaser;carousel_rails;hero,teaser_media;teaser_overlay;teaser_toolbar,,
https://www.skoda-storyboard.com/en/womens-day/lounge/,STO,custom_microsite,page,200,card_teaser;gallery_lightbox;siteorigin_body,teaser_media;teaser_overlay;teaser_toolbar,,
https://www.skoda-storyboard.com/en/womens-day/coffee-break/,STO,custom_microsite,page,200,card_teaser;gallery_lightbox;siteorigin_body,teaser_media;teaser_overlay;teaser_toolbar,,
https://www.skoda-storyboard.com/en/womens-day/photo-booth/,STO,custom_microsite,page,200,card_teaser;gallery_lightbox;siteorigin_body,teaser_media;teaser_overlay;teaser_toolbar,,
https://www.skoda-storyboard.com/en/womens-day/pop-ups/,STO,custom_microsite,page,200,card_teaser;gallery_lightbox;siteorigin_body,teaser_media;teaser_overlay;teaser_toolbar,,
https://www.skoda-storyboard.com/en/womens-day/networking/,STO,custom_microsite,page,200,card_teaser;gallery_lightbox;siteorigin_body,teaser_media;teaser_overlay;teaser_toolbar,,
https://www.skoda-storyboard.com/en/womens-day/stage/,STO,custom_microsite,page,200,card_teaser;gallery_lightbox;siteorigin_body,teaser_media;teaser_overlay;teaser_toolbar,,
https://www.skoda-storyboard.com/en/womens-day/publikum/,STO,custom_microsite,page,200,card_teaser;gallery_lightbox;siteorigin_body,teaser_media;teaser_overlay;teaser_toolbar,,
https://www.skoda-storyboard.com/en/womens-day/,STO,tiles_dir,page,200,card_teaser;hero;siteorigin_body,teaser_overlay,,
https://www.skoda-storyboard.com/en/epiq-covered-drive-event-gallery/epiq-covered-drive-2-2/,STO,custom_microsite,page,200,card_teaser;gallery_lightbox;siteorigin_body,teaser_media;teaser_overlay;teaser_toolbar,,
https://www.skoda-storyboard.com/en/epiq-covered-drive-event-gallery/epiq-covered-drive-31-1/,STO,custom_microsite,page,200,card_teaser;gallery_lightbox;siteorigin_body,teaser_media;teaser_overlay;teaser_toolbar,,
https://www.skoda-storyboard.com/en/epiq-covered-drive-event-gallery/epiq-covered-drive-30-1/,STO,custom_microsite,page,200,card_teaser;gallery_lightbox;siteorigin_body,teaser_media;teaser_overlay;teaser_toolbar,,
https://www.skoda-storyboard.com/en/epiq-covered-drive-event-gallery/epiq-covered-drive-29-1/,STO,custom_microsite,page,200,card_teaser;gallery_lightbox;siteorigin_body,teaser_media;teaser_overlay;teaser_toolbar,,
https://www.skoda-storyboard.com/en/epiq-covered-drive-event-gallery/epiq-covered-drive-28-1/,STO,custom_microsite,page,200,card_teaser;gallery_lightbox;siteorigin_body,teaser_media;teaser_overlay;teaser_toolbar,,
https://www.skoda-storyboard.com/en/epiq-covered-drive-event-gallery/epiq-covered-drive-27-1/,STO,custom_microsite,page,200,card_teaser;gallery_lightbox;siteorigin_body,teaser_media;teaser_overlay;teaser_toolbar,,
https://www.skoda-storyboard.com/en/epiq-covered-drive-event-gallery/epiq-covered-drive-26-1/,STO,custom_microsite,page,200,card_teaser;gallery_lightbox;siteorigin_body,teaser_media;teaser_overlay;teaser_toolbar,,
https://www.skoda-storyboard.com/en/epiq-covered-drive-event-gallery/,STO,tiles_dir,page,200,card_teaser;hero;siteorigin_body,teaser_overlay,,
https://www.skoda-storyboard.com/en/epiq-covered-drive-event-gallery/epiq-covered-drive-general-photos/,STO,custom_microsite,page,200,card_teaser;gallery_lightbox;siteorigin_body,teaser_media;teaser_overlay;teaser_toolbar,,
https://www.skoda-storyboard.com/en/new-digital-services-2026-01/,STO,page,page,200,hero;siteorigin_body,teaser_overlay,,
https://www.skoda-storyboard.com/en/driving-experience-event-days/4-12/,STO,custom_microsite,page,200,card_teaser;gallery_lightbox;siteorigin_body,teaser_media;teaser_overlay;teaser_toolbar,,
https://www.skoda-storyboard.com/en/driving-experience-event-days/3-12/,STO,custom_microsite,page,200,card_teaser;gallery_lightbox;siteorigin_body,teaser_media;teaser_overlay;teaser_toolbar,,
https://www.skoda-storyboard.com/en/driving-experience-event-days/2-12/,STO,custom_microsite,page,200,card_teaser;gallery_lightbox;siteorigin_body,teaser_media;teaser_overlay;teaser_toolbar,,
https://www.skoda-storyboard.com/en/driving-experience-event-days/1-12/,STO,custom_microsite,page,200,card_teaser;gallery_lightbox;siteorigin_body,teaser_media;teaser_overlay;teaser_toolbar,,
https://www.skoda-storyboard.com/en/driving-experience-event-days/30-11/,STO,custom_microsite,page,200,card_teaser;gallery_lightbox;siteorigin_body,teaser_media;teaser_overlay;teaser_toolbar,,
https://www.skoda-storyboard.com/en/driving-experience-event-days/,STO,tiles_dir,page,200,card_teaser;hero;siteorigin_body,teaser_overlay,,
https://www.skoda-storyboard.com/en/driving-experience-fabia-130/,STO,custom_microsite,page,200,card_teaser;gallery_lightbox;siteorigin_body,teaser_media;teaser_overlay;teaser_toolbar,vimeo,
https://www.skoda-storyboard.com/en/driving-experience-vision-o/,STO,custom_microsite,page,200,card_teaser;gallery_lightbox;siteorigin_body,teaser_media;teaser_overlay;teaser_toolbar,vimeo,
https://www.skoda-storyboard.com/en/vision-o-fabia-130-driving-experience/,STO,tiles_dir,page,200,card_teaser;hero;siteorigin_body,teaser_overlay,,
https://www.skoda-storyboard.com/en/otevreni-noveho-depozitare/,STO,custom_microsite,page,200,card_teaser;gallery_lightbox;siteorigin_body,teaser_media;teaser_overlay;teaser_toolbar,,
https://www.skoda-storyboard.com/en/ridime-styl-modni-prehlidka-inspirovana-stylem-a-udrzitelnosti/umprum-a-tul-druha-cast-prehlidky/,STO,custom_microsite,page,200,card_teaser;gallery_lightbox;siteorigin_body,teaser_media;teaser_overlay;teaser_toolbar,,
https://www.skoda-storyboard.com/en/ridime-styl-modni-prehlidka-inspirovana-stylem-a-udrzitelnosti/trznice-modnich-kousku/,STO,custom_microsite,page,200,card_teaser;gallery_lightbox;siteorigin_body,teaser_media;teaser_overlay;teaser_toolbar,,
https://www.skoda-storyboard.com/en/ridime-styl-modni-prehlidka-inspirovana-stylem-a-udrzitelnosti/,STO,tiles_dir,page,200,card_teaser;hero;siteorigin_body,teaser_overlay,,
https://www.skoda-storyboard.com/en/ridime-styl-modni-prehlidka-inspirovana-stylem-a-udrzitelnosti/fotostena/,STO,custom_microsite,page,200,card_teaser;gallery_lightbox;siteorigin_body,teaser_media;teaser_overlay;teaser_toolbar,,
https://www.skoda-storyboard.com/en/ridime-styl-modni-prehlidka-inspirovana-stylem-a-udrzitelnosti/design-lounge/,STO,custom_microsite,page,200,card_teaser;gallery_lightbox;siteorigin_body,teaser_media;teaser_overlay;teaser_toolbar,,
https://www.skoda-storyboard.com/en/ridime-styl-modni-prehlidka-inspirovana-stylem-a-udrzitelnosti/13-dekad-prvni-cast-prehlidky/,STO,custom_microsite,page,200,card_teaser;gallery_lightbox;siteorigin_body,teaser_media;teaser_overlay;teaser_toolbar,,
https://www.skoda-storyboard.com/en/ridime-styl-modni-prehlidka-inspirovana-stylem-a-udrzitelnosti/welcome/,STO,custom_microsite,page,200,card_teaser;gallery_lightbox;siteorigin_body,teaser_media;teaser_overlay;teaser_toolbar,,
https://www.skoda-storyboard.com/en/vision-o-fabia-130-driving-experience-event-gallery/,STO,tiles_dir,page,200,card_teaser;hero;siteorigin_body,teaser_overlay,,
https://www.skoda-storyboard.com/en/classic-days-2025-event-gallery/tuesday-october-14-2025-day-seven/,STO,page,page,200,card_teaser;gallery_lightbox;hero;siteorigin_body,teaser_media;teaser_overlay;teaser_toolbar,,
https://www.skoda-storyboard.com/en/classic-days-2025-event-gallery/monday-october-13-2025-day-six/,STO,page,page,200,card_teaser;gallery_lightbox;hero;siteorigin_body,teaser_media;teaser_overlay;teaser_toolbar,,
https://www.skoda-storyboard.com/en/classic-days-2025-event-gallery/friday-october-10-2025-day-five/,STO,page,page,200,card_teaser;gallery_lightbox;hero;siteorigin_body,teaser_media;teaser_overlay;teaser_toolbar,,
https://www.skoda-storyboard.com/en/classic-days-2025-event-gallery/thursday-october-9-2025-day-four/,STO,page,page,200,card_teaser;gallery_lightbox;hero;siteorigin_body,teaser_media;teaser_overlay;teaser_toolbar,,
https://www.skoda-storyboard.com/en/classic-days-2025-event-gallery/wednesday-08-10-2025-day-three/,STO,page,page,200,card_teaser;gallery_lightbox;hero;siteorigin_body,teaser_media;teaser_overlay;teaser_toolbar,,
https://www.skoda-storyboard.com/en/classic-days-2025-event-gallery/k-zellmer/,STO,page,page,200,card_teaser;gallery_lightbox;hero;siteorigin_body,teaser_media;teaser_overlay;teaser_toolbar,,
https://www.skoda-storyboard.com/en/classic-days-2025-event-gallery/tuesday-07-10-2025-day-two/,STO,page,page,200,card_teaser;gallery_lightbox;hero;siteorigin_body,teaser_media;teaser_overlay;teaser_toolbar,,
https://www.skoda-storyboard.com/en/classic-days-2025-event-gallery/select-classic-days-2025-event-gallery-general/,STO,page,page,200,card_teaser;gallery_lightbox;hero;siteorigin_body,teaser_media;teaser_overlay;teaser_toolbar,,
https://www.skoda-storyboard.com/en/classic-days-2025-event-gallery/,STO,page,page,200,card_teaser;hero,teaser_overlay,vimeo,
https://www.skoda-storyboard.com/en/classic-days-2025-event-gallery/classic-days-2025-event-gallery-day-one/,STO,page,page,200,card_teaser;gallery_lightbox;hero;siteorigin_body,teaser_media;teaser_overlay;teaser_toolbar,,
https://www.skoda-storyboard.com/en/ev-lounge-meet-up/,STO,custom_microsite,page,200,siteorigin_body,teaser_overlay,,
https://www.skoda-storyboard.com/en/skoda-vision-o-event-gallery/,STO,tiles_dir,page,200,card_teaser;hero,teaser_overlay,,
https://www.skoda-storyboard.com/en/skoda-vision-o-event-gallery/third-batch/,STO,page,page,200,card_teaser;gallery_lightbox;hero;siteorigin_body,teaser_media;teaser_overlay;teaser_toolbar,,
https://www.skoda-storyboard.com/en/skoda-vision-o-event-gallery/second-batch/,STO,page,page,200,card_teaser;gallery_lightbox;hero;siteorigin_body,teaser_media;teaser_overlay;teaser_toolbar,,
https://www.skoda-storyboard.com/en/skoda-vision-o-event-gallery/first-batch/,STO,page,page,200,card_teaser;gallery_lightbox;hero;siteorigin_body,teaser_media;teaser_overlay;teaser_toolbar,,
https://www.skoda-storyboard.com/en/4th-group/,STO,custom_microsite,page,200,card_teaser;gallery_lightbox;siteorigin_body,teaser_media;teaser_overlay,vimeo,
https://www.skoda-storyboard.com/en/3rd-group/,STO,custom_microsite,page,200,card_teaser;gallery_lightbox;siteorigin_body,teaser_media;teaser_overlay;teaser_toolbar,vimeo,
https://www.skoda-storyboard.com/en/1st-group/,STO,custom_microsite,page,200,card_teaser;gallery_lightbox;siteorigin_body,teaser_media;teaser_overlay;teaser_toolbar,vimeo,
https://www.skoda-storyboard.com/en/2nd-group/,STO,custom_microsite,page,200,card_teaser;gallery_lightbox;siteorigin_body,teaser_media;teaser_overlay;teaser_toolbar,vimeo,
https://www.skoda-storyboard.com/en/skoda-lk-130-photo-gallery/skoda-lk-130-19-6/,STO,custom_microsite,page,200,card_teaser;gallery_lightbox;siteorigin_body,teaser_media;teaser_overlay;teaser_toolbar,,
https://www.skoda-storyboard.com/en/skoda-lk-130-photo-gallery/skoda-lk-130-18-6/,STO,custom_microsite,page,200,card_teaser;gallery_lightbox;siteorigin_body,teaser_media;teaser_overlay;teaser_toolbar,,
https://www.skoda-storyboard.com/en/skoda-lk-130-photo-gallery/skoda-lk-130-17-6/,STO,custom_microsite,page,200,card_teaser;gallery_lightbox;siteorigin_body,teaser_media;teaser_overlay;teaser_toolbar,,
https://www.skoda-storyboard.com/en/skoda-lk-130-photo-gallery/skoda-lk-130-general-photos/,STO,custom_microsite,page,200,card_teaser;gallery_lightbox;siteorigin_body,teaser_media;teaser_overlay;teaser_toolbar,,
https://www.skoda-storyboard.com/en/skoda-lk-130-photo-gallery/skoda-lk-130-16-6/,STO,custom_microsite,page,200,card_teaser;gallery_lightbox;siteorigin_body,teaser_media;teaser_overlay;teaser_toolbar,,
https://www.skoda-storyboard.com/en/skoda-lk-130-photo-gallery/,STO,tiles_dir,page,200,card_teaser;hero;siteorigin_body,teaser_overlay,,
https://www.skoda-storyboard.com/en/elroq-rs-event-gallery/elroq-rs-14-6/,STO,custom_microsite,page,200,card_teaser;gallery_lightbox;siteorigin_body,teaser_media;teaser_overlay;teaser_toolbar,,
https://www.skoda-storyboard.com/en/new-enyaq-rs-race-photo-gallery/new-enyaq-rs-race-14-6/,STO,custom_microsite,page,200,card_teaser;gallery_lightbox;siteorigin_body,teaser_media;teaser_overlay;teaser_toolbar,,
https://www.skoda-storyboard.com/en/elroq-rs-event-gallery/elroq-rs-13-6/,STO,custom_microsite,page,200,card_teaser;gallery_lightbox;siteorigin_body,teaser_media;teaser_overlay;teaser_toolbar,,
https://www.skoda-storyboard.com/en/new-enyaq-rs-race-photo-gallery/new-enyaq-rs-race-13-6/,STO,custom_microsite,page,200,card_teaser;gallery_lightbox;siteorigin_body,teaser_media;teaser_overlay;teaser_toolbar,,
https://www.skoda-storyboard.com/en/new-enyaq-rs-race-photo-gallery/new-enyaq-rs-race-12-6/,STO,custom_microsite,page,200,card_teaser;gallery_lightbox;siteorigin_body,teaser_media;teaser_overlay;teaser_toolbar,,
https://www.skoda-storyboard.com/en/elroq-rs-event-gallery/elroq-rs-12-6/,STO,custom_microsite,page,200,card_teaser;gallery_lightbox;siteorigin_body,teaser_media;teaser_overlay;teaser_toolbar,,
https://www.skoda-storyboard.com/en/skoda-130-newsletter/,STO,custom_microsite,page,200,siteorigin_body,teaser_overlay,,
https://www.skoda-storyboard.com/en/elroq-rs-event-gallery/elroq-rs-11-6/,STO,custom_microsite,page,200,card_teaser;gallery_lightbox;siteorigin_body,teaser_media;teaser_overlay;teaser_toolbar,,
https://www.skoda-storyboard.com/en/new-enyaq-rs-race-photo-gallery/new-enyaq-rs-race-11-6/,STO,custom_microsite,page,200,card_teaser;gallery_lightbox;siteorigin_body,teaser_media;teaser_overlay;teaser_toolbar,,
https://www.skoda-storyboard.com/en/elroq-rs-event-gallery/elroq-rs-10-6/,STO,custom_microsite,page,200,card_teaser;gallery_lightbox;siteorigin_body,teaser_media;teaser_overlay;teaser_toolbar,,
https://www.skoda-storyboard.com/en/new-enyaq-rs-race-photo-gallery/new-enyaq-rs-race-10-6/,STO,custom_microsite,page,200,card_teaser;gallery_lightbox;siteorigin_body,teaser_media;teaser_overlay;teaser_toolbar,,
https://www.skoda-storyboard.com/en/elroq-enyaq-event-gallery/elroq-rs-event-gallery-2/,STO,tiles_dir,page,200,card_teaser;hero;siteorigin_body,teaser_overlay,,
https://www.skoda-storyboard.com/en/elroq-enyaq-event-gallery/new-enyaq-rs-race-photo-gallery-2/,STO,tiles_dir,page,200,card_teaser;hero;siteorigin_body,teaser_overlay,,
https://www.skoda-storyboard.com/en/elroq-enyaq-event-gallery/,STO,tiles_dir,page,200,card_teaser;hero;siteorigin_body,teaser_overlay,,
https://www.skoda-storyboard.com/en/new-enyaq-rs-race-photo-gallery/new-enyaq-rs-race-9-6/,STO,custom_microsite,page,200,card_teaser;gallery_lightbox;siteorigin_body,teaser_media;teaser_overlay;teaser_toolbar,,
https://www.skoda-storyboard.com/en/new-enyaq-rs-race-photo-gallery/new-enyaq-rs-race-general-photos/,STO,custom_microsite,page,200,card_teaser;gallery_lightbox;siteorigin_body,teaser_media;teaser_overlay;teaser_toolbar,,
https://www.skoda-storyboard.com/en/elroq-rs-event-gallery/elroq-rs-9-6/,STO,custom_microsite,page,200,card_teaser;gallery_lightbox;siteorigin_body,teaser_media;teaser_overlay;teaser_toolbar,,
https://www.skoda-storyboard.com/en/elroq-rs-event-gallery/elroq-rs-general-photos/,STO,custom_microsite,page,200,card_teaser;gallery_lightbox;siteorigin_body,teaser_media;teaser_overlay;teaser_toolbar,,
https://www.skoda-storyboard.com/en/new-enyaq-rs-race-photo-gallery/,STO,tiles_dir,page,200,card_teaser;hero;siteorigin_body,teaser_overlay,,
https://www.skoda-storyboard.com/en/new-enyaq-rs-race/,STO,custom_microsite,page,200,siteorigin_body,teaser_overlay,,
https://www.skoda-storyboard.com/en/lets-explore-albania-event-gallery/,STO,tiles_dir,page,200,card_teaser;hero;siteorigin_body,teaser_overlay,,
https://www.skoda-storyboard.com/en/lets-explore-albania/,STO,custom_microsite,page,200,siteorigin_body,teaser_overlay,,
https://www.skoda-storyboard.com/en/the-skoda-elroq-rs-media-launch-press-kit/,STO,custom_microsite,page,200,siteorigin_body,teaser_overlay,,
https://www.skoda-storyboard.com/en/elroq-rs-event-gallery/,STO,tiles_dir,page,200,card_teaser;hero;siteorigin_body,teaser_overlay,,
https://www.skoda-storyboard.com/en/new-skoda-enyaq-rs-event-gallery/,STO,custom_microsite,page,200,card_teaser;gallery_lightbox;siteorigin_body,teaser_media;teaser_overlay;teaser_toolbar,,
https://www.skoda-storyboard.com/en/elroq-rs-mdw-event-gallery-videos/,STO,custom_microsite,page,200,siteorigin_body,teaser_overlay,vimeo,
https://www.skoda-storyboard.com/en/elroq-rs-mdw-event-gallery-images/,STO,custom_microsite,page,200,card_teaser;gallery_lightbox;siteorigin_body,teaser_media;teaser_overlay;teaser_toolbar,,
https://www.skoda-storyboard.com/en/new-skoda-enyaq-media-launch-event-gallery/new-skoda-enyaq-29-3/,STO,custom_microsite,page,200,card_teaser;gallery_lightbox;siteorigin_body,teaser_media;teaser_overlay;teaser_toolbar,,
https://www.skoda-storyboard.com/en/new-skoda-enyaq-media-launch-event-gallery/new-skoda-enyaq-28-3/,STO,custom_microsite,page,200,card_teaser;gallery_lightbox;siteorigin_body,teaser_media;teaser_overlay;teaser_toolbar,,
https://www.skoda-storyboard.com/en/new-skoda-enyaq-media-launch-event-gallery/new-skoda-enyaq-27-3/,STO,custom_microsite,page,200,card_teaser;gallery_lightbox;siteorigin_body,teaser_media;teaser_overlay;teaser_toolbar,,
https://www.skoda-storyboard.com/en/new-skoda-enyaq-media-launch-event-gallery/new-skoda-enyaq-26-3/,STO,custom_microsite,page,200,card_teaser;gallery_lightbox;siteorigin_body,teaser_media;teaser_overlay;teaser_toolbar,,
https://www.skoda-storyboard.com/en/new-skoda-enyaq-media-launch-event-gallery/new-skoda-enyaq-25-3/,STO,custom_microsite,page,200,card_teaser;gallery_lightbox;siteorigin_body,teaser_media;teaser_overlay;teaser_toolbar,,
https://www.skoda-storyboard.com/en/new-skoda-enyaq-media-launch-event-gallery/new-skoda-enyaq-24-3/,STO,custom_microsite,page,200,card_teaser;gallery_lightbox;siteorigin_body,teaser_media;teaser_overlay;teaser_toolbar,,
https://www.skoda-storyboard.com/en/elroq-rs-mdw-event-gallery/,STO,tiles_dir,page,200,card_teaser;hero;siteorigin_body,teaser_overlay,,
https://www.skoda-storyboard.com/en/elroq-rs-world-premiere/,STO,custom_microsite,page,200,siteorigin_body,teaser_overlay,,
https://www.skoda-storyboard.com/en/new-skoda-enyaq-media-launch-event-gallery/new-skoda-enyaq-general/,STO,custom_microsite,page,200,card_teaser;gallery_lightbox;siteorigin_body,teaser_media;teaser_overlay;teaser_toolbar,,
https://www.skoda-storyboard.com/en/new-skoda-enyaq-media-launch-event-gallery/,STO,tiles_dir,page,200,card_teaser;hero;siteorigin_body,teaser_overlay,,
https://www.skoda-storyboard.com/en/new-skoda-enyaq-media-launch-event-gallery/new-skoda-enyaq-21-3/,STO,custom_microsite,page,200,card_teaser;gallery_lightbox;siteorigin_body,teaser_media;teaser_overlay;teaser_toolbar,,
https://www.skoda-storyboard.com/en/botas-x-skoda-guess-where-are-we-competition-terms-conditions/,STO,page,page,200,hero,teaser_overlay,,
https://www.skoda-storyboard.com/en/skoda-rs-driving-experience-22-2/,STO,custom_microsite,page,200,card_teaser;gallery_lightbox;siteorigin_body,teaser_media;teaser_overlay;teaser_toolbar,,
https://www.skoda-storyboard.com/en/skoda-rs-driving-experience-21-2/,STO,custom_microsite,page,200,card_teaser;gallery_lightbox;siteorigin_body,teaser_media;teaser_overlay;teaser_toolbar,,
https://www.skoda-storyboard.com/en/skoda-rs-driving-experience-20-2/,STO,custom_microsite,page,200,card_teaser;gallery_lightbox;siteorigin_body,teaser_media;teaser_overlay;teaser_toolbar,,
https://www.skoda-storyboard.com/en/skoda-rs-driving-experience-19-2/,STO,custom_microsite,page,200,card_teaser;gallery_lightbox;siteorigin_body,teaser_media;teaser_overlay;teaser_toolbar,,
https://www.skoda-storyboard.com/en/skoda-rs-driving-experience-18-2/,STO,custom_microsite,page,200,card_teaser;gallery_lightbox;siteorigin_body,teaser_media;teaser_overlay;teaser_toolbar,,
https://www.skoda-storyboard.com/en/17-2/,STO,custom_microsite,page,200,card_teaser;gallery_lightbox;siteorigin_body,teaser_media;teaser_overlay;teaser_toolbar,,
https://www.skoda-storyboard.com/en/general-photos/,STO,custom_microsite,page,200,card_teaser;gallery_lightbox;siteorigin_body,teaser_media;teaser_overlay;teaser_toolbar,,
https://www.skoda-storyboard.com/en/skoda-rs-driving-experience-press-kit/,STO,custom_microsite,page,200,siteorigin_body,teaser_overlay,,
https://www.skoda-storyboard.com/en/skoda-rs-driving-experience-event-gallery/,STO,tiles_dir,page,200,card_teaser;hero;siteorigin_body,teaser_overlay,,
https://www.skoda-storyboard.com/en/new-skoda-enyaq-press-kit/,STO,custom_microsite,page,200,siteorigin_body,teaser_overlay,,
https://www.skoda-storyboard.com/en/skoda-elroq-7-12/,STO,custom_microsite,page,200,card_teaser;gallery_lightbox;siteorigin_body,teaser_media;teaser_overlay;teaser_toolbar,,
https://www.skoda-storyboard.com/en/skoda-elroq-6-12/,STO,custom_microsite,page,200,card_teaser;gallery_lightbox;siteorigin_body,teaser_media;teaser_overlay;teaser_toolbar,,
https://www.skoda-storyboard.com/en/skoda-elroq-5-12/,STO,custom_microsite,page,200,card_teaser;gallery_lightbox;siteorigin_body,teaser_media;teaser_overlay;teaser_toolbar,,
https://www.skoda-storyboard.com/en/skoda-elroq-4-12/,STO,custom_microsite,page,200,card_teaser;gallery_lightbox;siteorigin_body,teaser_media;teaser_overlay;teaser_toolbar,,
https://www.skoda-storyboard.com/en/skoda-elroq-3-12/,STO,custom_microsite,page,200,card_teaser;gallery_lightbox;siteorigin_body,teaser_media;teaser_overlay;teaser_toolbar,,
https://www.skoda-storyboard.com/en/skoda-elroq-2-12/,STO,custom_microsite,page,200,card_teaser;gallery_lightbox;siteorigin_body,teaser_media;teaser_overlay;teaser_toolbar,,
https://www.skoda-storyboard.com/en/skoda-elroq-30-11/,STO,custom_microsite,page,200,card_teaser;gallery_lightbox;siteorigin_body,teaser_media;teaser_overlay;teaser_toolbar,,
https://www.skoda-storyboard.com/en/skoda-elroq-29-11/,STO,custom_microsite,page,200,card_teaser;gallery_lightbox;siteorigin_body,teaser_media;teaser_overlay;teaser_toolbar,,
https://www.skoda-storyboard.com/en/skoda-elroq-28-11/,STO,custom_microsite,page,200,card_teaser;gallery_lightbox;siteorigin_body,teaser_media;teaser_overlay;teaser_toolbar,,
https://www.skoda-storyboard.com/en/skoda-elroq-general-photos/,STO,custom_microsite,page,200,card_teaser;gallery_lightbox;siteorigin_body,teaser_media;teaser_overlay;teaser_toolbar,,
https://www.skoda-storyboard.com/en/skoda-elroq-media-launch-event-gallery/,STO,tiles_dir,page,200,card_teaser;hero;siteorigin_body,teaser_overlay,,
https://www.skoda-storyboard.com/en/enyaq-rs-race-event-gallery/,STO,tiles_dir,page,200,card_teaser;gallery_lightbox;hero,teaser_media;teaser_overlay;teaser_toolbar,,
https://www.skoda-storyboard.com/en/skoda-elroq-world-premiere-event-gallery/,STO,tiles_dir,page,200,card_teaser;gallery_lightbox;hero;siteorigin_body,teaser_media;teaser_overlay;teaser_toolbar,,
https://www.skoda-storyboard.com/en/skoda-elroq-world-premiere/,STO,custom_microsite,page,200,siteorigin_body,teaser_overlay,,
https://www.skoda-storyboard.com/en/skoda-classic-tour-2024-photo-gallery/,STO,custom_microsite,page,200,siteorigin_body,teaser_overlay,,
https://www.skoda-storyboard.com/en/na-ceste/,STO,custom_microsite,page,200,gallery_lightbox;siteorigin_body,teaser_overlay,,
https://www.skoda-storyboard.com/en/polygon/,STO,custom_microsite,page,200,gallery_lightbox;siteorigin_body,teaser_overlay,,
https://www.skoda-storyboard.com/en/coffee-break/,STO,custom_microsite,page,200,gallery_lightbox;siteorigin_body,teaser_overlay,,
https://www.skoda-storyboard.com/en/benatky-nad-jizerou/,STO,custom_microsite,page,200,gallery_lightbox;siteorigin_body,teaser_overlay,,
https://www.skoda-storyboard.com/en/cil/,STO,custom_microsite,page,200,gallery_lightbox;siteorigin_body,teaser_overlay,,
https://www.skoda-storyboard.com/en/u-letadla/,STO,custom_microsite,page,200,gallery_lightbox;siteorigin_body,teaser_overlay,,
https://www.skoda-storyboard.com/en/skoda-parts-center/,STO,custom_microsite,page,200,gallery_lightbox;siteorigin_body,teaser_overlay,,
https://www.skoda-storyboard.com/en/letiste/,STO,custom_microsite,page,200,gallery_lightbox;siteorigin_body,teaser_overlay,,
https://www.skoda-storyboard.com/en/vyhlaseni-vitezu/,STO,custom_microsite,page,200,gallery_lightbox;siteorigin_body,teaser_overlay,,
https://www.skoda-storyboard.com/en/hala-m13/,STO,custom_microsite,page,200,gallery_lightbox;siteorigin_body,teaser_overlay,,
https://www.skoda-storyboard.com/en/start/,STO,custom_microsite,page,200,gallery_lightbox;siteorigin_body,teaser_overlay,,
https://www.skoda-storyboard.com/en/pred-startem/,STO,custom_microsite,page,200,gallery_lightbox;siteorigin_body,teaser_overlay,,
https://www.skoda-storyboard.com/en/skoda-classic-tour-2024-board/,STO,custom_microsite,page,200,siteorigin_body,teaser_overlay,,
https://www.skoda-storyboard.com/en/elroq-wrong-names-only-contest-terms-conditions/,STO,page,page,200,hero;siteorigin_body,teaser_overlay,,
https://www.skoda-storyboard.com/en/skoda-elroq-covered-drive-28-6/,STO,custom_microsite,page,200,card_teaser;gallery_lightbox;siteorigin_body,teaser_media;teaser_overlay;teaser_toolbar,,
https://www.skoda-storyboard.com/en/skoda-elroq-covered-drive-27-06/,STO,custom_microsite,page,200,card_teaser;gallery_lightbox;siteorigin_body,teaser_media;teaser_overlay;teaser_toolbar,,
https://www.skoda-storyboard.com/en/skoda-elroq-covered-drive-26-06/,STO,custom_microsite,page,200,card_teaser;gallery_lightbox;siteorigin_body,teaser_media;teaser_overlay;teaser_toolbar,,
https://www.skoda-storyboard.com/en/skoda-elroq-covered-drive-25-06/,STO,custom_microsite,page,200,card_teaser;gallery_lightbox;siteorigin_body,teaser_media;teaser_overlay;teaser_toolbar,,
https://www.skoda-storyboard.com/en/skoda-elroq-covered-drive-24-06/,STO,custom_microsite,page,200,card_teaser;gallery_lightbox;siteorigin_body,teaser_media;teaser_overlay;teaser_toolbar,,
https://www.skoda-storyboard.com/en/skoda-elroq-covered-drive-23-6/,STO,custom_microsite,page,200,card_teaser;gallery_lightbox;siteorigin_body,teaser_media;teaser_overlay;teaser_toolbar,,
https://www.skoda-storyboard.com/en/skoda-elroq-covered-drive-22-6/,STO,custom_microsite,page,200,card_teaser;gallery_lightbox;siteorigin_body,teaser_media;teaser_overlay;teaser_toolbar,,
https://www.skoda-storyboard.com/en/skoda-elroq-covered-drive-21-6/,STO,custom_microsite,page,200,card_teaser;gallery_lightbox;siteorigin_body,teaser_media;teaser_overlay;teaser_toolbar,,
https://www.skoda-storyboard.com/en/skoda-elroq-covered-drive-event-gallery/skoda-elroq-covered-drive-20-6/,STO,custom_microsite,page,200,card_teaser;gallery_lightbox;siteorigin_body,teaser_media;teaser_overlay;teaser_toolbar,,
https://www.skoda-storyboard.com/en/skoda-elroq-covered-drive-event-gallery/skoda-elroq-covered-drive-general-photos/,STO,custom_microsite,page,200,card_teaser;gallery_lightbox;siteorigin_body,teaser_media;teaser_overlay;teaser_toolbar,,
https://www.skoda-storyboard.com/en/skoda-elroq-covered-drive-event-gallery/,STO,tiles_dir,page,200,card_teaser;hero;siteorigin_body,teaser_overlay,,
https://www.skoda-storyboard.com/en/the-skoda-elroq-covered-drive-press-kit/,STO,custom_microsite,page,200,siteorigin_body,teaser_overlay,,
https://www.skoda-storyboard.com/en/skoda-superb-driving-experience-4-6/,STO,custom_microsite,page,200,card_teaser;gallery_lightbox;siteorigin_body,teaser_media;teaser_overlay;teaser_toolbar,,
https://www.skoda-storyboard.com/en/skoda-superb-driving-experience-3-6/,STO,custom_microsite,page,200,card_teaser;gallery_lightbox;siteorigin_body,teaser_media;teaser_overlay;teaser_toolbar,,
https://www.skoda-storyboard.com/en/skoda-superb-driving-experience-1-6/,STO,custom_microsite,page,200,card_teaser;gallery_lightbox;siteorigin_body,teaser_media;teaser_overlay;teaser_toolbar,,
https://www.skoda-storyboard.com/en/skoda-superb-driving-experience-31-5/,STO,custom_microsite,page,200,card_teaser;gallery_lightbox;siteorigin_body,teaser_media;teaser_overlay;teaser_toolbar,,
https://www.skoda-storyboard.com/en/skoda-superb-driving-experience-superb-1936/,STO,custom_microsite,page,200,card_teaser;gallery_lightbox;siteorigin_body,teaser_media;teaser_overlay;teaser_toolbar,,
https://www.skoda-storyboard.com/en/skoda-superb-driving-experience-30-5/,STO,custom_microsite,page,200,card_teaser;gallery_lightbox;siteorigin_body,teaser_media;teaser_overlay;teaser_toolbar,,
https://www.skoda-storyboard.com/en/skoda-superb-driving-experience-event-gallery/skoda-superb-driving-experience-29-5/,STO,custom_microsite,page,200,card_teaser;gallery_lightbox;siteorigin_body,teaser_media;teaser_overlay;teaser_toolbar,,
https://www.skoda-storyboard.com/en/skoda-superb-driving-experience-event-gallery/general-photos/,STO,custom_microsite,page,200,card_teaser;gallery_lightbox;siteorigin_body,teaser_media;teaser_overlay;teaser_toolbar,,
https://www.skoda-storyboard.com/en/skoda-superb-driving-experience-event-gallery/skoda-superb-driving-experience-28-5/,STO,custom_microsite,page,200,card_teaser;gallery_lightbox;siteorigin_body,teaser_media;teaser_overlay;teaser_toolbar,,
https://www.skoda-storyboard.com/en/skoda-superb-driving-experience-press-kit-2/superb-lk-top-of-the-range-model-with-exclusive-features-and-unique-design-details/,STO,custom_microsite,page,200,card_teaser;gallery_lightbox;row_toggle;siteorigin_body,teaser_media;teaser_overlay;teaser_toolbar,vimeo,
https://www.skoda-storyboard.com/en/skoda-superb-driving-experience-press-kit-2/technical-data/,STO,custom_microsite,page,200,siteorigin_body,teaser_overlay,,
https://www.skoda-storyboard.com/en/skoda-superb-driving-experience-press-kit-2/safety-new-nano-sensors-for-more-advanced-and-accurate-assistance-systems/,STO,custom_microsite,page,200,card_teaser;gallery_lightbox;row_toggle;siteorigin_body,teaser_media;teaser_overlay;teaser_toolbar,,
https://www.skoda-storyboard.com/en/skoda-superb-driving-experience-press-kit-2/texts/,STO,custom_microsite,page,200,siteorigin_body,teaser_overlay,,
https://www.skoda-storyboard.com/en/skoda-superb-driving-experience-press-kit-2/infographics/,STO,custom_microsite,page,200,siteorigin_body,teaser_overlay,,
https://www.skoda-storyboard.com/en/skoda-superb-driving-experience-press-kit-2/the-all-new-skoda-superb-more-space-more-comfort-more-efficiency-and-more-safety/,STO,custom_microsite,page,200,card_teaser;gallery_lightbox;row_toggle;siteorigin_body,teaser_media;teaser_overlay;teaser_toolbar,vimeo,
https://www.skoda-storyboard.com/en/skoda-superb-driving-experience-press-kit-2/powertrains-debut-of-mild-hybrid-plug-in-hybrid-with-up-to-120-kilometres-of-electric-range/,STO,custom_microsite,page,200,card_teaser;gallery_lightbox;row_toggle;siteorigin_body,teaser_media;teaser_overlay;teaser_toolbar,,
https://www.skoda-storyboard.com/en/skoda-superb-driving-experience-press-kit-2/connectivity-improved-ai-based-voice-recognition-and-new-services/,STO,custom_microsite,page,200,card_teaser;gallery_lightbox;row_toggle;siteorigin_body,teaser_media;teaser_overlay;teaser_toolbar,,
https://www.skoda-storyboard.com/en/skoda-superb-driving-experience-press-kit-2/images/,STO,custom_microsite,page,200,card_teaser;gallery_lightbox;siteorigin_body,teaser_media;teaser_overlay;teaser_toolbar,,
https://www.skoda-storyboard.com/en/skoda-superb-driving-experience-press-kit-2/videos/,STO,custom_microsite,page,200,siteorigin_body,teaser_overlay,vimeo,
https://www.skoda-storyboard.com/en/skoda-superb-driving-experience-press-kit-2/exterior-signature-modern-solid-design-elements-and-improved-aerodynamics/,STO,custom_microsite,page,200,card_teaser;gallery_lightbox;row_toggle;siteorigin_body,teaser_media;teaser_overlay;teaser_toolbar,,
https://www.skoda-storyboard.com/en/skoda-superb-driving-experience-press-kit-2/history-tracing-the-skoda-superb-from-its-1930s-origins-through-generations-of-innovation/,STO,custom_microsite,page,200,card_teaser;gallery_lightbox;row_toggle;siteorigin_body,teaser_media;teaser_overlay;teaser_toolbar,,
https://www.skoda-storyboard.com/en/skoda-superb-driving-experience-press-kit-2/interior-roomier-sustainable-and-digital-with-intuitive-skoda-smart-dials/,STO,custom_microsite,page,200,card_teaser;gallery_lightbox;row_toggle;siteorigin_body,teaser_media;teaser_overlay;teaser_toolbar,,
https://www.skoda-storyboard.com/en/skoda-superb-driving-experience-press-kit-2/,STO,tiles_dir,page,200,card_teaser;hero;siteorigin_body,teaser_overlay,,
https://www.skoda-storyboard.com/en/skoda-superb-driving-experience-press-kit/,STO,custom_microsite,page,200,siteorigin_body,teaser_overlay,,
https://www.skoda-storyboard.com/en/skoda-superb-driving-experience-recommended-locations/,STO,tiles_dir,page,200,hero;siteorigin_body,teaser_overlay,,
https://www.skoda-storyboard.com/en/skoda-superb-driving-experience-event-gallery/,STO,tiles_dir,page,200,card_teaser;hero;siteorigin_body,teaser_overlay,,
https://www.skoda-storyboard.com/en/skoda-octavia-16-5/,STO,custom_microsite,page,200,card_teaser;gallery_lightbox;siteorigin_body,teaser_media;teaser_overlay;teaser_toolbar,,
https://www.skoda-storyboard.com/en/skoda-octavia-media-launch-event-gallery/skoda-octavia-15-5/,STO,custom_microsite,page,200,card_teaser;gallery_lightbox;siteorigin_body,teaser_media;teaser_overlay;teaser_toolbar,,
https://www.skoda-storyboard.com/en/skoda-octavia-media-launch-event-gallery/skoda-octavia-14-5/,STO,custom_microsite,page,200,card_teaser;gallery_lightbox;siteorigin_body,teaser_media;teaser_overlay;teaser_toolbar,,
https://www.skoda-storyboard.com/en/skoda-octavia-13-5/,STO,custom_microsite,page,200,card_teaser;gallery_lightbox;siteorigin_body,teaser_media;teaser_overlay;teaser_toolbar,,
https://www.skoda-storyboard.com/en/skoda-octavia-media-launch-event-gallery/skoda-octavia-11-5/,STO,custom_microsite,page,200,card_teaser;gallery_lightbox;siteorigin_body,teaser_media;teaser_overlay;teaser_toolbar,,
https://www.skoda-storyboard.com/en/skoda-octavia-media-launch-event-gallery/general-photos/,STO,custom_microsite,page,200,card_teaser;gallery_lightbox;siteorigin_body,teaser_media;teaser_overlay;teaser_toolbar,,
https://www.skoda-storyboard.com/en/skoda-octavia-media-launch-event-gallery/skoda-octavia-10-5/,STO,custom_microsite,page,200,card_teaser;gallery_lightbox;siteorigin_body,teaser_media;teaser_overlay;teaser_toolbar,,
https://www.skoda-storyboard.com/en/skoda-octavia-media-launch-recommended-locations/,STO,tiles_dir,page,200,hero;siteorigin_body,teaser_overlay,,
https://www.skoda-storyboard.com/en/skoda-octavia-media-launch-event-gallery/,STO,tiles_dir,page,200,card_teaser;hero;siteorigin_body,teaser_overlay,,
https://www.skoda-storyboard.com/en/skoda-octavia-media-launch-event-gallery/skoda-octavia-9-5/,STO,custom_microsite,page,200,card_teaser;gallery_lightbox;siteorigin_body,teaser_media;teaser_overlay;teaser_toolbar,,
https://www.skoda-storyboard.com/en/skoda-octavia-media-launch-press-kit/skoda-octavia-refreshing-the-brands-best-seller/,STO,custom_microsite,page,200,card_teaser;gallery_lightbox;row_toggle;siteorigin_body,teaser_media;teaser_overlay;teaser_toolbar,vimeo,
https://www.skoda-storyboard.com/en/skoda-octavia-media-launch-press-kit/connectivity-new-services-and-enhanced-user-experience-with-ai-based-voice-recognition/,STO,custom_microsite,page,200,card_teaser;gallery_lightbox;row_toggle;siteorigin_body,teaser_media;teaser_overlay;teaser_toolbar,,
https://www.skoda-storyboard.com/en/skoda-octavia-media-launch-press-kit/powertrains-four-petrol-and-two-diesel-engines-as-well-as-two-mild-hybrid-options/,STO,custom_microsite,page,200,card_teaser;gallery_lightbox;row_toggle;siteorigin_body,teaser_media;teaser_overlay;teaser_toolbar,,
https://www.skoda-storyboard.com/en/skoda-octavia-media-launch-press-kit/safety-new-safety-and-assistance-systems-for-even-more-effective-protection/,STO,custom_microsite,page,200,card_teaser;gallery_lightbox;row_toggle;siteorigin_body,teaser_media;teaser_overlay;teaser_toolbar,,
https://www.skoda-storyboard.com/en/skoda-octavia-media-launch-press-kit/skoda-octavia-sportline-even-more-dynamic-look-in-combination-with-almost-every-powertrain/,STO,custom_microsite,page,200,card_teaser;gallery_lightbox;row_toggle;siteorigin_body,teaser_media;teaser_overlay;teaser_toolbar,,
https://www.skoda-storyboard.com/en/skoda-octavia-media-launch-press-kit/infographics/,STO,custom_microsite,page,200,siteorigin_body,teaser_overlay,,
https://www.skoda-storyboard.com/en/skoda-octavia-media-launch-press-kit/video/,STO,custom_microsite,page,200,siteorigin_body,teaser_overlay,vimeo,
https://www.skoda-storyboard.com/en/skoda-octavia-media-launch-press-kit/a-history-of-success-iconic-model-is-at-the-heart-of-the-skoda-brand/,STO,custom_microsite,page,200,card_teaser;gallery_lightbox;row_toggle;siteorigin_body,teaser_media;teaser_overlay;teaser_toolbar,,
https://www.skoda-storyboard.com/en/skoda-octavia-media-launch-press-kit/interior-improved-infotainment-equipment-and-additional-sustainable-materials/,STO,custom_microsite,page,200,card_teaser;gallery_lightbox;row_toggle;siteorigin_body,teaser_media;teaser_overlay;teaser_toolbar,,
https://www.skoda-storyboard.com/en/skoda-octavia-media-launch-press-kit/exterior-visual-fine-tuning-as-well-as-advanced-headlight-design-and-technology/,STO,custom_microsite,page,200,card_teaser;gallery_lightbox;row_toggle;siteorigin_body,teaser_media;teaser_overlay;teaser_toolbar,,
https://www.skoda-storyboard.com/en/skoda-octavia-media-launch-press-kit/texts/,STO,custom_microsite,page,200,siteorigin_body,teaser_overlay,,
https://www.skoda-storyboard.com/en/skoda-octavia-media-launch-press-kit/technical-data/,STO,custom_microsite,page,200,siteorigin_body,teaser_overlay,,
https://www.skoda-storyboard.com/en/skoda-octavia-media-launch-press-kit/images/,STO,custom_microsite,page,200,card_teaser;gallery_lightbox;siteorigin_body,teaser_media;teaser_overlay;teaser_toolbar,,
https://www.skoda-storyboard.com/en/skoda-octavia-media-launch-press-kit/,STO,tiles_dir,page,200,card_teaser;hero;siteorigin_body,teaser_overlay,,
https://www.skoda-storyboard.com/en/skoda-vision-gran-turismo-event-gallery/,STO,tiles_dir,page,200,card_teaser;gallery_lightbox;hero;siteorigin_body,teaser_media;teaser_overlay;teaser_toolbar,,
https://www.skoda-storyboard.com/en/skoda-kodiaq-18-4/,STO,custom_microsite,page,200,card_teaser;gallery_lightbox;siteorigin_body,teaser_media;teaser_overlay;teaser_toolbar,,
https://www.skoda-storyboard.com/en/skoda-kodiaq-17-4/,STO,custom_microsite,page,200,card_teaser;gallery_lightbox;siteorigin_body,teaser_media;teaser_overlay;teaser_toolbar,,
https://www.skoda-storyboard.com/en/skoda-kodiaq-16-4/,STO,custom_microsite,page,200,card_teaser;gallery_lightbox;siteorigin_body,teaser_media;teaser_overlay;teaser_toolbar,,
https://www.skoda-storyboard.com/en/skoda-kodiaq-15-4/,STO,custom_microsite,page,200,card_teaser;gallery_lightbox;siteorigin_body,teaser_media;teaser_overlay;teaser_toolbar,,
https://www.skoda-storyboard.com/en/skoda-kodiaq-12-4/,STO,custom_microsite,page,200,card_teaser;gallery_lightbox;siteorigin_body,teaser_media;teaser_overlay;teaser_toolbar,,
https://www.skoda-storyboard.com/en/skoda-kodiaq-11-4/,STO,custom_microsite,page,200,card_teaser;gallery_lightbox;siteorigin_body,teaser_media;teaser_overlay;teaser_toolbar,,
https://www.skoda-storyboard.com/en/skoda-kodiaq-10-4/,STO,custom_microsite,page,200,card_teaser;gallery_lightbox;siteorigin_body,teaser_media;teaser_overlay;teaser_toolbar,,
https://www.skoda-storyboard.com/en/skoda-trekka/,STO,custom_microsite,page,200,card_teaser;gallery_lightbox;siteorigin_body,teaser_media;teaser_overlay;teaser_toolbar,,
https://www.skoda-storyboard.com/en/skoda-kodiaq-9-4/,STO,custom_microsite,page,200,card_teaser;gallery_lightbox;siteorigin_body,teaser_media;teaser_overlay;teaser_toolbar,,
https://www.skoda-storyboard.com/en/skoda-kodiaq-8-4/,STO,custom_microsite,page,200,card_teaser;gallery_lightbox;siteorigin_body,teaser_media;teaser_overlay;teaser_toolbar,,
https://www.skoda-storyboard.com/en/skoda-kodiaq-general-photos/,STO,custom_microsite,page,200,card_teaser;gallery_lightbox;siteorigin_body,teaser_media;teaser_overlay;teaser_toolbar,,
https://www.skoda-storyboard.com/en/brand-group-core-bgc/,STO,page,page,200,hero;siteorigin_body,teaser_overlay,vimeo,
https://www.skoda-storyboard.com/en/skoda-superb-combi-21-3/,STO,custom_microsite,page,200,card_teaser;gallery_lightbox;siteorigin_body,teaser_media;teaser_overlay;teaser_toolbar,,
https://www.skoda-storyboard.com/en/skoda-superb-combi-19-3/,STO,custom_microsite,page,200,card_teaser;gallery_lightbox;siteorigin_body,teaser_media;teaser_overlay;teaser_toolbar,,
https://www.skoda-storyboard.com/en/skoda-superb-combi-18-3/,STO,custom_microsite,page,200,card_teaser;gallery_lightbox;siteorigin_body,teaser_media;teaser_overlay;teaser_toolbar,,
https://www.skoda-storyboard.com/en/skoda-superb-combi-16-3/,STO,custom_microsite,page,200,card_teaser;gallery_lightbox;siteorigin_body,teaser_media;teaser_overlay;teaser_toolbar,,
https://www.skoda-storyboard.com/en/skoda-superb-combi-15-3/,STO,custom_microsite,page,200,card_teaser;gallery_lightbox;siteorigin_body,teaser_media;teaser_overlay;teaser_toolbar,,
https://www.skoda-storyboard.com/en/skoda-superb-combi-14-3/,STO,custom_microsite,page,200,card_teaser;gallery_lightbox;siteorigin_body,teaser_media;teaser_overlay;teaser_toolbar,,
https://www.skoda-storyboard.com/en/skoda-superb-combi-13-3/,STO,custom_microsite,page,200,card_teaser;gallery_lightbox;siteorigin_body,teaser_media;teaser_overlay;teaser_toolbar,,
https://www.skoda-storyboard.com/en/skoda-superb-combi-general-photos/,STO,custom_microsite,page,200,card_teaser;gallery_lightbox;siteorigin_body,teaser_media;teaser_overlay;teaser_toolbar,,
https://www.skoda-storyboard.com/en/skoda-superb-combi-interior/,STO,custom_microsite,page,200,card_teaser;gallery_lightbox;siteorigin_body,teaser_media;teaser_overlay;teaser_toolbar,,
https://www.skoda-storyboard.com/en/skoda-superb-combi-12-3/,STO,custom_microsite,page,200,card_teaser;gallery_lightbox;siteorigin_body,teaser_media;teaser_overlay;teaser_toolbar,,
https://www.skoda-storyboard.com/en/skoda-superb-combi-11-3/,STO,custom_microsite,page,200,card_teaser;gallery_lightbox;siteorigin_body,teaser_media;teaser_overlay;teaser_toolbar,,
https://www.skoda-storyboard.com/en/skoda-superb-combi-event-gallery/,STO,tiles_dir,page,200,card_teaser;hero;siteorigin_body,teaser_overlay,,
https://www.skoda-storyboard.com/en/skoda-superb-combi-press-kit/,?,FETCH_ERR,page,HTTP Error 404: Not Found,,,,
https://www.skoda-storyboard.com/en/all-new-skoda-kodiaq-press-kit/,?,FETCH_ERR,page,HTTP Error 404: Not Found,,,,
https://www.skoda-storyboard.com/en/all-new-skoda-kodiaq-event-gallery/,STO,tiles_dir,page,200,card_teaser;hero;siteorigin_body,teaser_overlay,,
https://www.skoda-storyboard.com/en/scala-kamiq-up-to-date-9-2/,STO,custom_microsite,page,200,card_teaser;gallery_lightbox;siteorigin_body,teaser_media;teaser_overlay;teaser_toolbar,,
https://www.skoda-storyboard.com/en/new-skoda-octavia-press-kit/,STO,custom_microsite,page,200,siteorigin_body,teaser_overlay,,
https://www.skoda-storyboard.com/en/scala-kamiq-up-to-date-8-2/,STO,custom_microsite,page,200,card_teaser;gallery_lightbox;siteorigin_body,teaser_media;teaser_overlay;teaser_toolbar,,
https://www.skoda-storyboard.com/en/scala-kamiq-up-to-date-7-2/,STO,custom_microsite,page,200,card_teaser;gallery_lightbox;siteorigin_body,teaser_media;teaser_overlay;teaser_toolbar,,
https://www.skoda-storyboard.com/en/scala-kamiq-up-to-date-6-2/,STO,custom_microsite,page,200,card_teaser;gallery_lightbox;siteorigin_body,teaser_media;teaser_overlay;teaser_toolbar,,
https://www.skoda-storyboard.com/en/scala-kamiq-up-to-date-5-2/,STO,custom_microsite,page,200,card_teaser;gallery_lightbox;siteorigin_body,teaser_media;teaser_overlay;teaser_toolbar,,
https://www.skoda-storyboard.com/en/scala-kamiq-press-kit/,STO,custom_microsite,page,200,siteorigin_body,teaser_overlay,,
https://www.skoda-storyboard.com/en/scala-kamiq-gallery/,STO,tiles_dir,page,200,card_teaser;hero;siteorigin_body,teaser_overlay,,
https://www.skoda-storyboard.com/en/enyaq-2024-upgrade-press-kit/,STO,custom_microsite,page,200,siteorigin_body,teaser_overlay,,
https://www.skoda-storyboard.com/en/skoda-superb-world-premiere-press-kit/,STO,tiles_dir,page,200,card_teaser;hero;siteorigin_body,teaser_overlay,,
https://www.skoda-storyboard.com/en/texts-2/,STO,custom_microsite,page,200,siteorigin_body,teaser_overlay,,
https://www.skoda-storyboard.com/en/texty-2/,STO,custom_microsite,page,200,siteorigin_body,teaser_overlay,,
https://www.skoda-storyboard.com/en/ivet23/,STO,page,page,200,hero,teaser_overlay,,
https://www.skoda-storyboard.com/en/all-new-skoda-superb-world-premiere-press-kit/,STO,custom_microsite,page,200,siteorigin_body,teaser_overlay,,
https://www.skoda-storyboard.com/en/texty/,STO,custom_microsite,page,200,siteorigin_body,teaser_overlay,,
https://www.skoda-storyboard.com/en/texts/,STO,custom_microsite,page,200,siteorigin_body,teaser_overlay,,
https://www.skoda-storyboard.com/en/all-new-skoda-kodiaq-world-premiere-press-kit/,STO,tiles_dir,page,200,card_teaser;hero;siteorigin_body,teaser_overlay,,
https://www.skoda-storyboard.com/en/the-all-new-kodiaq/,STO,custom_microsite,page,200,siteorigin_body,teaser_overlay,,
https://www.skoda-storyboard.com/en/the-fourth-generation-of-the-skoda-superb-will-once-again-offer-a-hatchback/,STO,custom_microsite,page,200,siteorigin_body,gallery_lightbox_viewer;teaser_overlay,vimeo,
https://www.skoda-storyboard.com/en/solid-functional-authentic-vision-7s-illustrates-core-values-of-skodas-new-modern-solid-design-language/,STO,custom_microsite,page,200,siteorigin_body,gallery_lightbox_viewer;teaser_overlay,,
https://www.skoda-storyboard.com/en/company-logo/,STO,custom_microsite,page,200,siteorigin_body,teaser_overlay,,
https://www.skoda-storyboard.com/en/skoda-auto-continually-enhances-the-safety-of-its-vehicles-worldwide/,STO,custom_microsite,page,200,row_toggle;siteorigin_body,gallery_lightbox_viewer;teaser_overlay,,
https://www.skoda-storyboard.com/en/skoda-digilab-rebranding-event-skoda-x/,STO,custom_microsite,page,200,siteorigin_body,gallery_lightbox_viewer;teaser_overlay,,
https://www.skoda-storyboard.com/en/skoda-digilab-rebranding-event/,STO,page,page,200,card_teaser;gallery_lightbox;hero;siteorigin_body,teaser_media;teaser_overlay;teaser_toolbar,,
https://www.skoda-storyboard.com/en/podstupensky-mill-formerly-vaneks-mill-unimills/,STO,unknown,page,200,siteorigin_body,teaser_overlay,,
https://www.skoda-storyboard.com/en/newsletter-settings/,STO,unknown,page,200,hero,teaser_overlay,,
https://www.skoda-storyboard.com/en/scd2021/skoda-museum-exhibition/,STO,page,page,200,card_teaser;gallery_lightbox;hero;siteorigin_body,teaser_media;teaser_overlay;teaser_toolbar,,
https://www.skoda-storyboard.com/en/scd2021/wednesday-15-9/,STO,page,page,200,card_teaser;gallery_lightbox;hero;siteorigin_body,teaser_media;teaser_overlay;teaser_toolbar,,
https://www.skoda-storyboard.com/en/scd2021/tuesday-14-9/,STO,page,page,200,card_teaser;gallery_lightbox;hero;siteorigin_body,teaser_media;teaser_overlay;teaser_toolbar,,
https://www.skoda-storyboard.com/en/scd2021/monday-13-9/,STO,page,page,200,card_teaser;gallery_lightbox;hero;siteorigin_body,teaser_media;teaser_overlay;teaser_toolbar,,
https://www.skoda-storyboard.com/en/scd2021/event-photos/,STO,page,page,200,card_teaser;gallery_lightbox;hero;siteorigin_body,teaser_media;teaser_overlay;teaser_toolbar,,
https://www.skoda-storyboard.com/en/scd2021/videos/,STO,page,page,200,hero;siteorigin_body,teaser_overlay,vimeo,
https://www.skoda-storyboard.com/en/scd2021/press-release-photos/,STO,page,page,200,card_teaser;gallery_lightbox;hero;siteorigin_body,teaser_media;teaser_overlay;teaser_toolbar,,
https://www.skoda-storyboard.com/en/scd2021/,STO,tiles_dir,page,200,card_teaser;hero;siteorigin_body,teaser_overlay,,
https://www.skoda-storyboard.com/en/iihf/lv/picture-guidelines/,STO,page,page,200,hero;siteorigin_body,teaser_overlay,,
https://www.skoda-storyboard.com/en/iihf/ru/picture-guidelines/,STO,page,page,200,hero;siteorigin_body,teaser_overlay,,
https://www.skoda-storyboard.com/en/iihf/picture-guidelines/,STO,page,page,200,hero;siteorigin_body,teaser_overlay,,
https://www.skoda-storyboard.com/en/iihf/lv/terms-and-conditions/,STO,page,page,200,hero;siteorigin_body,teaser_overlay,,
https://www.skoda-storyboard.com/en/iihf/ru/terms-and-conditions/,STO,page,page,200,hero;siteorigin_body,teaser_overlay,,
https://www.skoda-storyboard.com/en/iihf/ru/gdpr/,STO,page,page,200,hero;siteorigin_body,teaser_overlay,,
https://www.skoda-storyboard.com/en/iihf/ru/,STO,story,page,200R,card_teaser;carousel_rails;cover_box;downloads;hero;promo_banner;siteorigin_body;tags,cover_box_dark;teaser_media;teaser_overlay;teaser_toolbar,,
https://www.skoda-storyboard.com/en/iihf/lv/,STO,story,page,200R,card_teaser;carousel_rails;cover_box;downloads;hero;promo_banner;siteorigin_body;tags,cover_box_dark;teaser_media;teaser_overlay;teaser_toolbar,,
https://www.skoda-storyboard.com/en/iihf/terms-and-conditions/,STO,page,page,200,hero;siteorigin_body,teaser_overlay,,
https://www.skoda-storyboard.com/en/iihf/,STO,story,page,200R,card_teaser;carousel_rails;cover_box;downloads;hero;promo_banner;siteorigin_body;tags,cover_box_dark;teaser_media;teaser_overlay;teaser_toolbar,,
https://www.skoda-storyboard.com/en/terms-and-conditions-2/,STO,page,page,200,hero;siteorigin_body,teaser_overlay,,
https://www.skoda-storyboard.com/en/youve-reached-a-dead-end/,STO,error404,page,200,siteorigin_body,teaser_overlay,,
https://www.skoda-storyboard.com/en/welcome-to-our-remote-car-park/,STO,error404,page,200,siteorigin_body,teaser_overlay,,
https://www.skoda-storyboard.com/en/series-2/,STO,tiles_dir,page,200,card_teaser;hero,teaser_overlay,,
https://www.skoda-storyboard.com/en/your-downloads/,MR,unknown,page,200,media_cart_page,teaser_overlay,,
https://www.skoda-storyboard.com/en/search/,MR,faceted_listing,page,200,card_teaser;carousel_rails;cover_box;faceted_listing,teaser_media;teaser_overlay;teaser_toolbar,vimeo,
https://www.skoda-storyboard.com/en/videos/,MR,faceted_listing,page,200,card_teaser;carousel_rails;cover_box;faceted_listing,teaser_media;teaser_overlay;teaser_toolbar,vimeo,
https://www.skoda-storyboard.com/en/images/,MR,faceted_listing,page,200,card_teaser;carousel_rails;cover_box;faceted_listing,teaser_media;teaser_overlay;teaser_toolbar,,
https://www.skoda-storyboard.com/en/press-kits/,MR,faceted_listing,page,200,card_teaser;carousel_rails;cover_box;faceted_listing,teaser_media;teaser_overlay;teaser_toolbar,,
https://www.skoda-storyboard.com/en/news/,MR,faceted_listing,page,200,card_teaser;carousel_rails;cover_box;faceted_listing,teaser_media;teaser_overlay;teaser_toolbar,,
https://www.skoda-storyboard.com/en/media-room/,MR,unknown,page,200,card_teaser;carousel_rails;cover_box,cover_box_dark;teaser_media;teaser_overlay;teaser_toolbar,vimeo,
https://www.skoda-storyboard.com/en/documents/cookies/,STO,page,page,200,hero;siteorigin_body,teaser_overlay,,
https://www.skoda-storyboard.com/en/documents/,STO,page,page,200,hero,teaser_overlay,,
https://www.skoda-storyboard.com/en/documents/consent-to-personal-data-processing-information-on-personal-data-processing/,STO,page,page,200,hero;siteorigin_body,teaser_overlay,,
https://www.skoda-storyboard.com/en/skoda-media-services-application/,MR,company_page,page,200,hero;siteorigin_body,teaser_overlay,,
https://www.skoda-storyboard.com/en/,STO,home,page,200,card_teaser;carousel_rails;cover_box,cover_box_dark;teaser_media;teaser_overlay;teaser_toolbar,,
https://www.skoda-storyboard.com/en/newsletter-terms-and-conditions/,STO,page,page,200,hero,teaser_overlay,,
https://www.skoda-storyboard.com/en/from-bilbao-to-kodiaq/,STO,unknown,page,200,siteorigin_body,teaser_overlay,,
https://www.skoda-storyboard.com/en/media/,MR,faceted_listing,page,200R,card_teaser;carousel_rails;cover_box;faceted_listing,teaser_media;teaser_overlay;teaser_toolbar,vimeo,
https://www.skoda-storyboard.com/en/road-to-christmas-23-12/,STO,unknown,page,200,siteorigin_body,teaser_overlay,,
https://www.skoda-storyboard.com/en/road-to-christmas-22-12/,STO,unknown,page,200,siteorigin_body,teaser_overlay,,
https://www.skoda-storyboard.com/en/road-to-christmas-20-12/,STO,unknown,page,200,siteorigin_body,teaser_overlay,,
https://www.skoda-storyboard.com/en/road-to-christmas-19-12/,STO,unknown,page,200,siteorigin_body,teaser_overlay,,
https://www.skoda-storyboard.com/en/road-to-christmas-18-12/,STO,unknown,page,200,siteorigin_body,teaser_overlay,,
https://www.skoda-storyboard.com/en/road-to-christmas-17-12/,STO,unknown,page,200,siteorigin_body,teaser_overlay,,
https://www.skoda-storyboard.com/en/the-car-that-had-no-colour/,STO,unknown,page,200,siteorigin_body,teaser_overlay,,
https://www.skoda-storyboard.com/en/road-to-christmas-16-12/,STO,unknown,page,200,siteorigin_body,teaser_overlay,,
https://www.skoda-storyboard.com/en/road-to-christmas-15-12/,STO,unknown,page,200,siteorigin_body,teaser_overlay,,
https://www.skoda-storyboard.com/en/road-to-christmas-13-12/,STO,unknown,page,200,siteorigin_body,teaser_overlay,,
https://www.skoda-storyboard.com/en/road-to-christmas-12-12/,STO,unknown,page,200,siteorigin_body,teaser_overlay,,
https://www.skoda-storyboard.com/en/road-to-christmas-11-12/,STO,unknown,page,200,siteorigin_body,teaser_overlay,,
https://www.skoda-storyboard.com/en/road-to-christmas-10-12/,STO,unknown,page,200,siteorigin_body,teaser_overlay,,
https://www.skoda-storyboard.com/en/skoda-superb/,STO,unknown,page,200,siteorigin_body,teaser_overlay,,
https://www.skoda-storyboard.com/en/skoda-felicia-fun/,STO,unknown,page,200,siteorigin_body,teaser_overlay,,
https://www.skoda-storyboard.com/en/skoda-felicia/,STO,unknown,page,200,siteorigin_body,teaser_overlay,,
https://www.skoda-storyboard.com/en/skoda-110-r-coupe/,STO,unknown,page,200,siteorigin_body,teaser_overlay,,
https://www.skoda-storyboard.com/en/lk-skoda-110/,STO,unknown,page,200,siteorigin_body,teaser_overlay,,
https://www.skoda-storyboard.com/en/skoda-rapid-1500-ohv/,STO,unknown,page,200,siteorigin_body,teaser_overlay,,
https://www.skoda-storyboard.com/en/road-to-christmas-09-12/,STO,unknown,page,200,siteorigin_body,teaser_overlay,,
https://www.skoda-storyboard.com/en/road-to-christmas-08-12/,STO,unknown,page,200,siteorigin_body,teaser_overlay,,
https://www.skoda-storyboard.com/en/road-to-christmas-07-12/,STO,unknown,page,200,siteorigin_body,teaser_overlay,youtube,
https://www.skoda-storyboard.com/en/road-to-christmas-06-12/,STO,unknown,page,200,siteorigin_body,teaser_overlay,,
https://www.skoda-storyboard.com/en/road-to-christmas-05-12/,STO,unknown,page,200,siteorigin_body,teaser_overlay,,
https://www.skoda-storyboard.com/en/road-to-christmas-04-12/,STO,unknown,page,200,siteorigin_body,teaser_overlay,,
https://www.skoda-storyboard.com/en/road-to-christmas-03-12/,STO,unknown,page,200,siteorigin_body,teaser_overlay,,
https://www.skoda-storyboard.com/en/road-to-christmas-02-12/,STO,unknown,page,200,siteorigin_body,teaser_overlay,,
https://www.skoda-storyboard.com/en/road-to-christmas/,STO,unknown,page,200,siteorigin_body,teaser_overlay,,
https://www.skoda-storyboard.com/en/road-to-christmas-01-12/,STO,unknown,page,200,siteorigin_body,teaser_overlay,,
https://www.skoda-storyboard.com/en/soon-also-in-german/,STO,page,page,200,hero,teaser_overlay,,
https://www.skoda-storyboard.com/en/annual-reports/,MR,unknown,page,200,card_teaser;downloads;hero,teaser_media;teaser_overlay;teaser_toolbar,,
https://www.skoda-storyboard.com/en/server-status/,STO,page,page,200,hero,teaser_overlay,,
https://www.skoda-storyboard.com/en/impressum/,STO,page,page,200,hero,teaser_overlay,,
https://www.skoda-storyboard.com/en/copyright/,STO,page,page,200,hero;siteorigin_body,teaser_overlay,,
https://www.skoda-storyboard.com/en/press-kits/privacy-statement/,?,FETCH_ERR,page,HTTP Error 301: The HTTP server returned,,,,
https://www.skoda-storyboard.com/en/board-of-management/,MR,company_page,page,200,card_teaser;gallery_lightbox;hero;row_toggle;siteorigin_body,teaser_media;teaser_overlay,,
https://www.skoda-storyboard.com/en/contacts/,MR,company_page,page,200,hero;siteorigin_body,teaser_overlay,,
https://www.skoda-storyboard.com/en/media-cart/,MR,unknown,page,200,media_cart_page,teaser_overlay,,
https://www.skoda-storyboard.com/en/press-releases/skoda-superb-25-years-of-comfort-space-and-technical-excellence/,MR,press_release,press_release,200,card_teaser;cover_box;downloads;gallery_lightbox;promo_banner;tags;two_column,cover_box_dark;teaser_media;teaser_overlay;teaser_toolbar,buzzsprout,
https://www.skoda-storyboard.com/en/press-releases/skoda-auto-announces-changes-to-its-board-of-management/,MR,press_release,press_release,200,card_teaser;carousel_rails;cover_box;downloads;gallery_lightbox;promo_banner;tags;two_column,cover_box_dark;teaser_media;teaser_overlay;teaser_toolbar,buzzsprout,
https://www.skoda-storyboard.com/en/press-releases/936-km-without-recharging-skoda-peaq-sets-range-record-for-seven-seater-electric-suvs/,MR,press_release,press_release,200,card_teaser;carousel_rails;cover_box;downloads;gallery_lightbox;promo_banner;tags;two_column,cover_box_dark;teaser_media;teaser_overlay;teaser_toolbar,buzzsprout;vimeo,
https://www.skoda-storyboard.com/en/press-releases/skoda-octavia-turns-30-three-decades-of-a-brand-icon/,MR,press_release,press_release,200,card_teaser;cover_box;downloads;gallery_lightbox;promo_banner;tags;two_column,cover_box_dark;teaser_media;teaser_overlay;teaser_toolbar,buzzsprout;vimeo,
https://www.skoda-storyboard.com/en/press-releases/skoda-auto-supports-uci-mountain-bike-world-championshipsas-official-partner-for-second-year-running/,MR,press_release,press_release,200,card_teaser;carousel_rails;cover_box;downloads;gallery_lightbox;promo_banner;tags;two_column,cover_box_dark;teaser_media;teaser_overlay;teaser_toolbar,buzzsprout,
https://www.skoda-storyboard.com/en/press-releases/skoda-receives-red-dot-award-for-its-vision-app-concept/,MR,press_release,press_release,200,card_teaser;cover_box;downloads;gallery_lightbox;promo_banner;tags;two_column,cover_box_dark;teaser_media;teaser_overlay;teaser_toolbar,buzzsprout;vimeo,
https://www.skoda-storyboard.com/en/press-releases/skoda-auto-unveils-updated-slavia-in-india/,MR,press_release,press_release,200,card_teaser;cover_box;downloads;gallery_lightbox;promo_banner;tags;two_column,cover_box_dark;teaser_media;teaser_overlay;teaser_toolbar,buzzsprout;vimeo,
https://www.skoda-storyboard.com/en/press-releases/simply-clever-for-summer-smart-skoda-features-that-make-every-trip-easier/,MR,press_release,press_release,200,card_teaser;cover_box;downloads;gallery_lightbox;promo_banner;tags;two_column,cover_box_dark;teaser_media;teaser_overlay;teaser_toolbar,buzzsprout;vimeo,
https://www.skoda-storyboard.com/en/press-releases/lorena-wiebes-receives-skoda-design-trophy-after-winning-tour-de-france-femmes-avec-zwift-points-classification/,MR,press_release,press_release,200,card_teaser;cover_box;downloads;gallery_lightbox;promo_banner;tags;two_column,cover_box_dark;teaser_media;teaser_overlay;teaser_toolbar,buzzsprout,
https://www.skoda-storyboard.com/en/press-releases/skoda-auto-launches-production-of-the-new-peaq-in-mlada-boleslav/,MR,press_release,press_release,200,card_teaser;cover_box;downloads;gallery_lightbox;promo_banner;tags;two_column,cover_box_dark;teaser_media;teaser_overlay;teaser_toolbar,buzzsprout;vimeo,
https://www.skoda-storyboard.com/en/press-releases/skoda-auto-supports-tour-de-france-femmes-avec-zwift-as-official-main-partner-for-the-fifth-year/,MR,press_release,press_release,200,card_teaser;cover_box;downloads;gallery_lightbox;promo_banner;tags;two_column,cover_box_dark;teaser_media;teaser_overlay;teaser_toolbar,buzzsprout;vimeo,
https://www.skoda-storyboard.com/en/press-releases/tadej-pogacar-winner-of-the-113th-tour-de-france-receives-crystal-trophy-created-by-skoda-design/,MR,press_release,press_release,200,card_teaser;cover_box;downloads;gallery_lightbox;promo_banner;tags;two_column,cover_box_dark;teaser_media;teaser_overlay;teaser_toolbar,buzzsprout,
https://www.skoda-storyboard.com/en/press-releases/skoda-auto-achieves-strong-financial-results-record-ev-deliveries-and-second-place-in-europe-in-h1-2026/,MR,press_release,press_release,200,card_teaser;carousel_rails;cover_box;downloads;gallery_lightbox;promo_banner;tags;two_column,cover_box_dark;teaser_media;teaser_overlay;teaser_toolbar,buzzsprout,
https://www.skoda-storyboard.com/en/press-releases/production-milestone-skoda-auto-builds-its-one-millionth-karoq/,MR,press_release,press_release,200,card_teaser;cover_box;downloads;gallery_lightbox;promo_banner;tags;two_column,cover_box_dark;teaser_media;teaser_overlay;teaser_toolbar,buzzsprout,
https://www.skoda-storyboard.com/en/press-releases/camp-mode-in-the-myskoda-app-comfortable-overnight-stays-in-electric-vehicles/,MR,press_release,press_release,200,card_teaser;carousel_rails;cover_box;downloads;gallery_lightbox;promo_banner;tags;two_column,cover_box_dark;teaser_media;teaser_overlay;teaser_toolbar,buzzsprout,
https://www.skoda-storyboard.com/en/press-releases/preparations-begin-for-the-11th-skoda-student-car-celebrating-100-years-of-vocational-education/,MR,press_release,press_release,200,card_teaser;cover_box;downloads;gallery_lightbox;promo_banner;tags;two_column,cover_box_dark;teaser_media;teaser_overlay;teaser_toolbar,buzzsprout,
https://www.skoda-storyboard.com/en/press-releases/skoda-auto-marks-23-years-as-tour-de-france-main-partner-new-skoda-peaq-to-serve-as-red-car/,MR,press_release,press_release,200,card_teaser;cover_box;downloads;gallery_lightbox;promo_banner;tags;two_column,cover_box_dark;teaser_media;teaser_overlay;teaser_toolbar,buzzsprout,
https://www.skoda-storyboard.com/en/press-releases/world-premiere-of-the-all-new-skoda-peaq-livestream-from-france/,MR,press_release,press_release,200,card_teaser;carousel_rails;cover_box;downloads;gallery_lightbox;promo_banner;tags;two_column,cover_box_dark;teaser_media;teaser_overlay;teaser_toolbar,buzzsprout;vimeo,
https://www.skoda-storyboard.com/en/press-releases/skoda-offers-a-first-glimpse-of-the-interior-concept-of-its-electric-seven-seater-peaq/,MR,press_release,press_release,200,card_teaser;carousel_rails;cover_box;downloads;gallery_lightbox;promo_banner;tags;two_column,cover_box_dark;teaser_media;teaser_overlay;teaser_toolbar,buzzsprout,
https://www.skoda-storyboard.com/en/press-releases/skoda-auto-appoints-world-renowned-road-cyclist-chris-froome-as-brand-cycling-ambassador/,MR,press_release,press_release,200,card_teaser;carousel_rails;cover_box;downloads;gallery_lightbox;promo_banner;tags;two_column,cover_box_dark;teaser_media;teaser_overlay;teaser_toolbar,buzzsprout;vimeo,
https://www.skoda-storyboard.com/en/press-releases/skoda-peaq-comprehensive-testing-in-extreme-conditions/,MR,press_release,press_release,200,card_teaser;cover_box;downloads;gallery_lightbox;promo_banner;tags;two_column,cover_box_dark;teaser_media;teaser_overlay;teaser_toolbar,buzzsprout;vimeo,
https://www.skoda-storyboard.com/en/press-releases/skoda-vrchlabi-newsletter-2-2026/,MR,press_release,press_release,200,card_teaser;carousel_rails;cover_box;promo_banner;siteorigin_body;tags;two_column,cover_box_dark;teaser_media;teaser_overlay;teaser_toolbar,,
https://www.skoda-storyboard.com/en/press-releases/skoda-kvasiny-newsletter-2-2026/,MR,press_release,press_release,200,card_teaser;carousel_rails;cover_box;promo_banner;siteorigin_body;tags;two_column,cover_box_dark;teaser_media;teaser_overlay;teaser_toolbar,,
https://www.skoda-storyboard.com/en/press-releases/skoda-launches-production-of-the-new-epiq-in-pamplona-spain/,MR,press_release,press_release,200,card_teaser;cover_box;downloads;gallery_lightbox;promo_banner;tags;two_column,cover_box_dark;teaser_media;teaser_overlay;teaser_toolbar,buzzsprout;vimeo,
https://www.skoda-storyboard.com/en/press-releases/skoda-presents-exterior-sketches-of-its-all-new-electric-seven-seater-peaq/,MR,press_release,press_release,200,card_teaser;cover_box;downloads;gallery_lightbox;promo_banner;tags;two_column,cover_box_dark;teaser_media;teaser_overlay;teaser_toolbar,buzzsprout,
https://www.skoda-storyboard.com/en/press-releases/2026-iihf-ice-hockey-world-championship-roman-josi-wins-most-valuable-player-trophy-created-by-skoda-design/,MR,press_release,press_release,200,card_teaser;cover_box;downloads;gallery_lightbox;promo_banner;tags;two_column,cover_box_dark;teaser_media;teaser_overlay;teaser_toolbar,buzzsprout,
https://www.skoda-storyboard.com/en/press-releases/world-premiere-of-the-all-new-skoda-epiq-pictures-on-the-skoda-storyboard/,MR,press_release,press_release,200,card_teaser;carousel_rails;cover_box;downloads;gallery_lightbox;promo_banner;tags;two_column,cover_box_dark;teaser_media;teaser_overlay;teaser_toolbar,buzzsprout,
https://www.skoda-storyboard.com/en/press-releases/skoda-auto-celebrates-33-years-as-official-main-sponsor-of-the-iihf-ice-hockey-world-championship-and-unveils-the-epiq/,MR,press_release,press_release,200,card_teaser;cover_box;downloads;gallery_lightbox;promo_banner;tags;two_column,cover_box_dark;teaser_media;teaser_overlay;teaser_toolbar,buzzsprout;vimeo,
https://www.skoda-storyboard.com/en/press-releases/skoda-fabia-motorsport-edition-limited-edition-celebrates-the-125th-anniversary-of-skoda-motorsport/,MR,press_release,press_release,200,card_teaser;cover_box;downloads;gallery_lightbox;promo_banner;tags;two_column,cover_box_dark;teaser_media;teaser_overlay;teaser_toolbar,buzzsprout,
https://www.skoda-storyboard.com/en/press-releases/world-premiere-of-the-all-new-skoda-epiq-livestream-from-zurich/,MR,press_release,press_release,200,card_teaser;carousel_rails;cover_box;downloads;gallery_lightbox;promo_banner;tags;two_column,cover_box_dark;teaser_media;teaser_overlay;teaser_toolbar,buzzsprout;vimeo,
https://www.skoda-storyboard.com/en/press-releases/skoda-presents-first-interior-sketches-and-announces-world-premiere-date-of-electric-epiq/,MR,press_release,press_release,200,card_teaser;carousel_rails;cover_box;downloads;gallery_lightbox;promo_banner;tags;two_column,cover_box_dark;teaser_media;teaser_overlay;teaser_toolbar,buzzsprout,
https://www.skoda-storyboard.com/en/press-releases/skoda-auto-ranks-as-europes-second-best-selling-car-brand-after-a-strong-first-quarter/,MR,press_release,press_release,200,card_teaser;carousel_rails;cover_box;downloads;gallery_lightbox;promo_banner;tags;two_column,cover_box_dark;teaser_media;teaser_overlay;teaser_toolbar,buzzsprout,
https://www.skoda-storyboard.com/en/press-releases/skoda-auto-celebrates-successful-milan-design-week-with-strong-visitor-interest-and-fuorisalone-award-recognition-as-highest-rated-installation/,MR,press_release,press_release,200,card_teaser;cover_box;downloads;gallery_lightbox;promo_banner;tags;two_column,cover_box_dark;teaser_media;teaser_overlay;teaser_toolbar,buzzsprout,
https://www.skoda-storyboard.com/en/press-releases/skoda-auto-teams-up-with-hasbros-play-doh-brand/,MR,press_release,press_release,200,card_teaser;carousel_rails;cover_box;downloads;gallery_lightbox;promo_banner;tags;two_column,cover_box_dark;teaser_media;teaser_overlay;teaser_toolbar,buzzsprout;youtube,
https://www.skoda-storyboard.com/en/press-releases/skoda-auto-to-present-unique-brand-exhibition-at-milan-design-week/,MR,press_release,press_release,200,card_teaser;cover_box;downloads;gallery_lightbox;promo_banner;tags;two_column,cover_box_dark;teaser_media;teaser_overlay;teaser_toolbar,buzzsprout,
https://www.skoda-storyboard.com/en/press-releases/a-czech-german-success-story-35-years-of-skoda-auto-as-part-of-the-volkswagen-group/,MR,press_release,press_release,200,card_teaser;carousel_rails;cover_box;downloads;gallery_lightbox;promo_banner;tags;two_column,cover_box_dark;teaser_media;teaser_overlay;teaser_toolbar,buzzsprout,
https://www.skoda-storyboard.com/en/press-releases/newsletter-for-employees-and-residents-living-near-the-skoda-auto-vrchlabi-plant-1-2026/,MR,press_release,press_release,200,card_teaser;carousel_rails;cover_box;promo_banner;siteorigin_body;tags;two_column,cover_box_dark;teaser_media;teaser_overlay;teaser_toolbar,,
https://www.skoda-storyboard.com/en/press-releases/newsletter-for-employees-and-residents-living-near-the-skoda-auto-kvasiny-plant-1-2026/,MR,press_release,press_release,200,card_teaser;carousel_rails;cover_box;promo_banner;siteorigin_body;tags;two_column,cover_box_dark;teaser_media;teaser_overlay;teaser_toolbar,,
https://www.skoda-storyboard.com/en/press-releases/skodas-electric-bestsellers-elroq-and-enyaq-receive-model-year-updates/,MR,press_release,press_release,200,card_teaser;cover_box;downloads;gallery_lightbox;promo_banner;tags;two_column,cover_box_dark;teaser_media;teaser_overlay;teaser_toolbar,buzzsprout;vimeo,
https://www.skoda-storyboard.com/en/press-releases/concepts-unmasked-new-skoda-museum-depository-opens-to-visitors/,MR,press_release,press_release,200,card_teaser;cover_box;downloads;gallery_lightbox;promo_banner;tags;two_column,cover_box_dark;gallery_lightbox_viewer;teaser_media;teaser_overlay;teaser_toolbar,buzzsprout;vimeo,
https://www.skoda-storyboard.com/en/press-releases/skoda-auto-hit-another-record-year-in-2025-will-double-its-all-electric-portfolio-in-2026/,MR,press_release,press_release,200,card_teaser;carousel_rails;cover_box;downloads;gallery_lightbox;promo_banner;tags;two_column,cover_box_dark;teaser_media;teaser_overlay;teaser_toolbar,buzzsprout;youtube,
https://www.skoda-storyboard.com/en/press-releases/skoda-opens-new-battery-systems-assembly-hall-becoming-volkswagen-groups-largest-bev-battery-system-manufacturer-and-an-essential-pillar-of-its-electrification-strategy/,MR,press_release,press_release,200,card_teaser;carousel_rails;cover_box;downloads;gallery_lightbox;promo_banner;tags;two_column,cover_box_dark;teaser_media;teaser_overlay;teaser_toolbar,buzzsprout;vimeo,
https://www.skoda-storyboard.com/en/press-releases/superb-hatch-version-receives-a-plug-in-hybrid-powertrain-with-200-kw-output/,MR,press_release,press_release,200,card_teaser;cover_box;downloads;gallery_lightbox;promo_banner;tags;two_column,cover_box_dark;teaser_media;teaser_overlay;teaser_toolbar,buzzsprout;vimeo,
https://www.skoda-storyboard.com/en/press-releases/the-skoda-4x4-model-range-safe-driving-in-all-weather-and-challenging-terrain/,MR,press_release,press_release,200,card_teaser;cover_box;downloads;gallery_lightbox;promo_banner;tags;two_column,cover_box_dark;teaser_media;teaser_overlay;teaser_toolbar,buzzsprout;vimeo,
https://www.skoda-storyboard.com/en/press-releases/skoda-adds-airconsole-skoda-play-and-spotify-to-bev-infotainment/,MR,press_release,press_release,200,card_teaser;carousel_rails;cover_box;downloads;gallery_lightbox;promo_banner;tags;two_column,cover_box_dark;teaser_media;teaser_overlay;teaser_toolbar,buzzsprout;vimeo,
https://www.skoda-storyboard.com/en/press-releases/skoda-auto-substantial-support-for-the-new-organ-in-st-vitus-cathedral-at-prague-castle/,MR,press_release,press_release,200,card_teaser;carousel_rails;cover_box;downloads;gallery_lightbox;promo_banner;tags;two_column,cover_box_dark;teaser_media;teaser_overlay;teaser_toolbar,buzzsprout,
https://www.skoda-storyboard.com/en/press-releases/skoda-auto-steps-up-production-in-2025-surpassing-one-million-skoda-vehicles-built/,MR,press_release,press_release,200,card_teaser;carousel_rails;cover_box;downloads;gallery_lightbox;promo_banner;tags;two_column,cover_box_dark;teaser_media;teaser_overlay;teaser_toolbar,buzzsprout,
https://www.skoda-storyboard.com/en/press-releases/eight-historical-exhibits-at-retromobile-commemorate-125-years-of-skoda-motorsport/,MR,press_release,press_release,200,card_teaser;cover_box;downloads;gallery_lightbox;promo_banner;tags;two_column,cover_box_dark;teaser_media;teaser_overlay;teaser_toolbar,buzzsprout,
https://www.skoda-storyboard.com/en/press-releases/skoda-auto-unveils-updated-kushaq-in-india/,MR,press_release,press_release,200,card_teaser;cover_box;downloads;gallery_lightbox;promo_banner;tags;two_column,cover_box_dark;teaser_media;teaser_overlay;teaser_toolbar,buzzsprout,
https://www.skoda-storyboard.com/en/press-releases/skoda-auto-2025-1043900-vehicles-delivered-to-customers-europes-third-best-selling-car-brand/,MR,press_release,press_release,200,card_teaser;carousel_rails;cover_box;downloads;gallery_lightbox;promo_banner;tags;two_column,cover_box_dark;teaser_media;teaser_overlay;teaser_toolbar,buzzsprout,
https://www.skoda-storyboard.com/en/press-releases/the-skoda-1101-tudor-celebrates-80-years-with-a-special-exhibition-at-the-skoda-museum/,MR,press_release,press_release,200,card_teaser;carousel_rails;cover_box;downloads;gallery_lightbox;promo_banner;tags;two_column,cover_box_dark;teaser_media;teaser_overlay;teaser_toolbar,buzzsprout,
https://www.skoda-storyboard.com/en/press-releases/skoda-auto-landmark-anniversaries-in-2026/,MR,press_release,press_release,200,card_teaser;carousel_rails;cover_box;downloads;gallery_lightbox;promo_banner;tags;two_column,cover_box_dark;teaser_media;teaser_overlay;teaser_toolbar,buzzsprout,
https://www.skoda-storyboard.com/en/press-releases/skoda-auto-announces-new-chief-procurement-officer-michael-kerschensteiner-to-take-the-lead/,MR,press_release,press_release,200,card_teaser;carousel_rails;cover_box;downloads;gallery_lightbox;promo_banner;tags;two_column,cover_box_dark;teaser_media;teaser_overlay;teaser_toolbar,buzzsprout,
https://www.skoda-storyboard.com/en/press-releases/skodas-new-all-electric-7-seater-flagship-is-called-peaq/,MR,press_release,press_release,200,card_teaser;cover_box;downloads;gallery_lightbox;promo_banner;tags;two_column,cover_box_dark;teaser_media;teaser_overlay;teaser_toolbar,buzzsprout;vimeo,
https://www.skoda-storyboard.com/en/press-releases/130-years-newsletter-skoda-and-technology/,MR,press_release,press_release,200,card_teaser;cover_box;downloads;promo_banner;siteorigin_body;two_column,cover_box_dark;teaser_media;teaser_overlay;teaser_toolbar,,
https://www.skoda-storyboard.com/en/press-releases/skoda-auto-produces-100000th-all-electric-elroq/,MR,press_release,press_release,200,card_teaser;cover_box;downloads;gallery_lightbox;promo_banner;tags;two_column,cover_box_dark;teaser_media;teaser_overlay;teaser_toolbar,buzzsprout,
https://www.skoda-storyboard.com/en/press-releases/the-skoda-elroq-earns-5-star-euro-ncap-safety-rating-with-the-enyaq-and-octavia-retaining-their-top-scores/,MR,press_release,press_release,200,card_teaser;cover_box;downloads;gallery_lightbox;promo_banner;tags;two_column,cover_box_dark;teaser_media;teaser_overlay;teaser_toolbar,buzzsprout,
https://www.skoda-storyboard.com/en/press-releases/skoda-auto-enters-saudi-arabian-market-strengthening-its-presence-in-the-middle-east/,MR,press_release,press_release,200,card_teaser;carousel_rails;cover_box;downloads;gallery_lightbox;promo_banner;tags;two_column,cover_box_dark;teaser_media;teaser_overlay;teaser_toolbar,buzzsprout,
https://www.skoda-storyboard.com/en/press-releases/skoda-auto-posts-nine-month-gains-in-deliveries-revenue-and-profit-confirming-third-place-among-europes-best-selling-car-brands/,MR,press_release,press_release,200,card_teaser;carousel_rails;cover_box;downloads;gallery_lightbox;promo_banner;tags;two_column,cover_box_dark;teaser_media;teaser_overlay;teaser_toolbar,buzzsprout,
https://www.skoda-storyboard.com/en/press-releases/skoda-auto-becomes-an-official-partner-of-the-bolero-uci-gravel-world-championships/,MR,press_release,press_release,200,card_teaser;carousel_rails;cover_box;downloads;gallery_lightbox;promo_banner;tags;two_column,cover_box_dark;teaser_media;teaser_overlay;teaser_toolbar,buzzsprout,
https://www.skoda-storyboard.com/en/press-releases/new-head-of-corporate-communications-at-skoda-auto/,MR,press_release,press_release,200,card_teaser;carousel_rails;cover_box;downloads;gallery_lightbox;promo_banner;tags;two_column,cover_box_dark;teaser_media;teaser_overlay;teaser_toolbar,buzzsprout,
https://www.skoda-storyboard.com/en/press-releases/30-years-of-the-skoda-museum-home-to-the-companys-storied-history-heritage-and-future/,MR,press_release,press_release,200,card_teaser;carousel_rails;cover_box;downloads;gallery_lightbox;promo_banner;tags;two_column,cover_box_dark;teaser_media;teaser_overlay;teaser_toolbar,buzzsprout,
https://www.skoda-storyboard.com/en/press-releases/130-years-newsletter-skoda-and-design/,MR,press_release,press_release,200,card_teaser;cover_box;downloads;promo_banner;siteorigin_body;two_column,cover_box_dark;teaser_media;teaser_overlay;teaser_toolbar,,
https://www.skoda-storyboard.com/en/press-releases/four-million-suvs-built-seven-model-series-skoda-autos-broadest-suv-line-up-to-date/,MR,press_release,press_release,200,card_teaser;carousel_rails;cover_box;downloads;gallery_lightbox;promo_banner;tags;two_column,cover_box_dark;teaser_media;teaser_overlay;teaser_toolbar,buzzsprout,
https://www.skoda-storyboard.com/en/press-releases/100th-anniversary-of-the-skoda-laurin-klement-merger/,MR,press_release,press_release,200,card_teaser;cover_box;downloads;gallery_lightbox;promo_banner;tags;two_column,cover_box_dark;teaser_media;teaser_overlay;teaser_toolbar,buzzsprout,
https://www.skoda-storyboard.com/en/press-releases/world-premiere-of-the-skoda-vision-o-press-materials-and-highlights/,MR,press_release,press_release,200,card_teaser;carousel_rails;cover_box;downloads;gallery_lightbox;promo_banner;tags;two_column,cover_box_dark;teaser_media;teaser_overlay;teaser_toolbar,buzzsprout,
https://www.skoda-storyboard.com/en/press-releases/epiq-show-car-skodas-bold-vision-of-its-most-affordable-all-electric-suv-revealed/,MR,press_release,press_release,200,card_teaser;cover_box;downloads;gallery_lightbox;promo_banner;tags;two_column,cover_box_dark;teaser_media;teaser_overlay;teaser_toolbar,buzzsprout,
https://www.skoda-storyboard.com/en/press-releases/skoda-vision-o-first-design-sketches-revealed-and-world-premiere-to-follow-live-on-youtube/,MR,press_release,press_release,200,card_teaser;cover_box;downloads;gallery_lightbox;promo_banner;tags;two_column,cover_box_dark;teaser_media;teaser_overlay;teaser_toolbar,buzzsprout;vimeo,
https://www.skoda-storyboard.com/en/press-releases/skoda-auto-strengthens-its-involvement-in-cycling-as-an-official-partner-of-the-uci-mountain-bike-world-championships/,MR,press_release,press_release,200,card_teaser;carousel_rails;cover_box;downloads;gallery_lightbox;promo_banner;tags;two_column,cover_box_dark;teaser_media;teaser_overlay;teaser_toolbar,buzzsprout;vimeo,
https://www.skoda-storyboard.com/en/press-releases/skoda-vision-o-the-first-look-inside-reveals-a-brand-new-design-concept/,MR,press_release,press_release,200,card_teaser;carousel_rails;cover_box;downloads;gallery_lightbox;promo_banner;tags;two_column,cover_box_dark;teaser_media;teaser_overlay;teaser_toolbar,buzzsprout;vimeo,
https://www.skoda-storyboard.com/en/press-releases/skoda-vision-o-estate-concept-features-aerodynamic-exterior-design-taking-modern-solid-to-the-next-level/,MR,press_release,press_release,200,card_teaser;cover_box;downloads;gallery_lightbox;promo_banner;tags;two_column,cover_box_dark;teaser_media;teaser_overlay;teaser_toolbar,buzzsprout;vimeo,
https://www.skoda-storyboard.com/en/press-releases/skoda-auto-strengthens-commitment-to-diversity-as-main-partner-of-prague-pride-2025/,MR,press_release,press_release,200,card_teaser;carousel_rails;cover_box;downloads;gallery_lightbox;promo_banner;tags;two_column,cover_box_dark;teaser_media;teaser_overlay;teaser_toolbar,buzzsprout;vimeo,
https://www.skoda-storyboard.com/en/press-releases/tour-de-femmes-avec-zwift-finale-new-skoda-design-trophy-commemorates-brands-130th-anniversary/,MR,press_release,press_release,200,card_teaser;cover_box;downloads;gallery_lightbox;promo_banner;tags;two_column,cover_box_dark;teaser_media;teaser_overlay;teaser_toolbar,buzzsprout,
https://www.skoda-storyboard.com/en/press-releases/skoda-vision-o-first-concept-car-silhouettes-give-a-glimpse-of-the-brands-future-in-the-estate-segment/,MR,press_release,press_release,200,card_teaser;cover_box;downloads;gallery_lightbox;promo_banner;tags;two_column,cover_box_dark;teaser_media;teaser_overlay;teaser_toolbar,buzzsprout;vimeo,
https://www.skoda-storyboard.com/en/press-releases/winner-of-the-112th-tour-de-france-tadej-pogacar-receives-crystal-trophy-by-skoda-design/,MR,press_release,press_release,200,card_teaser;cover_box;downloads;gallery_lightbox;promo_banner;tags;two_column,cover_box_dark;teaser_media;teaser_overlay;teaser_toolbar,buzzsprout,
https://www.skoda-storyboard.com/en/press-releases/h1-2025-skoda-auto-posts-solid-financial-results-and-becomes-europes-third-best-selling-car-brand/,MR,press_release,press_release,200,card_teaser;carousel_rails;cover_box;downloads;gallery_lightbox;promo_banner;tags;two_column,cover_box_dark;teaser_media;teaser_overlay;teaser_toolbar,buzzsprout,
https://www.skoda-storyboard.com/en/press-releases/skoda-auto-supports-tour-de-france-femmes-avec-zwift-as-the-main-partner-providing-a-fleet-of-electrified-vehicles/,MR,press_release,press_release,200,card_teaser;cover_box;downloads;gallery_lightbox;promo_banner;tags;two_column,cover_box_dark;teaser_media;teaser_overlay;teaser_toolbar,buzzsprout;vimeo,
https://www.skoda-storyboard.com/en/press-releases/a-legend-returns-to-le-mans-skoda-sport-back-on-the-famous-circuit-after-75-years/,MR,press_release,press_release,200,card_teaser;carousel_rails;cover_box;downloads;gallery_lightbox;promo_banner;tags;two_column,cover_box_dark;teaser_media;teaser_overlay;teaser_toolbar,buzzsprout,
https://www.skoda-storyboard.com/en/press-releases/skoda-auto-celebrates-130-years-of-heritage-during-its-22nd-time-as-the-main-partner-of-the-tour-de-france/,MR,press_release,press_release,200,card_teaser;cover_box;downloads;gallery_lightbox;promo_banner;tags;two_column,cover_box_dark;teaser_media;teaser_overlay;teaser_toolbar,buzzsprout,
https://www.skoda-storyboard.com/en/press-releases/130-years-newsletter-skoda-and-the-world/,MR,press_release,press_release,200,card_teaser;cover_box;downloads;promo_banner;siteorigin_body;two_column,cover_box_dark;teaser_media;teaser_overlay;teaser_toolbar,,
https://www.skoda-storyboard.com/en/press-releases/skoda-kushaq-sales-launch-in-vietnam-pictures-available-on-skoda-storyboard/,MR,press_release,press_release,200,card_teaser;carousel_rails;cover_box;downloads;gallery_lightbox;promo_banner;tags;two_column,cover_box_dark;teaser_media;teaser_overlay;teaser_toolbar,buzzsprout,
https://www.skoda-storyboard.com/en/press-releases/future-proofing-its-headquarters-skoda-auto-lays-foundation-stone-of-state-of-the-art-paint-shop/,MR,press_release,press_release,200,card_teaser;cover_box;downloads;gallery_lightbox;promo_banner;tags;two_column,cover_box_dark;teaser_media;teaser_overlay;teaser_toolbar,buzzsprout,
https://www.skoda-storyboard.com/en/press-releases/victory-for-vaclav-vondrich-in-1905-a-milestone-in-skoda-motorsport-history/,MR,press_release,press_release,200,card_teaser;carousel_rails;cover_box;downloads;gallery_lightbox;promo_banner;tags;two_column,cover_box_dark;teaser_media;teaser_overlay;teaser_toolbar,buzzsprout,
https://www.skoda-storyboard.com/en/press-releases/130-years-newsletter-skoda-and-people/,MR,press_release,press_release,200,card_teaser;cover_box;downloads;promo_banner;siteorigin_body;two_column,cover_box_dark;teaser_media;teaser_overlay;teaser_toolbar,,
https://www.skoda-storyboard.com/en/press-releases/tenth-skoda-student-car-named-lk-130-to-be-unveiled-next-week/,MR,press_release,press_release,200,card_teaser;carousel_rails;cover_box;downloads;gallery_lightbox;promo_banner;tags;two_column,cover_box_dark;teaser_media;teaser_overlay;teaser_toolbar,buzzsprout,
https://www.skoda-storyboard.com/en/press-releases/skoda-auto-celebrates-european-diversity-month-and-publishes-its-annual-diversity-report/,MR,press_release,press_release,200,card_teaser;cover_box;downloads;gallery_lightbox;promo_banner;tags;two_column,cover_box_dark;teaser_media;teaser_overlay;teaser_toolbar,buzzsprout,
https://www.skoda-storyboard.com/en/press-releases/skoda-auto-marks-55-years-since-production-of-the-skopak-began-in-pakistan/,MR,press_release,press_release,200,card_teaser;carousel_rails;cover_box;downloads;gallery_lightbox;promo_banner;tags;two_column,cover_box_dark;teaser_media;teaser_overlay;teaser_toolbar,buzzsprout,
https://www.skoda-storyboard.com/en/press-releases/iihf-ice-hockey-world-championship-newly-designed-mvp-trophy-created-by-skoda-design-presented-to-leonardo-genoni/,MR,press_release,press_release,200,card_teaser;cover_box;downloads;gallery_lightbox;promo_banner;tags;two_column,cover_box_dark;teaser_media;teaser_overlay;teaser_toolbar,buzzsprout,
https://www.skoda-storyboard.com/en/press-releases/skoda-auto-partners-with-union-cycliste-internationale-for-both-the-uci-mountain-bike-world-championships-and-uci-gravel-world-championships/,MR,press_release,press_release,200,card_teaser;carousel_rails;cover_box;downloads;gallery_lightbox;promo_banner;tags;two_column,cover_box_dark;teaser_media;teaser_overlay;teaser_toolbar,buzzsprout;vimeo,
https://www.skoda-storyboard.com/en/press-releases/five-million-fabias-skoda-autos-entry-level-model-reaches-major-milestone/,MR,press_release,press_release,200,card_teaser;cover_box;downloads;gallery_lightbox;promo_banner;tags;two_column,cover_box_dark;teaser_media;teaser_overlay;teaser_toolbar,buzzsprout,
https://www.skoda-storyboard.com/en/press-releases/skoda-auto-celebrates-130-years-new-museum-exhibition-showcases-heritage-and-innovation/,MR,press_release,press_release,200,card_teaser;carousel_rails;cover_box;downloads;gallery_lightbox;promo_banner;tags;two_column,cover_box_dark;teaser_media;teaser_overlay;teaser_toolbar,buzzsprout,
https://www.skoda-storyboard.com/en/press-releases/skoda-auto-marks-32nd-year-as-iihf-world-championship-official-main-sponsor-with-world-premiere-of-new-enyaq-rs-family/,MR,press_release,press_release,200,card_teaser;cover_box;downloads;gallery_lightbox;promo_banner;tags;two_column,cover_box_dark;teaser_media;teaser_overlay;teaser_toolbar,buzzsprout;vimeo,
https://www.skoda-storyboard.com/en/press-releases/skoda-auto-celebrates-130-years-with-limited-edition-watch/,MR,press_release,press_release,200,card_teaser;cover_box;downloads;gallery_lightbox;promo_banner;tags;two_column,cover_box_dark;teaser_media;teaser_overlay;teaser_toolbar,buzzsprout,
https://www.skoda-storyboard.com/en/press-releases/skoda-auto-introduces-elroq-respectline-a-tribute-to-diversity-and-heritage/,MR,press_release,press_release,200,card_teaser;cover_box;downloads;gallery_lightbox;promo_banner;tags;two_column,cover_box_dark;teaser_media;teaser_overlay;teaser_toolbar,buzzsprout,
https://www.skoda-storyboard.com/en/press-releases/skoda-auto-posts-strong-sales-and-financial-results-in-q1-2025/,MR,press_release,press_release,200,card_teaser;carousel_rails;cover_box;downloads;gallery_lightbox;promo_banner;tags;two_column,cover_box_dark;teaser_media;teaser_overlay;teaser_toolbar,buzzsprout,
https://www.skoda-storyboard.com/en/press-releases/skoda-auto-uses-sustainable-hvo-fuel-in-newly-produced-diesel-models-and-its-logistics-fleet/,MR,press_release,press_release,200,card_teaser;cover_box;downloads;gallery_lightbox;promo_banner;tags;two_column,cover_box_dark;teaser_media;teaser_overlay;teaser_toolbar,buzzsprout,
https://www.skoda-storyboard.com/en/press-releases/new-skoda-elroq-wins-coveted-red-dot-award-for-excellent-product-design/,MR,press_release,press_release,200,card_teaser;cover_box;downloads;gallery_lightbox;promo_banner;tags;two_column,cover_box_dark;teaser_media;teaser_overlay;teaser_toolbar,buzzsprout,
https://www.skoda-storyboard.com/en/press-releases/the-10th-skoda-student-car-honouring-130th-anniversary-of-the-company-with-unique-build/,MR,press_release,press_release,200,card_teaser;cover_box;downloads;gallery_lightbox;promo_banner;tags;two_column,cover_box_dark;teaser_media;teaser_overlay;teaser_toolbar,buzzsprout,
https://www.skoda-storyboard.com/en/press-releases/skoda-elroq-rs-first-teaser-world-premiere-details-and-public-debut-at-milan-design-week/,MR,press_release,press_release,200,card_teaser;cover_box;downloads;gallery_lightbox;promo_banner;tags;two_column,cover_box_dark;teaser_media;teaser_overlay;teaser_toolbar,buzzsprout;vimeo,
https://www.skoda-storyboard.com/en/press-releases/next-internationalisation-milestone-skoda-auto-and-regional-partner-and-investor-thanh-cong-group-open-plant-to-assemble-skoda-kushaq-and-slavia-in-vietnam/,MR,press_release,press_release,200,card_teaser;carousel_rails;cover_box;downloads;gallery_lightbox;promo_banner;tags;two_column,cover_box_dark;teaser_media;teaser_overlay;teaser_toolbar,buzzsprout,
https://www.skoda-storyboard.com/en/press-releases/skoda-superb-90-years-since-the-historic-first-model-entered-production/,MR,press_release,press_release,200,card_teaser;cover_box;downloads;gallery_lightbox;promo_banner;tags;two_column,cover_box_dark;teaser_media;teaser_overlay;teaser_toolbar,buzzsprout,
https://www.skoda-storyboard.com/en/press-releases/advancing-sustainability-skoda-auto-joins-pilot-phase-of-saturnin-project-to-repurpose-sheet-metal-offcuts/,MR,press_release,press_release,200,card_teaser;cover_box;downloads;gallery_lightbox;promo_banner;tags;two_column,cover_box_dark;teaser_media;teaser_overlay;teaser_toolbar,buzzsprout;vimeo,
https://www.skoda-storyboard.com/en/press-releases/skoda-autos-record-breaking-2024-a-strong-foundation-for-the-intensifying-transformation/,MR,press_release,press_release,200,card_teaser;cover_box;downloads;gallery_lightbox;promo_banner;tags;two_column,cover_box_dark;teaser_media;teaser_overlay;teaser_toolbar,buzzsprout,
https://www.skoda-storyboard.com/en/press-releases/skoda-auto-to-publish-2024-financial-results-and-preview-a-future-all-new-electric-vehicle-on-thursday/,MR,press_release,press_release,200,card_teaser;cover_box;downloads;gallery_lightbox;promo_banner;tags;two_column,cover_box_dark;teaser_media;teaser_overlay;teaser_toolbar,buzzsprout,
https://www.skoda-storyboard.com/en/press-releases/statement-of-skoda-auto-regarding-media-reports-about-potential-job-cuts/,MR,press_release,press_release,200,card_teaser;cover_box;downloads;promo_banner;tags;two_column,cover_box_dark;teaser_media;teaser_overlay;teaser_toolbar,,
https://www.skoda-storyboard.com/en/press-releases/celebrating-50-years-of-the-skoda-130-rs-a-legendary-coupe-that-defined-an-era/,MR,press_release,press_release,200,card_teaser;cover_box;downloads;gallery_lightbox;promo_banner;tags;two_column,cover_box_dark;teaser_media;teaser_overlay;teaser_toolbar,buzzsprout;vimeo,
https://www.skoda-storyboard.com/en/press-releases/skoda-auto-begins-production-of-the-new-enyaq-and-enyaq-coupe/,MR,press_release,press_release,200,card_teaser;cover_box;downloads;gallery_lightbox;promo_banner;tags;two_column,cover_box_dark;teaser_media;teaser_overlay;teaser_toolbar,buzzsprout,
https://www.skoda-storyboard.com/en/press-releases/advancing-internationalisation-skoda-auto-launches-in-oman-strengthening-its-presence-in-the-middle-east/,MR,press_release,press_release,200,card_teaser;cover_box;downloads;gallery_lightbox;promo_banner;tags;two_column,cover_box_dark;teaser_media;teaser_overlay;teaser_toolbar,buzzsprout,
https://www.skoda-storyboard.com/en/press-releases/the-updated-octavia-now-with-all-wheel-drive/,MR,press_release,press_release,200,card_teaser;cover_box;downloads;gallery_lightbox;promo_banner;tags;two_column,cover_box_dark;teaser_media;teaser_overlay;teaser_toolbar,buzzsprout,
https://www.skoda-storyboard.com/en/press-releases/the-skoda-museum-30-years-of-bridging-the-past-and-future-in-skoda-autos-130th-anniversary-year/,MR,press_release,press_release,200,card_teaser;carousel_rails;cover_box;downloads;gallery_lightbox;promo_banner;tags;two_column,cover_box_dark;teaser_media;teaser_overlay;teaser_toolbar,buzzsprout,
https://www.skoda-storyboard.com/en/press-releases/30-years-since-the-foundation-stone-was-laid-m13-a-key-pillar-of-skodas-production/,MR,press_release,press_release,200,card_teaser;carousel_rails;cover_box;downloads;gallery_lightbox;promo_banner;tags;two_column,cover_box_dark;teaser_media;teaser_overlay;teaser_toolbar,buzzsprout,
https://www.skoda-storyboard.com/en/press-releases/skoda-at-retromobile-130-years-of-automotive-heritage-in-16-exhibits/,MR,press_release,press_release,200,card_teaser;cover_box;downloads;gallery_lightbox;promo_banner;tags;two_column,cover_box_dark;teaser_media;teaser_overlay;teaser_toolbar,buzzsprout,
https://www.skoda-storyboard.com/en/press-releases/skoda-auto-celebrates-25-years-in-india-from-rented-facilities-to-an-international-key-market/,MR,press_release,press_release,200,card_teaser;cover_box;downloads;gallery_lightbox;promo_banner;tags;two_column,cover_box_dark;teaser_media;teaser_overlay;teaser_toolbar,buzzsprout,
https://www.skoda-storyboard.com/en/press-releases/skoda-auto-produces-over-925000-vehicles-globally-in-2024/,MR,press_release,press_release,200,card_teaser;carousel_rails;cover_box;downloads;gallery_lightbox;promo_banner;tags;two_column,cover_box_dark;teaser_media;teaser_overlay;teaser_toolbar,buzzsprout,
https://www.skoda-storyboard.com/en/press-releases/skoda-elroq-czech-carmaker-powers-up-production-of-its-most-affordable-all-electric-model/,MR,press_release,press_release,200,card_teaser;cover_box;downloads;gallery_lightbox;promo_banner;tags;two_column,cover_box_dark;teaser_media;teaser_overlay;teaser_toolbar,buzzsprout,
https://www.skoda-storyboard.com/en/press-releases/the-all-new-superb-hatch-plug-in-hybrid-powertrain-available-soon/,MR,press_release,press_release,200,card_teaser;cover_box;downloads;gallery_lightbox;promo_banner;tags;two_column,cover_box_dark;teaser_media;teaser_overlay;teaser_toolbar,buzzsprout,
https://www.skoda-storyboard.com/en/press-releases/skoda-auto-delivers-926600-vehicles-to-customers-worldwide-in-2024/,MR,press_release,press_release,200,card_teaser;carousel_rails;cover_box;downloads;gallery_lightbox;promo_banner;tags;two_column,cover_box_dark;teaser_media;teaser_overlay;teaser_toolbar,buzzsprout,
https://www.skoda-storyboard.com/en/press-releases/unveiling-the-new-skoda-enyaq-world-premiere-this-wednesday/,MR,press_release,press_release,200,card_teaser;cover_box;downloads;promo_banner;tags;two_column,cover_box_dark;teaser_media;teaser_overlay;teaser_toolbar,buzzsprout;vimeo,
https://www.skoda-storyboard.com/en/press-releases/exterior-sketches-of-the-new-skoda-enyaq-family-modern-solid-update-for-the-electric-best-seller/,MR,press_release,press_release,200,card_teaser;carousel_rails;cover_box;downloads;gallery_lightbox;promo_banner;tags;two_column,cover_box_dark;teaser_media;teaser_overlay;teaser_toolbar,buzzsprout,
https://www.skoda-storyboard.com/en/press-releases/in-india-for-india-skoda-auto-announces-the-start-of-series-production-of-the-skoda-kylaq-in-pune/,MR,press_release,press_release,200,card_teaser;cover_box;downloads;gallery_lightbox;promo_banner;tags;two_column,cover_box_dark;teaser_media;teaser_overlay;teaser_toolbar,buzzsprout,
https://www.skoda-storyboard.com/en/press-releases/skoda-celebrates-125-years-of-engine-development-and-manufacturing-with-15-million-units-produced/,MR,press_release,press_release,200,card_teaser;carousel_rails;cover_box;downloads;gallery_lightbox;promo_banner;tags;two_column,cover_box_dark;teaser_media;teaser_overlay;teaser_toolbar,buzzsprout,
https://www.skoda-storyboard.com/en/press-releases/skoda-auto-produces-one-millionth-battery-system-for-volkswagen-group-vehicles/,MR,press_release,press_release,200,card_teaser;cover_box;downloads;gallery_lightbox;promo_banner;tags;two_column,cover_box_dark;teaser_media;teaser_overlay;teaser_toolbar,buzzsprout,
https://www.skoda-storyboard.com/en/press-releases/125-years-on-a-look-back-at-the-first-laurin-klement-motorcycles-from-mlada-boleslav/,MR,press_release,press_release,200,card_teaser;carousel_rails;cover_box;downloads;gallery_lightbox;promo_banner;tags;two_column,cover_box_dark;teaser_media;teaser_overlay;teaser_toolbar,buzzsprout,
https://www.skoda-storyboard.com/en/press-releases/skoda-octavia-combi-rs-wins-prestigious-2024-golden-steering-wheel-award-in-the-mid-sized-car-category/,MR,press_release,press_release,200,card_teaser;cover_box;downloads;gallery_lightbox;promo_banner;tags;two_column,cover_box_dark;teaser_media;teaser_overlay;teaser_toolbar,buzzsprout,
https://www.skoda-storyboard.com/en/press-releases/the-all-new-skoda-kylaq-a-new-era-for-skoda-in-indias-popular-sub-4-metre-suv-segment/,MR,press_release,press_release,200,card_teaser;cover_box;downloads;gallery_lightbox;promo_banner;tags;two_column,cover_box_dark;teaser_media;teaser_overlay;teaser_toolbar,buzzsprout,
https://www.skoda-storyboard.com/en/press-releases/skoda-auto-achieves-strong-sales-and-financial-performance-in-first-three-quarters-of-2024/,MR,press_release,press_release,200,card_teaser;carousel_rails;cover_box;downloads;gallery_lightbox;promo_banner;tags;two_column,cover_box_dark;teaser_media;teaser_overlay;teaser_toolbar,buzzsprout,
https://www.skoda-storyboard.com/en/press-releases/celebrating-30-years-of-the-skoda-felicia-the-brands-first-model-under-the-vw-groups-wing/,MR,press_release,press_release,200,card_teaser;cover_box;downloads;gallery_lightbox;promo_banner;tags;two_column,cover_box_dark;teaser_media;teaser_overlay;teaser_toolbar,buzzsprout,
https://www.skoda-storyboard.com/en/press-releases/first-hackathon-of-the-non-profit-educational-institute-42-prague-focus-on-innovative-practical-skoda-connect-and-myskoda-app-features/,MR,press_release,press_release,200,card_teaser;carousel_rails;cover_box;downloads;gallery_lightbox;promo_banner;tags;two_column,cover_box_dark;teaser_media;teaser_overlay;teaser_toolbar,buzzsprout,
https://www.skoda-storyboard.com/en/press-releases/the-all-new-kylaq-featuring-special-camouflage-as-skoda-auto-ushers-in-a-new-era-in-india/,MR,press_release,press_release,200,card_teaser;cover_box;downloads;gallery_lightbox;promo_banner;tags;two_column,cover_box_dark;teaser_media;teaser_overlay;teaser_toolbar,buzzsprout,
https://www.skoda-storyboard.com/en/press-releases/world-premiere-of-the-all-new-skoda-elroq-press-materials-and-highlight-video-available/,MR,press_release,press_release,200,card_teaser;carousel_rails;cover_box;downloads;gallery_lightbox;promo_banner;tags;two_column,cover_box_dark;teaser_media;teaser_overlay;teaser_toolbar,buzzsprout,
https://www.skoda-storyboard.com/en/press-releases/skoda-auto-releases-teaser-of-all-new-elroq-announces-world-premiere-details/,MR,press_release,press_release,200,card_teaser;cover_box;downloads;gallery_lightbox;promo_banner;tags;two_column,cover_box_dark;teaser_media;teaser_overlay;teaser_toolbar,buzzsprout;vimeo,
https://www.skoda-storyboard.com/en/press-releases/25-years-of-the-skoda-fabia-sustained-success-over-four-generations/,MR,press_release,press_release,200,card_teaser;cover_box;downloads;gallery_lightbox;promo_banner;tags;two_column,cover_box_dark;teaser_media;teaser_overlay;teaser_toolbar,buzzsprout,
https://www.skoda-storyboard.com/en/press-releases/skoda-auto-influential-engineer-and-manager-petr-hrdlicka-celebrates-90th-birthday/,MR,press_release,press_release,200,card_teaser;carousel_rails;cover_box;downloads;gallery_lightbox;promo_banner;tags;two_column,cover_box_dark;teaser_media;teaser_overlay;teaser_toolbar,buzzsprout,
https://www.skoda-storyboard.com/en/press-releases/skoda-elroq-the-first-exterior-sketches-of-the-all-new-compact-suv/,MR,press_release,press_release,200,card_teaser;carousel_rails;cover_box;downloads;gallery_lightbox;promo_banner;tags;two_column,cover_box_dark;teaser_media;teaser_overlay;teaser_toolbar,buzzsprout;vimeo,
https://www.skoda-storyboard.com/en/press-releases/skoda-classic-tour-2024-traditional-rally-with-employees-celebrating-automotive-heritage/,MR,press_release,press_release,200,card_teaser;cover_box;downloads;gallery_lightbox;promo_banner;tags;two_column,cover_box_dark;teaser_media;teaser_overlay;teaser_toolbar,buzzsprout,
https://www.skoda-storyboard.com/en/press-releases/a-legacy-of-innovation-90-and-160-years-of-skoda-autos-kvasiny-and-vrchlabi-plants/,MR,press_release,press_release,200,card_teaser;carousel_rails;cover_box;downloads;gallery_lightbox;promo_banner;tags;two_column,cover_box_dark;teaser_media;teaser_overlay;teaser_toolbar,buzzsprout,
https://www.skoda-storyboard.com/en/press-releases/skoda-auto-produces-first-units-of-updated-octavia-in-kvasiny/,MR,press_release,press_release,200,card_teaser;carousel_rails;cover_box;downloads;gallery_lightbox;promo_banner;tags;two_column,cover_box_dark;teaser_media;teaser_overlay;teaser_toolbar,buzzsprout,
https://www.skoda-storyboard.com/en/press-releases/tour-de-france-femmes-avec-zwift-skoda-design-creates-trophy-for-points-classification-winner/,MR,press_release,press_release,200,card_teaser;cover_box;downloads;gallery_lightbox;promo_banner;tags;two_column,cover_box_dark;teaser_media;teaser_overlay;teaser_toolbar,buzzsprout,
https://www.skoda-storyboard.com/en/press-releases/the-all-new-skoda-elroq-taking-sustainable-interior-materials-to-the-next-level/,MR,press_release,press_release,200,card_teaser;cover_box;downloads;gallery_lightbox;promo_banner;tags;two_column,cover_box_dark;teaser_media;teaser_overlay;teaser_toolbar,buzzsprout;vimeo,
https://www.skoda-storyboard.com/en/press-releases/skoda-auto-celebrates-family-and-diversity-at-this-years-prague-pride-festival/,MR,press_release,press_release,200,card_teaser;carousel_rails;cover_box;downloads;gallery_lightbox;promo_banner;tags;two_column,cover_box_dark;teaser_media;teaser_overlay;teaser_toolbar,buzzsprout,
https://www.skoda-storyboard.com/en/press-releases/skoda-auto-official-main-partner-of-tour-de-france-femmes-avec-zwift-for-third-consecutive-year/,MR,press_release,press_release,200,card_teaser;carousel_rails;cover_box;downloads;gallery_lightbox;promo_banner;tags;two_column,cover_box_dark;teaser_media;teaser_overlay;teaser_toolbar,buzzsprout,
https://www.skoda-storyboard.com/en/press-releases/skoda-auto-records-strong-financial-and-sales-figures-in-first-half-of-2024/,MR,press_release,press_release,200,card_teaser;carousel_rails;cover_box;downloads;gallery_lightbox;promo_banner;tags;two_column,cover_box_dark;teaser_media;teaser_overlay;teaser_toolbar,buzzsprout,
https://www.skoda-storyboard.com/en/press-releases/the-final-stage-of-this-years-tour-de-france-featured-a-camouflaged-skoda-elroq-the-winner-is-tadej-pogacar/,MR,press_release,press_release,200,card_teaser;cover_box;downloads;gallery_lightbox;promo_banner;tags;two_column,cover_box_dark;teaser_media;teaser_overlay;teaser_toolbar,buzzsprout,
https://www.skoda-storyboard.com/en/press-releases/car-safety-all-new-models-skoda-kodiaq-and-superb-achieve-five-star-euro-ncap-rating/,MR,press_release,press_release,200,card_teaser;cover_box;downloads;gallery_lightbox;promo_banner;tags;two_column,cover_box_dark;teaser_media;teaser_overlay;teaser_toolbar,buzzsprout,
https://www.skoda-storyboard.com/en/press-releases/skoda-delivers-its-100th-fabia-rs-rally2/,MR,press_release,press_release,200,card_teaser;cover_box;downloads;gallery_lightbox;promo_banner;tags;two_column,cover_box_dark;teaser_media;teaser_overlay;teaser_toolbar,buzzsprout,
https://www.skoda-storyboard.com/en/press-releases/when-driving-fun-meets-comfort-rally-ace-oliver-solberg-tests-the-skoda-octavia-rs/,MR,press_release,press_release,200,card_teaser;cover_box;downloads;gallery_lightbox;promo_banner;tags;two_column,cover_box_dark;teaser_media;teaser_overlay;teaser_toolbar,buzzsprout,
https://www.skoda-storyboard.com/en/press-releases/skoda-enyaq-joins-skoda-museum-collection-after-travelling-33000-km-across-africa/,MR,press_release,press_release,200,card_teaser;cover_box;downloads;gallery_lightbox;promo_banner;tags;two_column,cover_box_dark;teaser_media;teaser_overlay;teaser_toolbar,buzzsprout;vimeo,
https://www.skoda-storyboard.com/en/press-releases/skoda-auto-21-years-of-continuous-support-as-the-main-partner-of-the-tour-de-france/,MR,press_release,press_release,200,card_teaser;cover_box;downloads;gallery_lightbox;promo_banner;tags;two_column,cover_box_dark;teaser_media;teaser_overlay;teaser_toolbar,buzzsprout,
https://www.skoda-storyboard.com/en/press-releases/skodas-voice-assistant-laura-now-enhanced-with-chatgpt-capabilities/,MR,press_release,press_release,200,card_teaser;carousel_rails;cover_box;downloads;gallery_lightbox;promo_banner;tags;two_column,cover_box_dark;teaser_media;teaser_overlay;teaser_toolbar,buzzsprout;vimeo,
https://www.skoda-storyboard.com/en/press-releases/skoda-auto-appoints-chan-park-as-new-head-of-interior-design/,MR,press_release,press_release,200,card_teaser;cover_box;downloads;gallery_lightbox;promo_banner;tags;two_column,cover_box_dark;teaser_media;teaser_overlay;teaser_toolbar,buzzsprout,
https://www.skoda-storyboard.com/en/press-releases/european-diversity-month-skoda-auto-focuses-on-fostering-mutual-respect-across-genders-and-generations/,MR,press_release,press_release,200,card_teaser;cover_box;downloads;gallery_lightbox;promo_banner;tags;two_column,cover_box_dark;teaser_media;teaser_overlay;teaser_toolbar,buzzsprout;vimeo,
https://www.skoda-storyboard.com/en/press-releases/skoda-auto-launches-state-of-the-art-simulation-centre-for-advanced-vehicle-testing/,MR,press_release,press_release,200,card_teaser;cover_box;downloads;gallery_lightbox;promo_banner;tags;two_column,cover_box_dark;teaser_media;teaser_overlay;teaser_toolbar,buzzsprout,
https://www.skoda-storyboard.com/en/press-releases/iihf-ice-hockey-world-championship-2024-mvp-trophy-made-by-skoda-design-presented-to-kevin-fiala/,MR,press_release,press_release,200,card_teaser;cover_box;downloads;gallery_lightbox;promo_banner;tags;two_column,cover_box_dark;teaser_media;teaser_overlay;teaser_toolbar,buzzsprout,
https://www.skoda-storyboard.com/en/press-releases/international-day-for-biological-diversity-skoda-auto-supports-environmental-protection-and-sustainability-measures-worldwide/,MR,press_release,press_release,200,card_teaser;cover_box;downloads;gallery_lightbox;promo_banner;tags;two_column,cover_box_dark;teaser_media;teaser_overlay;teaser_toolbar,buzzsprout,
https://www.skoda-storyboard.com/en/press-releases/skoda-releases-the-first-silhouette-of-the-all-new-battery-electric-elroq/,MR,press_release,press_release,200,card_teaser;cover_box;downloads;gallery_lightbox;promo_banner;tags;two_column,cover_box_dark;teaser_media;teaser_overlay;teaser_toolbar,buzzsprout;vimeo,
https://www.skoda-storyboard.com/en/press-releases/skoda-auto-is-the-official-main-sponsor-of-the-iihf-ice-hockey-world-championship-for-31st-time/,MR,press_release,press_release,200,card_teaser;carousel_rails;cover_box;downloads;gallery_lightbox;promo_banner;tags;two_column,cover_box_dark;teaser_media;teaser_overlay;teaser_toolbar,buzzsprout,
https://www.skoda-storyboard.com/en/press-releases/first-sketches-of-skoda-enyaq-rs-race-concept-study-combines-motorsport-dna-and-sustainability/,MR,press_release,press_release,200,card_teaser;cover_box;downloads;gallery_lightbox;promo_banner;tags;two_column,cover_box_dark;teaser_media;teaser_overlay;teaser_toolbar,buzzsprout,
https://www.skoda-storyboard.com/en/press-releases/skoda-auto-delivers-solid-performance-in-first-quarter-strengthens-position-in-european-market/,MR,press_release,press_release,200,card_teaser;carousel_rails;cover_box;downloads;gallery_lightbox;promo_banner;tags;two_column,cover_box_dark;teaser_media;teaser_overlay;teaser_toolbar,buzzsprout,
https://www.skoda-storyboard.com/en/press-releases/skoda-goes-gran-turismo-exclusive-skoda-vision-gran-turismo-design-concept-stars-in-popular-video-game-series/,MR,press_release,press_release,200,card_teaser;cover_box;downloads;gallery_lightbox;promo_banner;row_toggle;siteorigin_body;tags;two_column,cover_box_dark;gallery_lightbox_viewer;teaser_media;teaser_overlay;teaser_toolbar,vimeo,
https://www.skoda-storyboard.com/en/press-releases/closing-the-loop-with-every-cup-skoda-auto-launches-sustainable-curiosity-fuel-coffee-in-its-czech-plants/,MR,press_release,press_release,200,card_teaser;carousel_rails;cover_box;downloads;gallery_lightbox;promo_banner;tags;two_column,cover_box_dark;teaser_media;teaser_overlay;teaser_toolbar,buzzsprout;vimeo,
https://www.skoda-storyboard.com/en/press-releases/skoda-vision-gran-turismo-skoda-auto-announces-world-premiere-details/,MR,press_release,press_release,200,card_teaser;cover_box;downloads;gallery_lightbox;promo_banner;tags;two_column,cover_box_dark;teaser_media;teaser_overlay;teaser_toolbar,buzzsprout,
https://www.skoda-storyboard.com/en/press-releases/skoda-auto-launches-production-of-refreshed-octavia-a-new-chapter-in-sustainability-and-innovation/,MR,press_release,press_release,200,card_teaser;cover_box;downloads;gallery_lightbox;promo_banner;tags;two_column,cover_box_dark;teaser_media;teaser_overlay;teaser_toolbar,buzzsprout,
https://www.skoda-storyboard.com/en/press-releases/new-myskoda-app-combining-several-new-functions-in-one-applicationfor-enhanced-customer-experience/,MR,press_release,press_release,200,card_teaser;cover_box;downloads;gallery_lightbox;promo_banner;tags;two_column,cover_box_dark;teaser_media;teaser_overlay;teaser_toolbar,buzzsprout;vimeo,
https://www.skoda-storyboard.com/en/press-releases/new-it-hub-in-the-czech-republic-skoda-auto-and-volkswagen-group-technology-solutions-india-vwits-strengthen-strategic-partnership/,MR,press_release,press_release,200,card_teaser;carousel_rails;cover_box;downloads;gallery_lightbox;promo_banner;tags;two_column,cover_box_dark;teaser_media;teaser_overlay;teaser_toolbar,buzzsprout,
https://www.skoda-storyboard.com/en/press-releases/skoda-autos-2023-sustainability-report-updated-esg-strategy-and-advancements-towards-a-more-sustainable-future/,MR,press_release,press_release,200,card_teaser;cover_box;downloads;gallery_lightbox;promo_banner;tags;two_column,cover_box_dark;teaser_media;teaser_overlay;teaser_toolbar,buzzsprout,
https://www.skoda-storyboard.com/en/press-releases/celebrating-65-years-of-the-octavia-and-felicia-two-iconic-model-designations-in-skodas-rich-heritage/,MR,press_release,press_release,200,card_teaser;cover_box;downloads;gallery_lightbox;promo_banner;siteorigin_body;tags;two_column,cover_box_dark;gallery_lightbox_viewer;teaser_media;teaser_overlay;teaser_toolbar,buzzsprout,
https://www.skoda-storyboard.com/en/press-releases/electric-mobility-entry-level-bev-will-be-skoda-epiq/,MR,press_release,press_release,200,card_teaser;cover_box;downloads;gallery_lightbox;promo_banner;siteorigin_body;tags;two_column,cover_box_dark;gallery_lightbox_viewer;teaser_media;teaser_overlay;teaser_toolbar,buzzsprout;vimeo,
https://www.skoda-storyboard.com/en/press-releases/skoda-auto-strong-earnings-in-2023-demonstrate-robust-business-model-within-ongoing-transformation/,MR,press_release,press_release,200,card_teaser;carousel_rails;cover_box;downloads;gallery_lightbox;promo_banner;tags;two_column,cover_box_dark;teaser_media;teaser_overlay;teaser_toolbar,buzzsprout,
https://www.skoda-storyboard.com/en/press-releases/friday-skoda-auto-presents-2023-financial-results-small-bev-design-preview-at-annual-press-conference/,MR,press_release,press_release,200,card_teaser;carousel_rails;cover_box;downloads;gallery_lightbox;promo_banner;tags;two_column,cover_box_dark;teaser_media;teaser_overlay;teaser_toolbar,buzzsprout,
https://www.skoda-storyboard.com/en/press-releases/skoda-autos-annual-press-conference-financial-insights-bev-design-preview/,MR,press_release,press_release,200,card_teaser;carousel_rails;cover_box;downloads;gallery_lightbox;promo_banner;tags;two_column,cover_box_dark;teaser_media;teaser_overlay;teaser_toolbar,buzzsprout;vimeo,
https://www.skoda-storyboard.com/en/press-releases/skoda-autos-beegreen-hackathon-delivers-pioneering-it-solutions-for-sustainable-development/,MR,press_release,press_release,200,card_teaser;cover_box;downloads;gallery_lightbox;promo_banner;tags;two_column,cover_box_dark;teaser_media;teaser_overlay;teaser_toolbar,buzzsprout,
https://www.skoda-storyboard.com/en/press-releases/laurin-klement-kampus-construction-of-skoda-autos-new-headquarters-completed/,MR,press_release,press_release,200,card_teaser;carousel_rails;cover_box;downloads;gallery_lightbox;promo_banner;tags;two_column,cover_box_dark;teaser_media;teaser_overlay;teaser_toolbar,buzzsprout,
https://www.skoda-storyboard.com/en/press-releases/skoda-auto-extends-its-sponsorship-agreement-with-tour-de-france-and-tour-de-france-femmes-avec-zwift-until-2028/,MR,press_release,press_release,200,card_teaser;cover_box;downloads;gallery_lightbox;promo_banner;tags;two_column,cover_box_dark;teaser_media;teaser_overlay;teaser_toolbar,buzzsprout;vimeo,
https://www.skoda-storyboard.com/en/press-releases/all-new-skoda-compact-suv-for-the-indian-market-announced/,MR,press_release,press_release,200,card_teaser;cover_box;downloads;gallery_lightbox;promo_banner;tags;two_column,cover_box_dark;teaser_media;teaser_overlay;teaser_toolbar,buzzsprout,
https://www.skoda-storyboard.com/en/press-releases/skodas-enyaq-family-surpasses-200000-production-milestone/,MR,press_release,press_release,200,card_teaser;cover_box;downloads;gallery_lightbox;promo_banner;tags;two_column,cover_box_dark;teaser_media;teaser_overlay;teaser_toolbar,buzzsprout,
https://www.skoda-storyboard.com/en/press-releases/skoda-museum-has-unveiled-sustainability-focused-exhibition/,MR,press_release,press_release,200,card_teaser;cover_box;downloads;gallery_lightbox;promo_banner;tags;two_column,cover_box_dark;teaser_media;teaser_overlay;teaser_toolbar,buzzsprout,
https://www.skoda-storyboard.com/en/press-releases/best-cars-2024-skoda-octavia-and-fabia-win-at-the-auto-motor-und-sport-readers-choice-awards/,MR,press_release,press_release,200,card_teaser;carousel_rails;cover_box;downloads;gallery_lightbox;promo_banner;tags;two_column,cover_box_dark;teaser_media;teaser_overlay;teaser_toolbar,buzzsprout,
https://www.skoda-storyboard.com/en/press-releases/curtains-up-for-the-updated-skoda-octavia/,MR,press_release,press_release,200,card_teaser;cover_box;downloads;gallery_lightbox;promo_banner;tags;two_column,cover_box_dark;teaser_media;teaser_overlay;teaser_toolbar,buzzsprout;vimeo,
https://www.skoda-storyboard.com/en/press-releases/skoda-releases-first-sketches-of-the-refreshed-octavia/,MR,press_release,press_release,200,card_teaser;cover_box;downloads;gallery_lightbox;promo_banner;tags;two_column,cover_box_dark;teaser_media;teaser_overlay;teaser_toolbar,buzzsprout,
https://www.skoda-storyboard.com/en/press-releases/new-training-facilities-skoda-auto-to-enhance-production-capabilities-in-kvasiny/,MR,press_release,press_release,200,card_teaser;cover_box;downloads;gallery_lightbox;promo_banner;tags;two_column,cover_box_dark;teaser_media;teaser_overlay;teaser_toolbar,buzzsprout,
https://www.skoda-storyboard.com/en/press-releases/skoda-celebrates-90-years-of-the-superb-at-the-retromobile-exhibition/,MR,press_release,press_release,200,card_teaser;cover_box;downloads;gallery_lightbox;promo_banner;tags;two_column,cover_box_dark;teaser_media;teaser_overlay;teaser_toolbar,buzzsprout,
https://www.skoda-storyboard.com/en/press-releases/skoda-auto-releases-teaser-of-the-updated-octavia/,MR,press_release,press_release,200,card_teaser;cover_box;downloads;promo_banner;tags;two_column,cover_box_dark;teaser_media;teaser_overlay;teaser_toolbar,buzzsprout;vimeo,
https://www.skoda-storyboard.com/en/press-releases/skoda-auto-enters-brunei-market-advancing-its-internationalisation-strategy-across-asean/,MR,press_release,press_release,200,card_teaser;cover_box;downloads;gallery_lightbox;promo_banner;tags;two_column,cover_box_dark;teaser_media;teaser_overlay;teaser_toolbar,buzzsprout,
https://www.skoda-storyboard.com/en/press-releases/skoda-auto-launches-production-of-upgraded-scala-and-kamiq/,MR,press_release,press_release,200,card_teaser;cover_box;downloads;gallery_lightbox;promo_banner;tags;two_column,cover_box_dark;teaser_media;teaser_overlay;teaser_toolbar,buzzsprout,
https://www.skoda-storyboard.com/en/press-releases/new-skoda-auto-experience-centre-in-vietnam-welcomes-its-first-visitors/,MR,press_release,press_release,200,card_teaser;cover_box;downloads;gallery_lightbox;promo_banner;tags;two_column,cover_box_dark;teaser_media;teaser_overlay;teaser_toolbar,buzzsprout,
https://www.skoda-storyboard.com/en/press-releases/three-decades-on-remembering-the-skoda-favorits-four-consecutive-monte-carlo-rally-victories/,MR,press_release,press_release,200,card_teaser;cover_box;downloads;gallery_lightbox;promo_banner;siteorigin_body;tags;two_column,cover_box_dark;teaser_media;teaser_overlay;teaser_toolbar,buzzsprout,
https://www.skoda-storyboard.com/en/press-releases/czech-republic-as-a-european-semiconductor-centre-skoda-auto-showcases-automotive-technology-innovation-with-onsemi/,MR,press_release,press_release,200,card_teaser;carousel_rails;cover_box;downloads;gallery_lightbox;promo_banner;tags;two_column,cover_box_dark;teaser_media;teaser_overlay;teaser_toolbar,buzzsprout,
https://www.skoda-storyboard.com/en/press-releases/skoda-auto-produces-over-888000-vehicles-worldwide-in-2023/,MR,press_release,press_release,200,card_teaser;cover_box;downloads;gallery_lightbox;promo_banner;tags;two_column,cover_box_dark;teaser_media;teaser_overlay;teaser_toolbar,buzzsprout,
https://www.skoda-storyboard.com/en/press-releases/skoda-auto-launches-production-of-the-all-new-kodiaq-in-kvasiny/,MR,press_release,press_release,200,card_teaser;cover_box;downloads;gallery_lightbox;promo_banner;tags;two_column,cover_box_dark;teaser_media;teaser_overlay;teaser_toolbar,buzzsprout;vimeo,
https://www.skoda-storyboard.com/en/press-releases/skoda-auto-delivers-866800-vehicles-worldwide-in-2023/,MR,press_release,press_release,200,card_teaser;cover_box;downloads;gallery_lightbox;promo_banner;tags;two_column,cover_box_dark;teaser_media;teaser_overlay;teaser_toolbar,buzzsprout,
https://www.skoda-storyboard.com/en/press-releases/skoda-auto-enhances-user-experience-by-integrating-chatgpt-into-its-vehicles/,MR,press_release,press_release,200,card_teaser;carousel_rails;cover_box;downloads;gallery_lightbox;promo_banner;tags;two_column,cover_box_dark;teaser_media;teaser_overlay;teaser_toolbar,buzzsprout;vimeo,
https://www.skoda-storyboard.com/en/press-releases/digitisation-in-focus-skoda-auto-launches-the-largest-logistics-system-changeover-in-its-vrchlabi-plant-over-the-past-25-years/,MR,press_release,press_release,200,card_teaser;carousel_rails;cover_box;downloads;gallery_lightbox;promo_banner;tags;two_column,cover_box_dark;teaser_media;teaser_overlay;teaser_toolbar,buzzsprout,
https://www.skoda-storyboard.com/en/press-releases/skoda-logo-with-the-winged-arrow-first-registered-100-years-ago/,MR,press_release,press_release,200,card_teaser;carousel_rails;cover_box;downloads;gallery_lightbox;promo_banner;tags;two_column,cover_box_dark;teaser_media;teaser_overlay;teaser_toolbar,buzzsprout,
https://www.skoda-storyboard.com/en/press-releases/skodas-new-terrain-introducing-out-of-bounds-odyssey-in-fortnite/,MR,press_release,press_release,200,card_teaser;cover_box;downloads;gallery_lightbox;promo_banner;tags;two_column,cover_box_dark;teaser_media;teaser_overlay;teaser_toolbar,buzzsprout;vimeo,
https://www.skoda-storyboard.com/en/press-releases/skoda-auto-expands-strategic-collaboration-in-kazakhstan-focusing-on-production-sales-and-support-for-technical-training/,MR,press_release,press_release,200,card_teaser;carousel_rails;cover_box;downloads;gallery_lightbox;promo_banner;tags;two_column,cover_box_dark;teaser_media;teaser_overlay;teaser_toolbar,buzzsprout,
https://www.skoda-storyboard.com/en/press-releases/skoda-launches-all-new-superb-production-in-bratislava/,MR,press_release,press_release,200,card_teaser;cover_box;downloads;gallery_lightbox;promo_banner;tags;two_column,cover_box_dark;teaser_media;teaser_overlay;teaser_toolbar,buzzsprout,
https://www.skoda-storyboard.com/en/press-releases/skoda-auto-redefines-dealership-experience-with-global-launch-of-updated-corporate-identity/,MR,press_release,press_release,200,card_teaser;carousel_rails;cover_box;downloads;gallery_lightbox;promo_banner;tags;two_column,cover_box_dark;teaser_media;teaser_overlay;teaser_toolbar,buzzsprout,
https://www.skoda-storyboard.com/en/press-releases/skoda-secures-four-titles-at-2023-auto-trophy-readers-choice-awards/,MR,press_release,press_release,200,card_teaser;carousel_rails;cover_box;downloads;gallery_lightbox;promo_banner;tags;two_column,cover_box_dark;teaser_media;teaser_overlay;teaser_toolbar,buzzsprout,
https://www.skoda-storyboard.com/en/press-releases/skoda-auto-introduces-in-car-payments-with-brand-new-pay-to-fuel-service/,MR,press_release,press_release,200,card_teaser;carousel_rails;cover_box;downloads;gallery_lightbox;promo_banner;tags;two_column,cover_box_dark;teaser_media;teaser_overlay;teaser_toolbar,buzzsprout,
https://www.skoda-storyboard.com/en/press-releases/skoda-1203-marking-55-years-since-the-iconic-series-debut/,MR,press_release,press_release,200,card_teaser;carousel_rails;cover_box;downloads;gallery_lightbox;promo_banner;tags;two_column,cover_box_dark;teaser_media;teaser_overlay;teaser_toolbar,buzzsprout,
https://www.skoda-storyboard.com/en/press-releases/skodas-exhibition-pavilion-in-the-autostadt-revamped/,MR,press_release,press_release,200,card_teaser;carousel_rails;cover_box;downloads;gallery_lightbox;promo_banner;tags;two_column,cover_box_dark;teaser_media;teaser_overlay;teaser_toolbar,buzzsprout,
https://www.skoda-storyboard.com/en/press-releases/world-premiere-of-the-all-new-skoda-superb-pictures-on-the-skoda-storyboard/,MR,press_release,press_release,200,card_teaser;cover_box;downloads;gallery_lightbox;promo_banner;tags;two_column,cover_box_dark;teaser_media;teaser_overlay;teaser_toolbar,,
https://www.skoda-storyboard.com/en/press-releases/update-on-potential-gigafactory-localisation-and-skoda-autos-future-ev-model-productionin-the-czech-republic/,MR,press_release,press_release,200,card_teaser;carousel_rails;cover_box;promo_banner;tags;two_column,cover_box_dark;teaser_media;teaser_overlay;teaser_toolbar,,
https://www.skoda-storyboard.com/en/press-releases/skoda-auto-new-rooftop-photovoltaic-systems-contribute-to-carbon-neutral-production-efforts/,MR,press_release,press_release,200,card_teaser;carousel_rails;cover_box;downloads;gallery_lightbox;promo_banner;tags;two_column,cover_box_dark;teaser_media;teaser_overlay;teaser_toolbar,buzzsprout;vimeo,
https://www.skoda-storyboard.com/en/press-releases/digital-certificate-providing-customers-with-more-transparency-when-selling-a-used-skoda/,MR,press_release,press_release,200,card_teaser;carousel_rails;cover_box;downloads;gallery_lightbox;promo_banner;tags;two_column,cover_box_dark;teaser_media;teaser_overlay;teaser_toolbar,buzzsprout,
https://www.skoda-storyboard.com/en/press-releases/skoda-auto-releases-fourth-generation-superb-teaser-and-announces-world-premiere-details/,MR,press_release,press_release,200,card_teaser;carousel_rails;cover_box;downloads;gallery_lightbox;promo_banner;tags;two_column,cover_box_dark;teaser_media;teaser_overlay;teaser_toolbar,buzzsprout;vimeo,
https://www.skoda-storyboard.com/en/press-releases/skoda-auto-group-robust-financial-and-sales-figures-across-the-first-nine-months-of-2023/,MR,press_release,press_release,200,card_teaser;carousel_rails;cover_box;downloads;gallery_lightbox;promo_banner;tags;two_column,cover_box_dark;teaser_media;teaser_overlay;teaser_toolbar,buzzsprout,
https://www.skoda-storyboard.com/en/press-releases/skoda-auto-releases-exterior-sketches-of-the-fourth-generation-superb/,MR,press_release,press_release,200,card_teaser;cover_box;downloads;gallery_lightbox;promo_banner;tags;two_column,cover_box_dark;teaser_media;teaser_overlay;teaser_toolbar,,
https://www.skoda-storyboard.com/en/press-releases/skoda-auto-newly-opened-parts-expedition-centre-in-india-to-supply-the-vietnamese-market/,MR,press_release,press_release,200,card_teaser;carousel_rails;cover_box;downloads;gallery_lightbox;promo_banner;tags;two_column,cover_box_dark;teaser_media;teaser_overlay;teaser_toolbar,,
https://www.skoda-storyboard.com/en/press-releases/skoda-auto-set-to-re-enter-kazakhstan-market/,MR,press_release,press_release,200,card_teaser;carousel_rails;cover_box;downloads;gallery_lightbox;promo_banner;tags;two_column,cover_box_dark;teaser_media;teaser_overlay;teaser_toolbar,,
https://www.skoda-storyboard.com/en/press-releases/world-premiere-of-the-all-new-skoda-kodiaq-pictures-on-the-skoda-storyboard/,MR,press_release,press_release,200,card_teaser;cover_box;downloads;gallery_lightbox;promo_banner;tags;two_column,cover_box_dark;teaser_media;teaser_overlay;teaser_toolbar,,
https://www.skoda-storyboard.com/en/press-releases/skoda-auto-releases-all-new-kodiaq-teaser-announces-world-premiere-details/,MR,press_release,press_release,200,card_teaser;carousel_rails;cover_box;downloads;promo_banner;tags;two_column,cover_box_dark;teaser_media;teaser_overlay;teaser_toolbar,vimeo,
https://www.skoda-storyboard.com/en/press-releases/ten-years-of-greenfuture-major-milestones-achieved-through-skoda-autos-sustainability-programme/,MR,press_release,press_release,200,card_teaser;carousel_rails;cover_box;downloads;gallery_lightbox;promo_banner;tags;two_column,cover_box_dark;teaser_media;teaser_overlay;teaser_toolbar,buzzsprout,
https://www.skoda-storyboard.com/en/press-releases/skoda-auto-reveals-exterior-sketches-of-the-all-new-kodiaq/,MR,press_release,press_release,200,card_teaser;cover_box;downloads;gallery_lightbox;promo_banner;tags;two_column,cover_box_dark;teaser_media;teaser_overlay;teaser_toolbar,,
https://www.skoda-storyboard.com/en/press-releases/vietnam-launch-skoda-auto-celebrates-key-internationalisation-milestone/,MR,press_release,press_release,200,card_teaser;cover_box;downloads;gallery_lightbox;promo_banner;tags;two_column,cover_box_dark;teaser_media;teaser_overlay;teaser_toolbar,,
https://www.skoda-storyboard.com/en/press-releases/three-million-and-counting-skoda-autos-suv-success-story-continues/,MR,press_release,press_release,200,card_teaser;cover_box;downloads;gallery_lightbox;promo_banner;tags;two_column,cover_box_dark;teaser_media;teaser_overlay;teaser_toolbar,buzzsprout,
https://www.skoda-storyboard.com/en/press-releases/skodas-pay-to-park-service-receives-car-connectivity-award-from-auto-motor-sport/,MR,press_release,press_release,200,card_teaser;cover_box;downloads;gallery_lightbox;promo_banner;tags;two_column,cover_box_dark;teaser_media;teaser_overlay;teaser_toolbar,,
https://www.skoda-storyboard.com/en/press-releases/all-new-skoda-kodiaq-and-superb-rigorous-tests-under-extreme-conditions-successfully-completed/,MR,press_release,press_release,200,card_teaser;carousel_rails;cover_box;downloads;gallery_lightbox;promo_banner;tags;two_column,cover_box_dark;teaser_media;teaser_overlay;teaser_toolbar,vimeo,
https://www.skoda-storyboard.com/en/press-releases/the-fourth-generation-of-the-skoda-superb-will-once-again-offer-a-hatchback/,MR,press_release,press_release,200,card_teaser;cover_box;downloads;gallery_lightbox;promo_banner;siteorigin_body;tags;two_column,cover_box_dark;gallery_lightbox_viewer;teaser_media;teaser_overlay;teaser_toolbar,vimeo,
https://www.skoda-storyboard.com/en/press-releases/enhancing-space-comfort-and-control-skoda-presents-interior-highlights-of-the-all-new-kodiaq-and-superb-generations/,MR,press_release,press_release,200,card_teaser;carousel_rails;cover_box;downloads;gallery_lightbox;promo_banner;siteorigin_body;tags;two_column,cover_box_dark;teaser_media;teaser_overlay;teaser_toolbar,vimeo,
https://www.skoda-storyboard.com/en/press-releases/skoda-releases-expanded-offers-app-discounts-and-special-deals-now-available-in-eight-markets/,MR,press_release,press_release,200,card_teaser;cover_box;downloads;gallery_lightbox;promo_banner;tags;two_column,cover_box_dark;teaser_media;teaser_overlay;teaser_toolbar,,
https://www.skoda-storyboard.com/en/press-releases/skoda-at-the-sachsen-classic-2023-seven-iconic-models-start-in-the-ever-popular-one-hundredth-rally/,MR,press_release,press_release,200,card_teaser;carousel_rails;cover_box;downloads;gallery_lightbox;promo_banner;tags;two_column,cover_box_dark;teaser_media;teaser_overlay;teaser_toolbar,,
https://www.skoda-storyboard.com/en/press-releases/skoda-auto-returns-as-official-partner-of-prague-pride-festival/,MR,press_release,press_release,200,card_teaser;carousel_rails;cover_box;downloads;gallery_lightbox;promo_banner;tags;two_column,cover_box_dark;teaser_media;teaser_overlay;teaser_toolbar,,
https://www.skoda-storyboard.com/en/press-releases/points-classification-winner-lotte-kopecky-receives-green-trophy-from-skoda-design-at-the-tour-de-france-femmes-avec-zwift/,MR,press_release,press_release,200,card_teaser;cover_box;downloads;gallery_lightbox;promo_banner;tags;two_column,cover_box_dark;teaser_media;teaser_overlay;teaser_toolbar,,
https://www.skoda-storyboard.com/en/press-releases/skoda-auto-group-generates-year-on-year-increases-in-all-key-financialindicators-in-first-half-of-2023/,MR,press_release,press_release,200,card_teaser;carousel_rails;cover_box;downloads;gallery_lightbox;promo_banner;tags;two_column,cover_box_dark;teaser_media;teaser_overlay;teaser_toolbar,,
https://www.skoda-storyboard.com/en/press-releases/sketches-reveal-design-details-of-new-skoda-scala-and-kamiq-headlights/,MR,press_release,press_release,200,card_teaser;cover_box;downloads;gallery_lightbox;promo_banner;tags;two_column,cover_box_dark;teaser_media;teaser_overlay;teaser_toolbar,,
https://www.skoda-storyboard.com/en/press-releases/tour-de-france-winner-accompanied-to-the-finish-line-by-camouflaged-new-superb-combi-receives-trophy-by-skoda-design-team/,MR,press_release,press_release,200,card_teaser;cover_box;downloads;gallery_lightbox;promo_banner;tags;two_column,cover_box_dark;teaser_media;teaser_overlay;teaser_toolbar,,
https://www.skoda-storyboard.com/en/press-releases/skoda-auto-supports-tour-de-france-femmes-avec-zwift-for-the-second-time/,MR,press_release,press_release,200,card_teaser;cover_box;downloads;gallery_lightbox;promo_banner;tags;two_column,cover_box_dark;teaser_media;teaser_overlay;teaser_toolbar,,
https://www.skoda-storyboard.com/en/press-releases/first-glimpse-of-refreshed-skoda-scala-and-skoda-kamiq/,MR,press_release,press_release,200,card_teaser;carousel_rails;cover_box;downloads;gallery_lightbox;promo_banner;tags;two_column,cover_box_dark;teaser_media;teaser_overlay;teaser_toolbar,,
https://www.skoda-storyboard.com/en/press-releases/skoda-auto-on-the-road-to-carbon-neutrality-sko-energo-power-plant-to-transition-to-100-biomass/,MR,press_release,press_release,200,card_teaser;carousel_rails;cover_box;downloads;gallery_lightbox;promo_banner;tags;two_column,cover_box_dark;teaser_media;teaser_overlay;teaser_toolbar,,
https://www.skoda-storyboard.com/en/press-releases/original-returns-to-the-track-skoda-sport-competes-in-2023-le-mans-classic/,MR,press_release,press_release,200,card_teaser;carousel_rails;cover_box;downloads;gallery_lightbox;promo_banner;tags;two_column,cover_box_dark;teaser_media;teaser_overlay;teaser_toolbar,,
https://www.skoda-storyboard.com/en/press-releases/spotlight-on-e-mobility-celebrating-the-20th-anniversary-of-skoda-autos-partnership-with-tour-de-france/,MR,press_release,press_release,200,card_teaser;cover_box;downloads;gallery_lightbox;promo_banner;tags;two_column,cover_box_dark;teaser_media;teaser_overlay;teaser_toolbar,,
https://www.skoda-storyboard.com/en/press-releases/change-of-personnel-andreas-dick-succeeds-michael-oeljeklaus-as-skoda-auto-board-member-for-production-and-logistics/,MR,press_release,press_release,200,card_teaser;cover_box;downloads;gallery_lightbox;promo_banner;tags;two_column,cover_box_dark;teaser_media;teaser_overlay;teaser_toolbar,,
https://www.skoda-storyboard.com/en/press-releases/changes-in-skoda-auto-communications-tom-drechsler-succeeds-ariane-kilian/,MR,press_release,press_release,200,card_teaser;cover_box;downloads;gallery_lightbox;promo_banner;tags;two_column,cover_box_dark;teaser_media;teaser_overlay;teaser_toolbar,,
https://www.skoda-storyboard.com/en/press-releases/unveiling-skodas-new-sustainability-microsite-a-platform-for-transparent-dialogue-on-environmental-social-governance-initiatives/,MR,press_release,press_release,200,card_teaser;carousel_rails;cover_box;downloads;gallery_lightbox;promo_banner;tags;two_column,cover_box_dark;teaser_media;teaser_overlay;teaser_toolbar,,
https://www.skoda-storyboard.com/en/press-releases/the-name-of-apprentice-car-no-9-is-skoda-roadiaq/,MR,press_release,press_release,200,card_teaser;carousel_rails;cover_box;downloads;gallery_lightbox;promo_banner;tags;two_column,cover_box_dark;teaser_media;teaser_overlay;teaser_toolbar,,
https://www.skoda-storyboard.com/en/press-releases/skoda-auto-gears-up-to-produce-the-next-generation-kodiaq/,MR,press_release,press_release,200,card_teaser;carousel_rails;cover_box;downloads;gallery_lightbox;promo_banner;tags;two_column,cover_box_dark;teaser_media;teaser_overlay;teaser_toolbar,vimeo,
https://www.skoda-storyboard.com/en/press-releases/by-children-for-children-third-enyaq-iv-provided-to-the-clown-doctor-non-profit-organisation-designed-by-kids/,MR,press_release,press_release,200,card_teaser;cover_box;downloads;gallery_lightbox;promo_banner;tags;two_column,cover_box_dark;teaser_media;teaser_overlay;teaser_toolbar,vimeo,
https://www.skoda-storyboard.com/en/press-releases/celebrating-each-persons-uniqueness-skoda-auto-presents-the-skoda-enyaq-coupe-respectline/,MR,press_release,press_release,200,card_teaser;carousel_rails;cover_box;downloads;gallery_lightbox;promo_banner;tags;two_column,cover_box_dark;teaser_media;teaser_overlay;teaser_toolbar,,
https://www.skoda-storyboard.com/en/press-releases/skoda-x-new-centre-for-digital-services-and-mobility-solutions/,MR,press_release,press_release,200,card_teaser;cover_box;downloads;gallery_lightbox;promo_banner;siteorigin_body;tags;two_column,cover_box_dark;gallery_lightbox_viewer;teaser_media;teaser_overlay;teaser_toolbar,,
https://www.skoda-storyboard.com/en/press-releases/skoda-auto-has-celebrated-european-diversity-month-for-the-third-time/,MR,press_release,press_release,200,card_teaser;carousel_rails;cover_box;downloads;gallery_lightbox;promo_banner;tags;two_column,cover_box_dark;teaser_media;teaser_overlay;teaser_toolbar,,
https://www.skoda-storyboard.com/en/press-releases/most-valuable-player-trophy-at-the-2023-iihf-ice-hockey-world-championship-made-by-skoda-design-team/,MR,press_release,press_release,200,card_teaser;carousel_rails;cover_box;downloads;gallery_lightbox;promo_banner;tags;two_column,cover_box_dark;teaser_media;teaser_overlay;teaser_toolbar,,
https://www.skoda-storyboard.com/en/press-releases/international-biodiversity-day-skoda-auto-supports-biodiversity-around-the-world/,MR,press_release,press_release,200,card_teaser;carousel_rails;cover_box;downloads;gallery_lightbox;promo_banner;tags;two_column,cover_box_dark;teaser_media;teaser_overlay;teaser_toolbar,,
https://www.skoda-storyboard.com/en/press-releases/new-generations-of-kodiaq-and-superb-successfully-complete-super-cold-testing-in-the-arctic-circle/,MR,press_release,press_release,200,card_teaser;carousel_rails;cover_box;downloads;gallery_lightbox;promo_banner;tags;two_column,cover_box_dark;teaser_media;teaser_overlay;teaser_toolbar,,
https://www.skoda-storyboard.com/en/press-releases/encouraging-collaboration-skoda-auto-hosts-international-semiconductor-summit-in-prague/,MR,press_release,press_release,200,card_teaser;cover_box;downloads;gallery_lightbox;promo_banner;tags;two_column,cover_box_dark;teaser_media;teaser_overlay;teaser_toolbar,,
https://www.skoda-storyboard.com/en/press-releases/operating-profit-up-60-skoda-auto-makes-a-strong-start-to-2023/,MR,press_release,press_release,200,card_teaser;carousel_rails;cover_box;downloads;gallery_lightbox;promo_banner;tags;two_column,cover_box_dark;teaser_media;teaser_overlay;teaser_toolbar,,
https://www.skoda-storyboard.com/en/press-releases/skoda-auto-extends-partnership-with-iihf-ice-hockey-world-championship-after-30-years-as-the-official-main-sponsor/,MR,press_release,press_release,200,card_teaser;carousel_rails;cover_box;downloads;gallery_lightbox;promo_banner;tags;two_column,cover_box_dark;teaser_media;teaser_overlay;teaser_toolbar,,
https://www.skoda-storyboard.com/en/press-releases/skoda-superb-90-years-of-success/,MR,press_release,press_release,200,card_teaser;carousel_rails;cover_box;downloads;gallery_lightbox;promo_banner;tags;two_column,cover_box_dark;teaser_media;teaser_overlay;teaser_toolbar,vimeo,
https://www.skoda-storyboard.com/en/press-releases/skoda-auto-half-a-million-battery-systems-produced-for-vehicles-of-the-volkswagen-group/,MR,press_release,press_release,200,card_teaser;cover_box;downloads;gallery_lightbox;promo_banner;tags;two_column,cover_box_dark;teaser_media;teaser_overlay;teaser_toolbar,,
https://www.skoda-storyboard.com/en/press-releases/skoda-academy-celebrates-its-tenth-anniversary/,MR,press_release,press_release,200,card_teaser;carousel_rails;cover_box;downloads;gallery_lightbox;promo_banner;tags;two_column,cover_box_dark;teaser_media;teaser_overlay;teaser_toolbar,vimeo,
https://www.skoda-storyboard.com/en/press-releases/affordable-e-suv-skoda-enyaq-iv-50-for-less-than-40000-euros/,MR,press_release,press_release,200,card_teaser;cover_box;downloads;gallery_lightbox;promo_banner;tags;two_column,cover_box_dark;teaser_media;teaser_overlay;teaser_toolbar,,
https://www.skoda-storyboard.com/en/press-releases/skoda-provides-first-glimpse-of-the-new-superb-combi-estate-superb-hatchback-and-kodiaq-generations/,MR,press_release,press_release,200,card_teaser;cover_box;downloads;gallery_lightbox;promo_banner;tags;two_column,cover_box_dark;teaser_media;teaser_overlay;teaser_toolbar,,
https://www.skoda-storyboard.com/en/press-releases/project1hour-skoda-auto-joins-the-group-wide-climate-workshop-once-again-this-year/,MR,press_release,press_release,200,card_teaser;carousel_rails;cover_box;downloads;gallery_lightbox;promo_banner;tags;two_column,cover_box_dark;teaser_media;teaser_overlay;teaser_toolbar,,
https://www.skoda-storyboard.com/en/press-releases/czech-prime-minister-petr-fiala-visits-the-future-skoda-car-production-plant-in-vietnam/,MR,press_release,press_release,200,card_teaser;carousel_rails;cover_box;downloads;gallery_lightbox;promo_banner;tags;two_column,cover_box_dark;teaser_media;teaser_overlay;teaser_toolbar,,
https://www.skoda-storyboard.com/en/press-releases/holger-peters-appointed-new-board-member-for-finance-and-it/,MR,press_release,press_release,200,card_teaser;cover_box;downloads;gallery_lightbox;promo_banner;tags;two_column,cover_box_dark;teaser_media;teaser_overlay;teaser_toolbar,,
https://www.skoda-storyboard.com/en/press-releases/skoda-powerpass-map-new-infotainment-app-enhances-the-skoda-iv-ecosystem/,MR,press_release,press_release,200,card_teaser;carousel_rails;cover_box;downloads;gallery_lightbox;promo_banner;tags;two_column,cover_box_dark;teaser_media;teaser_overlay;teaser_toolbar,,
https://www.skoda-storyboard.com/en/press-releases/skoda-hispano-suiza-the-rebirth-of-a-first-republic-gem/,MR,press_release,press_release,200,card_teaser;carousel_rails;cover_box;downloads;gallery_lightbox;promo_banner;tags;two_column,cover_box_dark;teaser_media;teaser_overlay;teaser_toolbar,,
https://www.skoda-storyboard.com/en/press-releases/90th-anniversary-of-the-skoda-product-family-with-steel-backbone/,MR,press_release,press_release,200,card_teaser;carousel_rails;cover_box;downloads;gallery_lightbox;promo_banner;tags;two_column,cover_box_dark;teaser_media;teaser_overlay;teaser_toolbar,,
https://www.skoda-storyboard.com/en/press-releases/skoda-at-techno-classica-2023-flagship-products-motorsport-legends-and-one-exhibition-premiere/,MR,press_release,press_release,200,card_teaser;carousel_rails;cover_box;downloads;gallery_lightbox;promo_banner;tags;two_column,cover_box_dark;teaser_media;teaser_overlay;teaser_toolbar,,
https://www.skoda-storyboard.com/en/press-releases/skoda-student-car-no-9-more-electrifying-than-ever/,MR,press_release,press_release,200,card_teaser;carousel_rails;cover_box;downloads;gallery_lightbox;promo_banner;tags;two_column,cover_box_dark;teaser_media;teaser_overlay;teaser_toolbar,vimeo,
https://www.skoda-storyboard.com/en/press-releases/skoda-auto-annual-press-conference-pictures-and-speeches-on-skoda-storyboard-2/,MR,press_release,press_release,200,card_teaser;cover_box;downloads;gallery_lightbox;promo_banner;tags;two_column,cover_box_dark;teaser_media;teaser_overlay;teaser_toolbar,,
https://www.skoda-storyboard.com/en/press-releases/skoda-auto-presents-financial-results-2022/,MR,press_release,press_release,200,card_teaser;cover_box;downloads;gallery_lightbox;promo_banner;tags;two_column,cover_box_dark;teaser_media;teaser_overlay;teaser_toolbar,,
https://www.skoda-storyboard.com/en/press-releases/skoda-autos-annual-press-conference-live-online-4/,MR,press_release,press_release,200,card_teaser;cover_box;downloads;gallery_lightbox;promo_banner;tags;two_column,cover_box_dark;teaser_media;teaser_overlay;teaser_toolbar,,
https://www.skoda-storyboard.com/en/press-releases/the-perfect-everyday-companion-25-years-of-the-skoda-octavia-combi/,MR,press_release,press_release,200,card_teaser;carousel_rails;cover_box;downloads;gallery_lightbox;promo_banner;tags;two_column,cover_box_dark;teaser_media;teaser_overlay;teaser_toolbar,,
https://www.skoda-storyboard.com/en/press-releases/building-the-car-of-their-dreams-ninth-skoda-student-car-project-launched/,MR,press_release,press_release,200,card_teaser;carousel_rails;cover_box;downloads;gallery_lightbox;promo_banner;tags;two_column,cover_box_dark;teaser_media;teaser_overlay;teaser_toolbar,,
https://www.skoda-storyboard.com/en/press-releases/skoda-auto-magic-eye-camera-system-quickly-identifies-maintenance-needs-on-the-assembly-line/,MR,press_release,press_release,200,card_teaser;carousel_rails;cover_box;downloads;gallery_lightbox;promo_banner;tags;two_column,cover_box_dark;teaser_media;teaser_overlay;teaser_toolbar,,
https://www.skoda-storyboard.com/en/press-releases/best-cars-2023-skoda-octavia-and-fabia-top-the-auto-motor-und-sport-readers-poll/,MR,press_release,press_release,200,card_teaser;cover_box;downloads;gallery_lightbox;promo_banner;tags;two_column,cover_box_dark;teaser_media;teaser_overlay;teaser_toolbar,,
https://www.skoda-storyboard.com/en/press-releases/skoda-enyaq-rs-iv-sets-two-guinness-world-records-titles-with-7-351-km-ice-drift/,MR,press_release,press_release,200,card_teaser;cover_box;downloads;gallery_lightbox;promo_banner;siteorigin_body;tags;two_column,cover_box_dark;teaser_media;teaser_overlay;teaser_toolbar,vimeo,
https://www.skoda-storyboard.com/en/press-releases/landmark-anniversaries-for-skoda-auto-in-2023/,MR,press_release,press_release,200,card_teaser;carousel_rails;cover_box;downloads;promo_banner;tags;two_column,cover_box_dark;teaser_media;teaser_overlay;teaser_toolbar,,
https://www.skoda-storyboard.com/en/press-releases/skoda-auto-almost-780000-vehicles-produced-worldwide-in-2022/,MR,press_release,press_release,200,card_teaser;carousel_rails;cover_box;downloads;gallery_lightbox;promo_banner;siteorigin_body;tags;two_column,cover_box_dark;teaser_media;teaser_overlay;teaser_toolbar,,
https://www.skoda-storyboard.com/en/press-releases/skoda-meets-metaverse-exploring-new-technologies-and-reaching-younger-customers-through-the-skodaverse/,MR,press_release,press_release,200,card_teaser;cover_box;downloads;gallery_lightbox;promo_banner;tags;two_column,cover_box_dark;teaser_media;teaser_overlay;teaser_toolbar,,
https://www.skoda-storyboard.com/en/press-releases/skoda-auto-delivers-731300-vehicles-worldwide-in-2022/,MR,press_release,press_release,200,card_teaser;cover_box;downloads;gallery_lightbox;promo_banner;siteorigin_body;tags;two_column,cover_box_dark;teaser_media;teaser_overlay;teaser_toolbar,,
https://www.skoda-storyboard.com/en/press-releases/curriculum-for-non-profit-educational-institute-42-prague-unveiled/,MR,press_release,press_release,200,card_teaser;cover_box;downloads;gallery_lightbox;promo_banner;tags;two_column,cover_box_dark;teaser_media;teaser_overlay;teaser_toolbar,,
https://www.skoda-storyboard.com/en/press-releases/skoda-fabia-rs-rally2-prototype-presented-to-pragues-national-technical-museum/,MR,press_release,press_release,200,card_teaser;cover_box;downloads;gallery_lightbox;promo_banner;tags;two_column,cover_box_dark;teaser_media;teaser_overlay;teaser_toolbar,,
https://www.skoda-storyboard.com/en/press-releases/skoda-lighting-design-team-wins-one-of-the-first-people-awards-from-car-design-news/,MR,press_release,press_release,200,card_teaser;carousel_rails;cover_box;downloads;gallery_lightbox;promo_banner;tags;two_column,cover_box_dark;teaser_media;teaser_overlay;teaser_toolbar,,
https://www.skoda-storyboard.com/en/press-releases/skoda-octavia-repeats-top-5-star-rating-in-even-tougher-euro-ncap-reference-tests-for-crash-safety/,MR,press_release,press_release,200,card_teaser;cover_box;downloads;gallery_lightbox;promo_banner;tags;two_column,cover_box_dark;teaser_media;teaser_overlay;teaser_toolbar,,
https://www.skoda-storyboard.com/en/press-releases/improving-road-safety-skoda-tests-train-warnings-in-traffication-infotainment-app/,MR,press_release,press_release,200,card_teaser;carousel_rails;cover_box;downloads;gallery_lightbox;promo_banner;tags;two_column,cover_box_dark;teaser_media;teaser_overlay;teaser_toolbar,vimeo,
https://www.skoda-storyboard.com/en/press-releases/hat-trick-for-skoda-enyaq-coupe-rs-iv-named-switzerlands-favourite-car-2023/,MR,press_release,press_release,200,card_teaser;cover_box;downloads;gallery_lightbox;promo_banner;tags;two_column,cover_box_dark;teaser_media;teaser_overlay;teaser_toolbar,,
https://www.skoda-storyboard.com/en/press-releases/skoda-fabia-and-octavia-triumph-at-the-auto-bild-company-car-awards-2022/,MR,press_release,press_release,200,card_teaser;carousel_rails;cover_box;downloads;gallery_lightbox;promo_banner;tags;two_column,cover_box_dark;teaser_media;teaser_overlay;teaser_toolbar,,
https://www.skoda-storyboard.com/en/press-releases/skoda-tops-the-auto-trophy-2022-with-five-victories/,MR,press_release,press_release,200,card_teaser;carousel_rails;cover_box;downloads;gallery_lightbox;promo_banner;tags;two_column,cover_box_dark;teaser_media;teaser_overlay;teaser_toolbar,,
https://www.skoda-storyboard.com/en/press-releases/revolutionising-the-automotive-industry-creating-future-proof-jobs-and-introducing-innovative-technology-what-a-gigafactory-could-bring-to-the-czech-republic/,MR,press_release,press_release,200,card_teaser;cover_box;downloads;gallery_lightbox;promo_banner;siteorigin_body;tags;two_column,cover_box_dark;gallery_lightbox_viewer;teaser_media;teaser_overlay;teaser_toolbar,,
https://www.skoda-storyboard.com/en/press-releases/hoppygo-peer-to-peer-car-sharing-from-skoda-auto-enjoys-its-most-successful-season-ever/,MR,press_release,press_release,200,card_teaser;cover_box;downloads;gallery_lightbox;promo_banner;tags;two_column,cover_box_dark;teaser_media;teaser_overlay;teaser_toolbar,,
https://www.skoda-storyboard.com/en/press-releases/skoda-auto-milestones-in-vehicle-and-component-production/,MR,press_release,press_release,200,card_teaser;cover_box;downloads;gallery_lightbox;promo_banner;tags;two_column,cover_box_dark;teaser_media;teaser_overlay;teaser_toolbar,,
https://www.skoda-storyboard.com/en/press-releases/skoda-enyaq-coupe-rs-iv-wins-golden-steering-wheel-2022/,MR,press_release,press_release,200,card_teaser;cover_box;downloads;gallery_lightbox;promo_banner;tags;two_column,cover_box_dark;teaser_media;teaser_overlay;teaser_toolbar,,
https://www.skoda-storyboard.com/en/press-releases/pay-for-parking-conveniently-across-europe-skoda-launched-new-pay-to-park-service/,MR,press_release,press_release,200,card_teaser;carousel_rails;cover_box;downloads;gallery_lightbox;promo_banner;tags;two_column,cover_box_dark;teaser_media;teaser_overlay;teaser_toolbar,,
https://www.skoda-storyboard.com/en/press-releases/five-stars-back-to-back-skoda-prioritises-safety/,MR,press_release,press_release,200,card_teaser;cover_box;downloads;gallery_lightbox;promo_banner;row_toggle;siteorigin_body;tags;two_column,cover_box_dark;teaser_media;teaser_overlay;teaser_toolbar,,
https://www.skoda-storyboard.com/en/press-releases/skoda-auto-achieves-solid-q3-result-and-stable-return-on-sales-amid-challenging-environment/,MR,press_release,press_release,200,card_teaser;carousel_rails;cover_box;downloads;gallery_lightbox;promo_banner;tags;two_column,cover_box_dark;teaser_media;teaser_overlay;teaser_toolbar,,
https://www.skoda-storyboard.com/en/press-releases/skoda-enyaq-rs-iv-sustainability-meets-high-performance-driving/,MR,press_release,press_release,200,card_teaser;cover_box;downloads;gallery_lightbox;promo_banner;row_toggle;siteorigin_body;tags;two_column,cover_box_dark;teaser_media;teaser_overlay;teaser_toolbar,vimeo,
https://www.skoda-storyboard.com/en/press-releases/skoda-autos-vrchlabi-plant-ten-years-of-producing-transmissions-and-targeted-further-development/,MR,press_release,press_release,200,card_teaser;cover_box;downloads;gallery_lightbox;promo_banner;tags;two_column,cover_box_dark;teaser_media;teaser_overlay;teaser_toolbar,,
https://www.skoda-storyboard.com/en/press-releases/awards-for-the-way-of-life-film-accompanying-the-world-premiere-of-the-skoda-enyaq-coupe-rs-iv/,MR,press_release,press_release,200,card_teaser;carousel_rails;cover_box;downloads;gallery_lightbox;promo_banner;tags;two_column,cover_box_dark;teaser_media;teaser_overlay;teaser_toolbar,vimeo,
https://www.skoda-storyboard.com/en/press-releases/skoda-auto-poised-to-enter-vietnamese-market/,MR,press_release,press_release,200,card_teaser;carousel_rails;cover_box;downloads;gallery_lightbox;promo_banner;tags;two_column,cover_box_dark;teaser_media;teaser_overlay;teaser_toolbar,,
https://www.skoda-storyboard.com/en/press-releases/skoda-auto-appoints-alexander-eisl-as-new-head-of-information-technology/,MR,press_release,press_release,200,card_teaser;carousel_rails;cover_box;downloads;gallery_lightbox;promo_banner;tags;two_column,cover_box_dark;teaser_media;teaser_overlay;teaser_toolbar,,
https://www.skoda-storyboard.com/en/press-releases/skoda-vision-gt-a-digital-design-model-of-an-emotive-all-electric-racing-car/,MR,press_release,press_release,200,card_teaser;cover_box;downloads;gallery_lightbox;promo_banner;tags;two_column,cover_box_dark;teaser_media;teaser_overlay;teaser_toolbar,,
https://www.skoda-storyboard.com/en/press-releases/skoda-auto-employees-take-part-in-greenweek/,MR,press_release,press_release,200,card_teaser;cover_box;downloads;gallery_lightbox;promo_banner;tags;two_column,cover_box_dark;teaser_media;teaser_overlay;teaser_toolbar,vimeo,
https://www.skoda-storyboard.com/en/press-releases/skoda-octavia-combi-design-study-celebrates-its-25th-anniversary/,MR,press_release,press_release,200,card_teaser;carousel_rails;cover_box;downloads;gallery_lightbox;promo_banner;tags;two_column,cover_box_dark;teaser_media;teaser_overlay;teaser_toolbar,,
https://www.skoda-storyboard.com/en/press-releases/skoda-explore-more-pictures-on-the-skoda-storyboard/,MR,press_release,press_release,200,card_teaser;carousel_rails;cover_box;downloads;gallery_lightbox;promo_banner;tags;two_column,cover_box_dark;teaser_media;teaser_overlay;teaser_toolbar,,
https://www.skoda-storyboard.com/en/press-releases/skoda-explore-more-live-online-2/,MR,press_release,press_release,200,card_teaser;carousel_rails;cover_box;downloads;gallery_lightbox;promo_banner;tags;two_column,cover_box_dark;teaser_media;teaser_overlay;teaser_toolbar,,
https://www.skoda-storyboard.com/en/press-releases/skoda-releases-first-exterior-sketches-of-vision-7s/,MR,press_release,press_release,200,card_teaser;cover_box;downloads;gallery_lightbox;promo_banner;tags;two_column,cover_box_dark;teaser_media;teaser_overlay;teaser_toolbar,,
https://www.skoda-storyboard.com/en/press-releases/plug-charge-function-for-enyaq-iv-family-launched/,MR,press_release,press_release,200,card_teaser;carousel_rails;cover_box;downloads;gallery_lightbox;promo_banner;tags;two_column,cover_box_dark;teaser_media;teaser_overlay;teaser_toolbar,vimeo,
https://www.skoda-storyboard.com/en/press-releases/sachsen-classic-2022-seven-skoda-cars-heading-to-the-popular-one-hundredth-rally/,MR,press_release,press_release,200,card_teaser;carousel_rails;cover_box;downloads;gallery_lightbox;promo_banner;tags;two_column,cover_box_dark;teaser_media;teaser_overlay;teaser_toolbar,,
https://www.skoda-storyboard.com/en/press-releases/skoda-reveals-another-glimpse-of-the-vision-7s-interior/,MR,press_release,press_release,200,card_teaser;carousel_rails;cover_box;downloads;gallery_lightbox;promo_banner;tags;two_column,cover_box_dark;teaser_media;teaser_overlay;teaser_toolbar,,
https://www.skoda-storyboard.com/en/press-releases/optimized-battery-management-and-infotainment-skoda-launches-software-update-me3-for-enyaq-iv/,MR,press_release,press_release,200,card_teaser;carousel_rails;cover_box;downloads;promo_banner;tags;two_column,cover_box_dark;teaser_media;teaser_overlay;teaser_toolbar,vimeo,
https://www.skoda-storyboard.com/en/press-releases/skoda-auto-is-an-official-partner-of-the-prague-pride-festival-8-14-august-for-the-first-time/,MR,press_release,press_release,200,card_teaser;cover_box;downloads;gallery_lightbox;promo_banner;tags;two_column,cover_box_dark;teaser_media;teaser_overlay;teaser_toolbar,,
https://www.skoda-storyboard.com/en/press-releases/marianne-vos-receives-green-trophy-from-skoda-auto-at-the-tour-de-france-femmes-avec-zwift/,MR,press_release,press_release,200,card_teaser;carousel_rails;cover_box;downloads;gallery_lightbox;promo_banner;tags;two_column,cover_box_dark;teaser_media;teaser_overlay;teaser_toolbar,,
https://www.skoda-storyboard.com/en/press-releases/skoda-auto-achieves-positive-operating-profit-of-e676-million-in-first-half-of-2022/,MR,press_release,press_release,200,card_teaser;carousel_rails;cover_box;downloads;promo_banner;tags;two_column,cover_box_dark;teaser_media;teaser_overlay;teaser_toolbar,,
https://www.skoda-storyboard.com/en/press-releases/note-to-editors-change-in-skoda-autos-communications-department/,MR,press_release,press_release,200,card_teaser;cover_box;downloads;gallery_lightbox;promo_banner;tags;two_column,cover_box_dark;teaser_media;teaser_overlay;teaser_toolbar,,
https://www.skoda-storyboard.com/en/press-releases/tour-de-france-winner-jonas-vingegaard-presented-with-crystal-glass-trophy-from-skoda-auto/,MR,press_release,press_release,200,card_teaser;cover_box;downloads;gallery_lightbox;promo_banner;tags;two_column,cover_box_dark;teaser_media;teaser_overlay;teaser_toolbar,,
https://www.skoda-storyboard.com/en/press-releases/skoda-auto-main-partner-to-the-tour-de-france-femmes-avec-zwift-for-the-first-time/,MR,press_release,press_release,200,card_teaser;carousel_rails;cover_box;downloads;gallery_lightbox;promo_banner;tags;two_column,cover_box_dark;teaser_media;teaser_overlay;teaser_toolbar,,
https://www.skoda-storyboard.com/en/press-releases/70-years-of-the-skoda-1200-all-steel-body-refined-in-the-wind-tunnel/,MR,press_release,press_release,200,card_teaser;cover_box;downloads;gallery_lightbox;promo_banner;tags;two_column,cover_box_dark;teaser_media;teaser_overlay;teaser_toolbar,,
https://www.skoda-storyboard.com/en/press-releases/thomas-schafer-appointed-new-chairman-of-skoda-autos-supervisory-board/,MR,press_release,press_release,200,card_teaser;carousel_rails;cover_box;downloads;gallery_lightbox;promo_banner;tags;two_column,cover_box_dark;teaser_media;teaser_overlay;teaser_toolbar,,
https://www.skoda-storyboard.com/en/press-releases/skoda-reveals-the-first-interior-sketch-of-vision-7s-concept-car/,MR,press_release,press_release,200,card_teaser;carousel_rails;cover_box;downloads;gallery_lightbox;promo_banner;tags;two_column,cover_box_dark;teaser_media;teaser_overlay;teaser_toolbar,,
https://www.skoda-storyboard.com/en/press-releases/an-original-returns-skoda-sport-at-the-le-mans-classic-2022/,MR,press_release,press_release,200,card_teaser;cover_box;downloads;gallery_lightbox;promo_banner;tags;two_column,cover_box_dark;teaser_media;teaser_overlay;teaser_toolbar,,
https://www.skoda-storyboard.com/en/press-releases/skoda-auto-tests-possibilities-of-5g-in-production-at-mlada-boleslav-site/,MR,press_release,press_release,200,card_teaser;cover_box;downloads;gallery_lightbox;promo_banner;tags;two_column,cover_box_dark;teaser_media;teaser_overlay;teaser_toolbar,,
https://www.skoda-storyboard.com/en/press-releases/skoda-auto-official-main-partner-of-the-tour-de-france-for-19th-time/,MR,press_release,press_release,200,card_teaser;cover_box;downloads;gallery_lightbox;promo_banner;tags;two_column,cover_box_dark;teaser_media;teaser_overlay;teaser_toolbar,,
https://www.skoda-storyboard.com/en/press-releases/skoda-auto-presents-videocast-on-the-1100-ohc-coupe/,MR,press_release,press_release,200,card_teaser;carousel_rails;cover_box;downloads;promo_banner;tags;two_column,cover_box_dark;teaser_media;teaser_overlay;teaser_toolbar,youtube,
https://www.skoda-storyboard.com/en/press-releases/skoda-auto-to-present-innovative-sustainability-concepts-at-berlins-greentech-festival/,MR,press_release,press_release,200,card_teaser;cover_box;downloads;gallery_lightbox;promo_banner;tags;two_column,cover_box_dark;teaser_media;teaser_overlay;teaser_toolbar,,
https://www.skoda-storyboard.com/en/press-releases/skoda-auto-receives-employer-of-the-decade-award/,MR,press_release,press_release,200,card_teaser;cover_box;downloads;gallery_lightbox;promo_banner;siteorigin_body;tags;two_column,cover_box_dark;teaser_media;teaser_overlay;teaser_toolbar,,
https://www.skoda-storyboard.com/en/press-releases/new-rally-vehicle-named-skoda-fabia-rs-rally2/,MR,press_release,press_release,200,card_teaser;carousel_rails;cover_box;downloads;gallery_lightbox;promo_banner;tags;two_column,cover_box_dark;teaser_media;teaser_overlay;teaser_toolbar,,
https://www.skoda-storyboard.com/en/press-releases/new-generation-skoda-fabia-rally2-proves-its-strength-on-demanding-gravel-tracks-2/,MR,press_release,press_release,200,card_teaser;cover_box;downloads;gallery_lightbox;promo_banner;tags;two_column,cover_box_dark;teaser_media;teaser_overlay;teaser_toolbar,vimeo,
https://www.skoda-storyboard.com/en/press-releases/skoda-auto-production-sites-reopen-for-tours/,MR,press_release,press_release,200,card_teaser;carousel_rails;cover_box;downloads;gallery_lightbox;promo_banner;tags;two_column,cover_box_dark;teaser_media;teaser_overlay;teaser_toolbar,,
https://www.skoda-storyboard.com/en/press-releases/skoda-auto-supports-wind-farm-project-in-finland/,MR,press_release,press_release,200,card_teaser;carousel_rails;cover_box;downloads;gallery_lightbox;promo_banner;tags;two_column,cover_box_dark;teaser_media;teaser_overlay;teaser_toolbar,,
https://www.skoda-storyboard.com/en/press-releases/rally-italy-sardinia-skoda-fabia-rally2-evo-driver-andreas-mikkelsen-aims-to-regain-wrc2-lead/,MR,press_release,press_release,200,card_teaser;carousel_rails;cover_box;downloads;gallery_lightbox;promo_banner;tags;two_column,cover_box_dark;teaser_media;teaser_overlay;teaser_toolbar,,
https://www.skoda-storyboard.com/en/press-releases/skoda-auto-secures-production-of-cable-harnesses/,MR,press_release,press_release,200,card_teaser;carousel_rails;cover_box;downloads;gallery_lightbox;promo_banner;tags;two_column,cover_box_dark;teaser_media;teaser_overlay;teaser_toolbar,,
https://www.skoda-storyboard.com/en/press-releases/skoda-auto-participates-in-european-diversity-month-and-presents-diversity-strategy-2030/,MR,press_release,press_release,200,card_teaser;cover_box;downloads;gallery_lightbox;promo_banner;tags;two_column,cover_box_dark;teaser_media;teaser_overlay;teaser_toolbar,vimeo,
https://www.skoda-storyboard.com/en/press-releases/skoda-auto-lays-foundation-stone-for-laurin-klement-kampus/,MR,press_release,press_release,200,card_teaser;carousel_rails;cover_box;downloads;gallery_lightbox;promo_banner;tags;two_column,cover_box_dark;teaser_media;teaser_overlay;teaser_toolbar,,
https://www.skoda-storyboard.com/en/press-releases/made-by-skoda-design-trophy-for-the-mvp-of-the-2022-iihf-ice-hockey-world-championship/,MR,press_release,press_release,200,card_teaser;cover_box;downloads;gallery_lightbox;promo_banner;tags;two_column,cover_box_dark;teaser_media;teaser_overlay;teaser_toolbar,,
https://www.skoda-storyboard.com/en/press-releases/skoda-auto-presents-selected-projects-aimed-at-preserving-biodiversity/,MR,press_release,press_release,200,card_teaser;carousel_rails;cover_box;downloads;gallery_lightbox;promo_banner;tags;two_column,cover_box_dark;teaser_media;teaser_overlay;teaser_toolbar,,
https://www.skoda-storyboard.com/en/press-releases/rally-portugal-skoda-fabia-rally2-evo-driver-chris-ingram-wins-wrc2-junior-classification/,MR,press_release,press_release,200,card_teaser;carousel_rails;cover_box;downloads;gallery_lightbox;promo_banner;tags;two_column,cover_box_dark;teaser_media;teaser_overlay;teaser_toolbar,,
https://www.skoda-storyboard.com/en/press-releases/rally-portugal-andreas-mikkelsen-aims-for-another-wrc2-top-result-with-the-skoda-fabia-rally2-evo/,MR,press_release,press_release,200,card_teaser;carousel_rails;cover_box;downloads;gallery_lightbox;promo_banner;tags;two_column,cover_box_dark;teaser_media;teaser_overlay;teaser_toolbar,,
https://www.skoda-storyboard.com/en/press-releases/skoda-auto-passionate-commitment-to-ice-hockey-since-1992/,MR,press_release,press_release,200,card_teaser;cover_box;downloads;gallery_lightbox;promo_banner;tags;two_column,cover_box_dark;teaser_media;teaser_overlay;teaser_toolbar,,
https://www.skoda-storyboard.com/en/press-releases/skoda-auto-launches-production-of-meb-battery-systems-at-mlada-boleslav-headquarters/,MR,press_release,press_release,200,card_teaser;cover_box;downloads;gallery_lightbox;promo_banner;tags;two_column,cover_box_dark;teaser_media;teaser_overlay;teaser_toolbar,vimeo,
https://www.skoda-storyboard.com/en/press-releases/skoda-motorsport-intensively-works-on-improving-weight-balance-of-new-skoda-fabia-rally2/,MR,press_release,press_release,200,card_teaser;cover_box;downloads;gallery_lightbox;promo_banner;tags;two_column,cover_box_dark;teaser_media;teaser_overlay;teaser_toolbar,,
https://www.skoda-storyboard.com/en/press-releases/non-profit-educational-institute-42-prague-opens-its-doors/,MR,press_release,press_release,200,card_teaser;carousel_rails;cover_box;downloads;gallery_lightbox;promo_banner;tags;two_column,cover_box_dark;teaser_media;teaser_overlay;teaser_toolbar,,
https://www.skoda-storyboard.com/en/press-releases/skoda-auto-30-year-partner-of-iihf-ice-hockey-world-championship/,MR,press_release,press_release,200,card_teaser;cover_box;downloads;gallery_lightbox;promo_banner;tags;two_column,cover_box_dark;teaser_media;teaser_overlay;teaser_toolbar,,
https://www.skoda-storyboard.com/en/press-releases/skoda-auto-achieves-6-6-return-on-sales-in-first-quarter-despite-major-challenges/,MR,press_release,press_release,200,card_teaser;carousel_rails;cover_box;downloads;gallery_lightbox;promo_banner;tags;two_column,cover_box_dark;teaser_media;teaser_overlay;teaser_toolbar,,
https://www.skoda-storyboard.com/en/press-releases/the-new-skoda-fabia-receives-red-dot-award-for-exceptional-product-design/,MR,press_release,press_release,200,card_teaser;cover_box;downloads;gallery_lightbox;promo_banner;tags;two_column,cover_box_dark;teaser_media;teaser_overlay;teaser_toolbar,,
https://www.skoda-storyboard.com/en/press-releases/tillmann-stauske-appointed-to-skoda-auto-digilabs-management-board-on-1-may/,MR,press_release,press_release,200,card_teaser;cover_box;downloads;gallery_lightbox;promo_banner;tags;two_column,cover_box_dark;teaser_media;teaser_overlay;teaser_toolbar,,
https://www.skoda-storyboard.com/en/press-releases/powerpass-skoda-reports-positive-results-after-first-year-and-establishes-new-tariff-structure/,MR,press_release,press_release,200,card_teaser;carousel_rails;cover_box;downloads;gallery_lightbox;promo_banner;tags;two_column,cover_box_dark;teaser_media;teaser_overlay;teaser_toolbar,,
https://www.skoda-storyboard.com/en/press-releases/new-generation-skoda-fabia-rally2-takes-crew-safety-to-next-level/,MR,press_release,press_release,200,card_teaser;cover_box;downloads;gallery_lightbox;promo_banner;tags;two_column,cover_box_dark;teaser_media;teaser_overlay;teaser_toolbar,,
https://www.skoda-storyboard.com/en/press-releases/czech-presidents-skoda-superb-presented-to-the-national-technical-museum-in-prague/,MR,press_release,press_release,200,card_teaser;cover_box;downloads;gallery_lightbox;promo_banner;tags;two_column,cover_box_dark;teaser_media;teaser_overlay;teaser_toolbar,,
https://www.skoda-storyboard.com/en/press-releases/skoda-auto-resumes-production-of-the-skoda-enyaq-iv/,MR,press_release,press_release,200,card_teaser;carousel_rails;cover_box;downloads;gallery_lightbox;promo_banner;tags;two_column,cover_box_dark;teaser_media;teaser_overlay;teaser_toolbar,,
https://www.skoda-storyboard.com/en/press-releases/ariane-kilian-appointed-new-head-of-communications-at-skoda-auto-as-of-1-july-2022/,MR,press_release,press_release,200,card_teaser;cover_box;downloads;gallery_lightbox;promo_banner;tags;two_column,cover_box_dark;teaser_media;teaser_overlay;teaser_toolbar,,
https://www.skoda-storyboard.com/en/press-releases/rally-croatia-six-skoda-fabia-rally2-evo-crews-among-the-top-10-in-category-wrc2/,MR,press_release,press_release,200,card_teaser;carousel_rails;cover_box;downloads;gallery_lightbox;promo_banner;tags;two_column,cover_box_dark;teaser_media;teaser_overlay;teaser_toolbar,,
https://www.skoda-storyboard.com/en/press-releases/skoda-auto-takes-part-in-project1hour-again-in-2022/,MR,press_release,press_release,200,card_teaser;carousel_rails;cover_box;downloads;gallery_lightbox;promo_banner;tags;two_column,cover_box_dark;teaser_media;teaser_overlay;teaser_toolbar,vimeo,
https://www.skoda-storyboard.com/en/press-releases/hidden-faces-series-on-skoda-storyboard-the-people-behind-skoda-design/,MR,press_release,press_release,200,card_teaser;carousel_rails;cover_box;downloads;gallery_lightbox;promo_banner;tags;two_column,cover_box_dark;teaser_media;teaser_overlay;teaser_toolbar,,
https://www.skoda-storyboard.com/en/press-releases/klaus-zellmer-appointed-new-ceo-of-skoda-auto-a-s-as-of-1-july-2022/,MR,press_release,press_release,200,card_teaser;cover_box;downloads;gallery_lightbox;promo_banner;tags;two_column,cover_box_dark;teaser_media;teaser_overlay;teaser_toolbar,,
https://www.skoda-storyboard.com/en/press-releases/skoda-auto-takes-part-in-earth-hour-for-tenth-time/,MR,press_release,press_release,200,card_teaser;carousel_rails;cover_box;downloads;gallery_lightbox;promo_banner;tags;two_column,cover_box_dark;teaser_media;teaser_overlay;teaser_toolbar,,
https://www.skoda-storyboard.com/en/press-releases/new-generation-skoda-fabia-rally2-profits-from-road-cars-outstanding-aerodynamics/,MR,press_release,press_release,200,card_teaser;carousel_rails;cover_box;downloads;gallery_lightbox;promo_banner;tags;two_column,cover_box_dark;teaser_media;teaser_overlay;teaser_toolbar,,
https://www.skoda-storyboard.com/en/press-releases/skoda-auto-annual-press-conference-pictures-and-speeches-on-skoda-storyboard/,MR,press_release,press_release,200,card_teaser;carousel_rails;cover_box;downloads;gallery_lightbox;promo_banner;tags;two_column,cover_box_dark;teaser_media;teaser_overlay;teaser_toolbar,,
https://www.skoda-storyboard.com/en/press-releases/skoda-auto-generates-a-return-of-over-6-in-2021-despite-the-pandemic-and-semiconductor-shortages/,MR,press_release,press_release,200,card_teaser;carousel_rails;cover_box;downloads;gallery_lightbox;promo_banner;tags;two_column,cover_box_dark;teaser_media;teaser_overlay;teaser_toolbar,,
https://www.skoda-storyboard.com/en/press-releases/skoda-auto-overcomes-challenging-2021-fiscal-year-outlook-marked-by-major-uncertainties/,MR,press_release,press_release,200,card_teaser;carousel_rails;cover_box;downloads;gallery_lightbox;promo_banner;tags;two_column,cover_box_dark;teaser_media;teaser_overlay;teaser_toolbar,,
https://www.skoda-storyboard.com/en/press-releases/skoda-auto-presents-2021-financial-results/,MR,press_release,press_release,200,card_teaser;carousel_rails;cover_box;downloads;gallery_lightbox;promo_banner;tags;two_column,cover_box_dark;teaser_media;teaser_overlay;teaser_toolbar,,
https://www.skoda-storyboard.com/en/press-releases/skoda-autos-annual-press-conference-live-online-3/,MR,press_release,press_release,200,card_teaser;cover_box;downloads;gallery_lightbox;promo_banner;tags;two_column,cover_box_dark;teaser_media;teaser_overlay;teaser_toolbar,,
https://www.skoda-storyboard.com/en/press-releases/daria-hvizdalova-appointed-ceo-of-the-new-non-profit-educational-institute-42-prague/,MR,press_release,press_release,200,card_teaser;cover_box;downloads;gallery_lightbox;promo_banner;tags;two_column,cover_box_dark;teaser_media;teaser_overlay;teaser_toolbar,,
https://www.skoda-storyboard.com/en/press-releases/statement-on-the-volkswagen-groups-business-activities-in-russia/,MR,press_release,press_release,200,card_teaser;carousel_rails;cover_box;promo_banner;tags;two_column,cover_box_dark;teaser_media;teaser_overlay;teaser_toolbar,,
https://www.skoda-storyboard.com/en/press-releases/skoda-auto-statement-on-the-current-situation-in-ukraine/,MR,press_release,press_release,200,card_teaser;carousel_rails;cover_box;downloads;promo_banner;tags;two_column,cover_box_dark;teaser_media;teaser_overlay;teaser_toolbar,,
https://www.skoda-storyboard.com/en/press-releases/rally-sweden-second-wrc2-victory-in-a-row-for-skoda-fabia-rally2-evo-driver-andreas-mikkelsen/,MR,press_release,press_release,200,card_teaser;carousel_rails;cover_box;downloads;gallery_lightbox;promo_banner;tags;two_column,cover_box_dark;teaser_media;teaser_overlay;teaser_toolbar,,
https://www.skoda-storyboard.com/en/press-releases/skoda-museum-showcases-the-skoda-1100-ohc-coupe-and-other-historic-motorsport-exhibits/,MR,press_release,press_release,200,card_teaser;cover_box;downloads;gallery_lightbox;promo_banner;tags;two_column,cover_box_dark;teaser_media;teaser_overlay;teaser_toolbar,,
https://www.skoda-storyboard.com/en/press-releases/skoda-enyaq-iv-familys-range-and-comfort-enhanced-thanks-to-new-software/,MR,press_release,press_release,200,card_teaser;cover_box;downloads;gallery_lightbox;promo_banner;tags;two_column,cover_box_dark;teaser_media;teaser_overlay;teaser_toolbar,,
https://www.skoda-storyboard.com/en/press-releases/new-video-tours-of-the-skoda-museum-and-the-ferdinand-porsche-birth-house/,MR,press_release,press_release,200,card_teaser;cover_box;downloads;gallery_lightbox;promo_banner;tags;two_column,cover_box_dark;teaser_media;teaser_overlay;teaser_toolbar,,
https://www.skoda-storyboard.com/en/press-releases/rally-sweden-skoda-trio-mikkelsen-gryazin-and-lindholm-fights-for-wrc2-victory/,MR,press_release,press_release,200,card_teaser;carousel_rails;cover_box;downloads;gallery_lightbox;promo_banner;tags;two_column,cover_box_dark;teaser_media;teaser_overlay;teaser_toolbar,,
https://www.skoda-storyboard.com/en/press-releases/new-generation-skoda-fabia-rally2-proves-itself-during-extreme-winter-test/,MR,press_release,press_release,200,card_teaser;cover_box;downloads;gallery_lightbox;promo_banner;tags;two_column,cover_box_dark;teaser_media;teaser_overlay;teaser_toolbar,vimeo,
https://www.skoda-storyboard.com/en/press-releases/optimal-pedestrian-protection-an-important-aspect-of-vehicle-development-at-skoda-auto/,MR,press_release,press_release,200,card_teaser;cover_box;downloads;gallery_lightbox;promo_banner;tags;two_column,cover_box_dark;teaser_media;teaser_overlay;teaser_toolbar,,
https://www.skoda-storyboard.com/en/press-releases/series-production-of-the-enyaq-coupe-iv-has-started-at-skoda-autos-main-plant-in-mlada-boleslav/,MR,press_release,press_release,200,card_teaser;carousel_rails;cover_box;downloads;gallery_lightbox;promo_banner;tags;two_column,cover_box_dark;teaser_media;teaser_overlay;teaser_toolbar,vimeo,
https://www.skoda-storyboard.com/en/press-releases/skoda-auto-receives-two-brandex-awards-for-the-skoda-fabias-world-premiere/,MR,press_release,press_release,200,card_teaser;carousel_rails;cover_box;downloads;gallery_lightbox;promo_banner;tags;two_column,cover_box_dark;teaser_media;teaser_overlay;teaser_toolbar,,
https://www.skoda-storyboard.com/en/press-releases/skoda-octavia-wins-best-cars-2022-readers-poll/,MR,press_release,press_release,200,card_teaser;carousel_rails;cover_box;downloads;gallery_lightbox;promo_banner;tags;two_column,cover_box_dark;teaser_media;teaser_overlay;teaser_toolbar,,
https://www.skoda-storyboard.com/en/press-releases/vocational-school-students-launch-testing-phase-of-skoda-afriq-apprentice-car/,MR,press_release,press_release,200,card_teaser;cover_box;downloads;gallery_lightbox;promo_banner;tags;two_column,cover_box_dark;teaser_media;teaser_overlay;teaser_toolbar,,
https://www.skoda-storyboard.com/en/press-releases/skoda-autos-vrchlabi-plant-produces-4000000th-dq200-automatic-direct-shift-gearbox/,MR,press_release,press_release,200,card_teaser;carousel_rails;cover_box;downloads;gallery_lightbox;promo_banner;tags;two_column,cover_box_dark;teaser_media;teaser_overlay;teaser_toolbar,,
https://www.skoda-storyboard.com/en/press-releases/new-skoda-fabia-monte-carlo-premieres-on-15-february/,MR,press_release,press_release,200,card_teaser;carousel_rails;cover_box;downloads;gallery_lightbox;promo_banner;tags;two_column,cover_box_dark;teaser_media;teaser_overlay;teaser_toolbar,,
https://www.skoda-storyboard.com/en/press-releases/skoda-auto-digilab-peer-to-peer-carsharing-platform-hoppygo-records-successful-2021/,MR,press_release,press_release,200,card_teaser;cover_box;downloads;gallery_lightbox;promo_banner;tags;two_column,cover_box_dark;teaser_media;teaser_overlay;teaser_toolbar,,
https://www.skoda-storyboard.com/en/press-releases/skoda-1100-ohc-coupe-a-racing-car-painstakingly-reconstructed/,MR,press_release,press_release,200,card_teaser;cover_box;downloads;gallery_lightbox;promo_banner;tags;two_column,cover_box_dark;teaser_media;teaser_overlay;teaser_toolbar,,
https://www.skoda-storyboard.com/en/press-releases/design-sketches-offer-first-impression-of-new-skoda-fabia-monte-carlo/,MR,press_release,press_release,200,card_teaser;cover_box;downloads;gallery_lightbox;promo_banner;tags;two_column,cover_box_dark;teaser_media;teaser_overlay;teaser_toolbar,,
https://www.skoda-storyboard.com/en/press-releases/skoda-auto-exceeds-european-co2-fleet-target/,MR,press_release,press_release,200,card_teaser;carousel_rails;cover_box;downloads;gallery_lightbox;promo_banner;tags;two_column,cover_box_dark;teaser_media;teaser_overlay;teaser_toolbar,,
https://www.skoda-storyboard.com/en/press-releases/skoda-auto-produced-more-than-800000-vehicles-worldwide-in-2021/,MR,press_release,press_release,200,card_teaser;cover_box;downloads;gallery_lightbox;promo_banner;tags;two_column,cover_box_dark;teaser_media;teaser_overlay;teaser_toolbar,,
https://www.skoda-storyboard.com/en/press-releases/virtual-world-premiere-of-the-skoda-enyaq-coupe-iv-on-31-january-at-16-00-cet/,MR,press_release,press_release,200,card_teaser;carousel_rails;cover_box;downloads;gallery_lightbox;promo_banner;tags;two_column,cover_box_dark;teaser_media;teaser_overlay;teaser_toolbar,,
https://www.skoda-storyboard.com/en/press-releases/skoda-auto-uses-seat-covers-made-from-recycled-pet-bottles/,MR,press_release,press_release,200,card_teaser;carousel_rails;cover_box;downloads;gallery_lightbox;promo_banner;tags;two_column,cover_box_dark;teaser_media;teaser_overlay;teaser_toolbar,,
https://www.skoda-storyboard.com/en/press-releases/rallye-monte-carlo-skoda-driver-andreas-mikkelsen-wins-wrc2-at-the-legendary-event-for-the-third-time/,MR,press_release,press_release,200,card_teaser;carousel_rails;cover_box;downloads;gallery_lightbox;promo_banner;siteorigin_body;tags;two_column,cover_box_dark;teaser_media;teaser_overlay;teaser_toolbar,,
https://www.skoda-storyboard.com/en/press-releases/rallye-monte-carlo-skoda-fabia-rally2-evo-driver-andreas-mikkelsen-goes-into-final-leg-as-wrc2-leader/,MR,press_release,press_release,200,card_teaser;carousel_rails;cover_box;downloads;gallery_lightbox;promo_banner;tags;two_column,cover_box_dark;teaser_media;teaser_overlay;teaser_toolbar,,
https://www.skoda-storyboard.com/en/press-releases/rallye-monte-carlo-defending-wrc2-champion-andreas-mikkelsen-leads-skoda-squad-after-first-leg/,MR,press_release,press_release,200,card_teaser;carousel_rails;cover_box;downloads;gallery_lightbox;promo_banner;tags;two_column,cover_box_dark;teaser_media;teaser_overlay;teaser_toolbar,,
https://www.skoda-storyboard.com/en/press-releases/skoda-vehicles-long-history-of-success-at-the-monte-carlo-rally/,MR,press_release,press_release,200,card_teaser;carousel_rails;cover_box;downloads;gallery_lightbox;promo_banner;tags;two_column,cover_box_dark;teaser_media;teaser_overlay;teaser_toolbar,,
https://www.skoda-storyboard.com/en/press-releases/skoda-auto-simply-clever-podcast-2-0-on-developing-the-mqb-a0-global-platform/,MR,press_release,press_release,200,card_teaser;cover_box;downloads;promo_banner;tags;two_column,cover_box_dark;teaser_media;teaser_overlay;teaser_toolbar,,
https://www.skoda-storyboard.com/en/press-releases/strong-skoda-line-up-at-the-rallye-monte-carlo-wrc2-champion-mikkelsen-has-sights-set-on-victory/,MR,press_release,press_release,200,card_teaser;carousel_rails;cover_box;downloads;gallery_lightbox;promo_banner;tags;two_column,cover_box_dark;teaser_media;teaser_overlay;teaser_toolbar,,
https://www.skoda-storyboard.com/en/press-releases/skoda-auto-appoints-meredith-kelly-as-new-head-of-global-marketing/,MR,press_release,press_release,200,card_teaser;carousel_rails;cover_box;downloads;gallery_lightbox;promo_banner;tags;two_column,cover_box_dark;teaser_media;teaser_overlay;teaser_toolbar,,
https://www.skoda-storyboard.com/en/press-releases/skoda-auto-delivered-878200-vehicles-worldwide-in-2021-despite-the-pandemic-and-semiconductor-shortage/,MR,press_release,press_release,200,card_teaser;cover_box;downloads;gallery_lightbox;promo_banner;tags;two_column,cover_box_dark;teaser_media;teaser_overlay;teaser_toolbar,,
https://www.skoda-storyboard.com/en/press-releases/design-sketches-offer-a-first-glimpse-of-the-new-skoda-enyaq-coupe-iv/,MR,press_release,press_release,200,card_teaser;carousel_rails;cover_box;downloads;gallery_lightbox;promo_banner;tags;two_column,cover_box_dark;teaser_media;teaser_overlay;teaser_toolbar,,
https://www.skoda-storyboard.com/en/press-releases/skoda-auto-and-etnetera-group-establish-software-joint-venture/,MR,press_release,press_release,200,card_teaser;cover_box;downloads;gallery_lightbox;promo_banner;tags;two_column,cover_box_dark;teaser_media;teaser_overlay;teaser_toolbar,,
https://www.skoda-storyboard.com/en/press-releases/skoda-enyaq-iv-and-skoda-fabia-declared-best-in-class-cars-of-2021-in-euro-ncap-test/,MR,press_release,press_release,200,card_teaser;carousel_rails;cover_box;downloads;gallery_lightbox;promo_banner;tags;two_column,cover_box_dark;teaser_media;teaser_overlay;teaser_toolbar,,
https://www.skoda-storyboard.com/en/press-releases/skoda-fabia-r5-rally2-rally2-evo-successful-in-the-hands-of-factory-drivers-and-privateers-alike/,MR,press_release,press_release,200,card_teaser;cover_box;downloads;gallery_lightbox;promo_banner;tags;two_column,cover_box_dark;teaser_media;teaser_overlay;teaser_toolbar,,
https://www.skoda-storyboard.com/en/press-releases/clever-tips-for-optimising-the-skoda-enyaq-ivs-range-in-winter/,MR,press_release,press_release,200,card_teaser;carousel_rails;cover_box;downloads;gallery_lightbox;promo_banner;tags;two_column,cover_box_dark;teaser_media;teaser_overlay;teaser_toolbar,vimeo,
https://www.skoda-storyboard.com/en/press-releases/skoda-motorsport-customer-teams-secure-more-than-20-titles-worldwide-in-2021-rally-season/,MR,press_release,press_release,200,card_teaser;carousel_rails;cover_box;downloads;gallery_lightbox;promo_banner;tags;two_column,cover_box_dark;teaser_media;teaser_overlay;teaser_toolbar,,
https://www.skoda-storyboard.com/en/press-releases/skoda-enyaq-coupe-iv-world-premiere-on-31-january/,MR,press_release,press_release,200,card_teaser;carousel_rails;cover_box;downloads;gallery_lightbox;promo_banner;tags;two_column,cover_box_dark;teaser_media;teaser_overlay;teaser_toolbar,,
https://www.skoda-storyboard.com/en/press-releases/3d-printing-process-at-skoda-auto-receives-award-from-the-confederation-of-industry-of-the-czech-republic/,MR,press_release,press_release,200,card_teaser;carousel_rails;cover_box;downloads;gallery_lightbox;promo_banner;tags;two_column,cover_box_dark;teaser_media;teaser_overlay;teaser_toolbar,,
https://www.skoda-storyboard.com/en/press-releases/skoda-enyaq-iv-named-switzerlands-favourite-car-of-2022/,MR,press_release,press_release,200,card_teaser;carousel_rails;cover_box;downloads;gallery_lightbox;promo_banner;tags;two_column,cover_box_dark;teaser_media;teaser_overlay;teaser_toolbar,,
https://www.skoda-storyboard.com/en/press-releases/skoda-fabia-super-2000-2008-successful-motorsport-comeback-for-the-works-team/,MR,press_release,press_release,200,card_teaser;cover_box;downloads;gallery_lightbox;promo_banner;tags;two_column,cover_box_dark;teaser_media;teaser_overlay;teaser_toolbar,,
https://www.skoda-storyboard.com/en/press-releases/new-skoda-fabia-scores-five-stars-in-euro-ncap-test/,MR,press_release,press_release,200,card_teaser;cover_box;downloads;gallery_lightbox;promo_banner;tags;two_column,cover_box_dark;teaser_media;teaser_overlay;teaser_toolbar,,
https://www.skoda-storyboard.com/en/press-releases/skoda-auto-apprentices-receive-volkswagen-groups-best-apprentice-award/,MR,press_release,press_release,200,card_teaser;cover_box;downloads;gallery_lightbox;promo_banner;tags;two_column,cover_box_dark;teaser_media;teaser_overlay;teaser_toolbar,,
https://www.skoda-storyboard.com/en/press-releases/skoda-fabia-wrc-2003-paving-the-way-for-future-success/,MR,press_release,press_release,200,card_teaser;carousel_rails;cover_box;downloads;gallery_lightbox;promo_banner;tags;two_column,cover_box_dark;teaser_media;teaser_overlay;teaser_toolbar,,
https://www.skoda-storyboard.com/en/press-releases/skoda-auto-creates-external-sustainability-council/,MR,press_release,press_release,200,card_teaser;cover_box;downloads;gallery_lightbox;promo_banner;tags;two_column,cover_box_dark;teaser_media;teaser_overlay;teaser_toolbar,,
https://www.skoda-storyboard.com/en/press-releases/skoda-enyaq-iv-nominated-for-car-of-the-year-award/,MR,press_release,press_release,200,card_teaser;carousel_rails;cover_box;downloads;gallery_lightbox;promo_banner;tags;two_column,cover_box_dark;teaser_media;teaser_overlay;teaser_toolbar,,
https://www.skoda-storyboard.com/en/press-releases/skoda-auto-sharpens-focus-on-sustainability-in-purchasing-with-new-procurement/,MR,press_release,press_release,200,card_teaser;carousel_rails;cover_box;downloads;gallery_lightbox;promo_banner;tags;two_column,cover_box_dark;teaser_media;teaser_overlay;teaser_toolbar,,
https://www.skoda-storyboard.com/en/press-releases/skoda-auto-trials-electric-trucks-in-internal-logistics/,MR,press_release,press_release,200,card_teaser;carousel_rails;cover_box;downloads;gallery_lightbox;promo_banner;tags;two_column,cover_box_dark;teaser_media;teaser_overlay;teaser_toolbar,,
https://www.skoda-storyboard.com/en/press-releases/digital-media-presentation-of-the-freshened-skoda-karoq-on-30-november/,MR,press_release,press_release,200,card_teaser;carousel_rails;cover_box;downloads;gallery_lightbox;promo_banner;tags;two_column,cover_box_dark;teaser_media;teaser_overlay;teaser_toolbar,,
https://www.skoda-storyboard.com/en/press-releases/skoda-octavia-wrc-1999-entering-the-highest-class-of-international-rallying/,MR,press_release,press_release,200,card_teaser;carousel_rails;cover_box;downloads;gallery_lightbox;promo_banner;tags;two_column,cover_box_dark;teaser_media;teaser_overlay;teaser_toolbar,,
https://www.skoda-storyboard.com/en/press-releases/eighth-skoda-student-car-is-called-skoda-afriq/,MR,press_release,press_release,200,card_teaser;carousel_rails;cover_box;downloads;gallery_lightbox;promo_banner;tags;two_column,cover_box_dark;teaser_media;teaser_overlay;teaser_toolbar,,
https://www.skoda-storyboard.com/en/press-releases/skoda-most-successful-brand-with-eight-wins-in-the-auto-trophy-2021-readers-poll/,MR,press_release,press_release,200,card_teaser;carousel_rails;cover_box;downloads;gallery_lightbox;promo_banner;tags;two_column,cover_box_dark;teaser_media;teaser_overlay;teaser_toolbar,,
https://www.skoda-storyboard.com/en/press-releases/climatronic-air-care-system-purifies-air-in-many-skoda-models/,MR,press_release,press_release,200,card_teaser;carousel_rails;cover_box;downloads;gallery_lightbox;promo_banner;tags;two_column,cover_box_dark;teaser_media;teaser_overlay;teaser_toolbar,,
https://www.skoda-storyboard.com/en/press-releases/video-previews-freshened-skoda-karoq/,MR,press_release,press_release,200,card_teaser;carousel_rails;cover_box;downloads;promo_banner;siteorigin_body;tags;two_column,cover_box_dark;teaser_media;teaser_overlay;teaser_toolbar,vimeo,
https://www.skoda-storyboard.com/en/press-releases/aci-rally-monza-skoda-fabia-rally2-evo-drivers-decide-wrc2-teams-championship/,MR,press_release,press_release,200,card_teaser;carousel_rails;cover_box;downloads;gallery_lightbox;promo_banner;tags;two_column,cover_box_dark;teaser_media;teaser_overlay;teaser_toolbar,,
https://www.skoda-storyboard.com/en/press-releases/skoda-felicia-kit-car-1995-the-next-chapter-in-an-international-success-story/,MR,press_release,press_release,200,card_teaser;carousel_rails;cover_box;downloads;gallery_lightbox;promo_banner;tags;two_column,cover_box_dark;teaser_media;teaser_overlay;teaser_toolbar,,
https://www.skoda-storyboard.com/en/press-releases/skoda-offers-access-to-one-of-europes-largest-charging-networks-with-powerpass/,MR,press_release,press_release,200,card_teaser;cover_box;downloads;gallery_lightbox;promo_banner;tags;two_column,cover_box_dark;teaser_media;teaser_overlay;teaser_toolbar,,
https://www.skoda-storyboard.com/en/press-releases/skoda-slavia-livestream-of-world-premiere-on-18-november/,MR,press_release,press_release,200,card_teaser;carousel_rails;cover_box;downloads;gallery_lightbox;promo_banner;tags;two_column,cover_box_dark;teaser_media;teaser_overlay;teaser_toolbar,,
https://www.skoda-storyboard.com/en/press-releases/aci-rally-monza-new-wrc2-champion-andreas-mikkelsen-leads-skoda-squad-into-finale-grande/,MR,press_release,press_release,200,card_teaser;carousel_rails;cover_box;downloads;gallery_lightbox;promo_banner;tags;two_column,cover_box_dark;teaser_media;teaser_overlay;teaser_toolbar,,
https://www.skoda-storyboard.com/en/press-releases/skoda-auto-wins-red-dot-design-awards-for-interface-user-experience-design/,MR,press_release,press_release,200,card_teaser;cover_box;downloads;gallery_lightbox;promo_banner;tags;two_column,cover_box_dark;teaser_media;teaser_overlay;teaser_toolbar,,
https://www.skoda-storyboard.com/en/press-releases/two-design-sketches-preview-the-updated-skoda-karoq/,MR,press_release,press_release,200,card_teaser;carousel_rails;cover_box;downloads;gallery_lightbox;promo_banner;tags;two_column,cover_box_dark;teaser_media;teaser_overlay;teaser_toolbar,,
https://www.skoda-storyboard.com/en/press-releases/skoda-auto-signs-mou-to-establish-non-profit-educational-institute-42-prague/,MR,press_release,press_release,200,card_teaser;cover_box;downloads;gallery_lightbox;promo_banner;tags;two_column,cover_box_dark;teaser_media;teaser_overlay;teaser_toolbar,,
https://www.skoda-storyboard.com/en/press-releases/skoda-auto-launches-sales-after-sales-training-academy/,MR,press_release,press_release,200,card_teaser;carousel_rails;cover_box;downloads;gallery_lightbox;promo_banner;tags;two_column,cover_box_dark;teaser_media;teaser_overlay;teaser_toolbar,,
https://www.skoda-storyboard.com/en/press-releases/skoda-enyaq-iv-wins-golden-steering-wheel-2021-for-best-electric-suv/,MR,press_release,press_release,200,card_teaser;cover_box;downloads;gallery_lightbox;promo_banner;tags;two_column,cover_box_dark;teaser_media;teaser_overlay;teaser_toolbar,,
https://www.skoda-storyboard.com/en/press-releases/interieur-sketches-provide-glimpses-of-the-skoda-slavia/,MR,press_release,press_release,200,card_teaser;carousel_rails;cover_box;downloads;gallery_lightbox;promo_banner;tags;two_column,cover_box_dark;teaser_media;teaser_overlay;teaser_toolbar,,
https://www.skoda-storyboard.com/en/press-releases/skoda-karoq-a-mainstay-of-the-model-range/,MR,press_release,press_release,200,card_teaser;carousel_rails;cover_box;downloads;gallery_lightbox;promo_banner;tags;two_column,cover_box_dark;teaser_media;teaser_overlay;teaser_toolbar,,
https://www.skoda-storyboard.com/en/press-releases/skoda-auto-is-a-partner-of-the-czech-republics-appearance-at-expo-2020-in-dubai/,MR,press_release,press_release,200,card_teaser;cover_box;downloads;gallery_lightbox;promo_banner;tags;two_column,cover_box_dark;teaser_media;teaser_overlay;teaser_toolbar,,
https://www.skoda-storyboard.com/en/press-releases/skoda-auto-wins-special-award-for-launch-of-new-paint-shop/,MR,press_release,press_release,200,card_teaser;cover_box;downloads;gallery_lightbox;promo_banner;tags;two_column,cover_box_dark;teaser_media;teaser_overlay;teaser_toolbar,,
https://www.skoda-storyboard.com/en/press-releases/skoda-auto-showing-first-sketches-of-new-slavia/,MR,press_release,press_release,200,card_teaser;carousel_rails;cover_box;downloads;gallery_lightbox;promo_banner;tags;two_column,cover_box_dark;teaser_media;teaser_overlay;teaser_toolbar,,
https://www.skoda-storyboard.com/en/press-releases/skoda-auto-achieves-stable-operating-profit-in-the-first-three-quarters-major-burdens-for-the-remainder-of-the-year/,MR,press_release,press_release,200,card_teaser;carousel_rails;cover_box;downloads;promo_banner;tags;two_column,cover_box_dark;teaser_media;teaser_overlay;teaser_toolbar,,
https://www.skoda-storyboard.com/en/press-releases/the-brand-new-skoda-slavia-the-next-model-of-the-india-2-0-product-campaign/,MR,press_release,press_release,200,card_teaser;carousel_rails;cover_box;downloads;gallery_lightbox;promo_banner;row_toggle;siteorigin_body;tags;two_column,cover_box_dark;teaser_media;teaser_overlay;teaser_toolbar,vimeo,
https://www.skoda-storyboard.com/en/press-releases/skoda-driver-andreas-mikkelsen-seals-fia-european-rally-championship-title/,MR,press_release,press_release,200,card_teaser;carousel_rails;cover_box;downloads;gallery_lightbox;promo_banner;tags;two_column,cover_box_dark;teaser_media;teaser_overlay;teaser_toolbar,,
https://www.skoda-storyboard.com/en/press-releases/skoda-130-rs-1975-a-star-on-both-sides-of-the-iron-curtain/,MR,press_release,press_release,200,card_teaser;carousel_rails;cover_box;downloads;gallery_lightbox;promo_banner;siteorigin_body;tags;two_column,cover_box_dark;gallery_lightbox_viewer;teaser_media;teaser_overlay;teaser_toolbar,,
https://www.skoda-storyboard.com/en/press-releases/eighth-skoda-student-car-takes-shape/,MR,press_release,press_release,200,card_teaser;cover_box;downloads;gallery_lightbox;promo_banner;tags;two_column,cover_box_dark;teaser_media;teaser_overlay;teaser_toolbar,,
https://www.skoda-storyboard.com/en/press-releases/one-million-trees-skoda-auto-reaches-milestone-with-its-one-car-one-tree-csr-initiative/,MR,press_release,press_release,200,card_teaser;carousel_rails;cover_box;downloads;gallery_lightbox;promo_banner;tags;two_column,cover_box_dark;teaser_media;teaser_overlay;teaser_toolbar,,
https://www.skoda-storyboard.com/en/press-releases/best-design-innovation-2021-skoda-fabia-wins-the-autonis-in-the-small-car-category/,MR,press_release,press_release,200,card_teaser;carousel_rails;cover_box;downloads;gallery_lightbox;promo_banner;tags;two_column,cover_box_dark;teaser_media;teaser_overlay;teaser_toolbar,,
https://www.skoda-storyboard.com/en/press-releases/skoda-fabia-shortlisted-for-european-autobest-award/,MR,press_release,press_release,200,card_teaser;carousel_rails;cover_box;downloads;gallery_lightbox;promo_banner;tags;two_column,cover_box_dark;teaser_media;teaser_overlay;teaser_toolbar,,
https://www.skoda-storyboard.com/en/press-releases/rallyracc-rally-de-espana-skoda-driver-andreas-mikkelsen-wins-wrc2-drivers-title/,MR,press_release,press_release,200,card_teaser;carousel_rails;cover_box;downloads;gallery_lightbox;promo_banner;tags;two_column,cover_box_dark;teaser_media;teaser_overlay;teaser_toolbar,,
https://www.skoda-storyboard.com/en/press-releases/skoda-auto-takes-on-worldwide-responsibility-for-volkswagen-groups-mqb-a0-global-platform/,MR,press_release,press_release,200,card_teaser;carousel_rails;cover_box;downloads;promo_banner;tags;two_column,cover_box_dark;teaser_media;teaser_overlay;teaser_toolbar,,
https://www.skoda-storyboard.com/en/press-releases/rallyracc-rally-de-espana-skoda-privateers-fight-for-championship-points-in-wrc2-and-wrc3/,MR,press_release,press_release,200,card_teaser;carousel_rails;cover_box;downloads;gallery_lightbox;promo_banner;tags;two_column,cover_box_dark;teaser_media;teaser_overlay;teaser_toolbar,,
https://www.skoda-storyboard.com/en/press-releases/herbert-diess-receives-updates-on-the-future-of-electromobility-in-the-czech-republic/,MR,press_release,press_release,200,card_teaser;cover_box;downloads;gallery_lightbox;promo_banner;tags;two_column,cover_box_dark;teaser_media;teaser_overlay;teaser_toolbar,,
https://www.skoda-storyboard.com/en/press-releases/camouflage-wrap-for-new-skoda-slavia-is-the-result-of-a-design-contest/,MR,press_release,press_release,200,card_teaser;cover_box;downloads;gallery_lightbox;promo_banner;tags;two_column,cover_box_dark;teaser_media;teaser_overlay;teaser_toolbar,,
https://www.skoda-storyboard.com/en/press-releases/skoda-spider-b5-1972-and-skoda-spider-ii-1975-prototypes-for-the-racetrack/,MR,press_release,press_release,200,card_teaser;carousel_rails;cover_box;downloads;gallery_lightbox;promo_banner;siteorigin_body;tags;two_column,cover_box_dark;gallery_lightbox_viewer;teaser_media;teaser_overlay;teaser_toolbar,,
https://www.skoda-storyboard.com/en/press-releases/new-skoda-auto-saloon-for-india-will-be-called-slavia/,MR,press_release,press_release,200,card_teaser;carousel_rails;cover_box;downloads;gallery_lightbox;promo_banner;tags;two_column,cover_box_dark;teaser_media;teaser_overlay;teaser_toolbar,vimeo,
https://www.skoda-storyboard.com/en/press-releases/co2-neutral-production-at-skoda-autos-vrchlabi-plant/,MR,press_release,press_release,200,card_teaser;carousel_rails;cover_box;downloads;gallery_lightbox;promo_banner;tags;two_column,cover_box_dark;teaser_media;teaser_overlay;teaser_toolbar,,
https://www.skoda-storyboard.com/en/press-releases/skoda-auto-wins-companybest-2020-award/,MR,press_release,press_release,200,card_teaser;carousel_rails;cover_box;downloads;gallery_lightbox;promo_banner;tags;two_column,cover_box_dark;teaser_media;teaser_overlay;teaser_toolbar,,
https://www.skoda-storyboard.com/en/press-releases/victories-for-skoda-fabia-rally2-evo-crews-in-world-and-european-championship/,MR,press_release,press_release,200,card_teaser;carousel_rails;cover_box;downloads;gallery_lightbox;promo_banner;tags;two_column,cover_box_dark;teaser_media;teaser_overlay;teaser_toolbar,,
https://www.skoda-storyboard.com/en/press-releases/project-launch-for-the-eighth-skoda-student-car/,MR,press_release,press_release,200,card_teaser;cover_box;downloads;gallery_lightbox;promo_banner;tags;two_column,cover_box_dark;teaser_media;teaser_overlay;teaser_toolbar,,
https://www.skoda-storyboard.com/en/press-releases/christian-schenk-appointed-new-board-member-for-finance-and-it-at-skoda-auto-as-of-1-october/,MR,press_release,press_release,200,card_teaser;cover_box;downloads;gallery_lightbox;promo_banner;tags;two_column,cover_box_dark;teaser_media;teaser_overlay;teaser_toolbar,,
https://www.skoda-storyboard.com/en/press-releases/rally-finland-private-skoda-fabia-rally2-evo-crews-aim-for-another-class-win-for-the-czech-brand/,MR,press_release,press_release,200,card_teaser;carousel_rails;cover_box;downloads;gallery_lightbox;promo_banner;tags;two_column,cover_box_dark;teaser_media;teaser_overlay;teaser_toolbar,,
https://www.skoda-storyboard.com/en/press-releases/40-years-ago-skoda-130-rs-wins-the-1981-european-touring-car-championship/,MR,press_release,press_release,200,card_teaser;carousel_rails;cover_box;downloads;gallery_lightbox;promo_banner;tags;two_column,cover_box_dark;teaser_media;teaser_overlay;teaser_toolbar,,
https://www.skoda-storyboard.com/en/press-releases/first-skoda-enyaq-iv-manufactured-in-czech-republic-presented-to-national-technical-museum/,MR,press_release,press_release,200,card_teaser;cover_box;downloads;gallery_lightbox;promo_banner;tags;two_column,cover_box_dark;teaser_media;teaser_overlay;teaser_toolbar,,
https://www.skoda-storyboard.com/en/press-releases/skoda-motorsport-continues-to-promote-young-drivers-dominik-stritesky-to-debut-in-fia-world-rally-championship/,MR,press_release,press_release,200,card_teaser;carousel_rails;cover_box;downloads;gallery_lightbox;promo_banner;tags;two_column,cover_box_dark;teaser_media;teaser_overlay;teaser_toolbar,,
https://www.skoda-storyboard.com/en/press-releases/skoda-auto-uses-eco-materials-in-its-vehicles-and-is-researching-biological-raw-materials/,MR,press_release,press_release,200,card_teaser;cover_box;downloads;gallery_lightbox;promo_banner;tags;two_column,cover_box_dark;teaser_media;teaser_overlay;teaser_toolbar,,
https://www.skoda-storyboard.com/en/press-releases/new-special-exhibition-at-the-skoda-museum-120-years-of-skoda-motorsport/,MR,press_release,press_release,200,card_teaser;carousel_rails;cover_box;downloads;gallery_lightbox;promo_banner;tags;two_column,cover_box_dark;teaser_media;teaser_overlay;teaser_toolbar,,
https://www.skoda-storyboard.com/en/press-releases/skoda-auto-invites-employees-to-take-part-in-greenweek/,MR,press_release,press_release,200,card_teaser;cover_box;downloads;gallery_lightbox;promo_banner;tags;two_column,cover_box_dark;teaser_media;teaser_overlay;teaser_toolbar,vimeo,
https://www.skoda-storyboard.com/en/press-releases/pope-francis-travels-in-skoda-enyaq-iv-during-his-visit-to-slovakia/,MR,press_release,press_release,200,card_teaser;carousel_rails;cover_box;downloads;gallery_lightbox;promo_banner;tags;two_column,cover_box_dark;teaser_media;teaser_overlay;teaser_toolbar,,
https://www.skoda-storyboard.com/en/press-releases/acropolis-rally-greece-double-wrc2-victory-for-skoda-fabia-rally2-evo-crews/,MR,press_release,press_release,200,card_teaser;carousel_rails;cover_box;downloads;gallery_lightbox;promo_banner;tags;two_column,cover_box_dark;teaser_media;teaser_overlay;teaser_toolbar,vimeo,
https://www.skoda-storyboard.com/en/press-releases/acropolis-rally-greece-fight-for-wrc2-victory-between-two-skoda-fabia-rally2-evo-crews/,MR,press_release,press_release,200,card_teaser;carousel_rails;cover_box;downloads;gallery_lightbox;promo_banner;tags;two_column,cover_box_dark;teaser_media;teaser_overlay;teaser_toolbar,,
https://www.skoda-storyboard.com/en/press-releases/acropolis-rally-greece-skoda-fabia-rally2-evo-crews-lead-the-categories-wrc2-and-wrc3/,MR,press_release,press_release,200,card_teaser;carousel_rails;cover_box;downloads;gallery_lightbox;promo_banner;tags;two_column,cover_box_dark;teaser_media;teaser_overlay;teaser_toolbar,,
https://www.skoda-storyboard.com/en/press-releases/motorsport-versions-of-the-skoda-favorit-1989-all-different-and-yet-familiar/,MR,press_release,press_release,200,card_teaser;carousel_rails;cover_box;downloads;gallery_lightbox;promo_banner;tags;two_column,cover_box_dark;teaser_media;teaser_overlay;teaser_toolbar,,
https://www.skoda-storyboard.com/en/press-releases/the-flagship-celebrates-an-anniversary-the-first-generation-of-the-modern-skoda-superb-turns-20/,MR,press_release,press_release,200,card_teaser;cover_box;downloads;gallery_lightbox;promo_banner;tags;two_column,cover_box_dark;teaser_media;teaser_overlay;teaser_toolbar,,
https://www.skoda-storyboard.com/en/press-releases/acropolis-rally-greece-skoda-driver-andreas-mikkelsen-wants-to-keep-wrc2-title-chances-alive/,MR,press_release,press_release,200,card_teaser;carousel_rails;cover_box;downloads;gallery_lightbox;promo_banner;tags;two_column,cover_box_dark;teaser_media;teaser_overlay;teaser_toolbar,,
https://www.skoda-storyboard.com/en/press-releases/skoda-auto-opens-aim-lab-in-collaboration-with-the-technical-university-of-ostrava-vsb-tuo/,MR,press_release,press_release,200,card_teaser;carousel_rails;cover_box;downloads;gallery_lightbox;promo_banner;tags;two_column,cover_box_dark;teaser_media;teaser_overlay;teaser_toolbar,,
https://www.skoda-storyboard.com/en/press-releases/skoda-130-lr-1984-last-motorsport-model-from-mlada-boleslav-with-rear-mounted-engine/,MR,press_release,press_release,200,card_teaser;cover_box;downloads;gallery_lightbox;promo_banner;tags;two_column,cover_box_dark;teaser_media;teaser_overlay;teaser_toolbar,,
https://www.skoda-storyboard.com/en/press-releases/skoda-enyaq-iv-and-skoda-superb-combi-win-six-awards-in-family-cars-of-the-year-readers-poll/,MR,press_release,press_release,200,card_teaser;cover_box;downloads;gallery_lightbox;promo_banner;tags;two_column,cover_box_dark;teaser_media;teaser_overlay;teaser_toolbar,,
https://www.skoda-storyboard.com/en/press-releases/a-legend-celebrates-its-25th-anniversary-four-generations-of-the-brands-bestseller-the-skoda-octavia/,MR,press_release,press_release,200,card_teaser;cover_box;downloads;gallery_lightbox;promo_banner;tags;two_column,cover_box_dark;teaser_media;teaser_overlay;teaser_toolbar,,
https://www.skoda-storyboard.com/en/press-releases/skoda-auto-becomes-a-smoke-free-company-today/,MR,press_release,press_release,200,card_teaser;carousel_rails;cover_box;downloads;gallery_lightbox;promo_banner;tags;two_column,cover_box_dark;teaser_media;teaser_overlay;teaser_toolbar,,
https://www.skoda-storyboard.com/en/press-releases/all-skoda-podium-at-european-and-czech-championship-round-barum-czech-rally-zlin-2/,MR,press_release,press_release,200,card_teaser;carousel_rails;cover_box;downloads;gallery_lightbox;promo_banner;tags;two_column,cover_box_dark;teaser_media;teaser_overlay;teaser_toolbar,,
https://www.skoda-storyboard.com/en/press-releases/skoda-auto-manufactures-100000th-iv-vehicle/,MR,press_release,press_release,200,card_teaser;carousel_rails;cover_box;downloads;gallery_lightbox;promo_banner;tags;two_column,cover_box_dark;teaser_media;teaser_overlay;teaser_toolbar,,
https://www.skoda-storyboard.com/en/press-releases/skoda-180-rs-and-200-rs-1974-rally-cars-from-another-league/,MR,press_release,press_release,200,card_teaser;carousel_rails;cover_box;downloads;gallery_lightbox;promo_banner;tags;two_column,cover_box_dark;teaser_media;teaser_overlay;teaser_toolbar,,
https://www.skoda-storyboard.com/en/press-releases/skoda-auto-launches-direct-to-car-deliveries-of-online-purchases-with-car-access-service/,MR,press_release,press_release,200,card_teaser;cover_box;downloads;gallery_lightbox;promo_banner;tags;two_column,cover_box_dark;teaser_media;teaser_overlay;teaser_toolbar,,
https://www.skoda-storyboard.com/en/press-releases/skoda-auto-ceo-thomas-schafer-launches-new-ts-x-format-on-business-network-linkedin/,MR,press_release,press_release,200,card_teaser;carousel_rails;cover_box;downloads;gallery_lightbox;promo_banner;tags;two_column,cover_box_dark;teaser_media;teaser_overlay;teaser_toolbar,,
https://www.skoda-storyboard.com/en/press-releases/skoda-autos-appearance-at-the-sachsen-classic-2021-in-pictures/,MR,press_release,press_release,200,card_teaser;cover_box;downloads;gallery_lightbox;promo_banner;tags;two_column,cover_box_dark;teaser_media;teaser_overlay;teaser_toolbar,vimeo,
https://www.skoda-storyboard.com/en/press-releases/next-generation-rally2-version-of-skoda-fabia-has-entered-test-phase/,MR,press_release,press_release,200,card_teaser;cover_box;downloads;gallery_lightbox;promo_banner;tags;two_column,cover_box_dark;teaser_media;teaser_overlay;teaser_toolbar,vimeo,
https://www.skoda-storyboard.com/en/press-releases/skoda-auto-welcomes-sachsen-classic-classic-car-rally-to-boleslav-for-the-first-time/,MR,press_release,press_release,200,card_teaser;carousel_rails;cover_box;downloads;gallery_lightbox;promo_banner;tags;two_column,cover_box_dark;teaser_media;teaser_overlay;teaser_toolbar,,
https://www.skoda-storyboard.com/en/press-releases/efficient-evo-engines-in-the-new-skoda-fabia-increase-range-thanks-to-lower-fuel-consumption/,MR,press_release,press_release,200,card_teaser;carousel_rails;cover_box;downloads;gallery_lightbox;promo_banner;tags;two_column,cover_box_dark;teaser_media;teaser_overlay;teaser_toolbar,,
https://www.skoda-storyboard.com/en/press-releases/renties-ypres-rally-belgium-strong-local-skoda-privateers-aim-for-wrc3-victory/,MR,press_release,press_release,200,card_teaser;carousel_rails;cover_box;downloads;gallery_lightbox;promo_banner;tags;two_column,cover_box_dark;teaser_media;teaser_overlay;teaser_toolbar,,
https://www.skoda-storyboard.com/en/press-releases/the-new-skoda-fabia-cleverer-than-ever/,MR,press_release,press_release,200,card_teaser;carousel_rails;cover_box;downloads;gallery_lightbox;promo_banner;tags;two_column,cover_box_dark;teaser_media;teaser_overlay;teaser_toolbar,,
https://www.skoda-storyboard.com/en/press-releases/skoda-auto-to-become-a-non-smoking-company/,MR,press_release,press_release,200,card_teaser;carousel_rails;cover_box;downloads;gallery_lightbox;promo_banner;tags;two_column,cover_box_dark;teaser_media;teaser_overlay;teaser_toolbar,,
https://www.skoda-storyboard.com/en/press-releases/strong-first-half-of-the-year-skoda-auto-significantly-increases-operating-profit-and-revenue/,MR,press_release,press_release,200,card_teaser;carousel_rails;cover_box;downloads;gallery_lightbox;promo_banner;tags;two_column,cover_box_dark;teaser_media;teaser_overlay;teaser_toolbar,,
https://www.skoda-storyboard.com/en/press-releases/skoda-f3-type-992-1964-european-class-formula-racing-car/,MR,press_release,press_release,200,card_teaser;carousel_rails;cover_box;downloads;gallery_lightbox;promo_banner;tags;two_column,cover_box_dark;teaser_media;teaser_overlay;teaser_toolbar,,
https://www.skoda-storyboard.com/en/press-releases/skoda-auto-wins-special-award-excellent-start-up-of-new-paint-shop/,MR,press_release,press_release,200,card_teaser;cover_box;downloads;gallery_lightbox;promo_banner;tags;two_column,cover_box_dark;teaser_media;teaser_overlay;teaser_toolbar,,
https://www.skoda-storyboard.com/en/press-releases/maximum-safety-skoda-electric-vehicles-just-as-safe-as-models-with-internal-combustion-engines/,MR,press_release,press_release,200,card_teaser;carousel_rails;cover_box;downloads;gallery_lightbox;promo_banner;tags;two_column,cover_box_dark;teaser_media;teaser_overlay;teaser_toolbar,,
https://www.skoda-storyboard.com/en/press-releases/skoda-1101-tudor-1946-history-of-a-talented-all-rounder/,MR,press_release,press_release,200,card_teaser;carousel_rails;cover_box;downloads;gallery_lightbox;promo_banner;tags;two_column,cover_box_dark;teaser_media;teaser_overlay;teaser_toolbar,,
https://www.skoda-storyboard.com/en/press-releases/oliver-stefani-the-all-new-fabia-looks-considerably-more-dynamic-and-grown-up/,MR,press_release,press_release,200,card_teaser;cover_box;downloads;gallery_lightbox;promo_banner;tags;two_column,cover_box_dark;teaser_media;teaser_overlay;teaser_toolbar,,
https://www.skoda-storyboard.com/en/press-releases/skoda-1100-ohc-1957-the-beautiful-dream-of-le-mans/,MR,press_release,press_release,200,card_teaser;carousel_rails;cover_box;downloads;gallery_lightbox;promo_banner;tags;two_column,cover_box_dark;teaser_media;teaser_overlay;teaser_toolbar,vimeo,
https://www.skoda-storyboard.com/en/press-releases/skoda-auto-has-produced-eight-million-mq200-manual-gearboxes-at-the-mlada-boleslav-site/,MR,press_release,press_release,200,card_teaser;cover_box;downloads;gallery_lightbox;promo_banner;tags;two_column,cover_box_dark;teaser_media;teaser_overlay;teaser_toolbar,,
https://www.skoda-storyboard.com/en/press-releases/winner-of-the-108th-tour-de-france-tadej-pogacar-presented-with-crystal-glass-trophy-by-skoda-auto-2/,MR,press_release,press_release,200,card_teaser;cover_box;downloads;gallery_lightbox;promo_banner;tags;two_column,cover_box_dark;teaser_media;teaser_overlay;teaser_toolbar,,
https://www.skoda-storyboard.com/en/press-releases/skoda-auto-wins-seven-titles-in-company-car-of-the-year-2021-competition/,MR,press_release,press_release,200,card_teaser;cover_box;downloads;gallery_lightbox;promo_banner;tags;two_column,cover_box_dark;teaser_media;teaser_overlay;teaser_toolbar,,
https://www.skoda-storyboard.com/en/press-releases/skoda-crews-win-wrc2-and-wrc3-at-rally-estonia/,MR,press_release,press_release,200,card_teaser;cover_box;downloads;gallery_lightbox;promo_banner;tags;two_column,cover_box_dark;teaser_media;teaser_overlay;teaser_toolbar,,
https://www.skoda-storyboard.com/en/press-releases/skoda-design-creates-trophies-for-the-winners-of-the-tour-de-france-2021/,MR,press_release,press_release,200,card_teaser;cover_box;downloads;gallery_lightbox;promo_banner;tags;two_column,cover_box_dark;teaser_media;teaser_overlay;teaser_toolbar,,
https://www.skoda-storyboard.com/en/press-releases/rally-estonia-skoda-driver-andreas-mikkelsen-wants-to-strengthen-lead-in-wrc2-category/,MR,press_release,press_release,200,card_teaser;carousel_rails;cover_box;downloads;gallery_lightbox;promo_banner;tags;two_column,cover_box_dark;teaser_media;teaser_overlay;teaser_toolbar,,
https://www.skoda-storyboard.com/en/press-releases/sustainability-report-skoda-auto-sets-more-ambitious-sustainability-goals-and-provides-comprehensive-support-in-the-fight-against-covid-19/,MR,press_release,press_release,200,card_teaser;carousel_rails;cover_box;downloads;promo_banner;tags;two_column,cover_box_dark;teaser_media;teaser_overlay;teaser_toolbar,,
https://www.skoda-storyboard.com/en/press-releases/start-of-production-of-the-new-skoda-fabia-at-main-plant-in-mlada-boleslav/,MR,press_release,press_release,200,card_teaser;cover_box;downloads;gallery_lightbox;promo_banner;tags;two_column,cover_box_dark;teaser_media;teaser_overlay;teaser_toolbar,,
https://www.skoda-storyboard.com/en/press-releases/jan-kopecky-celebrates-120-years-of-skoda-in-motorsport-with-ninth-victory-at-bohemia-rally/,MR,press_release,press_release,200,card_teaser;carousel_rails;cover_box;downloads;gallery_lightbox;promo_banner;tags;two_column,cover_box_dark;teaser_media;teaser_overlay;teaser_toolbar,,
https://www.skoda-storyboard.com/en/press-releases/120-years-of-skoda-motorsport-brochure-and-video-featuring-legendary-vehicles/,MR,press_release,press_release,200,card_teaser;carousel_rails;cover_box;downloads;promo_banner;tags;two_column,cover_box_dark;teaser_media;teaser_overlay;teaser_toolbar,vimeo,
https://www.skoda-storyboard.com/en/press-releases/skoda-motorsport-supports-development-of-fully-electric-rally-car-skoda-re-x1-kreisel/,MR,press_release,press_release,200,card_teaser;cover_box;downloads;gallery_lightbox;promo_banner;tags;two_column,cover_box_dark;teaser_media;teaser_overlay;teaser_toolbar,vimeo,
https://www.skoda-storyboard.com/en/press-releases/skoda-sport-1949-the-long-distance-runner-from-the-other-side-of-the-iron-curtain/,MR,press_release,press_release,200,card_teaser;carousel_rails;cover_box;downloads;gallery_lightbox;promo_banner;tags;two_column,cover_box_dark;teaser_media;teaser_overlay;teaser_toolbar,,
https://www.skoda-storyboard.com/en/press-releases/120-years-of-skoda-motorsport-starting-signal-for-the-paris-berlin-route-with-motorbikes-from-laurin-klement/,MR,press_release,press_release,200,card_teaser;carousel_rails;cover_box;downloads;gallery_lightbox;promo_banner;tags;two_column,cover_box_dark;teaser_media;teaser_overlay;teaser_toolbar,,
https://www.skoda-storyboard.com/en/press-releases/change-of-leadership-at-skoda-auto-russia/,MR,press_release,press_release,200,card_teaser;carousel_rails;cover_box;downloads;gallery_lightbox;promo_banner;tags;two_column,cover_box_dark;teaser_media;teaser_overlay;teaser_toolbar,,
https://www.skoda-storyboard.com/en/press-releases/more-international-electric-and-digital-skoda-auto-presents-its-new-corporate-strategy/,MR,press_release,press_release,200,card_teaser;carousel_rails;cover_box;downloads;gallery_lightbox;promo_banner;tags;two_column,cover_box_dark;teaser_media;teaser_overlay;teaser_toolbar,,
https://www.skoda-storyboard.com/en/press-releases/skoda-auto-citymove-2-0-app-uses-artificial-intelligence-to-tailor-customer-offers-and-bring-more-benefits-for-users/,MR,press_release,press_release,200,card_teaser;cover_box;downloads;gallery_lightbox;promo_banner;tags;two_column,cover_box_dark;teaser_media;teaser_overlay;teaser_toolbar,,
https://www.skoda-storyboard.com/en/press-releases/next-level-skoda-strategy-2030-press-conference-takes-place-today-in-prague/,MR,press_release,press_release,200,card_teaser;carousel_rails;cover_box;downloads;gallery_lightbox;promo_banner;tags;two_column,cover_box_dark;teaser_media;teaser_overlay;teaser_toolbar,,
https://www.skoda-storyboard.com/en/press-releases/celebrating-120-years-of-motorsport-efforts-in-style-nine-skoda-crews-at-bohemia-rally/,MR,press_release,press_release,200,card_teaser;carousel_rails;cover_box;downloads;gallery_lightbox;promo_banner;tags;two_column,cover_box_dark;teaser_media;teaser_overlay;teaser_toolbar,,
https://www.skoda-storyboard.com/en/press-releases/skoda-auto-is-the-official-main-partner-of-the-tour-de-france-for-the-18th-time/,MR,press_release,press_release,200,card_teaser;cover_box;downloads;gallery_lightbox;promo_banner;tags;two_column,cover_box_dark;teaser_media;teaser_overlay;teaser_toolbar,,
https://www.skoda-storyboard.com/en/press-releases/rally-poland-andreas-mikkelsen-conquers-second-place-with-skoda-fabia-rally2-evo/,MR,press_release,press_release,200,card_teaser;carousel_rails;cover_box;downloads;gallery_lightbox;promo_banner;tags;two_column,cover_box_dark;teaser_media;teaser_overlay;teaser_toolbar,,
https://www.skoda-storyboard.com/en/press-releases/rally-poland-skoda-motorsport-customer-teams-ready-for-european-season-opener/,MR,press_release,press_release,200,card_teaser;carousel_rails;cover_box;downloads;gallery_lightbox;promo_banner;tags;two_column,cover_box_dark;teaser_media;teaser_overlay;teaser_toolbar,,
https://www.skoda-storyboard.com/en/press-releases/next-level-skoda-strategy-2030-press-conference-on-the-new-corporate-strategy-takes-place-on-24-june/,MR,press_release,press_release,200,card_teaser;carousel_rails;cover_box;downloads;gallery_lightbox;promo_banner;tags;two_column,cover_box_dark;teaser_media;teaser_overlay;teaser_toolbar,,
https://www.skoda-storyboard.com/en/press-releases/powering-up-electric-vehicles-deliver-maximum-safety/,MR,press_release,press_release,200,card_teaser;carousel_rails;cover_box;downloads;gallery_lightbox;promo_banner;tags;two_column,cover_box_dark;teaser_media;teaser_overlay;teaser_toolbar,,
https://www.skoda-storyboard.com/en/press-releases/skoda-design-creates-trophy-for-the-2021-iihf-ice-hockey-world-championships-most-valuable-player/,MR,press_release,press_release,200,card_teaser;cover_box;downloads;gallery_lightbox;promo_banner;tags;two_column,cover_box_dark;teaser_media;teaser_overlay;teaser_toolbar,,
https://www.skoda-storyboard.com/en/press-releases/skoda-auto-volkswagen-india-private-limited-launches-series-production-of-the-new-suv-model-kushaq/,MR,press_release,press_release,200,card_teaser;cover_box;downloads;gallery_lightbox;promo_banner;tags;two_column,cover_box_dark;teaser_media;teaser_overlay;teaser_toolbar,,
https://www.skoda-storyboard.com/en/press-releases/skoda-enyaq-sportline-iv-electric-emotive-and-dynamic/,MR,press_release,press_release,200,card_teaser;carousel_rails;cover_box;downloads;gallery_lightbox;promo_banner;row_toggle;siteorigin_body;tags;two_column,cover_box_dark;gallery_lightbox_viewer;teaser_media;teaser_overlay;teaser_toolbar,vimeo,
https://www.skoda-storyboard.com/en/press-releases/rally-italia-sardegna-podium-results-in-wrc2-and-wrc3-for-skoda-motorsport-customer-teams/,MR,press_release,press_release,200,card_teaser;carousel_rails;cover_box;downloads;gallery_lightbox;promo_banner;tags;two_column,cover_box_dark;teaser_media;teaser_overlay;teaser_toolbar,,
https://www.skoda-storyboard.com/en/press-releases/skoda-auto-delivers-the-enyaq-iv-to-customers-with-a-carbon-neutral-balance-sheet/,MR,press_release,press_release,200,card_teaser;cover_box;downloads;gallery_lightbox;promo_banner;tags;two_column,cover_box_dark;teaser_media;teaser_overlay;teaser_toolbar,,
https://www.skoda-storyboard.com/en/press-releases/rally-italia-sardegna-skoda-crews-fight-for-victories-in-wrc2-and-wrc3/,MR,press_release,press_release,200,card_teaser;carousel_rails;cover_box;downloads;gallery_lightbox;promo_banner;tags;two_column,cover_box_dark;teaser_media;teaser_overlay;teaser_toolbar,,
https://www.skoda-storyboard.com/en/press-releases/update-on-covid-19-recorded-broadcast-of-the-skoda-auto-online-roundtable/,MR,press_release,press_release,200,card_teaser;cover_box;downloads;gallery_lightbox;promo_banner;tags;two_column,cover_box_dark;teaser_media;teaser_overlay;teaser_toolbar,,
https://www.skoda-storyboard.com/en/press-releases/skoda-popular-sport-1936-outstanding-success-at-the-monte-carlo-rally/,MR,press_release,press_release,200,card_teaser;cover_box;downloads;gallery_lightbox;promo_banner;tags;two_column,cover_box_dark;teaser_media;teaser_overlay;teaser_toolbar,,
https://www.skoda-storyboard.com/en/press-releases/roland-villinger-appointed-new-head-of-corporate-and-product-strategy-at-skoda-auto/,MR,press_release,press_release,200,card_teaser;cover_box;downloads;gallery_lightbox;promo_banner;tags;two_column,cover_box_dark;teaser_media;teaser_overlay;teaser_toolbar,,
https://www.skoda-storyboard.com/en/press-releases/donation-worth-1000000-euros-to-fight-covid-19-on-its-way-to-india/,MR,press_release,press_release,200,card_teaser;carousel_rails;cover_box;downloads;gallery_lightbox;promo_banner;tags;two_column,cover_box_dark;teaser_media;teaser_overlay;teaser_toolbar,,
https://www.skoda-storyboard.com/en/press-releases/update-on-covid-19-skoda-auto-holds-online-roundtable-for-journalists/,MR,press_release,press_release,200,card_teaser;cover_box;downloads;promo_banner;tags;two_column,cover_box_dark;teaser_media;teaser_overlay;teaser_toolbar,,
https://www.skoda-storyboard.com/en/press-releases/second-life-cycle-for-batteries-reduces-their-carbon-footprint/,MR,press_release,press_release,200,card_teaser;carousel_rails;cover_box;downloads;gallery_lightbox;promo_banner;tags;two_column,cover_box_dark;teaser_media;teaser_overlay;teaser_toolbar,,
https://www.skoda-storyboard.com/en/press-releases/skoda-auto-supports-covid-19-vaccination-efforts/,MR,press_release,press_release,200,card_teaser;carousel_rails;cover_box;downloads;gallery_lightbox;promo_banner;tags;two_column,cover_box_dark;teaser_media;teaser_overlay;teaser_toolbar,,
https://www.skoda-storyboard.com/en/press-releases/skoda-auto-infotainment-systems-warn-of-slippery-roads/,MR,press_release,press_release,200,card_teaser;carousel_rails;cover_box;downloads;promo_banner;tags;two_column,cover_box_dark;teaser_media;teaser_overlay;teaser_toolbar,,
https://www.skoda-storyboard.com/en/press-releases/update-on-covid-19-skoda-auto-invites-journalists-to-a-digital-roundtable/,MR,press_release,press_release,200,card_teaser;carousel_rails;cover_box;downloads;promo_banner;tags;two_column,cover_box_dark;teaser_media;teaser_overlay;teaser_toolbar,vimeo,
https://www.skoda-storyboard.com/en/press-releases/skoda-auto-is-fully-committed-to-diversity-and-inclusion-both-in-everyday-life-and-in-the-workplace/,MR,press_release,press_release,200,card_teaser;cover_box;downloads;gallery_lightbox;promo_banner;tags;two_column,cover_box_dark;teaser_media;teaser_overlay;teaser_toolbar,,
https://www.skoda-storyboard.com/en/press-releases/vodafone-rally-de-portugal-skoda-privateer-kajetan-kajetanowicz-wins-wrc3-category/,MR,press_release,press_release,200,card_teaser;carousel_rails;cover_box;downloads;gallery_lightbox;promo_banner;tags;two_column,cover_box_dark;teaser_media;teaser_overlay;teaser_toolbar,,
https://www.skoda-storyboard.com/en/press-releases/international-day-for-biological-diversity-skoda-auto-showcases-its-biodiversity-preservation-projects/,MR,press_release,press_release,200,card_teaser;carousel_rails;cover_box;downloads;gallery_lightbox;promo_banner;tags;two_column,cover_box_dark;teaser_media;teaser_overlay;teaser_toolbar,,
https://www.skoda-storyboard.com/en/press-releases/skoda-auto-creates-smart-handling-robot-at-its-vrchlabi-plant/,MR,press_release,press_release,200,card_teaser;cover_box;downloads;gallery_lightbox;promo_banner;tags;two_column,cover_box_dark;teaser_media;teaser_overlay;teaser_toolbar,,
https://www.skoda-storyboard.com/en/press-releases/rally-portugal-18-privately-entered-skoda-fabia-rally2-among-the-42-entries-in-the-group-of-rally2-vehicles/,MR,press_release,press_release,200,card_teaser;carousel_rails;cover_box;downloads;gallery_lightbox;promo_banner;tags;two_column,cover_box_dark;teaser_media;teaser_overlay;teaser_toolbar,,
https://www.skoda-storyboard.com/en/press-releases/skoda-auto-the-official-main-sponsor-of-iihf-ice-hockey-world-championship-for-29th-consecutive-year/,MR,press_release,press_release,200,card_teaser;cover_box;downloads;gallery_lightbox;promo_banner;tags;two_column,cover_box_dark;teaser_media;teaser_overlay;teaser_toolbar,,
https://www.skoda-storyboard.com/en/press-releases/skoda-auto-donates-in-cooperation-with-the-volkswagen-group-one-million-euros-to-fight-covid-19-in-india/,MR,press_release,press_release,200,card_teaser;carousel_rails;cover_box;downloads;gallery_lightbox;promo_banner;tags;two_column,cover_box_dark;teaser_media;teaser_overlay;teaser_toolbar,,
https://www.skoda-storyboard.com/en/press-releases/skoda-auto-and-czech-philharmonic-charity-concert-for-families-of-covid-19-victims/,MR,press_release,press_release,200,card_teaser;carousel_rails;cover_box;downloads;gallery_lightbox;promo_banner;tags;two_column,cover_box_dark;teaser_media;teaser_overlay;teaser_toolbar,,
https://www.skoda-storyboard.com/en/press-releases/skoda-museum-virtual-visits-possible-thanks-to-video-tours/,MR,press_release,press_release,200,card_teaser;carousel_rails;cover_box;downloads;gallery_lightbox;promo_banner;tags;two_column,cover_box_dark;teaser_media;teaser_overlay;teaser_toolbar,,
https://www.skoda-storyboard.com/en/press-releases/skoda-auto-tests-augmented-reality-glasses-for-production-line-maintenance-and-technical-training/,MR,press_release,press_release,200,card_teaser;carousel_rails;cover_box;downloads;gallery_lightbox;promo_banner;tags;two_column,cover_box_dark;teaser_media;teaser_overlay;teaser_toolbar,,
https://www.skoda-storyboard.com/en/press-releases/the-skoda-hispano-suiza-in-the-service-of-president-tomas-garrigue-masaryk/,MR,press_release,press_release,200,card_teaser;cover_box;downloads;gallery_lightbox;promo_banner;tags;two_column,cover_box_dark;teaser_media;teaser_overlay;teaser_toolbar,,
https://www.skoda-storyboard.com/en/press-releases/triple-victory-for-skoda-enyaq-iv-octavia-and-superb-crowned-import-winners-in-all-wheel-drive-car-of-the-year/,MR,press_release,press_release,200,card_teaser;cover_box;downloads;gallery_lightbox;promo_banner;tags;two_column,cover_box_dark;teaser_media;teaser_overlay;teaser_toolbar,,
https://www.skoda-storyboard.com/en/press-releases/skoda-auto-significantly-increases-deliveries-and-earnings-in-the-first-quarter/,MR,press_release,press_release,200,card_teaser;carousel_rails;cover_box;downloads;gallery_lightbox;promo_banner;tags;two_column,cover_box_dark;teaser_media;teaser_overlay;teaser_toolbar,,
https://www.skoda-storyboard.com/en/press-releases/first-skoda-superb-combi-for-new-zealand-police-force/,MR,press_release,press_release,200,card_teaser;cover_box;downloads;gallery_lightbox;promo_banner;tags;two_column,cover_box_dark;teaser_media;teaser_overlay;teaser_toolbar,,
https://www.skoda-storyboard.com/en/press-releases/world-premiere-of-new-skoda-fabia-in-pictures/,MR,press_release,press_release,200,card_teaser;cover_box;downloads;gallery_lightbox;promo_banner;tags;two_column,cover_box_dark;teaser_media;teaser_overlay;teaser_toolbar,,
https://www.skoda-storyboard.com/en/press-releases/benefit-concert-with-the-czech-philharmonic-orchestra-to-mark-30-years-of-skoda-autos-membership-in-the-volkswagen-group/,MR,press_release,press_release,200,card_teaser;carousel_rails;cover_box;downloads;gallery_lightbox;promo_banner;tags;two_column,cover_box_dark;teaser_media;teaser_overlay;teaser_toolbar,,
https://www.skoda-storyboard.com/en/press-releases/skoda-museum-and-ferdinand-porsche-birth-house-reopen/,MR,press_release,press_release,200,card_teaser;cover_box;downloads;gallery_lightbox;promo_banner;tags;two_column,cover_box_dark;teaser_media;teaser_overlay;teaser_toolbar,,
https://www.skoda-storyboard.com/en/press-releases/skoda-storyboard-presents-fabia-design-over-time/,MR,press_release,press_release,200,card_teaser;carousel_rails;cover_box;downloads;gallery_lightbox;promo_banner;tags;two_column,cover_box_dark;teaser_media;teaser_overlay;teaser_toolbar,,
https://www.skoda-storyboard.com/en/press-releases/skoda-octavia-touring-sport-1960-successful-return-to-international-rally-courses/,MR,press_release,press_release,200,card_teaser;carousel_rails;cover_box;downloads;gallery_lightbox;promo_banner;tags;two_column,cover_box_dark;teaser_media;teaser_overlay;teaser_toolbar,,
https://www.skoda-storyboard.com/en/press-releases/skoda-presents-the-new-fabia-on-4-may/,MR,press_release,press_release,200,card_teaser;cover_box;downloads;gallery_lightbox;promo_banner;tags;two_column,cover_box_dark;teaser_media;teaser_overlay;teaser_toolbar,vimeo,
https://www.skoda-storyboard.com/en/press-releases/first-impression-of-the-new-skoda-fabias-interior/,MR,press_release,press_release,200,card_teaser;cover_box;downloads;gallery_lightbox;promo_banner;tags;two_column,cover_box_dark;teaser_media;teaser_overlay;teaser_toolbar,,
https://www.skoda-storyboard.com/en/press-releases/skoda-delivers-first-enyaq-iv-to-customer/,MR,press_release,press_release,200,card_teaser;cover_box;downloads;gallery_lightbox;promo_banner;tags;two_column,cover_box_dark;teaser_media;teaser_overlay;teaser_toolbar,,
https://www.skoda-storyboard.com/en/press-releases/rally-croatia-skoda-crews-score-1-2-in-wrc3-andreas-mikkelsen-defends-wrc2-overall-lead/,MR,press_release,press_release,200,card_teaser;carousel_rails;cover_box;downloads;gallery_lightbox;promo_banner;tags;two_column,cover_box_dark;teaser_media;teaser_overlay;teaser_toolbar,vimeo,
https://www.skoda-storyboard.com/en/press-releases/rally-croatia-skoda-fabia-rally2-evo-crews-storm-to-convincing-1-2-3-in-wrc3-category/,MR,press_release,press_release,200,card_teaser;carousel_rails;cover_box;downloads;gallery_lightbox;promo_banner;tags;two_column,cover_box_dark;teaser_media;teaser_overlay;teaser_toolbar,,
https://www.skoda-storyboard.com/en/press-releases/earth-day-2021-skoda-auto-takes-part-in-project1hour/,MR,press_release,press_release,200,card_teaser;cover_box;downloads;promo_banner;tags;two_column,cover_box_dark;teaser_media;teaser_overlay;teaser_toolbar,,
https://www.skoda-storyboard.com/en/press-releases/skoda-releases-exterior-design-sketches-of-the-new-fabia/,MR,press_release,press_release,200,card_teaser;cover_box;downloads;gallery_lightbox;promo_banner;tags;two_column,cover_box_dark;teaser_media;teaser_overlay;teaser_toolbar,,
https://www.skoda-storyboard.com/en/press-releases/rally-croatia-andreas-mikkelsen-wants-to-extend-wrc2-lead-with-the-skoda-fabia-rally2-evo/,MR,press_release,press_release,200,card_teaser;carousel_rails;cover_box;downloads;gallery_lightbox;promo_banner;tags;two_column,cover_box_dark;teaser_media;teaser_overlay;teaser_toolbar,,
https://www.skoda-storyboard.com/en/press-releases/laurin-klement-s-series-the-first-high-volume-model-from-mlada-boleslav-made-its-debut-110-years-ago/,MR,press_release,press_release,200,card_teaser;cover_box;downloads;gallery_lightbox;promo_banner;tags;two_column,cover_box_dark;teaser_media;teaser_overlay;teaser_toolbar,,
https://www.skoda-storyboard.com/en/press-releases/skoda-storyboard-presents-new-videos-featuring-the-enyaq-iv/,MR,press_release,press_release,200,card_teaser;cover_box;downloads;gallery_lightbox;promo_banner;tags;two_column,cover_box_dark;teaser_media;teaser_overlay;teaser_toolbar,,
https://www.skoda-storyboard.com/en/press-releases/new-skoda-enyaq-iv-earns-five-stars-in-euro-ncap-test/,MR,press_release,press_release,200,card_teaser;cover_box;downloads;gallery_lightbox;promo_banner;tags;two_column,cover_box_dark;teaser_media;teaser_overlay;teaser_toolbar,,
https://www.skoda-storyboard.com/en/press-releases/skoda-enyaq-iv-awarded-red-dot-for-outstanding-product-design/,MR,press_release,press_release,200,card_teaser;carousel_rails;cover_box;downloads;gallery_lightbox;promo_banner;tags;two_column,cover_box_dark;teaser_media;teaser_overlay;teaser_toolbar,,
https://www.skoda-storyboard.com/en/press-releases/digital-world-premiere-of-the-revised-skoda-kodiaq-on-13-april/,MR,press_release,press_release,200,card_teaser;cover_box;downloads;gallery_lightbox;promo_banner;tags;two_column,cover_box_dark;teaser_media;teaser_overlay;teaser_toolbar,,
https://www.skoda-storyboard.com/en/press-releases/milestone-in-key-market-skoda-auto-has-manufactured-750000-vehicles-in-russia/,MR,press_release,press_release,200,card_teaser;cover_box;downloads;gallery_lightbox;promo_banner;tags;two_column,cover_box_dark;teaser_media;teaser_overlay;teaser_toolbar,,
https://www.skoda-storyboard.com/en/press-releases/skoda-octavia-available-as-sportline-version-for-the-first-time/,MR,press_release,press_release,200,card_teaser;cover_box;downloads;gallery_lightbox;promo_banner;tags;two_column,cover_box_dark;teaser_media;teaser_overlay;teaser_toolbar,,
https://www.skoda-storyboard.com/en/press-releases/laurin-klement-rk-m-1921-racing-driver-count-sascha-kolowrat-krakowskys-favourite-model/,MR,press_release,press_release,200,card_teaser;carousel_rails;cover_box;downloads;gallery_lightbox;promo_banner;tags;two_column,cover_box_dark;teaser_media;teaser_overlay;teaser_toolbar,,
https://www.skoda-storyboard.com/en/press-releases/video-reveals-first-details-of-the-updated-skoda-kodiaq/,MR,press_release,press_release,200,card_teaser;carousel_rails;cover_box;downloads;promo_banner;tags;two_column,cover_box_dark;teaser_media;teaser_overlay;teaser_toolbar,vimeo,
https://www.skoda-storyboard.com/en/press-releases/coveted-equipment-line-skoda-introduced-the-monte-carlo-models-with-the-fabia-ten-years-ago/,MR,press_release,press_release,200,card_teaser;carousel_rails;cover_box;downloads;gallery_lightbox;promo_banner;tags;two_column,cover_box_dark;teaser_media;teaser_overlay;teaser_toolbar,,
https://www.skoda-storyboard.com/en/press-releases/skoda-auto-launches-virtual-showroom-as-pilot-project/,MR,press_release,press_release,200,card_teaser;cover_box;downloads;gallery_lightbox;promo_banner;tags;two_column,cover_box_dark;teaser_media;teaser_overlay;teaser_toolbar,,
https://www.skoda-storyboard.com/en/press-releases/laurin-klement-fc-from-1908-the-first-major-motor-racing-successes-of-automobiles-from-mlada-boleslav/,MR,press_release,press_release,200,card_teaser;carousel_rails;cover_box;downloads;gallery_lightbox;promo_banner;tags;two_column,cover_box_dark;teaser_media;teaser_overlay;teaser_toolbar,,
https://www.skoda-storyboard.com/en/press-releases/three-design-sketches-offer-a-first-glimpse-of-the-revised-skoda-kodiaq/,MR,press_release,press_release,200,card_teaser;carousel_rails;cover_box;downloads;gallery_lightbox;promo_banner;tags;two_column,cover_box_dark;teaser_media;teaser_overlay;teaser_toolbar,,
https://www.skoda-storyboard.com/en/press-releases/skoda-auto-takes-part-in-earth-hour-for-ninth-time/,MR,press_release,press_release,200,card_teaser;carousel_rails;cover_box;downloads;gallery_lightbox;promo_banner;tags;two_column,cover_box_dark;teaser_media;teaser_overlay;teaser_toolbar,,
https://www.skoda-storyboard.com/en/press-releases/virtual-tour-winners-trophies-from-120-years-of-motorsport-history-on-the-skoda-storyboard/,MR,press_release,press_release,200,card_teaser;carousel_rails;cover_box;downloads;gallery_lightbox;promo_banner;tags;two_column,cover_box_dark;teaser_media;teaser_overlay;teaser_toolbar,,
https://www.skoda-storyboard.com/en/press-releases/skoda-auto-annual-press-conference-pictures-and-speeches-on-the-skoda-storyboard/,MR,press_release,press_release,200,card_teaser;cover_box;downloads;gallery_lightbox;promo_banner;tags;two_column,cover_box_dark;teaser_media;teaser_overlay;teaser_toolbar,,
https://www.skoda-storyboard.com/en/press-releases/skoda-auto-looks-back-on-a-successful-2020-despite-the-coronavirus-pandemic/,MR,press_release,press_release,200,card_teaser;cover_box;downloads;gallery_lightbox;promo_banner;tags;two_column,cover_box_dark;teaser_media;teaser_overlay;teaser_toolbar,,
https://www.skoda-storyboard.com/en/press-releases/skoda-auto-group-achieves-a-clearly-positive-operating-profit-in-2020-despite-covid-19-pandemic/,MR,press_release,press_release,200,card_teaser;carousel_rails;cover_box;downloads;gallery_lightbox;promo_banner;tags;two_column,cover_box_dark;teaser_media;teaser_overlay;teaser_toolbar,,
https://www.skoda-storyboard.com/en/press-releases/skoda-auto-opens-the-brands-largest-showroom-worldwide-in-the-united-arab-emirates/,MR,press_release,press_release,200,card_teaser;cover_box;downloads;gallery_lightbox;promo_banner;tags;two_column,cover_box_dark;teaser_media;teaser_overlay;teaser_toolbar,,
https://www.skoda-storyboard.com/en/press-releases/world-water-day-skoda-auto-impresses-with-sustainable-water-management/,MR,press_release,press_release,200,card_teaser;cover_box;downloads;gallery_lightbox;promo_banner;tags;two_column,cover_box_dark;teaser_media;teaser_overlay;teaser_toolbar,,
https://www.skoda-storyboard.com/en/press-releases/30-years-of-skoda-auto-in-the-volkswagen-group-a-european-economic-success-story/,MR,press_release,press_release,200,card_teaser;cover_box;downloads;gallery_lightbox;promo_banner;tags;two_column,cover_box_dark;teaser_media;teaser_overlay;teaser_toolbar,,
https://www.skoda-storyboard.com/en/press-releases/skoda-kodiaq-big-suv-big-success-story/,MR,press_release,press_release,200,card_teaser;cover_box;downloads;gallery_lightbox;promo_banner;tags;two_column,cover_box_dark;teaser_media;teaser_overlay;teaser_toolbar,,
https://www.skoda-storyboard.com/en/press-releases/charging-electric-cars-conveniently-with-skoda-iv-wallboxes-and-powerpass/,MR,press_release,press_release,200,card_teaser;carousel_rails;cover_box;downloads;gallery_lightbox;promo_banner;tags;two_column,cover_box_dark;teaser_media;teaser_overlay;teaser_toolbar,,
https://www.skoda-storyboard.com/en/press-releases/skoda-auto-presses-ahead-with-digital-and-flexible-working-models-as-part-of-its-fastco-initiative/,MR,press_release,press_release,200,card_teaser;carousel_rails;cover_box;downloads;gallery_lightbox;promo_banner;tags;two_column,cover_box_dark;teaser_media;teaser_overlay;teaser_toolbar,,
https://www.skoda-storyboard.com/en/press-releases/skoda-auto-invites-journalists-to-the-digital-annual-press-conference/,MR,press_release,press_release,200,card_teaser;carousel_rails;cover_box;downloads;gallery_lightbox;promo_banner;tags;two_column,cover_box_dark;teaser_media;teaser_overlay;teaser_toolbar,,
https://www.skoda-storyboard.com/en/press-releases/skoda-kushaq-livestream-of-world-premiere-on-march-18/,MR,press_release,press_release,200,card_teaser;carousel_rails;cover_box;downloads;promo_banner;tags;two_column,cover_box_dark;teaser_media;teaser_overlay;teaser_toolbar,,
https://www.skoda-storyboard.com/en/press-releases/120-years-in-racing-skoda-motorsport-celebrates-with-limited-skoda-fabia-rally2-evo-edition-120/,MR,press_release,press_release,200,card_teaser;cover_box;downloads;gallery_lightbox;promo_banner;tags;two_column,cover_box_dark;teaser_media;teaser_overlay;teaser_toolbar,,
https://www.skoda-storyboard.com/en/press-releases/skoda-auto-goes-far-beyond-mandatory-government-measures-in-the-fight-against-covid-19-tests-and-vaccination-preparations-underway/,MR,press_release,press_release,200,card_teaser;carousel_rails;cover_box;downloads;gallery_lightbox;promo_banner;tags;two_column,cover_box_dark;teaser_media;teaser_overlay;teaser_toolbar,,
https://www.skoda-storyboard.com/en/press-releases/the-all-new-skoda-octavia-pro-for-china-more-digital-and-emotive-and-with-a-lot-of-extra-space/,MR,press_release,press_release,200,card_teaser;cover_box;downloads;gallery_lightbox;promo_banner;tags;two_column,cover_box_dark;teaser_media;teaser_overlay;teaser_toolbar,,
https://www.skoda-storyboard.com/en/press-releases/momentous-milestone-at-skoda-autos-main-plant-15-million-cars-from-mlada-boleslav-since-1905/,MR,press_release,press_release,200,card_teaser;cover_box;downloads;gallery_lightbox;promo_banner;tags;two_column,cover_box_dark;teaser_media;teaser_overlay;teaser_toolbar,,
https://www.skoda-storyboard.com/en/press-releases/interior-sketch-offers-first-preview-of-the-skoda-kushaq/,MR,press_release,press_release,200,card_teaser;carousel_rails;cover_box;downloads;gallery_lightbox;promo_banner;tags;two_column,cover_box_dark;teaser_media;teaser_overlay;teaser_toolbar,,
https://www.skoda-storyboard.com/en/press-releases/skoda-octavia-wins-the-family-car-category-at-the-2020-womens-world-car-of-the-year-awards/,MR,press_release,press_release,200,card_teaser;carousel_rails;cover_box;downloads;gallery_lightbox;promo_banner;tags;two_column,cover_box_dark;teaser_media;teaser_overlay;teaser_toolbar,,
https://www.skoda-storyboard.com/en/press-releases/skoda-auto-produces-two-millionth-suv/,MR,press_release,press_release,200,card_teaser;cover_box;downloads;gallery_lightbox;promo_banner;tags;two_column,cover_box_dark;teaser_media;teaser_overlay;teaser_toolbar,,
https://www.skoda-storyboard.com/en/press-releases/skoda-auto-digilab-car-sharing-service-hoppygo-continued-to-be-a-success-in-2020/,MR,press_release,press_release,200,card_teaser;carousel_rails;cover_box;downloads;gallery_lightbox;promo_banner;tags;two_column,cover_box_dark;teaser_media;teaser_overlay;teaser_toolbar,,
https://www.skoda-storyboard.com/en/press-releases/arctic-rally-finland-skoda-motorsport-supported-andreas-mikkelsen-increases-wrc2-overall-lead/,MR,press_release,press_release,200,card_teaser;carousel_rails;cover_box;downloads;gallery_lightbox;promo_banner;tags;two_column,cover_box_dark;teaser_media;teaser_overlay;teaser_toolbar,,
https://www.skoda-storyboard.com/en/press-releases/arctic-rally-finland-skoda-motorsport-supported-andreas-mikkelsen-advances-to-second-in-wrc2/,MR,press_release,press_release,200,card_teaser;carousel_rails;cover_box;downloads;gallery_lightbox;promo_banner;tags;two_column,cover_box_dark;teaser_media;teaser_overlay;teaser_toolbar,,
https://www.skoda-storyboard.com/en/press-releases/arctic-rally-finland-skoda-motorsport-supported-andreas-mikkelsen-finishes-friday-leg-third-in-wrc2/,MR,press_release,press_release,200,card_teaser;carousel_rails;cover_box;downloads;gallery_lightbox;promo_banner;tags;two_column,cover_box_dark;teaser_media;teaser_overlay;teaser_toolbar,,
https://www.skoda-storyboard.com/en/press-releases/laurin-klement-slavia-b-the-history-of-skoda-motorsport-began-120-years-ago-between-paris-and-berlin/,MR,press_release,press_release,200,card_teaser;carousel_rails;cover_box;downloads;gallery_lightbox;promo_banner;tags;two_column,cover_box_dark;teaser_media;teaser_overlay;teaser_toolbar,,
https://www.skoda-storyboard.com/en/press-releases/arctic-rally-finland-wrc2-leader-mikkelsen-faces-tough-competition-in-his-skoda-fabia-rally2-evo/,MR,press_release,press_release,200,card_teaser;carousel_rails;cover_box;downloads;gallery_lightbox;promo_banner;tags;two_column,cover_box_dark;teaser_media;teaser_overlay;teaser_toolbar,,
https://www.skoda-storyboard.com/en/press-releases/skoda-enyaq-iv-leading-the-field-in-terms-of-drag-coefficient/,MR,press_release,press_release,200,card_teaser;carousel_rails;cover_box;downloads;promo_banner;tags;two_column,cover_box_dark;teaser_media;teaser_overlay;teaser_toolbar,,
https://www.skoda-storyboard.com/en/press-releases/skoda-kushaq-design-sketches-offer-a-preview-of-the-new-suv-for-the-indian-market/,MR,press_release,press_release,200,card_teaser;carousel_rails;cover_box;downloads;gallery_lightbox;promo_banner;tags;two_column,cover_box_dark;teaser_media;teaser_overlay;teaser_toolbar,,
https://www.skoda-storyboard.com/en/press-releases/the-skoda-enyaq-sportline-iv-dynamic-and-sporty/,MR,press_release,press_release,200,card_teaser;carousel_rails;cover_box;downloads;gallery_lightbox;promo_banner;row_toggle;siteorigin_body;tags;two_column,cover_box_dark;teaser_media;teaser_overlay;teaser_toolbar,,
https://www.skoda-storyboard.com/en/press-releases/skoda-auto-and-energy-services-provider-cez-expand-photovoltaic-systems-at-the-mlada-boleslav-plant/,MR,press_release,press_release,200,card_teaser;cover_box;downloads;gallery_lightbox;promo_banner;tags;two_column,cover_box_dark;teaser_media;teaser_overlay;teaser_toolbar,,
https://www.skoda-storyboard.com/en/press-releases/skoda-offers-first-glimpse-of-the-new-fabia/,MR,press_release,press_release,200,card_teaser;carousel_rails;cover_box;downloads;gallery_lightbox;promo_banner;tags;two_column,cover_box_dark;teaser_media;teaser_overlay;teaser_toolbar,,
https://www.skoda-storyboard.com/en/press-releases/skoda-enyaq-iv-and-skoda-octavia-are-the-best-cars-2021-readers-choice-awards-winners/,MR,press_release,press_release,200,card_teaser;cover_box;downloads;gallery_lightbox;promo_banner;tags;two_column,cover_box_dark;teaser_media;teaser_overlay;teaser_toolbar,,
https://www.skoda-storyboard.com/en/press-releases/skoda-auto-announces-changes-to-board-of-management-as-of-1-march-2021/,MR,press_release,press_release,200,card_teaser;cover_box;downloads;gallery_lightbox;promo_banner;tags;two_column,cover_box_dark;teaser_media;teaser_overlay;teaser_toolbar,,
https://www.skoda-storyboard.com/en/press-releases/introducing-the-skoda-auto-traffication-infotainment-app-with-traffic-warning-alerts-across-the-board/,MR,press_release,press_release,200,card_teaser;cover_box;downloads;gallery_lightbox;promo_banner;tags;two_column,cover_box_dark;teaser_media;teaser_overlay;teaser_toolbar,,
https://www.skoda-storyboard.com/en/press-releases/skoda-auto-produces-100000th-battery-for-models-with-plug-in-hybrid-drivetrain/,MR,press_release,press_release,200,card_teaser;carousel_rails;cover_box;downloads;gallery_lightbox;promo_banner;tags;two_column,cover_box_dark;teaser_media;teaser_overlay;teaser_toolbar,,
https://www.skoda-storyboard.com/en/press-releases/skoda-enyaq-iv-offers-design-selections-reflecting-the-style-of-modern-living-environments-and-a-new-product-range-structure/,MR,press_release,press_release,200,card_teaser;carousel_rails;cover_box;downloads;promo_banner;tags;two_column,cover_box_dark;teaser_media;teaser_overlay;teaser_toolbar,vimeo,
https://www.skoda-storyboard.com/en/press-releases/skoda-auto-speeds-up-its-digital-transformation-with-accelerateit-and-microsoft/,MR,press_release,press_release,200,card_teaser;cover_box;downloads;promo_banner;tags;two_column,cover_box_dark;teaser_media;teaser_overlay;teaser_toolbar,,
https://www.skoda-storyboard.com/en/press-releases/skoda-academy-focuses-on-digital-vocational-training-and-professional-development-courses/,MR,press_release,press_release,200,card_teaser;carousel_rails;cover_box;downloads;gallery_lightbox;promo_banner;tags;two_column,cover_box_dark;teaser_media;teaser_overlay;teaser_toolbar,,
https://www.skoda-storyboard.com/en/press-releases/85-years-of-success-skoda-at-the-monte-carlo-rally/,MR,press_release,press_release,200,card_teaser;carousel_rails;cover_box;downloads;gallery_lightbox;promo_banner;tags;two_column,cover_box_dark;teaser_media;teaser_overlay;teaser_toolbar,,
https://www.skoda-storyboard.com/en/press-releases/the-new-skoda-kushaq-made-for-the-world-in-india/,MR,press_release,press_release,200,card_teaser;cover_box;downloads;gallery_lightbox;promo_banner;row_toggle;siteorigin_body;tags;two_column,cover_box_dark;teaser_media;teaser_overlay;teaser_toolbar,,
https://www.skoda-storyboard.com/en/press-releases/rallye-monte-carlo-skoda-motorsport-supported-andreas-mikkelsen-wins-wrc2/,MR,press_release,press_release,200,card_teaser;carousel_rails;cover_box;downloads;gallery_lightbox;promo_banner;tags;two_column,cover_box_dark;teaser_media;teaser_overlay;teaser_toolbar,vimeo,
https://www.skoda-storyboard.com/en/press-releases/rallye-monte-carlo-skoda-fabia-rally2-evo-driver-mikkelsen-starts-as-wrc2-leader-into-last-leg/,MR,press_release,press_release,200,card_teaser;carousel_rails;cover_box;downloads;gallery_lightbox;promo_banner;tags;two_column,cover_box_dark;teaser_media;teaser_overlay;teaser_toolbar,,
https://www.skoda-storyboard.com/en/press-releases/rallye-monte-carlo-andreas-mikkelsen-puts-skoda-fabia-rally2-evo-into-wrc2-lead/,MR,press_release,press_release,200,card_teaser;carousel_rails;cover_box;downloads;gallery_lightbox;promo_banner;tags;two_column,cover_box_dark;teaser_media;teaser_overlay;teaser_toolbar,,
https://www.skoda-storyboard.com/en/press-releases/skoda-auto-produced-more-than-750000-vehicles-at-its-czech-plants-in-2020-despite-covid-19-pandemic/,MR,press_release,press_release,200,card_teaser;cover_box;downloads;gallery_lightbox;promo_banner;tags;two_column,cover_box_dark;teaser_media;teaser_overlay;teaser_toolbar,,
https://www.skoda-storyboard.com/en/press-releases/rallye-monte-carlo-skoda-fabia-rally2-evo-driver-andreas-mikkelsen-among-favourites-in-wrc2/,MR,press_release,press_release,200,card_teaser;cover_box;downloads;gallery_lightbox;promo_banner;tags;two_column,cover_box_dark;teaser_media;teaser_overlay;teaser_toolbar,,
https://www.skoda-storyboard.com/en/press-releases/skoda-auto-opens-state-of-the-art-new-central-pilot-hall-at-its-mlada-boleslav-site/,MR,press_release,press_release,200,card_teaser;cover_box;downloads;gallery_lightbox;promo_banner;tags;two_column,cover_box_dark;teaser_media;teaser_overlay;teaser_toolbar,,
https://www.skoda-storyboard.com/en/press-releases/statement-von-skoda-auto-zur-iihf-eishockey-weltmeisterschaft-2021/,MR,press_release,press_release,200,card_teaser;carousel_rails;cover_box;downloads;gallery_lightbox;promo_banner;tags;two_column,cover_box_dark;teaser_media;teaser_overlay;teaser_toolbar,,
https://www.skoda-storyboard.com/en/press-releases/skoda-auto-opens-new-centre-in-mlada-boleslav-to-build-test-vehicles-and-prototypes/,MR,press_release,press_release,200,card_teaser;cover_box;downloads;gallery_lightbox;promo_banner;tags;two_column,cover_box_dark;teaser_media;teaser_overlay;teaser_toolbar,vimeo,
https://www.skoda-storyboard.com/en/press-releases/skoda-auto-delivers-over-one-million-vehicles-worldwide-in-2020-despite-covid-19-pandemic/,MR,press_release,press_release,200,card_teaser;carousel_rails;cover_box;downloads;gallery_lightbox;promo_banner;tags;two_column,cover_box_dark;teaser_media;teaser_overlay;teaser_toolbar,,
https://www.skoda-storyboard.com/en/press-releases/skoda-octavia-nominated-for-2021-car-of-the-year-award/,MR,press_release,press_release,200,card_teaser;carousel_rails;cover_box;downloads;gallery_lightbox;promo_banner;tags;two_column,cover_box_dark;teaser_media;teaser_overlay;teaser_toolbar,,
https://www.skoda-storyboard.com/en/press-releases/travelling-safely-and-comfortably-throughout-the-winter-with-skoda/,MR,press_release,press_release,200,card_teaser;cover_box;downloads;gallery_lightbox;promo_banner;tags;two_column,cover_box_dark;teaser_media;teaser_overlay;teaser_toolbar,,
https://www.skoda-storyboard.com/en/press-releases/new-skoda-auto-suv-for-the-indian-market-is-named-kushaq/,MR,press_release,press_release,200,card_teaser;carousel_rails;cover_box;downloads;gallery_lightbox;promo_banner;tags;two_column,cover_box_dark;teaser_media;teaser_overlay;teaser_toolbar,vimeo,
https://www.skoda-storyboard.com/en/press-releases/skoda-launches-calendar-app-for-the-scala-and-kamiq/,MR,press_release,press_release,200,card_teaser;cover_box;downloads;gallery_lightbox;promo_banner;tags;two_column,cover_box_dark;teaser_media;teaser_overlay;teaser_toolbar,,
https://www.skoda-storyboard.com/en/press-releases/skoda-auto-celebrates-landmark-anniversaries-in-2021/,MR,press_release,press_release,200,card_teaser;cover_box;downloads;gallery_lightbox;promo_banner;tags;two_column,cover_box_dark;teaser_media;teaser_overlay;teaser_toolbar,,
https://www.skoda-storyboard.com/en/press-releases/all-in-one-the-new-myskoda-app-is-launched/,MR,press_release,press_release,200,card_teaser;carousel_rails;cover_box;downloads;gallery_lightbox;promo_banner;tags;two_column,cover_box_dark;teaser_media;teaser_overlay;teaser_toolbar,,
https://www.skoda-storyboard.com/en/press-releases/125-years-ago-vaclav-laurin-and-vaclav-klement-laid-the-foundation-stone-for-skoda-auto/,MR,press_release,press_release,200,card_teaser;carousel_rails;cover_box;downloads;gallery_lightbox;promo_banner;tags;two_column,cover_box_dark;teaser_media;teaser_overlay;teaser_toolbar,,
https://www.skoda-storyboard.com/en/press-releases/well-prepared-for-the-2021-rally-season-skoda-fabia-rally2-evo-gets-upgrade-package/,MR,press_release,press_release,200,card_teaser;cover_box;downloads;gallery_lightbox;promo_banner;tags;two_column,cover_box_dark;teaser_media;teaser_overlay;teaser_toolbar,,
https://www.skoda-storyboard.com/en/press-releases/skoda-customers-again-successful-around-the-world-in-a-challenging-rally-season-2020/,MR,press_release,press_release,200,card_teaser;cover_box;downloads;gallery_lightbox;promo_banner;tags;two_column,cover_box_dark;teaser_media;teaser_overlay;teaser_toolbar,,
https://www.skoda-storyboard.com/en/press-releases/skoda-auto-appoints-arwa-oeljeklaus-to-lead-operations-in-north-africa/,MR,press_release,press_release,200,card_teaser;cover_box;downloads;promo_banner;tags;two_column,cover_box_dark;teaser_media;teaser_overlay;teaser_toolbar,,
https://www.skoda-storyboard.com/en/press-releases/skoda-auto-wins-pioneer-award-for-its-use-of-artificial-intelligence-and-sound-analyser-app/,MR,press_release,press_release,200,card_teaser;cover_box;downloads;gallery_lightbox;promo_banner;tags;two_column,cover_box_dark;teaser_media;teaser_overlay;teaser_toolbar,,
https://www.skoda-storyboard.com/en/press-releases/skoda-auto-digilabs-berider-escooter-sharing-service-proves-to-be-a-success-in-winter-too/,MR,press_release,press_release,200,card_teaser;cover_box;downloads;gallery_lightbox;promo_banner;tags;two_column,cover_box_dark;teaser_media;teaser_overlay;teaser_toolbar,,
https://www.skoda-storyboard.com/en/press-releases/changes-in-the-communication-department-at-skoda-auto/,MR,press_release,press_release,200,card_teaser;cover_box;downloads;gallery_lightbox;promo_banner;tags;two_column,cover_box_dark;teaser_media;teaser_overlay;teaser_toolbar,,
https://www.skoda-storyboard.com/en/press-releases/skoda-auto-wins-the-hr-officers-award-for-the-best-hr-management-project-in-2020-2/,MR,press_release,press_release,200,card_teaser;cover_box;downloads;gallery_lightbox;promo_banner;tags;two_column,cover_box_dark;teaser_media;teaser_overlay;teaser_toolbar,,
https://www.skoda-storyboard.com/en/press-releases/skoda-octavia-is-switzerlands-favourite-car-of-2021/,MR,press_release,press_release,200,card_teaser;carousel_rails;cover_box;downloads;gallery_lightbox;promo_banner;tags;two_column,cover_box_dark;teaser_media;teaser_overlay;teaser_toolbar,,
https://www.skoda-storyboard.com/en/press-releases/aci-rally-monza-skoda-ends-2020-world-championship-season-with-wrc3-double-victory/,MR,press_release,press_release,200,card_teaser;carousel_rails;cover_box;downloads;gallery_lightbox;promo_banner;tags;two_column,cover_box_dark;teaser_media;teaser_overlay;teaser_toolbar,vimeo,
https://www.skoda-storyboard.com/en/press-releases/aci-rally-monza-skoda-crews-survive-winterly-mountain-stages-to-keep-1-2-lead-in-wrc3/,MR,press_release,press_release,200,card_teaser;carousel_rails;cover_box;downloads;gallery_lightbox;promo_banner;tags;two_column,cover_box_dark;teaser_media;teaser_overlay;teaser_toolbar,,
https://www.skoda-storyboard.com/en/press-releases/aci-rally-monza-clever-tactics-pays-off-as-skoda-crews-lead-wrc2-and-wrc3-after-first-leg/,MR,press_release,press_release,200,card_teaser;carousel_rails;cover_box;downloads;gallery_lightbox;promo_banner;tags;two_column,cover_box_dark;teaser_media;teaser_overlay;teaser_toolbar,,
https://www.skoda-storyboard.com/en/press-releases/skoda-auto-adds-location-based-offers-to-its-range-of-connectivity-services-2/,MR,press_release,press_release,200,card_teaser;cover_box;downloads;gallery_lightbox;promo_banner;tags;two_column,cover_box_dark;teaser_media;teaser_overlay;teaser_toolbar,,
https://www.skoda-storyboard.com/en/press-releases/115-years-of-automotive-engineering-in-mlada-boleslav-in-december-1905-laurin-klement-presented-the-voiturette-a/,MR,press_release,press_release,200,card_teaser;carousel_rails;cover_box;downloads;gallery_lightbox;promo_banner;tags;two_column,cover_box_dark;teaser_media;teaser_overlay;teaser_toolbar,,
https://www.skoda-storyboard.com/en/press-releases/skoda-auto-appoints-peter-olah-as-head-of-interior-design/,MR,press_release,press_release,200,card_teaser;carousel_rails;cover_box;downloads;gallery_lightbox;promo_banner;tags;two_column,cover_box_dark;teaser_media;teaser_overlay;teaser_toolbar,,
https://www.skoda-storyboard.com/en/press-releases/aci-rally-monza-final-round-of-the-fia-world-rally-championship-with-strong-presence-of-skoda-crews-2/,MR,press_release,press_release,200,card_teaser;carousel_rails;cover_box;downloads;gallery_lightbox;promo_banner;tags;two_column,cover_box_dark;teaser_media;teaser_overlay;teaser_toolbar,,
https://www.skoda-storyboard.com/en/press-releases/auto-trophy-2020-six-wins-for-skoda/,MR,press_release,press_release,200,card_teaser;cover_box;downloads;gallery_lightbox;promo_banner;tags;two_column,cover_box_dark;teaser_media;teaser_overlay;teaser_toolbar,,
https://www.skoda-storyboard.com/en/press-releases/skoda-auto-launches-series-production-of-the-enyaq-iv-at-its-main-plant-in-mlada-boleslav/,MR,press_release,press_release,200,card_teaser;carousel_rails;cover_box;downloads;gallery_lightbox;promo_banner;tags;two_column,cover_box_dark;teaser_media;teaser_overlay;teaser_toolbar,,
https://www.skoda-storyboard.com/en/press-releases/videos-production-at-the-skoda-auto-kvasiny-plant/,MR,press_release,press_release,200,card_teaser;carousel_rails;cover_box;downloads;promo_banner;tags;two_column,cover_box_dark;teaser_media;teaser_overlay;teaser_toolbar,vimeo,
https://www.skoda-storyboard.com/en/press-releases/skoda-auto-is-presented-with-companybest-2020-award/,MR,press_release,press_release,200,card_teaser;cover_box;downloads;gallery_lightbox;promo_banner;tags;two_column,cover_box_dark;teaser_media;teaser_overlay;teaser_toolbar,,
https://www.skoda-storyboard.com/en/press-releases/new-photovoltaic-system-for-skoda-auto-service-centre-in-kosmonosy/,MR,press_release,press_release,200,card_teaser;carousel_rails;cover_box;downloads;gallery_lightbox;promo_banner;tags;two_column,cover_box_dark;teaser_media;teaser_overlay;teaser_toolbar,,
https://www.skoda-storyboard.com/en/press-releases/video-production-of-the-skoda-octavia-at-the-mlada-boleslav-plant/,MR,press_release,press_release,200,card_teaser;cover_box;downloads;promo_banner;tags;two_column,cover_box_dark;teaser_media;teaser_overlay;teaser_toolbar,vimeo,
https://www.skoda-storyboard.com/en/press-releases/follow-the-vehicle-skoda-auto-and-the-vsb-technical-university-of-ostrava-collaborate-on-automated-car-convoy-project/,MR,press_release,press_release,200,card_teaser;cover_box;downloads;gallery_lightbox;promo_banner;tags;two_column,cover_box_dark;teaser_media;teaser_overlay;teaser_toolbar,,
https://www.skoda-storyboard.com/en/press-releases/skoda-slavia-continues-to-enjoy-international-attention/,MR,press_release,press_release,200,card_teaser;carousel_rails;cover_box;downloads;gallery_lightbox;promo_banner;tags;two_column,cover_box_dark;teaser_media;teaser_overlay;teaser_toolbar,,
https://www.skoda-storyboard.com/en/press-releases/skoda-auto-gains-additional-capacity-within-volkswagen-groups-production-network/,MR,press_release,press_release,200,card_teaser;carousel_rails;cover_box;downloads;gallery_lightbox;promo_banner;tags;two_column,cover_box_dark;teaser_media;teaser_overlay;teaser_toolbar,,
https://www.skoda-storyboard.com/en/press-releases/all-new-skoda-octavia-wins-austrian-prestigious-car-award/,MR,press_release,press_release,200,card_teaser;carousel_rails;cover_box;downloads;gallery_lightbox;promo_banner;tags;two_column,cover_box_dark;teaser_media;teaser_overlay;teaser_toolbar,,
https://www.skoda-storyboard.com/en/press-releases/dr-florian-weymar-to-head-skoda-auto-quality-assurance/,MR,press_release,press_release,200,card_teaser;cover_box;downloads;gallery_lightbox;promo_banner;tags;two_column,cover_box_dark;teaser_media;teaser_overlay;teaser_toolbar,,
https://www.skoda-storyboard.com/en/press-releases/new-skoda-auto-board-member-for-technical-development/,MR,press_release,press_release,200,card_teaser;cover_box;downloads;gallery_lightbox;promo_banner;tags;two_column,cover_box_dark;teaser_media;teaser_overlay;teaser_toolbar,,
https://www.skoda-storyboard.com/en/press-releases/skoda-enyaq-iv-led-three-stages-of-spanish-cycling-tour-la-vuelta/,MR,press_release,press_release,200,card_teaser;carousel_rails;cover_box;downloads;gallery_lightbox;promo_banner;tags;two_column,cover_box_dark;teaser_media;teaser_overlay;teaser_toolbar,,
https://www.skoda-storyboard.com/en/press-releases/rally-hungary-skoda-privateer-andreas-mikkelsen-wins-rally-hungary-oliver-solberg-finishes-fourth/,MR,press_release,press_release,200,card_teaser;carousel_rails;cover_box;downloads;gallery_lightbox;promo_banner;tags;two_column,cover_box_dark;teaser_media;teaser_overlay;teaser_toolbar,,
https://www.skoda-storyboard.com/en/press-releases/skoda-auto-achieves-operating-profit-of-469-million-euros-in-first-three-quarters-of-2020/,MR,press_release,press_release,200,card_teaser;carousel_rails;cover_box;downloads;gallery_lightbox;promo_banner;tags;two_column,cover_box_dark;teaser_media;teaser_overlay;teaser_toolbar,,
https://www.skoda-storyboard.com/en/press-releases/skoda-fablab-tests-and-optimises-image-analysis-technology-as-part-of-an-ai-pilot-project/,MR,press_release,press_release,200,card_teaser;cover_box;downloads;gallery_lightbox;promo_banner;tags;two_column,cover_box_dark;teaser_media;teaser_overlay;teaser_toolbar,,
https://www.skoda-storyboard.com/en/press-releases/simply-unbeatable-skoda-octavia-crowned-auto-express-new-car-of-the-year-2020/,MR,press_release,press_release,200,card_teaser;carousel_rails;cover_box;downloads;gallery_lightbox;promo_banner;tags;two_column,cover_box_dark;teaser_media;teaser_overlay;teaser_toolbar,,
https://www.skoda-storyboard.com/en/press-releases/rally-italia-sardegna-skoda-privateer-pontus-tidemand-wins-wrc2-and-extends-overall-lead/,MR,press_release,press_release,200,card_teaser;carousel_rails;cover_box;downloads;gallery_lightbox;promo_banner;tags;two_column,cover_box_dark;teaser_media;teaser_overlay;teaser_toolbar,vimeo,
https://www.skoda-storyboard.com/en/press-releases/rally-italia-sardegna-swedish-skoda-privateer-pontus-tidemand-maintains-wrc2-lead/,MR,press_release,press_release,200,card_teaser;carousel_rails;cover_box;downloads;gallery_lightbox;promo_banner;tags;two_column,cover_box_dark;teaser_media;teaser_overlay;teaser_toolbar,,
https://www.skoda-storyboard.com/en/press-releases/rally-italia-sardegna-two-skoda-crews-on-top-of-wrc2-and-wrc3-after-tough-first-leg/,MR,press_release,press_release,200,card_teaser;carousel_rails;cover_box;downloads;gallery_lightbox;promo_banner;tags;two_column,cover_box_dark;teaser_media;teaser_overlay;teaser_toolbar,,
https://www.skoda-storyboard.com/en/press-releases/rally-italia-sardegna-skoda-privateers-fight-for-victories-in-wrc2-and-wrc3/,MR,press_release,press_release,200,card_teaser;carousel_rails;cover_box;downloads;gallery_lightbox;promo_banner;tags;two_column,cover_box_dark;teaser_media;teaser_overlay;teaser_toolbar,,
https://www.skoda-storyboard.com/en/press-releases/skoda-auto-uses-artificial-intelligence-for-even-more-accurate-car-diagnostics-2/,MR,press_release,press_release,200,card_teaser;cover_box;downloads;gallery_lightbox;promo_banner;tags;two_column,cover_box_dark;teaser_media;teaser_overlay;teaser_toolbar,,
https://www.skoda-storyboard.com/en/press-releases/for-weather-and-news-skoda-launches-infotainment-apps-in-scala-kamiq-karoq-kodiaq-and-superb/,MR,press_release,press_release,200,card_teaser;carousel_rails;cover_box;downloads;gallery_lightbox;promo_banner;tags;two_column,cover_box_dark;teaser_media;teaser_overlay;teaser_toolbar,,
https://www.skoda-storyboard.com/en/press-releases/skoda-auto-logistics-optimises-use-of-container-space-with-help-of-artificial-intelligence/,MR,press_release,press_release,200,card_teaser;cover_box;downloads;gallery_lightbox;promo_banner;tags;two_column,cover_box_dark;teaser_media;teaser_overlay;teaser_toolbar,vimeo,
https://www.skoda-storyboard.com/en/press-releases/robot-delivers-just-in-sequence-parts-directly-to-the-production-line-at-the-skoda-auto-plant-in-kvasiny/,MR,press_release,press_release,200,card_teaser;carousel_rails;cover_box;downloads;gallery_lightbox;promo_banner;tags;two_column,cover_box_dark;teaser_media;teaser_overlay;teaser_toolbar,,
https://www.skoda-storyboard.com/en/press-releases/streamlined-icon-of-the-brand-the-skoda-935-dynamic-celebrates-its-85th-birthday/,MR,press_release,press_release,200,card_teaser;carousel_rails;cover_box;downloads;gallery_lightbox;promo_banner;tags;two_column,cover_box_dark;teaser_media;teaser_overlay;teaser_toolbar,,
https://www.skoda-storyboard.com/en/press-releases/skoda-joins-forces-with-parkopedia-to-help-drivers-find-parking-spaces-quicker-and-easier-in-real-time/,MR,press_release,press_release,200,card_teaser;carousel_rails;cover_box;downloads;gallery_lightbox;promo_banner;tags;two_column,cover_box_dark;teaser_media;teaser_overlay;teaser_toolbar,,
https://www.skoda-storyboard.com/en/press-releases/tadej-pogacar-wins-the-107th-tour-de-france-and-receives-crystal-glass-trophy-from-skoda-design/,MR,press_release,press_release,200,card_teaser;cover_box;downloads;gallery_lightbox;promo_banner;tags;two_column,cover_box_dark;teaser_media;teaser_overlay;teaser_toolbar,,
https://www.skoda-storyboard.com/en/press-releases/20-years-of-the-skoda-fabia-combi-a-real-success-story/,MR,press_release,press_release,200,card_teaser;carousel_rails;cover_box;downloads;gallery_lightbox;promo_banner;tags;two_column,cover_box_dark;teaser_media;teaser_overlay;teaser_toolbar,,
https://www.skoda-storyboard.com/en/press-releases/skoda-auto-introduces-plasma-coated-cylinder-blocks/,MR,press_release,press_release,200,card_teaser;carousel_rails;cover_box;downloads;gallery_lightbox;promo_banner;tags;two_column,cover_box_dark;teaser_media;teaser_overlay;teaser_toolbar,,
https://www.skoda-storyboard.com/en/press-releases/mild-hybrid-plug-in-hybrid-and-natural-gas-new-powertrain-variants-for-the-skoda-octavia/,MR,press_release,press_release,200,card_teaser;cover_box;downloads;gallery_lightbox;promo_banner;row_toggle;siteorigin_body;tags;two_column,cover_box_dark;teaser_media;teaser_overlay;teaser_toolbar,vimeo,
https://www.skoda-storyboard.com/en/press-releases/skoda-auto-wraps-parts-to-be-delivered-to-india-in-biodegradable-film/,MR,press_release,press_release,200,card_teaser;cover_box;downloads;gallery_lightbox;promo_banner;tags;two_column,cover_box_dark;teaser_media;teaser_overlay;teaser_toolbar,,
https://www.skoda-storyboard.com/en/press-releases/50-years-of-the-110-r-half-a-century-ago-skoda-presented-its-legendary-sports-coupe/,MR,press_release,press_release,200,card_teaser;carousel_rails;cover_box;downloads;gallery_lightbox;promo_banner;tags;two_column,cover_box_dark;teaser_media;teaser_overlay;teaser_toolbar,vimeo,
https://www.skoda-storyboard.com/en/press-releases/skoda-auto-digilab-and-transport-company-regiojet-enter-into-all-embracing-partnership/,MR,press_release,press_release,200,card_teaser;cover_box;downloads;gallery_lightbox;promo_banner;tags;two_column,cover_box_dark;teaser_media;teaser_overlay;teaser_toolbar,,
https://www.skoda-storyboard.com/en/press-releases/skoda-design-creates-trophies-for-tour-de-france-winners-for-10th-time/,MR,press_release,press_release,200,card_teaser;cover_box;downloads;gallery_lightbox;promo_banner;tags;two_column,cover_box_dark;teaser_media;teaser_overlay;teaser_toolbar,,
https://www.skoda-storyboard.com/en/press-releases/mobility-that-inspires-skoda-launches-global-campaign-for-the-iv-e-mobility-sub-brand/,MR,press_release,press_release,200,card_teaser;cover_box;downloads;gallery_lightbox;promo_banner;tags;two_column,cover_box_dark;teaser_media;teaser_overlay;teaser_toolbar,,
https://www.skoda-storyboard.com/en/press-releases/pictures-of-the-new-skoda-enyaq-iv-appearing-as-the-red-car-at-the-tour-de-france/,MR,press_release,press_release,200,card_teaser;carousel_rails;cover_box;downloads;gallery_lightbox;promo_banner;tags;two_column,cover_box_dark;teaser_media;teaser_overlay;teaser_toolbar,,
https://www.skoda-storyboard.com/en/press-releases/world-premiere-of-the-new-skoda-enyaq-iv-in-pictures/,MR,press_release,press_release,200,card_teaser;carousel_rails;cover_box;downloads;promo_banner;tags;two_column,cover_box_dark;teaser_media;teaser_overlay;teaser_toolbar,,
https://www.skoda-storyboard.com/en/press-releases/skoda-enyaq-iv-makes-its-debut-as-the-lead-vehicle-in-the-tour-de-france/,MR,press_release,press_release,200,card_teaser;cover_box;downloads;gallery_lightbox;promo_banner;tags;two_column,cover_box_dark;teaser_media;teaser_overlay;teaser_toolbar,,
https://www.skoda-storyboard.com/en/press-releases/skoda-auto-invests-32-million-euros-in-enyaq-iv-production-line-at-its-mlada-boleslav-plant/,MR,press_release,press_release,200,card_teaser;carousel_rails;cover_box;downloads;gallery_lightbox;promo_banner;tags;two_column,cover_box_dark;teaser_media;teaser_overlay;teaser_toolbar,,
https://www.skoda-storyboard.com/en/press-releases/world-premiere-of-the-new-enyaq-iv-takes-place-in-prague-today/,MR,press_release,press_release,200,card_teaser;carousel_rails;cover_box;downloads;gallery_lightbox;promo_banner;tags;two_column,cover_box_dark;teaser_media;teaser_overlay;teaser_toolbar,,
https://www.skoda-storyboard.com/en/press-releases/keeping-you-safe-on-the-road-with-skoda-care-connect/,MR,press_release,press_release,200,card_teaser;cover_box;downloads;gallery_lightbox;promo_banner;tags;two_column,cover_box_dark;teaser_media;teaser_overlay;teaser_toolbar,,
https://www.skoda-storyboard.com/en/press-releases/former-formula-1-driver-and-le-mans-winner-hans-joachim-stuck-drives-skoda-sport-from-1950/,MR,press_release,press_release,200,card_teaser;cover_box;downloads;gallery_lightbox;promo_banner;tags;two_column,cover_box_dark;teaser_media;teaser_overlay;teaser_toolbar,,
https://www.skoda-storyboard.com/en/press-releases/live-on-site-and-virtual-world-premiere-of-the-new-skoda-enyaq-iv-on-1-september-2020-will-be-a-two-in-one-event/,MR,press_release,press_release,200,card_teaser;carousel_rails;cover_box;downloads;gallery_lightbox;promo_banner;tags;two_column,cover_box_dark;teaser_media;teaser_overlay;teaser_toolbar,,
https://www.skoda-storyboard.com/en/press-releases/skoda-auto-produces-its-13-millionth-current-generation-gearbox/,MR,press_release,press_release,200,card_teaser;cover_box;downloads;gallery_lightbox;promo_banner;tags;two_column,cover_box_dark;teaser_media;teaser_overlay;teaser_toolbar,,
https://www.skoda-storyboard.com/en/press-releases/skoda-auto-official-main-partner-of-the-tour-de-france-for-17th-time/,MR,press_release,press_release,200,card_teaser;cover_box;downloads;gallery_lightbox;promo_banner;tags;two_column,cover_box_dark;teaser_media;teaser_overlay;teaser_toolbar,,
https://www.skoda-storyboard.com/en/press-releases/skoda-enyaq-iv-takes-a-fresh-approach-to-lighting-design/,MR,press_release,press_release,200,card_teaser;cover_box;downloads;gallery_lightbox;promo_banner;tags;two_column,cover_box_dark;teaser_media;teaser_overlay;teaser_toolbar,,
https://www.skoda-storyboard.com/en/press-releases/skoda-takes-another-step-forward-in-design-with-the-enyaq-iv/,MR,press_release,press_release,200,card_teaser;carousel_rails;cover_box;downloads;gallery_lightbox;promo_banner;tags;two_column,cover_box_dark;teaser_media;teaser_overlay;teaser_toolbar,vimeo,
https://www.skoda-storyboard.com/en/press-releases/skoda-auto-takes-further-precautions-to-prevent-potential-covid-19-infections/,MR,press_release,press_release,200,card_teaser;carousel_rails;cover_box;downloads;gallery_lightbox;promo_banner;tags;two_column,cover_box_dark;teaser_media;teaser_overlay;teaser_toolbar,,
https://www.skoda-storyboard.com/en/press-releases/125-years-of-skoda-a-journey-through-time-with-twelve-automotive-milestones-from-the-companys-history/,MR,press_release,press_release,200,card_teaser;carousel_rails;cover_box;downloads;gallery_lightbox;promo_banner;tags;two_column,cover_box_dark;teaser_media;teaser_overlay;teaser_toolbar,vimeo,
https://www.skoda-storyboard.com/en/press-releases/new-chairman-of-the-board-appointed-at-skoda-auto/,MR,press_release,press_release,200,card_teaser;cover_box;downloads;gallery_lightbox;promo_banner;tags;two_column,cover_box_dark;teaser_media;teaser_overlay;teaser_toolbar,,
https://www.skoda-storyboard.com/en/press-releases/skoda-1000-mb-1964-1969-the-revolutionary-change-of-concept/,MR,press_release,press_release,200,card_teaser;carousel_rails;cover_box;downloads;gallery_lightbox;promo_banner;tags;two_column,cover_box_dark;teaser_media;teaser_overlay;teaser_toolbar,vimeo,
https://www.skoda-storyboard.com/en/press-releases/skoda-trekka-1966-1972-tailor-made-for-customers-in-faraway-markets/,MR,press_release,press_release,200,card_teaser;carousel_rails;cover_box;downloads;gallery_lightbox;promo_banner;tags;two_column,cover_box_dark;teaser_media;teaser_overlay;teaser_toolbar,vimeo,
https://www.skoda-storyboard.com/en/press-releases/skoda-favorit-1987-1994-the-dawn-of-the-modern-era/,MR,press_release,press_release,200,card_teaser;carousel_rails;cover_box;downloads;gallery_lightbox;promo_banner;tags;two_column,cover_box_dark;teaser_media;teaser_overlay;teaser_toolbar,vimeo,
https://www.skoda-storyboard.com/en/press-releases/skodas-first-100-battery-powered-vehicle-enyaq-iv-2020/,MR,press_release,press_release,200,card_teaser;cover_box;downloads;gallery_lightbox;promo_banner;tags;two_column,cover_box_dark;teaser_media;teaser_overlay;teaser_toolbar,vimeo,
https://www.skoda-storyboard.com/en/press-releases/dawn-of-a-new-era-in-design-skoda-scala-2019/,MR,press_release,press_release,200,card_teaser;cover_box;downloads;gallery_lightbox;promo_banner;tags;two_column,cover_box_dark;teaser_media;teaser_overlay;teaser_toolbar,vimeo,
https://www.skoda-storyboard.com/en/press-releases/skoda-popular-monte-carlo-1936-1939-the-elegant-model-with-rally-dna/,MR,press_release,press_release,200,card_teaser;cover_box;downloads;gallery_lightbox;promo_banner;tags;two_column,cover_box_dark;teaser_media;teaser_overlay;teaser_toolbar,vimeo,
https://www.skoda-storyboard.com/en/press-releases/lk-voiturette-a-1905-1907-the-first-automobile-made-in-mlada-boleslav/,MR,press_release,press_release,200,card_teaser;carousel_rails;cover_box;downloads;gallery_lightbox;promo_banner;tags;two_column,cover_box_dark;teaser_media;teaser_overlay;teaser_toolbar,vimeo,
https://www.skoda-storyboard.com/en/press-releases/skoda-110-r-1970-1980-elegant-coupe-and-basis-for-many-sporting-successes/,MR,press_release,press_release,200,card_teaser;carousel_rails;cover_box;downloads;gallery_lightbox;promo_banner;tags;two_column,cover_box_dark;teaser_media;teaser_overlay;teaser_toolbar,vimeo,
https://www.skoda-storyboard.com/en/press-releases/skoda-yeti-2009-2018-first-member-of-skodas-popular-suv-family/,MR,press_release,press_release,200,card_teaser;cover_box;downloads;gallery_lightbox;promo_banner;tags;two_column,cover_box_dark;teaser_media;teaser_overlay;teaser_toolbar,vimeo,
https://www.skoda-storyboard.com/en/press-releases/skoda-octavia-1996-2010-a-magnificent-fourteen-year-career/,MR,press_release,press_release,200,card_teaser;cover_box;downloads;gallery_lightbox;promo_banner;tags;two_column,cover_box_dark;teaser_media;teaser_overlay;teaser_toolbar,vimeo,
https://www.skoda-storyboard.com/en/press-releases/skoda-felicia-1959-1964-the-convertible-with-the-rhythm-of-the-1960s/,MR,press_release,press_release,200,card_teaser;carousel_rails;cover_box;downloads;gallery_lightbox;promo_banner;tags;two_column,cover_box_dark;teaser_media;teaser_overlay;teaser_toolbar,vimeo,
https://www.skoda-storyboard.com/en/press-releases/skoda-superb-1934-1949-founder-of-the-traditional-flagship-model-series/,MR,press_release,press_release,200,card_teaser;carousel_rails;cover_box;downloads;gallery_lightbox;promo_banner;tags;two_column,cover_box_dark;teaser_media;teaser_overlay;teaser_toolbar,vimeo,
https://www.skoda-storyboard.com/en/press-releases/skoda-auto-achieves-operating-profit-of-228-million-euros-in-first-half-of-2020-despite-covid-19-pandemic/,MR,press_release,press_release,200,card_teaser;carousel_rails;cover_box;downloads;gallery_lightbox;promo_banner;tags;two_column,cover_box_dark;teaser_media;teaser_overlay;teaser_toolbar,,
https://www.skoda-storyboard.com/en/press-releases/125-years-of-skoda-special-exhibition-at-autostadt/,MR,press_release,press_release,200,card_teaser;cover_box;downloads;gallery_lightbox;promo_banner;tags;two_column,cover_box_dark;teaser_media;teaser_overlay;teaser_toolbar,,
https://www.skoda-storyboard.com/en/press-releases/skoda-slavia-endurance-test-student-car-2020-impresses-rally-professionals-jan-kopecky-and-jan-hlousek/,MR,press_release,press_release,200,card_teaser;carousel_rails;cover_box;downloads;gallery_lightbox;promo_banner;tags;two_column,cover_box_dark;teaser_media;teaser_overlay;teaser_toolbar,,
https://www.skoda-storyboard.com/en/press-releases/most-popular-accessories-for-the-skoda-models-scala-and-kamiq/,MR,press_release,press_release,200,card_teaser;carousel_rails;cover_box;downloads;gallery_lightbox;promo_banner;tags;two_column,cover_box_dark;teaser_media;teaser_overlay;teaser_toolbar,,
https://www.skoda-storyboard.com/en/press-releases/skoda-breaks-new-ground-in-interior-design-with-individual-design-selections-for-the-enyaq-iv/,MR,press_release,press_release,200,card_teaser;cover_box;downloads;gallery_lightbox;promo_banner;tags;two_column,cover_box_dark;teaser_media;teaser_overlay;teaser_toolbar,,
https://www.skoda-storyboard.com/en/press-releases/skodas-clever-luggage-solutions-for-travel-and-leisure/,MR,press_release,press_release,200,card_teaser;cover_box;downloads;gallery_lightbox;promo_banner;tags;two_column,cover_box_dark;teaser_media;teaser_overlay;teaser_toolbar,,
https://www.skoda-storyboard.com/en/press-releases/skoda-parts-centre-in-mlada-boleslav-ensuring-fast-and-reliable-supply-of-genuine-parts-for-20-years/,MR,press_release,press_release,200,card_teaser;carousel_rails;cover_box;downloads;gallery_lightbox;promo_banner;tags;two_column,cover_box_dark;teaser_media;teaser_overlay;teaser_toolbar,,
https://www.skoda-storyboard.com/en/press-releases/industry-4-0-skoda-auto-vrchlabi-plant-has-made-use-of-digital-twin/,MR,press_release,press_release,200,card_teaser;carousel_rails;cover_box;downloads;gallery_lightbox;promo_banner;tags;two_column,cover_box_dark;teaser_media;teaser_overlay;teaser_toolbar,,
https://www.skoda-storyboard.com/en/press-releases/skoda-celebrates-world-premiere-of-new-enyaq-iv-in-prague-on-1-september/,MR,press_release,press_release,200,card_teaser;cover_box;downloads;gallery_lightbox;promo_banner;tags;two_column,cover_box_dark;teaser_media;teaser_overlay;teaser_toolbar,,
https://www.skoda-storyboard.com/en/press-releases/production-milestone-skoda-auto-manufactures-three-millionth-car-in-china/,MR,press_release,press_release,200,card_teaser;carousel_rails;cover_box;downloads;gallery_lightbox;promo_banner;tags;two_column,cover_box_dark;teaser_media;teaser_overlay;teaser_toolbar,vimeo,
https://www.skoda-storyboard.com/en/press-releases/wild-open-and-carefree-the-skoda-slavia-is-the-seventh-student-concept-car/,MR,press_release,press_release,200,card_teaser;carousel_rails;cover_box;promo_banner;row_toggle;siteorigin_body;tags;two_column,cover_box_dark;teaser_media;teaser_overlay;teaser_toolbar,vimeo,
https://www.skoda-storyboard.com/en/press-releases/skoda-assistants-actively-support-warn-and-protect/,MR,press_release,press_release,200,card_teaser;carousel_rails;cover_box;downloads;gallery_lightbox;promo_banner;tags;two_column,cover_box_dark;teaser_media;teaser_overlay;teaser_toolbar,,
https://www.skoda-storyboard.com/en/press-releases/skoda-auto-vrchlabi-plant-launches-automated-ordering-and-supply-of-parts-for-cnc-processing-lines/,MR,press_release,press_release,200,card_teaser;carousel_rails;cover_box;downloads;gallery_lightbox;promo_banner;tags;two_column,cover_box_dark;teaser_media;teaser_overlay;teaser_toolbar,,
https://www.skoda-storyboard.com/en/press-releases/leadership-change-at-skoda-auto/,MR,press_release,press_release,200,card_teaser;carousel_rails;cover_box;downloads;gallery_lightbox;promo_banner;tags;two_column,cover_box_dark;teaser_media;teaser_overlay;teaser_toolbar,,
https://www.skoda-storyboard.com/en/press-releases/seventh-skoda-student-car-is-called-slavia/,MR,press_release,press_release,200,card_teaser;carousel_rails;cover_box;downloads;gallery_lightbox;promo_banner;tags;two_column,cover_box_dark;teaser_media;teaser_overlay;teaser_toolbar,,
https://www.skoda-storyboard.com/en/press-releases/vrchlabi-plant-to-become-first-co2-neutral-skoda-auto-production-site-by-the-end-of-the-year/,MR,press_release,press_release,200,card_teaser;cover_box;downloads;gallery_lightbox;promo_banner;tags;two_column,cover_box_dark;teaser_media;teaser_overlay;teaser_toolbar,,
https://www.skoda-storyboard.com/en/press-releases/skoda-auto-files-the-most-patent-applications-of-all-czech-companies-in-2019/,MR,press_release,press_release,200,card_teaser;cover_box;downloads;gallery_lightbox;promo_banner;tags;two_column,cover_box_dark;teaser_media;teaser_overlay;teaser_toolbar,,
https://www.skoda-storyboard.com/en/press-releases/virtual-premiere-of-octavia-rs-and-octavia-scout/,MR,press_release,press_release,200,card_teaser;carousel_rails;cover_box;downloads;gallery_lightbox;promo_banner;row_toggle;siteorigin_body;tags;two_column,cover_box_dark;teaser_media;teaser_overlay;teaser_toolbar,vimeo,
https://www.skoda-storyboard.com/en/press-releases/skoda-karoq-kodiaq-and-superb-begin-2021-model-year-with-new-infotainment-generation/,MR,press_release,press_release,200,card_teaser;carousel_rails;cover_box;downloads;gallery_lightbox;promo_banner;tags;two_column,cover_box_dark;teaser_media;teaser_overlay;teaser_toolbar,,
https://www.skoda-storyboard.com/en/press-releases/eco-friendly-and-cost-effective-alternative-the-new-skoda-octavia-g-tec/,MR,press_release,press_release,200,card_teaser;carousel_rails;cover_box;downloads;gallery_lightbox;promo_banner;tags;two_column,cover_box_dark;teaser_media;teaser_overlay;teaser_toolbar,,
https://www.skoda-storyboard.com/en/press-releases/skoda-motorsport-operates-again-at-full-swing/,MR,press_release,press_release,200,card_teaser;carousel_rails;cover_box;downloads;gallery_lightbox;promo_banner;tags;two_column,cover_box_dark;teaser_media;teaser_overlay;teaser_toolbar,,
https://www.skoda-storyboard.com/en/press-releases/the-triumph-at-dourdan-laurin-klement-won-the-motorcycle-world-championship-115-years-ago/,MR,press_release,press_release,200,card_teaser;cover_box;downloads;gallery_lightbox;promo_banner;tags;two_column,cover_box_dark;teaser_media;teaser_overlay;teaser_toolbar,,
https://www.skoda-storyboard.com/en/press-releases/70-years-ago-today-skodas-only-start-in-the-famous-24-hours-of-le-mans/,MR,press_release,press_release,200,card_teaser;cover_box;downloads;gallery_lightbox;promo_banner;tags;two_column,cover_box_dark;teaser_media;teaser_overlay;teaser_toolbar,,
https://www.skoda-storyboard.com/en/press-releases/skoda-wins-six-family-car-of-the-year-awards-in-auto-strasenverkehr-readers-choice/,MR,press_release,press_release,200,card_teaser;carousel_rails;cover_box;downloads;gallery_lightbox;promo_banner;tags;two_column,cover_box_dark;teaser_media;teaser_overlay;teaser_toolbar,,
https://www.skoda-storyboard.com/en/press-releases/countless-new-features-introduced-to-skoda-portfolio-for-2021-model-year/,MR,press_release,press_release,200,card_teaser;carousel_rails;cover_box;downloads;gallery_lightbox;promo_banner;tags;two_column,cover_box_dark;teaser_media;teaser_overlay;teaser_toolbar,,
https://www.skoda-storyboard.com/en/press-releases/110-years-of-the-austrian-alpine-rally-laurin-klement-celebrate-success-in-the-most-challenging-rally-of-their-time/,MR,press_release,press_release,200,card_teaser;carousel_rails;cover_box;downloads;gallery_lightbox;promo_banner;tags;two_column,cover_box_dark;teaser_media;teaser_overlay;teaser_toolbar,,
https://www.skoda-storyboard.com/en/press-releases/production-milestone-reached-in-mlada-boleslav-skoda-auto-manufactures-3-millionth-ea211-engine/,MR,press_release,press_release,200,card_teaser;cover_box;downloads;gallery_lightbox;promo_banner;tags;two_column,cover_box_dark;teaser_media;teaser_overlay;teaser_toolbar,,
https://www.skoda-storyboard.com/en/press-releases/digital-networked-and-intuitive-to-use-the-skoda-octavias-infotainment-systems/,MR,press_release,press_release,200,card_teaser;cover_box;downloads;gallery_lightbox;promo_banner;tags;two_column,cover_box_dark;teaser_media;teaser_overlay;teaser_toolbar,,
https://www.skoda-storyboard.com/en/press-releases/when-safety-becomes-more-important-than-speed-the-skoda-fabia-rally2-evos-role-as-guardian-angel/,MR,press_release,press_release,200,card_teaser;cover_box;downloads;gallery_lightbox;promo_banner;tags;two_column,cover_box_dark;teaser_media;teaser_overlay;teaser_toolbar,,
https://www.skoda-storyboard.com/en/press-releases/skoda-student-car-tradition-resurrects-1970s-project-concept/,MR,press_release,press_release,200,card_teaser;carousel_rails;cover_box;downloads;gallery_lightbox;promo_banner;tags;two_column,cover_box_dark;teaser_media;teaser_overlay;teaser_toolbar,,
https://www.skoda-storyboard.com/en/press-releases/skoda-auto-backs-czech-national-programme-mobility-innovation-hub/,MR,press_release,press_release,200,card_teaser;cover_box;downloads;promo_banner;tags;two_column,cover_box_dark;teaser_media;teaser_overlay;teaser_toolbar,,
https://www.skoda-storyboard.com/en/press-releases/lifestyle-estate-in-its-3rd-generation-the-new-skoda-octavia-scout/,MR,press_release,press_release,200,card_teaser;cover_box;downloads;gallery_lightbox;promo_banner;tags;two_column,cover_box_dark;teaser_media;teaser_overlay;teaser_toolbar,,
https://www.skoda-storyboard.com/en/press-releases/beatskodaaces-skoda-motorsport-echallenge-proceeds-to-round-3-with-virtual-rally-catalunya/,MR,press_release,press_release,200,card_teaser;carousel_rails;cover_box;downloads;gallery_lightbox;promo_banner;tags;two_column,cover_box_dark;teaser_media;teaser_overlay;teaser_toolbar,,
https://www.skoda-storyboard.com/en/press-releases/change-to-skoda-auto-board-of-management/,MR,press_release,press_release,200,card_teaser;cover_box;downloads;gallery_lightbox;promo_banner;tags;two_column,cover_box_dark;teaser_media;teaser_overlay;teaser_toolbar,,
https://www.skoda-storyboard.com/en/press-releases/skoda-auto-digilab-hosts-online-covid-mobility-race-hackathon-to-benefit-the-automotive-industry/,MR,press_release,press_release,200,card_teaser;cover_box;downloads;gallery_lightbox;promo_banner;tags;two_column,cover_box_dark;teaser_media;teaser_overlay;teaser_toolbar,,
https://www.skoda-storyboard.com/en/press-releases/skoda-octavia-and-skoda-superb-voted-4x4-of-the-year/,MR,press_release,press_release,200,card_teaser;cover_box;downloads;gallery_lightbox;promo_banner;tags;two_column,cover_box_dark;teaser_media;teaser_overlay;teaser_toolbar,,
https://www.skoda-storyboard.com/en/press-releases/technical-innovations-tested-in-motorsport-made-their-way-into-road-cars-from-skoda/,MR,press_release,press_release,200,card_teaser;cover_box;downloads;gallery_lightbox;promo_banner;tags;two_column,cover_box_dark;teaser_media;teaser_overlay;teaser_toolbar,,
https://www.skoda-storyboard.com/en/press-releases/world-bicycle-day-2020-and-skoda-a-tradition-of-excellence-on-two-wheels-too/,MR,press_release,press_release,200,card_teaser;carousel_rails;cover_box;downloads;gallery_lightbox;promo_banner;tags;two_column,cover_box_dark;teaser_media;teaser_overlay;teaser_toolbar,,
https://www.skoda-storyboard.com/en/press-releases/ergo-comfort-seats-in-the-new-skoda-octavia-have-the-agr-seal-of-approval/,MR,press_release,press_release,200,card_teaser;carousel_rails;cover_box;downloads;gallery_lightbox;promo_banner;tags;two_column,cover_box_dark;teaser_media;teaser_overlay;teaser_toolbar,,
https://www.skoda-storyboard.com/en/press-releases/two-become-one-skoda-connect-all-the-key-data-in-a-single-app/,MR,press_release,press_release,200,card_teaser;cover_box;downloads;gallery_lightbox;promo_banner;tags;two_column,cover_box_dark;teaser_media;teaser_overlay;teaser_toolbar,,
https://www.skoda-storyboard.com/en/press-releases/ride2unite-skoda-hosts-livestream-with-cycling-pros-motivating-fans-to-take-part-in-sports/,MR,press_release,press_release,200,card_teaser;carousel_rails;cover_box;downloads;gallery_lightbox;promo_banner;tags;two_column,cover_box_dark;teaser_media;teaser_overlay;teaser_toolbar,,
https://www.skoda-storyboard.com/en/press-releases/skoda-auto-volkswagen-india-resumes-production-at-both-locations-india-2-0-project-still-on-track/,MR,press_release,press_release,200,card_teaser;carousel_rails;cover_box;downloads;gallery_lightbox;promo_banner;tags;two_column,cover_box_dark;teaser_media;teaser_overlay;teaser_toolbar,,
https://www.skoda-storyboard.com/en/press-releases/skoda-test-mules-the-art-of-camouflage/,MR,press_release,press_release,200,card_teaser;carousel_rails;cover_box;downloads;gallery_lightbox;promo_banner;tags;two_column,cover_box_dark;teaser_media;teaser_overlay;teaser_toolbar,,
https://www.skoda-storyboard.com/en/press-releases/after-enforced-covid-19-break-work-on-seventh-skoda-student-car-picks-up-again/,MR,press_release,press_release,200,card_teaser;carousel_rails;cover_box;downloads;gallery_lightbox;promo_banner;tags;two_column,cover_box_dark;teaser_media;teaser_overlay;teaser_toolbar,,
https://www.skoda-storyboard.com/en/press-releases/skoda-auto-offers-its-workforce-free-rapid-coronavirus-antibody-tests/,MR,press_release,press_release,200,card_teaser;carousel_rails;cover_box;downloads;gallery_lightbox;promo_banner;tags;two_column,cover_box_dark;teaser_media;teaser_overlay;teaser_toolbar,,
https://www.skoda-storyboard.com/en/press-releases/skoda-scooter-offers-sustainable-mobility-for-the-last-mile/,MR,press_release,press_release,200,card_teaser;cover_box;downloads;gallery_lightbox;promo_banner;tags;two_column,cover_box_dark;teaser_media;teaser_overlay;teaser_toolbar,,
https://www.skoda-storyboard.com/en/press-releases/beatskodaaces-skoda-motorsport-echallenge-continues-with-next-round-rally-australia/,MR,press_release,press_release,200,card_teaser;carousel_rails;cover_box;downloads;gallery_lightbox;promo_banner;tags;two_column,cover_box_dark;teaser_media;teaser_overlay;teaser_toolbar,,
https://www.skoda-storyboard.com/en/press-releases/video-precautionary-measures-in-skoda-auto-production/,MR,press_release,press_release,200,card_teaser;carousel_rails;cover_box;downloads;promo_banner;tags;two_column,cover_box_dark;teaser_media;teaser_overlay;teaser_toolbar,vimeo,
https://www.skoda-storyboard.com/en/press-releases/video-presentation-the-new-skoda-kamiq-scoutline/,MR,press_release,press_release,200,card_teaser;carousel_rails;cover_box;downloads;gallery_lightbox;promo_banner;tags;two_column,cover_box_dark;teaser_media;teaser_overlay;teaser_toolbar,vimeo,
https://www.skoda-storyboard.com/en/press-releases/skoda-auto-production-sends-zero-waste-to-landfill-since-start-of-year/,MR,press_release,press_release,200,card_teaser;cover_box;downloads;gallery_lightbox;promo_banner;tags;two_column,cover_box_dark;teaser_media;teaser_overlay;teaser_toolbar,,
https://www.skoda-storyboard.com/en/press-releases/skoda-motorsport-customer-racing-from-mlada-boleslav-to-rallies-around-the-world/,MR,press_release,press_release,200,card_teaser;cover_box;downloads;gallery_lightbox;promo_banner;tags;two_column,cover_box_dark;teaser_media;teaser_overlay;teaser_toolbar,,
https://www.skoda-storyboard.com/en/press-releases/skoda-auto-extends-new-car-warranty-and-extended-warranty-as-goodwill-gesture/,MR,press_release,press_release,200,card_teaser;cover_box;downloads;gallery_lightbox;promo_banner;tags;two_column,cover_box_dark;teaser_media;teaser_overlay;teaser_toolbar,,
https://www.skoda-storyboard.com/en/press-releases/surprising-practical-and-simply-clever-the-enyaq-iv-embodies-electromobility-a-la-skoda/,MR,press_release,press_release,200,card_teaser;cover_box;downloads;gallery_lightbox;promo_banner;row_toggle;siteorigin_body;tags;two_column,cover_box_dark;teaser_media;teaser_overlay;teaser_toolbar,vimeo,
https://www.skoda-storyboard.com/en/press-releases/modern-safety-and-comfort-assistants-extremely-popular-in-skoda-scala-and-kamiq/,MR,press_release,press_release,200,card_teaser;carousel_rails;cover_box;promo_banner;tags;two_column,cover_box_dark;teaser_media;teaser_overlay;teaser_toolbar,,
https://www.skoda-storyboard.com/en/press-releases/skoda-autos-first-quarter-results-impacted-by-covid-19-pandemic/,MR,press_release,press_release,200,card_teaser;carousel_rails;cover_box;downloads;gallery_lightbox;promo_banner;tags;two_column,cover_box_dark;teaser_media;teaser_overlay;teaser_toolbar,,
https://www.skoda-storyboard.com/en/press-releases/skoda-importers-support-the-fight-against-coronavirus-worldwide-with-numerous-measures/,MR,press_release,press_release,200,card_teaser;cover_box;downloads;gallery_lightbox;promo_banner;tags;two_column,cover_box_dark;teaser_media;teaser_overlay;teaser_toolbar,,
https://www.skoda-storyboard.com/en/press-releases/production-of-high-voltage-traction-batteries-at-skoda-auto-restarts-as-planned/,MR,press_release,press_release,200,card_teaser;carousel_rails;cover_box;downloads;gallery_lightbox;promo_banner;tags;two_column,cover_box_dark;teaser_media;teaser_overlay;teaser_toolbar,,
https://www.skoda-storyboard.com/en/press-releases/skoda-octavia-facts-and-figures-on-the-czech-car-manufacturers-bestseller/,MR,press_release,press_release,200,card_teaser;cover_box;downloads;gallery_lightbox;promo_banner;tags;two_column,cover_box_dark;teaser_media;teaser_overlay;teaser_toolbar,,
https://www.skoda-storyboard.com/en/press-releases/skoda-autos-support-in-fighting-covid-19-met-with-high-demand/,MR,press_release,press_release,200,card_teaser;cover_box;downloads;gallery_lightbox;promo_banner;tags;two_column,cover_box_dark;teaser_media;teaser_overlay;teaser_toolbar,,
https://www.skoda-storyboard.com/en/press-releases/lesser-known-models-from-skoda-autos-125-year-history-the-skoda-felicia-fun/,MR,press_release,press_release,200,card_teaser;cover_box;downloads;gallery_lightbox;promo_banner;tags;two_column,cover_box_dark;teaser_media;teaser_overlay;teaser_toolbar,,
https://www.skoda-storyboard.com/en/press-releases/skoda-auto-resumes-production-at-its-czech-plants/,MR,press_release,press_release,200,card_teaser;carousel_rails;cover_box;downloads;gallery_lightbox;promo_banner;tags;two_column,cover_box_dark;teaser_media;teaser_overlay;teaser_toolbar,,
https://www.skoda-storyboard.com/en/press-releases/lesser-known-models-from-skoda-autos-125-year-history-the-skoda-buggy-type-736/,MR,press_release,press_release,200,card_teaser;carousel_rails;cover_box;downloads;gallery_lightbox;promo_banner;tags;two_column,cover_box_dark;teaser_media;teaser_overlay;teaser_toolbar,,
https://www.skoda-storyboard.com/en/press-releases/commencing-27-april-skoda-auto-to-resume-production-with-protective-measures/,MR,press_release,press_release,200,card_teaser;carousel_rails;cover_box;downloads;gallery_lightbox;promo_banner;tags;two_column,cover_box_dark;teaser_media;teaser_overlay;teaser_toolbar,,
https://www.skoda-storyboard.com/en/press-releases/the-all-new-skoda-octavia-intelligent-material-mix-combines-maximum-strength-and-low-weight/,MR,press_release,press_release,200,card_teaser;carousel_rails;cover_box;downloads;gallery_lightbox;promo_banner;tags;two_column,cover_box_dark;teaser_media;teaser_overlay;teaser_toolbar,,
https://www.skoda-storyboard.com/en/press-releases/bestsellers-extended-rear-window-for-scala-and-larger-wheels-for-kamiq/,MR,press_release,press_release,200,card_teaser;carousel_rails;cover_box;downloads;gallery_lightbox;promo_banner;tags;two_column,cover_box_dark;teaser_media;teaser_overlay;teaser_toolbar,,
https://www.skoda-storyboard.com/en/press-releases/lesser-known-models-from-skoda-autos-125-year-history-skoda-type-990-hajaja/,MR,press_release,press_release,200,card_teaser;carousel_rails;cover_box;downloads;gallery_lightbox;promo_banner;tags;two_column,cover_box_dark;teaser_media;teaser_overlay;teaser_toolbar,,
https://www.skoda-storyboard.com/en/press-releases/skoda-guarantees-reliable-supply-of-genuine-parts-worldwide-despite-coronavirus-restrictions/,MR,press_release,press_release,200,card_teaser;carousel_rails;cover_box;downloads;gallery_lightbox;promo_banner;tags;two_column,cover_box_dark;teaser_media;teaser_overlay;teaser_toolbar,,
https://www.skoda-storyboard.com/en/press-releases/skoda-motorsport-launches-esports-series-offering-virtual-competition-between-fans-and-rally-aces/,MR,press_release,press_release,200,card_teaser;carousel_rails;cover_box;downloads;gallery_lightbox;promo_banner;tags;two_column,cover_box_dark;teaser_media;teaser_overlay;teaser_toolbar,,
https://www.skoda-storyboard.com/en/press-releases/skoda-auto-donates-100-skoda-octavias-worth-around-85-million-czech-korunas-for-the-fight-against-coronavirus/,MR,press_release,press_release,200,card_teaser;cover_box;downloads;gallery_lightbox;promo_banner;tags;two_column,cover_box_dark;teaser_media;teaser_overlay;teaser_toolbar,,
https://www.skoda-storyboard.com/en/press-releases/another-win-skoda-kamiq-gt-nets-prestigious-red-dot-award-for-outstanding-product-design/,MR,press_release,press_release,200,card_teaser;cover_box;downloads;gallery_lightbox;promo_banner;tags;two_column,cover_box_dark;teaser_media;teaser_overlay;teaser_toolbar,,
https://www.skoda-storyboard.com/en/press-releases/race-blue-and-quartz-grey-on-trend-the-most-popular-colours-for-the-skoda-compact-models-scala-and-kamiq/,MR,press_release,press_release,200,card_teaser;carousel_rails;cover_box;downloads;gallery_lightbox;promo_banner;tags;two_column,cover_box_dark;teaser_media;teaser_overlay;teaser_toolbar,,
https://www.skoda-storyboard.com/en/press-releases/the-all-new-skoda-octavia-spacious-practical-and-elegant-like-a-coupe/,MR,press_release,press_release,200,card_teaser;cover_box;downloads;gallery_lightbox;promo_banner;tags;two_column,cover_box_dark;teaser_media;teaser_overlay;teaser_toolbar,,
https://www.skoda-storyboard.com/en/press-releases/lesser-known-models-from-skoda-autos-125-year-history-type-998-agromobil-from-1962/,MR,press_release,press_release,200,card_teaser;carousel_rails;cover_box;downloads;gallery_lightbox;promo_banner;tags;two_column,cover_box_dark;teaser_media;teaser_overlay;teaser_toolbar,,
https://www.skoda-storyboard.com/en/press-releases/how-skoda-crews-prepare-to-be-physically-strong-for-rallies/,MR,press_release,press_release,200,card_teaser;cover_box;downloads;gallery_lightbox;promo_banner;tags;two_column,cover_box_dark;teaser_media;teaser_overlay;teaser_toolbar,,
https://www.skoda-storyboard.com/en/press-releases/lesser-known-models-from-skoda-autos-125-year-history-the-skoda-sagitta/,MR,press_release,press_release,200,card_teaser;carousel_rails;cover_box;downloads;gallery_lightbox;promo_banner;tags;two_column,cover_box_dark;teaser_media;teaser_overlay;teaser_toolbar,,
https://www.skoda-storyboard.com/en/press-releases/scala-and-kamiq-buyers-appreciate-top-infotainment-features-including-virtual-cockpit-amundsen-navigation-system-and-dab/,MR,press_release,press_release,200,card_teaser;carousel_rails;cover_box;downloads;gallery_lightbox;promo_banner;tags;two_column,cover_box_dark;teaser_media;teaser_overlay;teaser_toolbar,,
https://www.skoda-storyboard.com/en/press-releases/lesser-known-models-from-skoda-autos-125-year-history-the-cerna-hora-montenegro-buses-and-vans/,MR,press_release,press_release,200,card_teaser;carousel_rails;cover_box;downloads;gallery_lightbox;promo_banner;tags;two_column,cover_box_dark;teaser_media;teaser_overlay;teaser_toolbar,,
https://www.skoda-storyboard.com/en/press-releases/lesser-known-models-from-skoda-autos-125-year-history-the-lw-three-wheeler-from-laurin-klement/,MR,press_release,press_release,200,card_teaser;carousel_rails;cover_box;downloads;gallery_lightbox;promo_banner;tags;two_column,cover_box_dark;teaser_media;teaser_overlay;teaser_toolbar,,
https://www.skoda-storyboard.com/en/press-releases/skoda-octavia-wins-its-third-red-dot-award-for-outstanding-product-design/,MR,press_release,press_release,200,card_teaser;cover_box;downloads;gallery_lightbox;promo_banner;tags;two_column,cover_box_dark;teaser_media;teaser_overlay;teaser_toolbar,,
https://www.skoda-storyboard.com/en/press-releases/not-just-for-allergy-sufferers-clean-air-in-skoda-vehicles-thanks-to-climatronic-air-care-system/,MR,press_release,press_release,200,card_teaser;cover_box;downloads;gallery_lightbox;promo_banner;tags;two_column,cover_box_dark;teaser_media;teaser_overlay;teaser_toolbar,,
https://www.skoda-storyboard.com/en/press-releases/skodaautohelps-skoda-auto-is-fully-committed-to-combat-the-spread-of-the-coronavirus/,MR,press_release,press_release,200,card_teaser;cover_box;downloads;gallery_lightbox;promo_banner;tags;two_column,cover_box_dark;teaser_media;teaser_overlay;teaser_toolbar,,
https://www.skoda-storyboard.com/en/press-releases/for-every-terrain-and-requirement-skoda-offers-a-wide-range-of-models-with-4x4-drive/,MR,press_release,press_release,200,card_teaser;carousel_rails;cover_box;downloads;gallery_lightbox;promo_banner;tags;two_column,cover_box_dark;teaser_media;teaser_overlay;teaser_toolbar,,
https://www.skoda-storyboard.com/en/press-releases/skoda-g-tec-models-make-an-important-additional-contribution-to-reducing-co2-emissions/,MR,press_release,press_release,200,card_teaser;carousel_rails;cover_box;downloads;gallery_lightbox;promo_banner;tags;two_column,cover_box_dark;teaser_media;teaser_overlay;teaser_toolbar,,
https://www.skoda-storyboard.com/en/press-releases/skoda-storyboard-provides-information-how-to-protect-yourself-from-coronavirus-in-the-car/,MR,press_release,press_release,200,card_teaser;carousel_rails;cover_box;downloads;gallery_lightbox;promo_banner;tags;two_column,cover_box_dark;teaser_media;teaser_overlay;teaser_toolbar,,
https://www.skoda-storyboard.com/en/press-releases/seventh-skoda-student-concept-car-is-taking-shape-students-are-working-on-a-spider-variant-of-the-skoda-scala/,MR,press_release,press_release,200,card_teaser;cover_box;downloads;gallery_lightbox;promo_banner;tags;two_column,cover_box_dark;teaser_media;teaser_overlay;teaser_toolbar,,
https://www.skoda-storyboard.com/en/press-releases/skoda-auto-has-closed-czech-plants-due-to-coronavirus-pandemic-for-initial-period-of-minimal-two-weeks/,MR,press_release,press_release,200,card_teaser;carousel_rails;cover_box;promo_banner;tags;two_column,cover_box_dark;teaser_media;teaser_overlay;teaser_toolbar,,
https://www.skoda-storyboard.com/en/press-releases/youthful-and-dynamic-look-for-the-new-skoda-rapid-and-rapid-spaceback-in-china/,MR,press_release,press_release,200,card_teaser;cover_box;downloads;gallery_lightbox;promo_banner;tags;two_column,cover_box_dark;teaser_media;teaser_overlay;teaser_toolbar,,
https://www.skoda-storyboard.com/en/press-releases/skoda-auto-digilab-brings-berider-e-scooter-sharing-to-brno/,MR,press_release,press_release,200,card_teaser;cover_box;downloads;gallery_lightbox;promo_banner;tags;two_column,cover_box_dark;teaser_media;teaser_overlay;teaser_toolbar,,
https://www.skoda-storyboard.com/en/press-releases/eco-friendlier-affordable-and-available-today-cng-powertrains-in-the-skoda-g-tec-models/,MR,press_release,press_release,200,card_teaser;cover_box;downloads;gallery_lightbox;promo_banner;tags;two_column,cover_box_dark;teaser_media;teaser_overlay;teaser_toolbar,,
https://www.skoda-storyboard.com/en/press-releases/interview-with-alois-kauer-new-head-of-the-skoda-academy-and-patron-of-the-apprentice-car-2020/,MR,press_release,press_release,200,card_teaser;carousel_rails;cover_box;downloads;gallery_lightbox;promo_banner;tags;two_column,cover_box_dark;teaser_media;teaser_overlay;teaser_toolbar,,
https://www.skoda-storyboard.com/en/press-releases/skoda-superb-scout-a-multifunctional-lifestyle-estate-for-any-terrain/,MR,press_release,press_release,200,card_teaser;cover_box;downloads;gallery_lightbox;promo_banner;tags;two_column,cover_box_dark;teaser_media;teaser_overlay;teaser_toolbar,,
https://www.skoda-storyboard.com/en/press-releases/skoda-auto-opens-state-of-the-art-crash-lab-at-the-polygon-test-centre-in-uhelnice-near-mlada-boleslav/,MR,press_release,press_release,200,card_teaser;carousel_rails;cover_box;downloads;gallery_lightbox;promo_banner;tags;two_column,cover_box_dark;teaser_media;teaser_overlay;teaser_toolbar,,
https://www.skoda-storyboard.com/en/press-releases/skoda-octavia-rs-iv-sustainable-yet-sporty/,MR,press_release,press_release,200,card_teaser;cover_box;downloads;gallery_lightbox;promo_banner;tags;two_column,cover_box_dark;teaser_media;teaser_overlay;teaser_toolbar,vimeo,
https://www.skoda-storyboard.com/en/press-releases/online-world-premiere-of-the-new-skoda-octavia-rs-iv/,MR,press_release,press_release,200,card_teaser;carousel_rails;cover_box;downloads;gallery_lightbox;promo_banner;tags;two_column,cover_box_dark;teaser_media;teaser_overlay;teaser_toolbar,,
https://www.skoda-storyboard.com/en/press-releases/all-new-octavia-rs-iv-plug-in-hybrid-is-the-skoda-highlight-at-the-geneva-motor-show/,MR,press_release,press_release,200,card_teaser;cover_box;downloads;gallery_lightbox;promo_banner;tags;two_column,cover_box_dark;teaser_media;teaser_overlay;teaser_toolbar,vimeo,
https://www.skoda-storyboard.com/en/press-releases/berider-e-scooter-sharing-service-from-skoda-auto-digilab-expands-fleet-for-the-coming-season/,MR,press_release,press_release,200,card_teaser;cover_box;downloads;gallery_lightbox;promo_banner;tags;two_column,cover_box_dark;teaser_media;teaser_overlay;teaser_toolbar,,
https://www.skoda-storyboard.com/en/press-releases/skoda-a-tradition-of-simply-clever-solutions/,MR,press_release,press_release,200,card_teaser;cover_box;downloads;gallery_lightbox;promo_banner;tags;two_column,cover_box_dark;teaser_media;teaser_overlay;teaser_toolbar,,
https://www.skoda-storyboard.com/en/press-releases/important-safety-tips-for-when-traveling-with-children-in-skoda-cars/,MR,press_release,press_release,200,card_teaser;carousel_rails;cover_box;downloads;gallery_lightbox;promo_banner;tags;two_column,cover_box_dark;teaser_media;teaser_overlay;teaser_toolbar,,
https://www.skoda-storyboard.com/en/press-releases/skoda-auto-soon-to-enter-sri-lankan-market/,MR,press_release,press_release,200,card_teaser;carousel_rails;cover_box;downloads;gallery_lightbox;promo_banner;tags;two_column,cover_box_dark;teaser_media;teaser_overlay;teaser_toolbar,,
https://www.skoda-storyboard.com/en/press-releases/skoda-auto-produces-seven-millionth-octavia/,MR,press_release,press_release,200,card_teaser;carousel_rails;cover_box;downloads;gallery_lightbox;promo_banner;tags;two_column,cover_box_dark;teaser_media;teaser_overlay;teaser_toolbar,,
https://www.skoda-storyboard.com/en/press-releases/rally-sweden-wrc3-skoda-privateers-emil-lindholm-and-oliver-solberg-finish-second-and-fifth/,MR,press_release,press_release,200,card_teaser;carousel_rails;cover_box;downloads;gallery_lightbox;promo_banner;tags;two_column,cover_box_dark;teaser_media;teaser_overlay;teaser_toolbar,,
https://www.skoda-storyboard.com/en/press-releases/rally-sweden-wrc3-skoda-privateer-lindholm-in-fight-for-victory-solberg-holds-third-at-skoda-debut/,MR,press_release,press_release,200,card_teaser;carousel_rails;cover_box;downloads;gallery_lightbox;promo_banner;tags;two_column,cover_box_dark;teaser_media;teaser_overlay;teaser_toolbar,,
https://www.skoda-storyboard.com/en/press-releases/rally-sweden-skoda-privateer-emil-lindholm-leads-wrc3-oliver-solberg-with-good-skoda-debut/,MR,press_release,press_release,200,card_teaser;carousel_rails;cover_box;downloads;gallery_lightbox;promo_banner;tags;two_column,cover_box_dark;teaser_media;teaser_overlay;teaser_toolbar,,
https://www.skoda-storyboard.com/en/press-releases/skoda-auto-sets-production-record-in-kvasiny/,MR,press_release,press_release,200,card_teaser;cover_box;downloads;gallery_lightbox;promo_banner;tags;two_column,cover_box_dark;teaser_media;teaser_overlay;teaser_toolbar,,
https://www.skoda-storyboard.com/en/press-releases/skoda-wins-smartbest-2019-award-for-its-new-digital-assistant-laura/,MR,press_release,press_release,200,card_teaser;cover_box;downloads;gallery_lightbox;promo_banner;tags;two_column,cover_box_dark;teaser_media;teaser_overlay;teaser_toolbar,,
https://www.skoda-storyboard.com/en/press-releases/10-skoda-crews-competing-at-rally-sweden-youngster-oliver-solberg-debuts-with-his-skoda-fabia-rally2-evo/,MR,press_release,press_release,200,card_teaser;carousel_rails;cover_box;downloads;gallery_lightbox;promo_banner;tags;two_column,cover_box_dark;teaser_media;teaser_overlay;teaser_toolbar,,
https://www.skoda-storyboard.com/en/press-releases/skoda-enyaq-name-of-skodas-first-all-electric-suv-is-confirmed/,MR,press_release,press_release,200,card_teaser;carousel_rails;cover_box;downloads;gallery_lightbox;promo_banner;tags;two_column,cover_box_dark;teaser_media;teaser_overlay;teaser_toolbar,,
https://www.skoda-storyboard.com/en/press-releases/double-victory-for-skoda-in-best-cars-readers-choice/,MR,press_release,press_release,200,card_teaser;carousel_rails;cover_box;downloads;gallery_lightbox;promo_banner;tags;two_column,cover_box_dark;teaser_media;teaser_overlay;teaser_toolbar,,
https://www.skoda-storyboard.com/en/press-releases/skoda-auto-showing-two-apprentice-cars-for-first-time-at-autostadt-in-wolfsburg/,MR,press_release,press_release,200,card_teaser;cover_box;downloads;gallery_lightbox;promo_banner;tags;two_column,cover_box_dark;teaser_media;teaser_overlay;teaser_toolbar,,
https://www.skoda-storyboard.com/en/press-releases/skoda-teases-first-sketches-of-all-new-octavia-rs-iv/,MR,press_release,press_release,200,card_teaser;carousel_rails;cover_box;downloads;gallery_lightbox;promo_banner;tags;two_column,cover_box_dark;teaser_media;teaser_overlay;teaser_toolbar,,
https://www.skoda-storyboard.com/en/press-releases/skoda-showcases-iconic-models-from-its-125-year-history-at-retromobile/,MR,press_release,press_release,200,card_teaser;cover_box;downloads;gallery_lightbox;promo_banner;tags;two_column,cover_box_dark;teaser_media;teaser_overlay;teaser_toolbar,,
https://www.skoda-storyboard.com/en/press-releases/fabian-kreim-won-skodas-ice-race-of-champions-ahead-of-julian-wagner-in-zell-am-see/,MR,press_release,press_release,200,card_teaser;carousel_rails;cover_box;downloads;gallery_lightbox;promo_banner;tags;two_column,cover_box_dark;teaser_media;teaser_overlay;teaser_toolbar,,
https://www.skoda-storyboard.com/en/press-releases/newly-established-skoda-auto-digilab-india-and-software-development-centre-support-skoda-led-india-2-0-project/,MR,press_release,press_release,200,card_teaser;carousel_rails;cover_box;downloads;gallery_lightbox;promo_banner;tags;two_column,cover_box_dark;teaser_media;teaser_overlay;teaser_toolbar,,
https://www.skoda-storyboard.com/en/press-releases/skoda-features-own-ice-race-of-champions-at-austrian-winter-sport-resort-in-zell-am-see-kaprun/,MR,press_release,press_release,200,card_teaser;carousel_rails;cover_box;downloads;gallery_lightbox;promo_banner;tags;two_column,cover_box_dark;teaser_media;teaser_overlay;teaser_toolbar,,
https://www.skoda-storyboard.com/en/press-releases/skoda-is-expanding-access-to-connect-services/,MR,press_release,press_release,200,card_teaser;carousel_rails;cover_box;downloads;gallery_lightbox;promo_banner;tags;two_column,cover_box_dark;teaser_media;teaser_overlay;teaser_toolbar,,
https://www.skoda-storyboard.com/en/press-releases/skoda-motorsport-cooperates-with-oliver-solberg-in-wrc3-category-of-fia-world-rally-championship/,MR,press_release,press_release,200,card_teaser;cover_box;downloads;gallery_lightbox;promo_banner;tags;two_column,cover_box_dark;teaser_media;teaser_overlay;teaser_toolbar,,
https://www.skoda-storyboard.com/en/press-releases/rs-two-letters-that-electrify-skoda-fans/,MR,press_release,press_release,200,card_teaser;cover_box;downloads;gallery_lightbox;promo_banner;tags;two_column,cover_box_dark;teaser_media;teaser_overlay;teaser_toolbar,,
https://www.skoda-storyboard.com/en/press-releases/2019-sees-production-record-for-skoda-auto-at-its-czech-plants/,MR,press_release,press_release,200,card_teaser;carousel_rails;cover_box;downloads;gallery_lightbox;promo_banner;tags;two_column,cover_box_dark;teaser_media;teaser_overlay;teaser_toolbar,,
https://www.skoda-storyboard.com/en/press-releases/video-teaser-reveals-further-details-of-skoda-vision-in-concept-study/,MR,press_release,press_release,200,card_teaser;carousel_rails;cover_box;downloads;promo_banner;tags;two_column,cover_box_dark;teaser_media;teaser_overlay;teaser_toolbar,vimeo,
https://www.skoda-storyboard.com/en/press-releases/safe-and-comfortable-skiing-holidays-with-skoda/,MR,press_release,press_release,200,card_teaser;cover_box;downloads;gallery_lightbox;promo_banner;tags;two_column,cover_box_dark;teaser_media;teaser_overlay;teaser_toolbar,,
https://www.skoda-storyboard.com/en/press-releases/skoda-kamiq-scoutline-city-suv-with-adventure-appeal/,MR,press_release,press_release,200,card_teaser;carousel_rails;cover_box;downloads;gallery_lightbox;promo_banner;tags;two_column,cover_box_dark;teaser_media;teaser_overlay;teaser_toolbar,,
https://www.skoda-storyboard.com/en/press-releases/skoda-auto-celebrates-its-125th-anniversary-in-2020/,MR,press_release,press_release,200,card_teaser;carousel_rails;cover_box;downloads;gallery_lightbox;promo_banner;tags;two_column,cover_box_dark;teaser_media;teaser_overlay;teaser_toolbar,,
https://www.skoda-storyboard.com/en/press-releases/skoda-keeping-you-warm-on-the-coldest-days/,MR,press_release,press_release,200,card_teaser;cover_box;downloads;gallery_lightbox;promo_banner;tags;two_column,cover_box_dark;teaser_media;teaser_overlay;teaser_toolbar,,
https://www.skoda-storyboard.com/en/press-releases/skoda-delivers-1-24-million-vehicles-in-2019/,MR,press_release,press_release,200,card_teaser;carousel_rails;cover_box;downloads;gallery_lightbox;promo_banner;tags;two_column,cover_box_dark;teaser_media;teaser_overlay;teaser_toolbar,,
https://www.skoda-storyboard.com/en/press-releases/skoda-vision-in-design-sketches-provide-first-impressions-of-the-exterior-of-the-concept-study-for-india/,MR,press_release,press_release,200,card_teaser;carousel_rails;cover_box;downloads;gallery_lightbox;promo_banner;tags;two_column,cover_box_dark;teaser_media;teaser_overlay;teaser_toolbar,,
https://www.skoda-storyboard.com/en/press-releases/stay-safe-this-winter-with-pro-tips-from-rally-world-champion-jan-kopecky/,MR,press_release,press_release,200,card_teaser;carousel_rails;cover_box;downloads;gallery_lightbox;promo_banner;tags;two_column,cover_box_dark;teaser_media;teaser_overlay;teaser_toolbar,,
https://www.skoda-storyboard.com/en/press-releases/laura-is-a-perfect-addition-to-skodas-simply-clever-features/,MR,press_release,press_release,200,card_teaser;cover_box;downloads;gallery_lightbox;promo_banner;tags;two_column,cover_box_dark;teaser_media;teaser_overlay;teaser_toolbar,,
https://www.skoda-storyboard.com/en/press-releases/concept-study-skoda-vision-in-interior-sketch-gives-first-glimpse-of-new-compact-suv-for-the-indian-market/,MR,press_release,press_release,200,card_teaser;cover_box;downloads;gallery_lightbox;promo_banner;tags;two_column,cover_box_dark;teaser_media;teaser_overlay;teaser_toolbar,,
https://www.skoda-storyboard.com/en/press-releases/skoda-kamiq-and-scala-now-available-with-range-topping-1-5-tsi-engine/,MR,press_release,press_release,200,card_teaser;cover_box;downloads;gallery_lightbox;promo_banner;tags;two_column,cover_box_dark;teaser_media;teaser_overlay;teaser_toolbar,,
https://www.skoda-storyboard.com/en/press-releases/skoda-karoq-now-also-produced-in-nizhny-novgorod-and-as-of-autumn-2020-in-bratislava/,MR,press_release,press_release,200,card_teaser;cover_box;downloads;gallery_lightbox;promo_banner;tags;two_column,cover_box_dark;teaser_media;teaser_overlay;teaser_toolbar,,
https://www.skoda-storyboard.com/en/press-releases/skoda-auto-volkswagen-india-private-limited-commissions-one-of-indias-largest-solar-power-rooftop-installations/,MR,press_release,press_release,200,card_teaser;cover_box;downloads;gallery_lightbox;promo_banner;tags;two_column,cover_box_dark;teaser_media;teaser_overlay;teaser_toolbar,,
https://www.skoda-storyboard.com/en/press-releases/smart-and-safe-through-the-winter-with-skoda/,MR,press_release,press_release,200,card_teaser;cover_box;downloads;gallery_lightbox;promo_banner;tags;two_column,cover_box_dark;teaser_media;teaser_overlay;teaser_toolbar,,
https://www.skoda-storyboard.com/en/press-releases/skoda-motorsport-celebrates-with-30-title-wins-the-most-successful-year-in-its-history/,MR,press_release,press_release,200,card_teaser;cover_box;downloads;gallery_lightbox;promo_banner;tags;two_column,cover_box_dark;teaser_media;teaser_overlay;teaser_toolbar,,
https://www.skoda-storyboard.com/en/press-releases/skoda-delivers-109000-vehicles-in-november/,MR,press_release,press_release,200,card_teaser;carousel_rails;cover_box;downloads;gallery_lightbox;promo_banner;tags;two_column,cover_box_dark;teaser_media;teaser_overlay;teaser_toolbar,,
https://www.skoda-storyboard.com/en/press-releases/national-premiere-first-skoda-fabia-r5-to-be-campaigned-by-chinese-rally-team/,MR,press_release,press_release,200,card_teaser;cover_box;downloads;gallery_lightbox;promo_banner;tags;two_column,cover_box_dark;teaser_media;teaser_overlay;teaser_toolbar,,
https://www.skoda-storyboard.com/en/press-releases/new-skoda-octavia-scores-five-stars-in-euro-ncap-test/,MR,press_release,press_release,200,card_teaser;cover_box;downloads;gallery_lightbox;promo_banner;tags;two_column,cover_box_dark;teaser_media;teaser_overlay;teaser_toolbar,,
https://www.skoda-storyboard.com/en/press-releases/skoda-receives-red-dot-for-successful-brand-communication/,MR,press_release,press_release,200,card_teaser;carousel_rails;cover_box;downloads;gallery_lightbox;promo_banner;tags;two_column,cover_box_dark;teaser_media;teaser_overlay;teaser_toolbar,,
https://www.skoda-storyboard.com/en/press-releases/innovative-lighting-technology-for-maximum-safety-skoda-utilises-led-headlights/,MR,press_release,press_release,200,card_teaser;carousel_rails;cover_box;downloads;gallery_lightbox;promo_banner;tags;two_column,cover_box_dark;teaser_media;teaser_overlay;teaser_toolbar,,
https://www.skoda-storyboard.com/en/press-releases/production-of-new-skoda-octavia-begins-at-main-plant-in-mlada-boleslav/,MR,press_release,press_release,200,card_teaser;carousel_rails;cover_box;downloads;gallery_lightbox;promo_banner;tags;two_column,cover_box_dark;teaser_media;teaser_overlay;teaser_toolbar,,
https://www.skoda-storyboard.com/en/press-releases/recommended-by-world-rally-champions-kalle-rovanpera-and-jan-kopecky-test-the-new-monte-carlo-models/,MR,press_release,press_release,200,card_teaser;carousel_rails;cover_box;downloads;gallery_lightbox;promo_banner;tags;two_column,cover_box_dark;teaser_media;teaser_overlay;teaser_toolbar,,
https://www.skoda-storyboard.com/en/press-releases/the-new-kamiq-gt-the-fifth-skoda-suv-for-the-chinese-market-premieres-at-the-guangzhou-international-automobile-exhibition/,MR,press_release,press_release,200,card_teaser;cover_box;downloads;gallery_lightbox;promo_banner;tags;two_column,cover_box_dark;teaser_media;teaser_overlay;teaser_toolbar,,
https://www.skoda-storyboard.com/en/press-releases/start-of-production-for-the-battery-powered-skoda-citigo%e1%b5%89-iv/,MR,press_release,press_release,200,card_teaser;cover_box;downloads;gallery_lightbox;promo_banner;tags;two_column,cover_box_dark;teaser_media;teaser_overlay;teaser_toolbar,,
https://www.skoda-storyboard.com/en/press-releases/new-campaign-by-skoda-online-magazine-we-love-cycling-inspires-cyclists/,MR,press_release,press_release,200,card_teaser;carousel_rails;cover_box;downloads;gallery_lightbox;promo_banner;tags;two_column,cover_box_dark;teaser_media;teaser_overlay;teaser_toolbar,,
https://www.skoda-storyboard.com/en/press-releases/three-millionth-dq200-automatic-direct-shift-gearbox-rolls-off-the-production-line-at-skoda-autos-vrchlabi-plant/,MR,press_release,press_release,200,card_teaser;cover_box;downloads;gallery_lightbox;promo_banner;tags;two_column,cover_box_dark;teaser_media;teaser_overlay;teaser_toolbar,,
https://www.skoda-storyboard.com/en/press-releases/skoda-auto-pre-and-chakratec-bring-unique-charging-technology-to-prague/,MR,press_release,press_release,200,card_teaser;cover_box;downloads;gallery_lightbox;promo_banner;tags;two_column,cover_box_dark;teaser_media;teaser_overlay;teaser_toolbar,,
https://www.skoda-storyboard.com/en/press-releases/skoda-delivers-105300-vehicles-in-october/,MR,press_release,press_release,200,card_teaser;carousel_rails;cover_box;downloads;gallery_lightbox;promo_banner;tags;two_column,cover_box_dark;teaser_media;teaser_overlay;teaser_toolbar,,
https://www.skoda-storyboard.com/en/press-releases/golden-steering-wheel-for-new-skoda-kamiq/,MR,press_release,press_release,200,card_teaser;cover_box;downloads;gallery_lightbox;promo_banner;tags;two_column,cover_box_dark;teaser_media;teaser_overlay;teaser_toolbar,,
https://www.skoda-storyboard.com/en/press-releases/new-skoda-octavia-world-premiere-in-pictures/,MR,press_release,press_release,200,card_teaser;carousel_rails;cover_box;downloads;gallery_lightbox;promo_banner;tags;two_column,cover_box_dark;teaser_media;teaser_overlay;teaser_toolbar,,
https://www.skoda-storyboard.com/en/press-releases/live-stream-world-premiere-of-the-new-skoda-octavia-2/,MR,press_release,press_release,200,card_teaser;carousel_rails;cover_box;downloads;gallery_lightbox;promo_banner;tags;two_column,cover_box_dark;teaser_media;teaser_overlay;teaser_toolbar,,
https://www.skoda-storyboard.com/en/press-releases/live-stream-world-premiere-of-the-new-skoda-octavia/,MR,press_release,press_release,200,card_teaser;carousel_rails;cover_box;downloads;gallery_lightbox;promo_banner;tags;two_column,cover_box_dark;teaser_media;teaser_overlay;teaser_toolbar,,
https://www.skoda-storyboard.com/en/press-releases/skoda-auto-dproduction-project-wins-automotive-lean-production-award/,MR,press_release,press_release,200,card_teaser;carousel_rails;cover_box;downloads;gallery_lightbox;promo_banner;tags;two_column,cover_box_dark;teaser_media;teaser_overlay;teaser_toolbar,,
https://www.skoda-storyboard.com/en/press-releases/design-sketches-provide-first-glimpse-of-the-interior-concept-for-the-new-skoda-octavia/,MR,press_release,press_release,200,card_teaser;carousel_rails;cover_box;downloads;gallery_lightbox;promo_banner;tags;two_column,cover_box_dark;teaser_media;teaser_overlay;teaser_toolbar,,
https://www.skoda-storyboard.com/en/press-releases/video-shows-first-details-of-the-new-skoda-octavia/,MR,press_release,press_release,200,card_teaser;carousel_rails;cover_box;downloads;gallery_lightbox;promo_banner;tags;two_column,cover_box_dark;teaser_media;teaser_overlay;teaser_toolbar,vimeo,
https://www.skoda-storyboard.com/en/press-releases/skoda-auto-increases-sales-revenue-and-operating-profit-in-first-nine-months-of-2019/,MR,press_release,press_release,200,card_teaser;carousel_rails;cover_box;downloads;gallery_lightbox;promo_banner;tags;two_column,cover_box_dark;teaser_media;teaser_overlay;teaser_toolbar,,
https://www.skoda-storyboard.com/en/press-releases/skoda-remains-the-strongest-european-brand-in-israel/,MR,press_release,press_release,200,card_teaser;carousel_rails;cover_box;downloads;gallery_lightbox;promo_banner;tags;two_column,cover_box_dark;teaser_media;teaser_overlay;teaser_toolbar,,
https://www.skoda-storyboard.com/en/press-releases/skoda-auto-puts-the-most-powerful-commercial-supercomputer-in-the-czech-republic-into-operation/,MR,press_release,press_release,200,card_teaser;carousel_rails;cover_box;downloads;gallery_lightbox;promo_banner;tags;two_column,cover_box_dark;teaser_media;teaser_overlay;teaser_toolbar,,
https://www.skoda-storyboard.com/en/press-releases/catch-me-if-you-can-follow-the-new-skoda-octavia-in-prague/,MR,press_release,press_release,200,card_teaser;carousel_rails;cover_box;downloads;gallery_lightbox;promo_banner;tags;two_column,cover_box_dark;teaser_media;teaser_overlay;teaser_toolbar,,
https://www.skoda-storyboard.com/en/press-releases/skoda-auto-digilab-israel-ltd-showcases-new-services-and-collaborates-with-more-start-ups/,MR,press_release,press_release,200,card_teaser;cover_box;downloads;gallery_lightbox;promo_banner;tags;two_column,cover_box_dark;teaser_media;teaser_overlay;teaser_toolbar,,
https://www.skoda-storyboard.com/en/press-releases/the-new-skoda-octavia-the-brands-icon-makes-great-strides-in-terms-of-technology-and-design/,MR,press_release,press_release,200,card_teaser;carousel_rails;cover_box;downloads;gallery_lightbox;promo_banner;tags;two_column,cover_box_dark;teaser_media;teaser_overlay;teaser_toolbar,,
https://www.skoda-storyboard.com/en/press-releases/rallyracc-catalunya-jan-kopecky-and-kalle-rovanpera-crown-season-for-skoda-by-securing-the-wrc-2-pro-manufacturers-title/,MR,press_release,press_release,200,card_teaser;cover_box;downloads;gallery_lightbox;promo_banner;tags;two_column,cover_box_dark;teaser_media;teaser_overlay;teaser_toolbar,,
https://www.skoda-storyboard.com/en/press-releases/rallyracc-catalunya-kalle-rovanpera-and-jan-kopecky-on-track-to-secure-wrc-2-pro-manufacturers-championship-for-skoda/,MR,press_release,press_release,200,card_teaser;carousel_rails;cover_box;downloads;gallery_lightbox;promo_banner;tags;two_column,cover_box_dark;teaser_media;teaser_overlay;teaser_toolbar,,
https://www.skoda-storyboard.com/en/press-releases/1899-to-2019-skoda-celebrates-120-years-of-engine-development-and-production-in-mlada-boleslav/,MR,press_release,press_release,200,card_teaser;cover_box;downloads;gallery_lightbox;promo_banner;tags;two_column,cover_box_dark;teaser_media;teaser_overlay;teaser_toolbar,,
https://www.skoda-storyboard.com/en/press-releases/skoda-releases-design-sketches-of-new-kamiq-gt-suv-coupe-for-china/,MR,press_release,press_release,200,card_teaser;cover_box;downloads;gallery_lightbox;promo_banner;tags;two_column,cover_box_dark;teaser_media;teaser_overlay;teaser_toolbar,,
https://www.skoda-storyboard.com/en/press-releases/rallyracc-catalunya-rovanpera-and-kopecky-targeting-wrc-2-pro-manufacturers-title-for-skoda/,MR,press_release,press_release,200,card_teaser;carousel_rails;cover_box;downloads;gallery_lightbox;promo_banner;tags;two_column,cover_box_dark;teaser_media;teaser_overlay;teaser_toolbar,,
https://www.skoda-storyboard.com/en/press-releases/anniversary-celebrations-for-a-flagship-85-years-of-the-skoda-superb/,MR,press_release,press_release,200,card_teaser;cover_box;downloads;gallery_lightbox;promo_banner;tags;two_column,cover_box_dark;teaser_media;teaser_overlay;teaser_toolbar,,
https://www.skoda-storyboard.com/en/press-releases/skoda-presents-design-sketches-of-new-octavia/,MR,press_release,press_release,200,card_teaser;carousel_rails;cover_box;downloads;gallery_lightbox;promo_banner;tags;two_column,cover_box_dark;teaser_media;teaser_overlay;teaser_toolbar,,
https://www.skoda-storyboard.com/en/press-releases/company-car-awards-2019-record-result-for-skoda-in-the-auto-bild-readers-choice/,MR,press_release,press_release,200,card_teaser;carousel_rails;cover_box;downloads;gallery_lightbox;promo_banner;tags;two_column,cover_box_dark;teaser_media;teaser_overlay;teaser_toolbar,,
https://www.skoda-storyboard.com/en/press-releases/skoda-delivers-913700-vehicles-in-the-first-three-quarters-of-the-year/,MR,press_release,press_release,200,card_teaser;carousel_rails;cover_box;downloads;gallery_lightbox;promo_banner;tags;two_column,cover_box_dark;teaser_media;teaser_overlay;teaser_toolbar,,
https://www.skoda-storyboard.com/en/press-releases/anniversary-25-years-of-the-skoda-felicia/,MR,press_release,press_release,200,card_teaser;cover_box;downloads;gallery_lightbox;promo_banner;tags;two_column,cover_box_dark;teaser_media;teaser_overlay;teaser_toolbar,,
https://www.skoda-storyboard.com/en/press-releases/skoda-auto-in-vrchlabi-high-tech-site-at-the-foot-of-the-giant-mountains/,MR,press_release,press_release,200,card_teaser;carousel_rails;cover_box;downloads;gallery_lightbox;promo_banner;tags;two_column,cover_box_dark;teaser_media;teaser_overlay;teaser_toolbar,,
https://www.skoda-storyboard.com/en/press-releases/skoda-kamiq-shortlisted-for-european-autobest-award/,MR,press_release,press_release,200,card_teaser;carousel_rails;cover_box;downloads;gallery_lightbox;promo_banner;tags;two_column,cover_box_dark;teaser_media;teaser_overlay;teaser_toolbar,,
https://www.skoda-storyboard.com/en/press-releases/volkswagen-group-india-consolidates-into-a-new-entity-skoda-auto-volkswagen-india-private-limited/,MR,press_release,press_release,200,card_teaser;carousel_rails;cover_box;downloads;gallery_lightbox;promo_banner;tags;two_column,cover_box_dark;teaser_media;teaser_overlay;teaser_toolbar,,
https://www.skoda-storyboard.com/en/press-releases/wales-rally-gb-game-set-and-wrc-2-pro-titles-for-skodas-kalle-rovanpera-and-jonne-halttunen/,MR,press_release,press_release,200,card_teaser;cover_box;downloads;gallery_lightbox;promo_banner;tags;two_column,cover_box_dark;teaser_media;teaser_overlay;teaser_toolbar,,
https://www.skoda-storyboard.com/en/press-releases/wales-rally-gb-skodas-kalle-rovanpera-close-to-victory-and-wrc-2-pro-title/,MR,press_release,press_release,200,card_teaser;carousel_rails;cover_box;downloads;gallery_lightbox;promo_banner;tags;two_column,cover_box_dark;teaser_media;teaser_overlay;teaser_toolbar,,
https://www.skoda-storyboard.com/en/press-releases/wales-rally-gb-skodas-jan-kopecky-leads-wrc-2-pro-from-teammate-kalle-rovanpera/,MR,press_release,press_release,200,card_teaser;cover_box;downloads;gallery_lightbox;promo_banner;tags;two_column,cover_box_dark;teaser_media;teaser_overlay;teaser_toolbar,,
https://www.skoda-storyboard.com/en/press-releases/wales-rally-gb-match-point-for-skodas-kalle-rovanpera-chasing-the-wrc-2-pro-title/,MR,press_release,press_release,200,card_teaser;cover_box;downloads;gallery_lightbox;promo_banner;tags;two_column,cover_box_dark;teaser_media;teaser_overlay;teaser_toolbar,,
https://www.skoda-storyboard.com/en/press-releases/skoda-shows-historic-vehicles-at-classic-car-events-in-china/,MR,press_release,press_release,200,card_teaser;cover_box;downloads;gallery_lightbox;promo_banner;tags;two_column,cover_box_dark;teaser_media;teaser_overlay;teaser_toolbar,,
https://www.skoda-storyboard.com/en/press-releases/skoda-presents-new-digital-assistant-okay-laura/,MR,press_release,press_release,200,card_teaser;carousel_rails;cover_box;downloads;gallery_lightbox;promo_banner;tags;two_column,cover_box_dark;teaser_media;teaser_overlay;teaser_toolbar,vimeo,
https://www.skoda-storyboard.com/en/press-releases/skoda-auto-produces-250000th-karoq-compact-suv/,MR,press_release,press_release,200,card_teaser;carousel_rails;cover_box;downloads;gallery_lightbox;promo_banner;tags;two_column,cover_box_dark;teaser_media;teaser_overlay;teaser_toolbar,,
https://www.skoda-storyboard.com/en/press-releases/successful-launch-of-dproduction-skoda-auto-optimises-production-processes-at-kvasiny-plant/,MR,press_release,press_release,200,card_teaser;carousel_rails;cover_box;downloads;gallery_lightbox;promo_banner;tags;two_column,cover_box_dark;teaser_media;teaser_overlay;teaser_toolbar,,
https://www.skoda-storyboard.com/en/press-releases/skoda-auto-begins-serial-production-of-superb-iv-at-kvasiny-plant/,MR,press_release,press_release,200,card_teaser;cover_box;downloads;gallery_lightbox;promo_banner;tags;two_column,cover_box_dark;teaser_media;teaser_overlay;teaser_toolbar,,
https://www.skoda-storyboard.com/en/press-releases/rally-turkey-kopecky-second-in-wrc-2-pro-skoda-increases-category-championship-lead/,MR,press_release,press_release,200,card_teaser;carousel_rails;cover_box;downloads;gallery_lightbox;promo_banner;tags;two_column,cover_box_dark;teaser_media;teaser_overlay;teaser_toolbar,,
https://www.skoda-storyboard.com/en/press-releases/rally-turkey-puncture-relegates-skodas-jan-kopecky-to-second-position-in-wrc-2-pro/,MR,press_release,press_release,200,card_teaser;carousel_rails;cover_box;downloads;gallery_lightbox;promo_banner;tags;two_column,cover_box_dark;teaser_media;teaser_overlay;teaser_toolbar,,
https://www.skoda-storyboard.com/en/press-releases/rally-turkey-skodas-jan-kopecky-leads-wrc-2-pro-while-kalle-rovanpera-had-to-stop-but-will-re-start-on-saturday/,MR,press_release,press_release,200,card_teaser;carousel_rails;cover_box;downloads;gallery_lightbox;promo_banner;tags;two_column,cover_box_dark;teaser_media;teaser_overlay;teaser_toolbar,,
https://www.skoda-storyboard.com/en/press-releases/best-of-mobility-2019-readers-choose-skoda-vision-iv-as-best-concept-car/,MR,press_release,press_release,200,card_teaser;cover_box;downloads;gallery_lightbox;promo_banner;tags;two_column,cover_box_dark;teaser_media;teaser_overlay;teaser_toolbar,,
https://www.skoda-storyboard.com/en/press-releases/skoda-delivers-88100-vehicles-in-august/,MR,press_release,press_release,200,card_teaser;carousel_rails;cover_box;downloads;gallery_lightbox;promo_banner;tags;two_column,cover_box_dark;teaser_media;teaser_overlay;teaser_toolbar,,
https://www.skoda-storyboard.com/en/press-releases/skoda-at-the-iaa-2019-the-trade-show-in-pictures/,MR,press_release,press_release,200,card_teaser;carousel_rails;cover_box;downloads;gallery_lightbox;promo_banner;tags;two_column,cover_box_dark;teaser_media;teaser_overlay;teaser_toolbar,,
https://www.skoda-storyboard.com/en/press-releases/rally-turkey-skodas-kalle-rovanpera-and-jan-kopecky-are-facing-with-their-skoda-fabia-r5-evo-toughest-wrc-rally-of-the-year-2/,MR,press_release,press_release,200,card_teaser;carousel_rails;cover_box;downloads;gallery_lightbox;promo_banner;tags;two_column,cover_box_dark;teaser_media;teaser_overlay;teaser_toolbar,,
https://www.skoda-storyboard.com/en/press-releases/skoda-auto-digilab-supports-future-port-prague-as-a-gold-partner/,MR,press_release,press_release,200,card_teaser;cover_box;downloads;gallery_lightbox;promo_banner;tags;two_column,cover_box_dark;teaser_media;teaser_overlay;teaser_toolbar,,
https://www.skoda-storyboard.com/en/press-releases/skoda-at-the-iaa-2019-stepping-into-a-sustainable-future/,MR,press_release,press_release,200,card_teaser;cover_box;downloads;gallery_lightbox;promo_banner;tags;two_column,cover_box_dark;teaser_media;teaser_overlay;teaser_toolbar,,
https://www.skoda-storyboard.com/en/press-releases/skoda-auto-begins-manufacturing-components-for-electric-volkswagen-group-vehicles/,MR,press_release,press_release,200,card_teaser;cover_box;downloads;gallery_lightbox;promo_banner;tags;two_column,cover_box_dark;teaser_media;teaser_overlay;teaser_toolbar,,
https://www.skoda-storyboard.com/en/press-releases/city-suv-meets-rally-history-new-skoda-kamiq-monte-carlo-to-debut-at-the-2019-frankfurt-motor-show/,MR,press_release,press_release,200,card_teaser;cover_box;downloads;gallery_lightbox;promo_banner;tags;two_column,cover_box_dark;teaser_media;teaser_overlay;teaser_toolbar,,
https://www.skoda-storyboard.com/en/press-releases/klement-images-of-skodas-innovative-all-electric-two-wheel-concept-at-eurobike-2019/,MR,press_release,press_release,200,card_teaser;carousel_rails;cover_box;downloads;gallery_lightbox;promo_banner;tags;two_column,cover_box_dark;teaser_media;teaser_overlay;teaser_toolbar,,
https://www.skoda-storyboard.com/en/press-releases/skoda-kamiq-scores-maximum-five-stars-in-euro-ncap-test/,MR,press_release,press_release,200,card_teaser;cover_box;downloads;gallery_lightbox;promo_banner;tags;two_column,cover_box_dark;teaser_media;teaser_overlay;teaser_toolbar,,
https://www.skoda-storyboard.com/en/press-releases/berider-skoda-auto-digilab-launches-escooter-sharing-in-prague/,MR,press_release,press_release,200,card_teaser;cover_box;downloads;gallery_lightbox;promo_banner;tags;two_column,cover_box_dark;teaser_media;teaser_overlay;teaser_toolbar,,
https://www.skoda-storyboard.com/en/press-releases/skoda-scala-monte-carlo-new-trim-level-for-even-more-dynamic-and-lifestyle-appeal/,MR,press_release,press_release,200,card_teaser;cover_box;downloads;gallery_lightbox;promo_banner;tags;two_column,cover_box_dark;teaser_media;teaser_overlay;teaser_toolbar,,
https://www.skoda-storyboard.com/en/press-releases/skoda-shows-innovative-two-wheel-concept-klement-at-eurobike-2019-in-friedrichshafen/,MR,press_release,press_release,200,card_teaser;carousel_rails;cover_box;downloads;gallery_lightbox;promo_banner;tags;two_column,cover_box_dark;teaser_media;teaser_overlay;teaser_toolbar,,
https://www.skoda-storyboard.com/en/press-releases/skoda-scala-and-skoda-kamiq-offer-new-wireless-smartlink-technology-for-smartphone-integration/,MR,press_release,press_release,200,card_teaser;cover_box;downloads;gallery_lightbox;promo_banner;tags;two_column,cover_box_dark;teaser_media;teaser_overlay;teaser_toolbar,,
https://www.skoda-storyboard.com/en/press-releases/adac-rallye-deutschland-skodas-jan-kopecky-and-co-driver-pavel-dresler-win-wrc-2-pro-category/,MR,press_release,press_release,200,card_teaser;cover_box;downloads;gallery_lightbox;promo_banner;tags;two_column,cover_box_dark;teaser_media;teaser_overlay;teaser_toolbar,,
https://www.skoda-storyboard.com/en/press-releases/adac-rallye-deutschland-jan-kopecky-and-pavel-dresler-conquer-lead-for-skoda-in-wrc-2-pro/,MR,press_release,press_release,200,card_teaser;carousel_rails;cover_box;downloads;gallery_lightbox;promo_banner;tags;two_column,cover_box_dark;teaser_media;teaser_overlay;teaser_toolbar,,
https://www.skoda-storyboard.com/en/press-releases/adac-rallye-deutschland-rovanpera-and-kopecky-secure-double-lead-for-skoda-in-wrc-2-pro/,MR,press_release,press_release,200,card_teaser;cover_box;downloads;gallery_lightbox;promo_banner;tags;two_column,cover_box_dark;teaser_media;teaser_overlay;teaser_toolbar,,
https://www.skoda-storyboard.com/en/press-releases/skoda-auto-launches-operation-of-new-paint-shop-at-mlada-boleslav-plant/,MR,press_release,press_release,200,card_teaser;carousel_rails;cover_box;downloads;gallery_lightbox;promo_banner;tags;two_column,cover_box_dark;teaser_media;teaser_overlay;teaser_toolbar,,
https://www.skoda-storyboard.com/en/press-releases/adac-rallye-deutschland-skoda-drivers-rovanpera-and-kopecky-aim-for-third-double-of-the-season-in-the-wrc-2-pro-category/,MR,press_release,press_release,200,card_teaser;cover_box;downloads;gallery_lightbox;promo_banner;tags;two_column,cover_box_dark;teaser_media;teaser_overlay;teaser_toolbar,,
https://www.skoda-storyboard.com/en/press-releases/skoda-auto-digilab-launches-citymove-mobility-app/,MR,press_release,press_release,200,card_teaser;cover_box;downloads;gallery_lightbox;promo_banner;tags;two_column,cover_box_dark;teaser_media;teaser_overlay;teaser_toolbar,,
https://www.skoda-storyboard.com/en/press-releases/skoda-achieves-new-delivery-record-in-july/,MR,press_release,press_release,200,card_teaser;cover_box;downloads;gallery_lightbox;promo_banner;tags;two_column,cover_box_dark;teaser_media;teaser_overlay;teaser_toolbar,,
https://www.skoda-storyboard.com/en/press-releases/skoda-auto-trains-staff-for-demands-of-electromobility/,MR,press_release,press_release,200,card_teaser;cover_box;downloads;gallery_lightbox;promo_banner;tags;two_column,cover_box_dark;teaser_media;teaser_overlay;teaser_toolbar,,
https://www.skoda-storyboard.com/en/press-releases/neste-rally-finland-skoda-fabia-r5-evo-driver-rovanpera-wins-wrc-2-pro-category-at-home-game/,MR,press_release,press_release,200,card_teaser;cover_box;downloads;gallery_lightbox;promo_banner;tags;two_column,cover_box_dark;teaser_media;teaser_overlay;teaser_toolbar,,
https://www.skoda-storyboard.com/en/press-releases/neste-rally-finland-rovanpera-keeps-everything-under-control-for-skoda-in-wrc-2-pro-category/,MR,press_release,press_release,200,card_teaser;cover_box;downloads;gallery_lightbox;promo_banner;tags;two_column,cover_box_dark;teaser_media;teaser_overlay;teaser_toolbar,,
https://www.skoda-storyboard.com/en/press-releases/neste-rally-finland-skodas-local-hero-kalle-rovanpera-leads-wrc-2-pro-category/,MR,press_release,press_release,200,card_teaser;carousel_rails;cover_box;downloads;gallery_lightbox;promo_banner;tags;two_column,cover_box_dark;teaser_media;teaser_overlay;teaser_toolbar,,
https://www.skoda-storyboard.com/en/press-releases/born-on-the-rally-track-skoda-monte-carlo-models-stand-for-tradition-motor-racing-and-lifestyle/,MR,press_release,press_release,200,card_teaser;cover_box;downloads;gallery_lightbox;promo_banner;tags;two_column,cover_box_dark;teaser_media;teaser_overlay;teaser_toolbar,,
https://www.skoda-storyboard.com/en/press-releases/neste-rally-finland-skoda-works-driver-kalle-rovanpera-aims-for-home-victory-in-wrc-2-pro/,MR,press_release,press_release,200,card_teaser;carousel_rails;cover_box;downloads;gallery_lightbox;promo_banner;tags;two_column,cover_box_dark;teaser_media;teaser_overlay;teaser_toolbar,,
https://www.skoda-storyboard.com/en/press-releases/tour-de-france-winner-egan-bernal-celebrates-with-crystal-trophy-from-skoda-auto/,MR,press_release,press_release,200,card_teaser;cover_box;downloads;gallery_lightbox;promo_banner;tags;two_column,cover_box_dark;teaser_media;teaser_overlay;teaser_toolbar,,
https://www.skoda-storyboard.com/en/press-releases/skoda-auto-increases-operating-profit-and-sales-revenue-in-the-first-half-of-2019/,MR,press_release,press_release,200,card_teaser;carousel_rails;cover_box;downloads;gallery_lightbox;promo_banner;tags;two_column,cover_box_dark;teaser_media;teaser_overlay;teaser_toolbar,,
https://www.skoda-storyboard.com/en/press-releases/for-enhanced-dynamics-comfort-and-safety-two-new-equipment-packages-for-the-skoda-fabia/,MR,press_release,press_release,200,card_teaser;carousel_rails;cover_box;downloads;gallery_lightbox;promo_banner;tags;two_column,cover_box_dark;teaser_media;teaser_overlay;teaser_toolbar,,
https://www.skoda-storyboard.com/en/press-releases/skoda-auto-wins-automotive-lean-production-award/,MR,press_release,press_release,200,card_teaser;carousel_rails;cover_box;downloads;gallery_lightbox;promo_banner;tags;two_column,cover_box_dark;teaser_media;teaser_overlay;teaser_toolbar,,
https://www.skoda-storyboard.com/en/press-releases/skoda-begins-serial-production-of-its-revised-superb-flagship/,MR,press_release,press_release,200,card_teaser;cover_box;downloads;gallery_lightbox;promo_banner;tags;two_column,cover_box_dark;teaser_media;teaser_overlay;teaser_toolbar,,
https://www.skoda-storyboard.com/en/press-releases/skoda-motorsport-starts-delivery-of-new-rally-car-skoda-fabia-r5-evo-2/,MR,press_release,press_release,200,card_teaser;cover_box;downloads;gallery_lightbox;promo_banner;tags;two_column,cover_box_dark;teaser_media;teaser_overlay;teaser_toolbar,,
https://www.skoda-storyboard.com/en/press-releases/skoda-karoq-and-kodiaq-enter-2020-model-year-with-visual-and-technological-enhancements/,MR,press_release,press_release,200,card_teaser;cover_box;downloads;gallery_lightbox;promo_banner;tags;two_column,cover_box_dark;teaser_media;teaser_overlay;teaser_toolbar,,
https://www.skoda-storyboard.com/en/press-releases/skoda-design-creates-the-trophies-for-2019-tour-de-france-winners/,MR,press_release,press_release,200,card_teaser;cover_box;downloads;gallery_lightbox;promo_banner;tags;two_column,cover_box_dark;teaser_media;teaser_overlay;teaser_toolbar,vimeo,
https://www.skoda-storyboard.com/en/press-releases/cycling-fan-starts-letape-du-tour-on-a-replica-of-120-year-old-slavia-bicycle-2/,MR,press_release,press_release,200,card_teaser;carousel_rails;cover_box;downloads;gallery_lightbox;promo_banner;tags;two_column,cover_box_dark;teaser_media;teaser_overlay;teaser_toolbar,,
https://www.skoda-storyboard.com/en/press-releases/sustainability-report-2017-2018-skoda-scores-top-marks-for-environmental-protection-conserving-resources-and-social-commitment/,MR,press_release,press_release,200,card_teaser;carousel_rails;cover_box;downloads;gallery_lightbox;promo_banner;tags;two_column,cover_box_dark;teaser_media;teaser_overlay;teaser_toolbar,,
https://www.skoda-storyboard.com/en/press-releases/skoda-delivers-620900-vehicles-in-first-half-of-2019/,MR,press_release,press_release,200,card_teaser;carousel_rails;cover_box;downloads;gallery_lightbox;promo_banner;tags;two_column,cover_box_dark;teaser_media;teaser_overlay;teaser_toolbar,,
https://www.skoda-storyboard.com/en/press-releases/start-of-production-for-the-new-skoda-kamiq-city-suv/,MR,press_release,press_release,200,card_teaser;cover_box;downloads;gallery_lightbox;promo_banner;tags;two_column,cover_box_dark;teaser_media;teaser_overlay;teaser_toolbar,,
https://www.skoda-storyboard.com/en/press-releases/skoda-scala-scores-five-stars-in-euro-ncap-test/,MR,press_release,press_release,200,card_teaser;cover_box;downloads;gallery_lightbox;promo_banner;tags;two_column,cover_box_dark;teaser_media;teaser_overlay;teaser_toolbar,,
https://www.skoda-storyboard.com/en/press-releases/skoda-challenge-2019-skoda-honours-the-worlds-best-service-and-sales-professionals-in-sibenik/,MR,press_release,press_release,200,card_teaser;carousel_rails;cover_box;downloads;gallery_lightbox;promo_banner;tags;two_column,cover_box_dark;teaser_media;teaser_overlay;teaser_toolbar,,
https://www.skoda-storyboard.com/en/press-releases/skoda-auto-produces-its-12-millionth-gearbox-of-the-current-generation/,MR,press_release,press_release,200,card_teaser;carousel_rails;cover_box;downloads;gallery_lightbox;promo_banner;tags;two_column,cover_box_dark;teaser_media;teaser_overlay;teaser_toolbar,,
https://www.skoda-storyboard.com/en/press-releases/lavishly-restored-skoda-superb-ohv-from-1948-is-unveiled-at-the-skoda-museum/,MR,press_release,press_release,200,card_teaser;carousel_rails;cover_box;downloads;gallery_lightbox;promo_banner;tags;two_column,cover_box_dark;teaser_media;teaser_overlay;teaser_toolbar,,
https://www.skoda-storyboard.com/en/press-releases/skoda-supports-tour-de-france-as-the-official-main-partner-for-16th-time/,MR,press_release,press_release,200,card_teaser;cover_box;downloads;gallery_lightbox;promo_banner;tags;two_column,cover_box_dark;teaser_media;teaser_overlay;teaser_toolbar,,
https://www.skoda-storyboard.com/en/press-releases/cng-mobility-days-2019-in-berlin-skoda-presents-natural-gas-powered-scala-g-tec/,MR,press_release,press_release,200,card_teaser;cover_box;downloads;gallery_lightbox;promo_banner;tags;two_column,cover_box_dark;teaser_media;teaser_overlay;teaser_toolbar,,
https://www.skoda-storyboard.com/en/press-releases/skoda-it-opens-sap-competence-centre-and-urban-co-working-space-visionary-in-pragues-holesovice-district/,MR,press_release,press_release,200,card_teaser;carousel_rails;cover_box;downloads;gallery_lightbox;promo_banner;tags;two_column,cover_box_dark;teaser_media;teaser_overlay;teaser_toolbar,,
https://www.skoda-storyboard.com/en/press-releases/rally-italia-sardegna-double-victory-at-wrc-2-pro-category-by-kalle-rovanpera-and-jan-kopecky/,MR,press_release,press_release,200,card_teaser;cover_box;downloads;gallery_lightbox;promo_banner;tags;two_column,cover_box_dark;teaser_media;teaser_overlay;teaser_toolbar,,
https://www.skoda-storyboard.com/en/press-releases/rally-italia-sardegna-skodas-kalle-rovanpera-and-jan-kopecky-continue-to-lead-wrc-2-pro/,MR,press_release,press_release,200,card_teaser;cover_box;downloads;gallery_lightbox;promo_banner;tags;two_column,cover_box_dark;teaser_media;teaser_overlay;teaser_toolbar,,
https://www.skoda-storyboard.com/en/press-releases/rally-italia-sardegna-skodas-kalle-rovanpera-and-jan-kopecky-with-double-lead-in-wrc-2-pro/,MR,press_release,press_release,200,card_teaser;carousel_rails;cover_box;downloads;gallery_lightbox;promo_banner;tags;two_column,cover_box_dark;teaser_media;teaser_overlay;teaser_toolbar,,
https://www.skoda-storyboard.com/en/press-releases/innovative-staff-ideas-saved-skoda-auto-approximately-209-6-million-czech-korunas-in-2018/,MR,press_release,press_release,200,card_teaser;carousel_rails;cover_box;downloads;gallery_lightbox;promo_banner;tags;two_column,cover_box_dark;teaser_media;teaser_overlay;teaser_toolbar,,
https://www.skoda-storyboard.com/en/press-releases/rally-italia-sardegna-skodas-kalle-rovanpera-and-jan-kopecky-fighting-for-wrc-2-pro-glory/,MR,press_release,press_release,200,card_teaser;cover_box;downloads;gallery_lightbox;promo_banner;tags;two_column,cover_box_dark;teaser_media;teaser_overlay;teaser_toolbar,,
https://www.skoda-storyboard.com/en/press-releases/skoda-delivers-104900-vehicles-in-may/,MR,press_release,press_release,200,card_teaser;carousel_rails;cover_box;downloads;gallery_lightbox;promo_banner;tags;two_column,cover_box_dark;teaser_media;teaser_overlay;teaser_toolbar,,
https://www.skoda-storyboard.com/en/press-releases/shenzhen-hong-kong-macao-international-auto-show-2019-curtain-up-for-the-skoda-vision-gt-concept-study/,MR,press_release,press_release,200,card_teaser;cover_box;downloads;gallery_lightbox;promo_banner;tags;two_column,cover_box_dark;teaser_media;teaser_overlay;teaser_toolbar,,
https://www.skoda-storyboard.com/en/press-releases/skoda-auto-digilab-brings-caredriver-to-prague/,MR,press_release,press_release,200,card_teaser;cover_box;downloads;promo_banner;tags;two_column,cover_box_dark;teaser_media;teaser_overlay;teaser_toolbar,,
https://www.skoda-storyboard.com/en/press-releases/straight-to-the-summit-with-the-skoda-mountiaq-sixth-skoda-student-concept-car-is-a-call-to-adventure/,MR,press_release,press_release,200,card_teaser;carousel_rails;cover_box;downloads;gallery_lightbox;promo_banner;tags;two_column,cover_box_dark;teaser_media;teaser_overlay;teaser_toolbar,vimeo,
https://www.skoda-storyboard.com/en/press-releases/skoda-auto-vocational-school-offers-exemplary-training-programmes-for-up-and-coming-young-talent/,MR,press_release,press_release,200,card_teaser;carousel_rails;cover_box;downloads;gallery_lightbox;promo_banner;tags;two_column,cover_box_dark;teaser_media;teaser_overlay;teaser_toolbar,,
https://www.skoda-storyboard.com/en/press-releases/rally-portugal-skodas-kalle-rovanpera-wins-wrc-2-pro-and-takes-championship-lead/,MR,press_release,press_release,200,card_teaser;cover_box;downloads;gallery_lightbox;promo_banner;tags;two_column,cover_box_dark;teaser_media;teaser_overlay;teaser_toolbar,,
https://www.skoda-storyboard.com/en/press-releases/rally-portugal-rovanpera-and-kopecky-lead-field-of-r5-cars-at-wrc-debut-of-skoda-fabia-r5-evo/,MR,press_release,press_release,200,card_teaser;carousel_rails;cover_box;downloads;gallery_lightbox;promo_banner;tags;two_column,cover_box_dark;teaser_media;teaser_overlay;teaser_toolbar,,
https://www.skoda-storyboard.com/en/press-releases/rally-portugal-jan-kopecky-leads-wrc-2-pro-category-at-wrc-debut-of-skoda-fabia-r5-evo/,MR,press_release,press_release,200,card_teaser;cover_box;downloads;gallery_lightbox;promo_banner;tags;two_column,cover_box_dark;teaser_media;teaser_overlay;teaser_toolbar,,
https://www.skoda-storyboard.com/en/press-releases/rally-portugal-world-championship-debut-for-skoda-fabia-r5-evo-with-kopecky-and-rovanpera/,MR,press_release,press_release,200,card_teaser;cover_box;downloads;gallery_lightbox;promo_banner;tags;two_column,cover_box_dark;teaser_media;teaser_overlay;teaser_toolbar,,
https://www.skoda-storyboard.com/en/press-releases/cirque-du-soleil-makes-guest-appearance-in-prague-on-european-tour/,MR,press_release,press_release,200,card_teaser;carousel_rails;cover_box;downloads;gallery_lightbox;promo_banner;tags;two_column,cover_box_dark;teaser_media;teaser_overlay;teaser_toolbar,,
https://www.skoda-storyboard.com/en/press-releases/sixth-skoda-student-concept-car-named-mountiaq/,MR,press_release,press_release,200,card_teaser;carousel_rails;cover_box;downloads;gallery_lightbox;promo_banner;tags;two_column,cover_box_dark;teaser_media;teaser_overlay;teaser_toolbar,,
https://www.skoda-storyboard.com/en/press-releases/bernhard-maier-presents-trophy-to-most-valuable-player-of-iihf-ice-hockey-world-championship-2019/,MR,press_release,press_release,200,card_teaser;carousel_rails;cover_box;downloads;gallery_lightbox;promo_banner;tags;two_column,cover_box_dark;teaser_media;teaser_overlay;teaser_toolbar,,
https://www.skoda-storyboard.com/en/press-releases/skoda-auto-signs-eu-diversity-charter/,MR,press_release,press_release,200,card_teaser;carousel_rails;cover_box;downloads;gallery_lightbox;promo_banner;tags;two_column,cover_box_dark;teaser_media;teaser_overlay;teaser_toolbar,,
https://www.skoda-storyboard.com/en/press-releases/production-milestone-reached-in-mlada-boleslav-skoda-auto-manufactures-2500000th-ea211-engine/,MR,press_release,press_release,200,card_teaser;carousel_rails;cover_box;downloads;gallery_lightbox;promo_banner;tags;two_column,cover_box_dark;teaser_media;teaser_overlay;teaser_toolbar,,
https://www.skoda-storyboard.com/en/press-releases/world-premieres-in-bratislava-skoda-presents-e-mobility-sub-brand-iv-as-well-as-citigoe-iv-and-superb-iv/,MR,press_release,press_release,200,card_teaser;cover_box;downloads;gallery_lightbox;promo_banner;tags;two_column,cover_box_dark;teaser_media;teaser_overlay;teaser_toolbar,,
https://www.skoda-storyboard.com/en/press-releases/new-skoda-superb-scout-added-to-superb-family-for-the-first-time/,MR,press_release,press_release,200,card_teaser;carousel_rails;cover_box;downloads;gallery_lightbox;promo_banner;tags;two_column,cover_box_dark;teaser_media;teaser_overlay;teaser_toolbar,,
https://www.skoda-storyboard.com/en/press-releases/skoda-design-creates-trophy-for-most-valuable-player-of-iihf-ice-hockey-world-championship-2019/,MR,press_release,press_release,200,card_teaser;carousel_rails;cover_box;downloads;gallery_lightbox;promo_banner;tags;two_column,cover_box_dark;teaser_media;teaser_overlay;teaser_toolbar,,
https://www.skoda-storyboard.com/en/press-releases/skoda-broadcasts-world-premiere-of-revised-superb-series-and-electric-citigo-live-online/,MR,press_release,press_release,200,card_teaser;carousel_rails;cover_box;downloads;gallery_lightbox;promo_banner;tags;two_column,cover_box_dark;teaser_media;teaser_overlay;teaser_toolbar,,
https://www.skoda-storyboard.com/en/press-releases/skoda-offers-first-impression-of-its-upgraded-%e2%80%a8superb-model-range-in-teaser-video/,MR,press_release,press_release,200,card_teaser;cover_box;downloads;gallery_lightbox;promo_banner;tags;two_column,cover_box_dark;teaser_media;teaser_overlay;teaser_toolbar,vimeo,
https://www.skoda-storyboard.com/en/press-releases/comprehensive-update-for-skoda-connect-app-users/,MR,press_release,press_release,200,card_teaser;cover_box;downloads;gallery_lightbox;promo_banner;tags;two_column,cover_box_dark;teaser_media;teaser_overlay;teaser_toolbar,,
https://www.skoda-storyboard.com/en/press-releases/10-weeks-for-nove-boleslavsko-skoda-auto-presents-results-of-citizen-survey-and-first-concrete-projects/,MR,press_release,press_release,200,card_teaser;cover_box;downloads;gallery_lightbox;promo_banner;tags;two_column,cover_box_dark;teaser_media;teaser_overlay;teaser_toolbar,,
https://www.skoda-storyboard.com/en/press-releases/highest-customer-satisfaction-two-skoda-models-win-j-d-power-award-in-germany/,MR,press_release,press_release,200,card_teaser;carousel_rails;cover_box;downloads;gallery_lightbox;promo_banner;tags;two_column,cover_box_dark;teaser_media;teaser_overlay;teaser_toolbar,,
https://www.skoda-storyboard.com/en/press-releases/skoda-delivers-95900-vehicles-in-april/,MR,press_release,press_release,200,card_teaser;carousel_rails;cover_box;downloads;gallery_lightbox;promo_banner;tags;two_column,cover_box_dark;teaser_media;teaser_overlay;teaser_toolbar,,
https://www.skoda-storyboard.com/en/press-releases/innovative-lighting-technology-provides-maximum-safety-in-the-revised-skoda-superb/,MR,press_release,press_release,200,card_teaser;carousel_rails;cover_box;downloads;gallery_lightbox;promo_banner;tags;two_column,cover_box_dark;teaser_media;teaser_overlay;teaser_toolbar,youtube,
https://www.skoda-storyboard.com/en/press-releases/skoda-in-india-85th-time-anniversary-of-long-distance-trip-to-calcutta-in-the-skoda-popular/,MR,press_release,press_release,200,card_teaser;cover_box;downloads;gallery_lightbox;promo_banner;tags;two_column,cover_box_dark;teaser_media;teaser_overlay;teaser_toolbar,,
https://www.skoda-storyboard.com/en/press-releases/rally-chile-skoda-works-driver-kalle-rovanpera-conquered-first-victory-in-wrc-2-pro-category/,MR,press_release,press_release,200,card_teaser;carousel_rails;cover_box;downloads;gallery_lightbox;promo_banner;tags;two_column,cover_box_dark;teaser_media;teaser_overlay;teaser_toolbar,,
https://www.skoda-storyboard.com/en/press-releases/iihf-ice-hockey-world-championship-in-slovakia-skoda-featured-on-the-ice-as-the-official-main-sponsor-for-27th-time/,MR,press_release,press_release,200,card_teaser;cover_box;downloads;gallery_lightbox;promo_banner;tags;two_column,cover_box_dark;teaser_media;teaser_overlay;teaser_toolbar,,
https://www.skoda-storyboard.com/en/press-releases/skoda-reveals-design-sketch-for-the-revised-superb/,MR,press_release,press_release,200,card_teaser;cover_box;downloads;promo_banner;tags;two_column,cover_box_dark;teaser_media;teaser_overlay;teaser_toolbar,,
https://www.skoda-storyboard.com/en/press-releases/change-in-management-at-skoda-auto-kvasiny-plant-manager-adopts-new-role-within-volkswagen-group-in-china/,MR,press_release,press_release,200,card_teaser;carousel_rails;cover_box;downloads;gallery_lightbox;promo_banner;tags;two_column,cover_box_dark;teaser_media;teaser_overlay;teaser_toolbar,,
https://www.skoda-storyboard.com/en/press-releases/skoda-auto-closes-first-quarter-with-record-sales-revenue/,MR,press_release,press_release,200,card_teaser;carousel_rails;cover_box;downloads;gallery_lightbox;promo_banner;tags;two_column,cover_box_dark;teaser_media;teaser_overlay;teaser_toolbar,,
https://www.skoda-storyboard.com/en/press-releases/competitive-debut-of-the-updated-skoda-fabia-r5-in-czech-rally-championship/,MR,press_release,press_release,200,card_teaser;cover_box;downloads;gallery_lightbox;promo_banner;tags;two_column,cover_box_dark;teaser_media;teaser_overlay;teaser_toolbar,,
https://www.skoda-storyboard.com/en/press-releases/skoda-heads-to-the-bodensee-klassik-with-four-icons-from-the-companys-history/,MR,press_release,press_release,200,card_teaser;carousel_rails;cover_box;downloads;gallery_lightbox;promo_banner;tags;two_column,cover_box_dark;teaser_media;teaser_overlay;teaser_toolbar,,
https://www.skoda-storyboard.com/en/press-releases/updated-skoda-fabia-r5-successfully-homologated-and-ready-for-competition/,MR,press_release,press_release,200,card_teaser;cover_box;downloads;gallery_lightbox;promo_banner;tags;two_column,cover_box_dark;teaser_media;teaser_overlay;teaser_toolbar,,
https://www.skoda-storyboard.com/en/press-releases/the-new-skoda-cycling-collection-2019-modern-designs-and-a-wider-range-of-e-bikes/,MR,press_release,press_release,200,card_teaser;carousel_rails;cover_box;downloads;gallery_lightbox;promo_banner;tags;two_column,cover_box_dark;teaser_media;teaser_overlay;teaser_toolbar,,
https://www.skoda-storyboard.com/en/press-releases/skoda-auto-supports-it-talent-at-international-smart-mobility-hackathon-in-prague/,MR,press_release,press_release,200,card_teaser;cover_box;downloads;gallery_lightbox;promo_banner;tags;two_column,cover_box_dark;teaser_media;teaser_overlay;teaser_toolbar,,
https://www.skoda-storyboard.com/en/press-releases/skoda-auto-digilab-now-also-in-china/,MR,press_release,press_release,200,card_teaser;cover_box;downloads;gallery_lightbox;promo_banner;tags;two_column,cover_box_dark;teaser_media;teaser_overlay;teaser_toolbar,,
https://www.skoda-storyboard.com/en/press-releases/three-wins-for-skoda-kodiaq-octavia-scout-and-superb-crowned-all-wheel-drive-cars-of-the-year-in-readers-poll/,MR,press_release,press_release,200,card_teaser;cover_box;downloads;gallery_lightbox;promo_banner;tags;two_column,cover_box_dark;teaser_media;teaser_overlay;teaser_toolbar,,
https://www.skoda-storyboard.com/en/press-releases/production-milestone-skoda-auto-celebrates-its-22-millionth-vehicle/,MR,press_release,press_release,200,card_teaser;cover_box;downloads;gallery_lightbox;promo_banner;tags;two_column,cover_box_dark;teaser_media;teaser_overlay;teaser_toolbar,,
https://www.skoda-storyboard.com/en/press-releases/skoda-delivers-307600-vehicles-and-increases-its-global-market-share-in-the-first-quarter/,MR,press_release,press_release,200,card_teaser;carousel_rails;cover_box;downloads;gallery_lightbox;promo_banner;tags;two_column,cover_box_dark;teaser_media;teaser_overlay;teaser_toolbar,,
https://www.skoda-storyboard.com/en/press-releases/skoda-launches-stay-on-the-safe-side-safety-campaign-for-cyclists-and-motorists/,MR,press_release,press_release,200,card_teaser;cover_box;downloads;gallery_lightbox;promo_banner;tags;two_column,cover_box_dark;teaser_media;teaser_overlay;teaser_toolbar,,
https://www.skoda-storyboard.com/en/press-releases/electric-innovative-and-sustainable-skoda-showcases-visions-of-the-future-for-china-at-auto-shanghai-2019/,MR,press_release,press_release,200,card_teaser;cover_box;downloads;gallery_lightbox;promo_banner;tags;two_column,cover_box_dark;teaser_media;teaser_overlay;teaser_toolbar,,
https://www.skoda-storyboard.com/en/press-releases/skoda-launches-emobility-pilot-project-in-the-czech-republic/,MR,press_release,press_release,200,card_teaser;cover_box;downloads;gallery_lightbox;promo_banner;tags;two_column,cover_box_dark;teaser_media;teaser_overlay;teaser_toolbar,,
https://www.skoda-storyboard.com/en/press-releases/the-volkswagen-group-intends-to-merge-all-passenger-car-entities-in-india%e2%80%a8/,MR,press_release,press_release,200,card_teaser;carousel_rails;cover_box;downloads;gallery_lightbox;promo_banner;tags;two_column,cover_box_dark;teaser_media;teaser_overlay;teaser_toolbar,,
https://www.skoda-storyboard.com/en/press-releases/skoda-sets-the-record-straight-customisation-option-for-the-rear-of-the-new-skoda-scala-was-an-april-fools-joke/,MR,press_release,press_release,200,card_teaser;carousel_rails;cover_box;downloads;gallery_lightbox;promo_banner;tags;two_column,cover_box_dark;teaser_media;teaser_overlay;teaser_toolbar,,
https://www.skoda-storyboard.com/en/press-releases/innovative-individualisation-option-for-the-new-skoda-scala-a-personalised-name-at-the-rear/,MR,press_release,press_release,200,card_teaser;cover_box;downloads;gallery_lightbox;promo_banner;tags;two_column,cover_box_dark;teaser_media;teaser_overlay;teaser_toolbar,,
https://www.skoda-storyboard.com/en/press-releases/rally-france-tour-de-corse-private-skoda-crews-secure-double-victory-in-wrc-2-category/,MR,press_release,press_release,200,card_teaser;carousel_rails;cover_box;downloads;gallery_lightbox;promo_banner;tags;two_column,cover_box_dark;teaser_media;teaser_overlay;teaser_toolbar,,
https://www.skoda-storyboard.com/en/press-releases/skoda-auto-participates-in-earth-hour-for-seventh-time-in-a-row/,MR,press_release,press_release,200,card_teaser;carousel_rails;cover_box;downloads;gallery_lightbox;promo_banner;tags;two_column,cover_box_dark;teaser_media;teaser_overlay;teaser_toolbar,,
https://www.skoda-storyboard.com/en/press-releases/skoda-scala-wins-coveted-red-dot-award/,MR,press_release,press_release,200,card_teaser;carousel_rails;cover_box;downloads;gallery_lightbox;promo_banner;tags;two_column,cover_box_dark;teaser_media;teaser_overlay;teaser_toolbar,,
https://www.skoda-storyboard.com/en/press-releases/skoda-octavia-dynamic-package-emphasises-bestsellers-sportiness-and-elegance/,MR,press_release,press_release,200,card_teaser;carousel_rails;cover_box;downloads;gallery_lightbox;promo_banner;tags;two_column,cover_box_dark;teaser_media;teaser_overlay;teaser_toolbar,,
https://www.skoda-storyboard.com/en/press-releases/rally-france-skoda-motorsports-kalle-rovanpera-fighting-for-wrc-2-pro-category-lead/,MR,press_release,press_release,200,card_teaser;carousel_rails;cover_box;downloads;gallery_lightbox;promo_banner;tags;two_column,cover_box_dark;teaser_media;teaser_overlay;teaser_toolbar,,
https://www.skoda-storyboard.com/en/press-releases/skoda-student-concept-car-will-be-a-pickup-version-of-the-kodiaq/,MR,press_release,press_release,200,card_teaser;carousel_rails;cover_box;downloads;gallery_lightbox;promo_banner;tags;two_column,cover_box_dark;teaser_media;teaser_overlay;teaser_toolbar,,
https://www.skoda-storyboard.com/en/press-releases/skoda-auto-and-kovo-union-arrive-at-a-new-collective-labour-agreement/,MR,press_release,press_release,200,card_teaser;carousel_rails;cover_box;downloads;promo_banner;tags;two_column,cover_box_dark;teaser_media;teaser_overlay;teaser_toolbar,,
https://www.skoda-storyboard.com/en/press-releases/world-water-day-skoda-auto-recycles-42-per-cent-of-its-annual-water-consumption/,MR,press_release,press_release,200,card_teaser;carousel_rails;cover_box;downloads;gallery_lightbox;promo_banner;tags;two_column,cover_box_dark;teaser_media;teaser_overlay;teaser_toolbar,,
https://www.skoda-storyboard.com/en/press-releases/production-milestone-500000th-third-generation-skoda-superb/,MR,press_release,press_release,200,card_teaser;carousel_rails;cover_box;downloads;gallery_lightbox;promo_banner;tags;two_column,cover_box_dark;teaser_media;teaser_overlay;teaser_toolbar,,
https://www.skoda-storyboard.com/en/press-releases/skoda-auto-annual-press-conference-2019-photos-and-speeches-on-skoda-storyboard/,MR,press_release,press_release,200,card_teaser;cover_box;downloads;gallery_lightbox;promo_banner;tags;two_column,cover_box_dark;teaser_media;teaser_overlay;teaser_toolbar,,
https://www.skoda-storyboard.com/en/press-releases/skoda-auto-ceo-bernhard-maier-is-now-active-on-linkedin/,MR,press_release,press_release,200,card_teaser;carousel_rails;cover_box;downloads;gallery_lightbox;promo_banner;tags;two_column,cover_box_dark;teaser_media;teaser_overlay;teaser_toolbar,,
https://www.skoda-storyboard.com/en/press-releases/successful-2018-for-skoda-auto-2019-is-all-about-emobility/,MR,press_release,press_release,200,card_teaser;cover_box;downloads;gallery_lightbox;promo_banner;tags;two_column,cover_box_dark;teaser_media;teaser_overlay;teaser_toolbar,,
https://www.skoda-storyboard.com/en/press-releases/skoda-auto-achieves-record-year-for-deliveries-and-sales-revenue-in-2018/,MR,press_release,press_release,200,card_teaser;cover_box;downloads;gallery_lightbox;promo_banner;tags;two_column,cover_box_dark;teaser_media;teaser_overlay;teaser_toolbar,,
https://www.skoda-storyboard.com/en/press-releases/55-years-of-the-skoda-1000-mb-the-first-czech-mass-produced-car-celebrates-its-anniversary/,MR,press_release,press_release,200,card_teaser;carousel_rails;cover_box;downloads;gallery_lightbox;promo_banner;tags;two_column,cover_box_dark;teaser_media;teaser_overlay;teaser_toolbar,,
https://www.skoda-storyboard.com/en/press-releases/new-simply-clever-feature-integrated-funnel-for-windscreen-washer-tank/,MR,press_release,press_release,200,card_teaser;cover_box;downloads;gallery_lightbox;promo_banner;tags;two_column,cover_box_dark;teaser_media;teaser_overlay;teaser_toolbar,,
https://www.skoda-storyboard.com/en/press-releases/second-colloquium-on-the-future-pact-for-the-czech-automotive-industry-at-skoda-auto-in-mlada-boleslav/,MR,press_release,press_release,200,card_teaser;carousel_rails;cover_box;downloads;gallery_lightbox;promo_banner;tags;two_column,cover_box_dark;teaser_media;teaser_overlay;teaser_toolbar,,
https://www.skoda-storyboard.com/en/press-releases/skoda-autos-annual-press-conference-live-online-2/,MR,press_release,press_release,200,card_teaser;carousel_rails;cover_box;downloads;promo_banner;tags;two_column,cover_box_dark;teaser_media;teaser_overlay;teaser_toolbar,,
https://www.skoda-storyboard.com/en/press-releases/skoda-auto-tests-video-mapping-augmented-reality-helps-when-loading-pallets-in-logistics/,MR,press_release,press_release,200,card_teaser;cover_box;downloads;gallery_lightbox;promo_banner;tags;two_column,cover_box_dark;teaser_media;teaser_overlay;teaser_toolbar,vimeo,
https://www.skoda-storyboard.com/en/press-releases/skoda-auto-builds-7000-e-charging-points-at-its-czech-home-base/,MR,press_release,press_release,200,card_teaser;carousel_rails;cover_box;downloads;gallery_lightbox;promo_banner;tags;two_column,cover_box_dark;teaser_media;teaser_overlay;teaser_toolbar,,
https://www.skoda-storyboard.com/en/press-releases/your-car-as-your-delivery-address-skoda-auto-digilab-starts-pilot/,MR,press_release,press_release,200,card_teaser;cover_box;downloads;gallery_lightbox;promo_banner;tags;two_column,cover_box_dark;teaser_media;teaser_overlay;teaser_toolbar,,
https://www.skoda-storyboard.com/en/press-releases/skoda-delivers-90900-vehicles-in-february/,MR,press_release,press_release,200,card_teaser;carousel_rails;cover_box;downloads;gallery_lightbox;promo_banner;tags;two_column,cover_box_dark;teaser_media;teaser_overlay;teaser_toolbar,,
https://www.skoda-storyboard.com/en/press-releases/skoda-extends-sponsorship-deal-with-tour-de-france-organiser-a-s-o-until-2023/,MR,press_release,press_release,200,card_teaser;cover_box;downloads;gallery_lightbox;promo_banner;tags;two_column,cover_box_dark;teaser_media;teaser_overlay;teaser_toolbar,,
https://www.skoda-storyboard.com/en/press-releases/the-skoda-popular-celebrates-its-85th-anniversary/,MR,press_release,press_release,200,card_teaser;carousel_rails;cover_box;downloads;gallery_lightbox;promo_banner;tags;two_column,cover_box_dark;teaser_media;teaser_overlay;teaser_toolbar,,
https://www.skoda-storyboard.com/en/press-releases/skoda-at-the-geneva-motor-show-2019-the-exhibition-in-pictures/,MR,press_release,press_release,200,card_teaser;carousel_rails;cover_box;downloads;gallery_lightbox;promo_banner;tags;two_column,cover_box_dark;teaser_media;teaser_overlay;teaser_toolbar,vimeo,
https://www.skoda-storyboard.com/en/press-releases/klement-skoda-electric-two-wheel-concept-for-sustainable-micromobility-in-the-city/,MR,press_release,press_release,200,card_teaser;carousel_rails;cover_box;downloads;gallery_lightbox;promo_banner;tags;two_column,cover_box_dark;teaser_media;teaser_overlay;teaser_toolbar,,
https://www.skoda-storyboard.com/en/press-releases/skoda-at-the-geneva-motor-show-2019-two-world-premieres-presented-live-online/,MR,press_release,press_release,200,card_teaser;carousel_rails;cover_box;downloads;gallery_lightbox;promo_banner;tags;two_column,cover_box_dark;teaser_media;teaser_overlay;teaser_toolbar,,
https://www.skoda-storyboard.com/en/press-releases/skoda-appears-electric-smart-innovative-and-emotive-at-geneva-motor-show/,MR,press_release,press_release,200,card_teaser;carousel_rails;cover_box;downloads;gallery_lightbox;promo_banner;tags;two_column,cover_box_dark;teaser_media;teaser_overlay;teaser_toolbar,,
https://www.skoda-storyboard.com/en/press-releases/skoda-auto-opens-co-working-lab-at-technical-university-of-liberec/,MR,press_release,press_release,200,card_teaser;cover_box;downloads;gallery_lightbox;promo_banner;tags;two_column,cover_box_dark;teaser_media;teaser_overlay;teaser_toolbar,,
https://www.skoda-storyboard.com/en/press-releases/the-skoda-felicia-convertible-celebrated-its-world-premiere-60-years-ago/,MR,press_release,press_release,200,card_teaser;carousel_rails;cover_box;downloads;gallery_lightbox;promo_banner;tags;two_column,cover_box_dark;teaser_media;teaser_overlay;teaser_toolbar,,
https://www.skoda-storyboard.com/en/press-releases/skoda-auto-kvasiny-plant-sets-new-production-record-in-2018/,MR,press_release,press_release,200,card_teaser;carousel_rails;cover_box;downloads;gallery_lightbox;promo_banner;tags;two_column,cover_box_dark;teaser_media;teaser_overlay;teaser_toolbar,,
https://www.skoda-storyboard.com/en/press-releases/skoda-kamiq-the-new-city-suv/,MR,press_release,press_release,200,card_teaser;cover_box;downloads;gallery_lightbox;promo_banner;row_toggle;siteorigin_body;tags;two_column,cover_box_dark;teaser_media;teaser_overlay;teaser_toolbar,vimeo,
https://www.skoda-storyboard.com/en/press-releases/exclusive-insight-concept-study-skoda-vision-iv-features-new-innovative-interior-concept/,MR,press_release,press_release,200,card_teaser;carousel_rails;cover_box;downloads;gallery_lightbox;promo_banner;tags;two_column,cover_box_dark;teaser_media;teaser_overlay;teaser_toolbar,,
https://www.skoda-storyboard.com/en/press-releases/rally-sweden-skoda-motorsports-kalle-rovanpera-finishes-second-in-wrc-2-pro/,MR,press_release,press_release,200,card_teaser;carousel_rails;cover_box;downloads;gallery_lightbox;promo_banner;tags;two_column,cover_box_dark;teaser_media;teaser_overlay;teaser_toolbar,,
https://www.skoda-storyboard.com/en/press-releases/rally-sweden-skoda-motorsports-kalle-rovanpera-fought-back-to-second-in-wrc-2-pro/,MR,press_release,press_release,200,card_teaser;carousel_rails;cover_box;downloads;gallery_lightbox;promo_banner;tags;two_column,cover_box_dark;teaser_media;teaser_overlay;teaser_toolbar,,
https://www.skoda-storyboard.com/en/press-releases/skoda-fabia-r5-update-for-the-most-successful-rally-car-of-its-category/,MR,press_release,press_release,200,card_teaser;cover_box;downloads;gallery_lightbox;promo_banner;tags;two_column,cover_box_dark;teaser_media;teaser_overlay;teaser_toolbar,,
https://www.skoda-storyboard.com/en/press-releases/skoda-delivers-102600-cars-in-january/,MR,press_release,press_release,200,card_teaser;carousel_rails;cover_box;downloads;gallery_lightbox;promo_banner;tags;two_column,cover_box_dark;teaser_media;teaser_overlay;teaser_toolbar,,
https://www.skoda-storyboard.com/en/press-releases/rally-sweden-skoda-motorsports-kalle-rovanpera-chases-lead-in-wrc-2-pro-category/,MR,press_release,press_release,200,card_teaser;carousel_rails;cover_box;downloads;gallery_lightbox;promo_banner;tags;two_column,cover_box_dark;teaser_media;teaser_overlay;teaser_toolbar,,
https://www.skoda-storyboard.com/en/press-releases/skoda-provides-a-specific-outlook-on-the-brands-electric-future-with-the-vision-iv-concept-study/,MR,press_release,press_release,200,card_teaser;carousel_rails;cover_box;downloads;gallery_lightbox;promo_banner;tags;two_column,cover_box_dark;teaser_media;teaser_overlay;teaser_toolbar,,
https://www.skoda-storyboard.com/en/press-releases/umbrella-day-skoda-drivers-always-have-their-umbrella-to-hand/,MR,press_release,press_release,200,card_teaser;cover_box;downloads;gallery_lightbox;promo_banner;tags;two_column,cover_box_dark;teaser_media;teaser_overlay;teaser_toolbar,,
https://www.skoda-storyboard.com/en/press-releases/skoda-motorsport-boss-michal-hrabanek-season-2019-with-focus-on-customer-sport-and-wrc-2-pro/,MR,press_release,press_release,200,card_teaser;cover_box;downloads;gallery_lightbox;promo_banner;tags;two_column,cover_box_dark;teaser_media;teaser_overlay;teaser_toolbar,,
https://www.skoda-storyboard.com/en/press-releases/start-of-production-of-new-scala-compact-car-at-skoda-auto-in-mlada-boleslav/,MR,press_release,press_release,200,card_teaser;cover_box;downloads;gallery_lightbox;promo_banner;tags;two_column,cover_box_dark;teaser_media;teaser_overlay;teaser_toolbar,,
https://www.skoda-storyboard.com/en/press-releases/skoda-auto-carrying-out-extensive-tests-on-charging-infrastructure-at-mlada-boleslav-headquarters/,MR,press_release,press_release,200,card_teaser;cover_box;downloads;gallery_lightbox;promo_banner;tags;two_column,cover_box_dark;teaser_media;teaser_overlay;teaser_toolbar,,
https://www.skoda-storyboard.com/en/press-releases/skoda-kamiq-a-first-look-into-the-interior/,MR,press_release,press_release,200,card_teaser;cover_box;downloads;gallery_lightbox;promo_banner;tags;two_column,cover_box_dark;teaser_media;teaser_overlay;teaser_toolbar,,
https://www.skoda-storyboard.com/en/press-releases/skoda-octavia-wins-in-best-cars-reader-poll/,MR,press_release,press_release,200,card_teaser;carousel_rails;cover_box;downloads;gallery_lightbox;promo_banner;tags;two_column,cover_box_dark;teaser_media;teaser_overlay;teaser_toolbar,,
https://www.skoda-storyboard.com/en/press-releases/jan-frydrych-becomes-hr-director-of-skodas-india-2-0-project/,MR,press_release,press_release,200,card_teaser;carousel_rails;cover_box;downloads;gallery_lightbox;promo_banner;tags;two_column,cover_box_dark;teaser_media;teaser_overlay;teaser_toolbar,,
https://www.skoda-storyboard.com/en/press-releases/the-skoda-octavia-celebrates-its-60th-anniversary/,MR,press_release,press_release,200,card_teaser;cover_box;downloads;gallery_lightbox;promo_banner;tags;two_column,cover_box_dark;teaser_media;teaser_overlay;teaser_toolbar,vimeo,
https://www.skoda-storyboard.com/en/press-releases/first-sketches-of-the-skoda-kamiq-outlook-of-the-new-city-suv/,MR,press_release,press_release,200,card_teaser;carousel_rails;cover_box;downloads;gallery_lightbox;promo_banner;tags;two_column,cover_box_dark;teaser_media;teaser_overlay;teaser_toolbar,,
https://www.skoda-storyboard.com/en/press-releases/rally-monte-carlo-kalle-rovanpera-fought-back-after-mishap-and-collected-championship-points/,MR,press_release,press_release,200,card_teaser;cover_box;downloads;gallery_lightbox;promo_banner;tags;two_column,cover_box_dark;teaser_media;teaser_overlay;teaser_toolbar,,
https://www.skoda-storyboard.com/en/press-releases/skoda-museum-presents-an-extraordinary-exhibit-the-w12-aircraft-engine-by-laurin-klement/,MR,press_release,press_release,200,card_teaser;cover_box;downloads;gallery_lightbox;promo_banner;tags;two_column,cover_box_dark;teaser_media;teaser_overlay;teaser_toolbar,,
https://www.skoda-storyboard.com/en/press-releases/skoda-auto-produced-more-vehicles-in-the-czech-republic-in-2018-than-ever-before/,MR,press_release,press_release,200,card_teaser;carousel_rails;cover_box;downloads;gallery_lightbox;promo_banner;tags;two_column,cover_box_dark;teaser_media;teaser_overlay;teaser_toolbar,,
https://www.skoda-storyboard.com/en/press-releases/skodas-new-city-suv-is-called-kamiq/,MR,press_release,press_release,200,card_teaser;cover_box;downloads;gallery_lightbox;promo_banner;tags;two_column,cover_box_dark;teaser_media;teaser_overlay;teaser_toolbar,,
https://www.skoda-storyboard.com/en/press-releases/rallye-monte-carlo-skodas-kalle-rovanpera-heads-31-crews-strong-entry-of-r5-cars/,MR,press_release,press_release,200,card_teaser;cover_box;downloads;gallery_lightbox;promo_banner;tags;two_column,cover_box_dark;teaser_media;teaser_overlay;teaser_toolbar,,
https://www.skoda-storyboard.com/en/press-releases/skodas-wrc-2-champion-jan-kopecky-wins-gp-ice-race-ahead-of-junior-julian-wagner/,MR,press_release,press_release,200,card_teaser;carousel_rails;cover_box;downloads;gallery_lightbox;promo_banner;tags;two_column,cover_box_dark;teaser_media;teaser_overlay;teaser_toolbar,,
https://www.skoda-storyboard.com/en/press-releases/india-2-0-project-skoda-and-volkswagen-group-india-open-new-technology-center-in-pune/,MR,press_release,press_release,200,card_teaser;carousel_rails;cover_box;downloads;gallery_lightbox;promo_banner;tags;two_column,cover_box_dark;teaser_media;teaser_overlay;teaser_toolbar,,
https://www.skoda-storyboard.com/en/press-releases/world-premiere-of-new-crossover-skoda-expands-its-suv-family/,MR,press_release,press_release,200,card_teaser;carousel_rails;cover_box;downloads;gallery_lightbox;promo_banner;tags;two_column,cover_box_dark;teaser_media;teaser_overlay;teaser_toolbar,vimeo,
https://www.skoda-storyboard.com/en/press-releases/skoda-enters-fabia-r5-and-legendary-skoda-130-rs-into-gp-ice-race-at-zell-am-see/,MR,press_release,press_release,200,card_teaser;carousel_rails;cover_box;downloads;gallery_lightbox;promo_banner;tags;two_column,cover_box_dark;teaser_media;teaser_overlay;teaser_toolbar,,
https://www.skoda-storyboard.com/en/press-releases/changes-to-skoda-auto-supervisory-board/,MR,press_release,press_release,200,card_teaser;cover_box;downloads;gallery_lightbox;promo_banner;tags;two_column,cover_box_dark;teaser_media;teaser_overlay;teaser_toolbar,,
https://www.skoda-storyboard.com/en/press-releases/record-year-skoda-delivers-1-25-million-vehicles-worldwide-in-2018/,MR,press_release,press_release,200,card_teaser;carousel_rails;cover_box;downloads;gallery_lightbox;promo_banner;tags;two_column,cover_box_dark;teaser_media;teaser_overlay;teaser_toolbar,,
https://www.skoda-storyboard.com/en/press-releases/skoda-delivers-110100-vehicles-worldwide-in-november/,MR,press_release,press_release,200,card_teaser;carousel_rails;cover_box;downloads;gallery_lightbox;promo_banner;tags;two_column,cover_box_dark;teaser_media;teaser_overlay;teaser_toolbar,,
https://www.skoda-storyboard.com/en/press-releases/new-skoda-auto-endowment-fund-helps-to-improve-appeal-of-mlada-boleslav-region/,MR,press_release,press_release,200,card_teaser;carousel_rails;cover_box;downloads;gallery_lightbox;promo_banner;tags;two_column,cover_box_dark;teaser_media;teaser_overlay;teaser_toolbar,,
https://www.skoda-storyboard.com/en/press-releases/from-pragues-rudolfinum-to-collaborating-with-start-ups-in-tel-aviv/,MR,press_release,press_release,200,card_teaser;cover_box;downloads;gallery_lightbox;promo_banner;tags;two_column,cover_box_dark;teaser_media;teaser_overlay;teaser_toolbar,,
https://www.skoda-storyboard.com/en/press-releases/the-skoda-scala-world-premiere-in-tel-aviv-in-pictures/,MR,press_release,press_release,200,card_teaser;carousel_rails;cover_box;downloads;gallery_lightbox;promo_banner;tags;two_column,cover_box_dark;teaser_media;teaser_overlay;teaser_toolbar,,
https://www.skoda-storyboard.com/en/press-releases/skoda-scala-compact-model-celebrates-world-premiere-in-tel-aviv/,MR,press_release,press_release,200,card_teaser;cover_box;downloads;gallery_lightbox;promo_banner;tags;two_column,cover_box_dark;teaser_media;teaser_overlay;teaser_toolbar,,
https://www.skoda-storyboard.com/en/press-releases/world-premiere-of-the-new-skoda-scala-live-online/,MR,press_release,press_release,200,card_teaser;carousel_rails;cover_box;downloads;promo_banner;tags;two_column,cover_box_dark;teaser_media;teaser_overlay;teaser_toolbar,youtube,
https://www.skoda-storyboard.com/en/press-releases/skoda-scala-in-camouflage-look-at-lennon-wall-in-prague/,MR,press_release,press_release,200,card_teaser;carousel_rails;cover_box;downloads;gallery_lightbox;promo_banner;tags;two_column,cover_box_dark;teaser_media;teaser_overlay;teaser_toolbar,,
https://www.skoda-storyboard.com/en/press-releases/skoda-forms-further-partnerships-with-high-tech-start-ups-in-israel/,MR,press_release,press_release,200,card_teaser;cover_box;downloads;gallery_lightbox;promo_banner;tags;two_column,cover_box_dark;teaser_media;teaser_overlay;teaser_toolbar,,
https://www.skoda-storyboard.com/en/press-releases/skoda-scala-first-pictures-of-the-interior/,MR,press_release,press_release,200,card_teaser;cover_box;downloads;gallery_lightbox;promo_banner;tags;two_column,cover_box_dark;teaser_media;teaser_overlay;teaser_toolbar,,
https://www.skoda-storyboard.com/en/press-releases/auto-trophy-2018-awards-skoda-victorious-in-four-categories/,MR,press_release,press_release,200,card_teaser;cover_box;downloads;gallery_lightbox;promo_banner;tags;two_column,cover_box_dark;teaser_media;teaser_overlay;teaser_toolbar,,
https://www.skoda-storyboard.com/en/press-releases/skoda-defends-wrc-2-title-again/,MR,press_release,press_release,200,card_teaser;carousel_rails;cover_box;downloads;gallery_lightbox;promo_banner;tags;two_column,cover_box_dark;teaser_media;teaser_overlay;teaser_toolbar,,
https://www.skoda-storyboard.com/en/press-releases/skoda-fabia-r5-got-a-new-home-base-new-headquarter-for-skoda-motorsport/,MR,press_release,press_release,200,card_teaser;cover_box;downloads;gallery_lightbox;promo_banner;tags;two_column,cover_box_dark;teaser_media;teaser_overlay;teaser_toolbar,,
https://www.skoda-storyboard.com/en/press-releases/skoda-design-from-tradition-towards-the-future/,MR,press_release,press_release,200,card_teaser;carousel_rails;cover_box;downloads;gallery_lightbox;promo_banner;tags;two_column,cover_box_dark;teaser_media;teaser_overlay;teaser_toolbar,,
https://www.skoda-storyboard.com/en/press-releases/volkswagen-group-establishes-new-management-structure-in-skoda-led-india-2-0-project/,MR,press_release,press_release,200,card_teaser;carousel_rails;cover_box;downloads;gallery_lightbox;promo_banner;tags;two_column,cover_box_dark;teaser_media;teaser_overlay;teaser_toolbar,,
https://www.skoda-storyboard.com/en/press-releases/the-new-skoda-kodiaq-gt-official-world-premiere-at-auto-guangzhou-2018/,MR,press_release,press_release,200,card_teaser;cover_box;downloads;gallery_lightbox;promo_banner;tags;two_column,cover_box_dark;teaser_media;teaser_overlay;teaser_toolbar,,
https://www.skoda-storyboard.com/en/press-releases/skoda-delivers-99400-vehicles-to-customers-worldwide-in-october/,MR,press_release,press_release,200,card_teaser;carousel_rails;cover_box;downloads;gallery_lightbox;promo_banner;tags;two_column,cover_box_dark;teaser_media;teaser_overlay;teaser_toolbar,,
https://www.skoda-storyboard.com/en/press-releases/skoda-auto-opens-automatic-small-parts-warehouse-at-main-plant-in-mlada-boleslav/,MR,press_release,press_release,200,card_teaser;carousel_rails;cover_box;downloads;gallery_lightbox;promo_banner;tags;two_column,cover_box_dark;teaser_media;teaser_overlay;teaser_toolbar,,
https://www.skoda-storyboard.com/en/press-releases/skoda-museum-presents-only-surviving-laurin-klement-bsc-sports-car-from-1908/,MR,press_release,press_release,200,card_teaser;carousel_rails;cover_box;downloads;gallery_lightbox;promo_banner;tags;two_column,cover_box_dark;teaser_media;teaser_overlay;teaser_toolbar,,
https://www.skoda-storyboard.com/en/press-releases/skoda-auto-produces-its-seven-millionth-mq-200-gearbox-in-mlada-boleslav/,MR,press_release,press_release,200,card_teaser;cover_box;downloads;gallery_lightbox;promo_banner;tags;two_column,cover_box_dark;teaser_media;teaser_overlay;teaser_toolbar,,
https://www.skoda-storyboard.com/en/press-releases/change-in-skoda-autos-supervisory-board/,MR,press_release,press_release,200,card_teaser;carousel_rails;cover_box;downloads;gallery_lightbox;promo_banner;tags;two_column,cover_box_dark;teaser_media;teaser_overlay;teaser_toolbar,,
https://www.skoda-storyboard.com/en/press-releases/world-premiere-of-the-new-skoda-kodiaq-gt-at-ciie-2018-in-shanghai/,MR,press_release,press_release,200,card_teaser;cover_box;downloads;gallery_lightbox;promo_banner;tags;two_column,cover_box_dark;teaser_media;teaser_overlay;teaser_toolbar,,
https://www.skoda-storyboard.com/en/press-releases/skoda-scala-with-new-interior-concept/,MR,press_release,press_release,200,card_teaser;carousel_rails;cover_box;downloads;gallery_lightbox;promo_banner;tags;two_column,cover_box_dark;teaser_media;teaser_overlay;teaser_toolbar,,
https://www.skoda-storyboard.com/en/press-releases/skoda-auto-sets-new-records-in-deliveries-and-sales-revenue-in-first-three-quarters-of-2018/,MR,press_release,press_release,200,card_teaser;carousel_rails;cover_box;downloads;gallery_lightbox;promo_banner;tags;two_column,cover_box_dark;teaser_media;teaser_overlay;teaser_toolbar,,
https://www.skoda-storyboard.com/en/press-releases/rallyracc-catalunya-skoda-junior-rovanpera-wins-ahead-of-new-wrc-2-champion-kopecky/,MR,press_release,press_release,200,card_teaser;cover_box;downloads;gallery_lightbox;promo_banner;tags;two_column,cover_box_dark;teaser_media;teaser_overlay;teaser_toolbar,,
https://www.skoda-storyboard.com/en/press-releases/rallyracc-catalunya-skoda-youngster-rovanpera-leads-wrc-2-ahead-of-kopecky/,MR,press_release,press_release,200,card_teaser;cover_box;downloads;gallery_lightbox;promo_banner;tags;two_column,cover_box_dark;teaser_media;teaser_overlay;teaser_toolbar,,
https://www.skoda-storyboard.com/en/press-releases/rallyracc-catalunya-skoda-youngster-rovanpera-second-in-tense-fight-at-wrc-2-top/,MR,press_release,press_release,200,card_teaser;cover_box;downloads;gallery_lightbox;promo_banner;tags;two_column,cover_box_dark;teaser_media;teaser_overlay;teaser_toolbar,,
https://www.skoda-storyboard.com/en/press-releases/100-years-of-czechoslovakia-skoda-as-a-pillar-of-the-national-economy/,MR,press_release,press_release,200,card_teaser;carousel_rails;cover_box;downloads;gallery_lightbox;promo_banner;tags;two_column,cover_box_dark;teaser_media;teaser_overlay;teaser_toolbar,,
https://www.skoda-storyboard.com/en/press-releases/eye-catcher-at-the-skoda-museum-top-model-skoda-860-with-eight-cylinder-engine-shines-in-new-splendour/,MR,press_release,press_release,200,card_teaser;carousel_rails;cover_box;downloads;gallery_lightbox;promo_banner;tags;two_column,cover_box_dark;teaser_media;teaser_overlay;teaser_toolbar,,
https://www.skoda-storyboard.com/en/press-releases/technology-design-connectivity-with-the-skoda-scala-the-czech-brand-completely-redefines-its-offering-in-the-compact-car-segment/,MR,press_release,press_release,200,card_teaser;cover_box;downloads;gallery_lightbox;promo_banner;row_toggle;siteorigin_body;tags;two_column,cover_box_dark;teaser_media;teaser_overlay;teaser_toolbar,vimeo,
https://www.skoda-storyboard.com/en/press-releases/skoda-at-rallyracc-catalunya-new-wrc-2-champion-jan-kopecky-wants-to-crown-season-with-another-win/,MR,press_release,press_release,200,card_teaser;cover_box;downloads;gallery_lightbox;promo_banner;tags;two_column,cover_box_dark;teaser_media;teaser_overlay;teaser_toolbar,,
https://www.skoda-storyboard.com/en/press-releases/skoda-fabia-combi-scoutline-robust-sporting-style-with-off-road-looks/,MR,press_release,press_release,200,card_teaser;cover_box;downloads;gallery_lightbox;promo_banner;tags;two_column,cover_box_dark;teaser_media;teaser_overlay;teaser_toolbar,,
https://www.skoda-storyboard.com/en/press-releases/skoda-privateer-yuya-sumiyama-from-japan-wins-fia-asia-pacific-rally-championship-2018/,MR,press_release,press_release,200,card_teaser;cover_box;downloads;gallery_lightbox;promo_banner;tags;two_column,cover_box_dark;teaser_media;teaser_overlay;teaser_toolbar,,
https://www.skoda-storyboard.com/en/press-releases/innovative-parts-logistics-at-skoda-auto-kvasiny-plant-optimises-efficiency-and-workplace-safety/,MR,press_release,press_release,200,card_teaser;carousel_rails;cover_box;downloads;gallery_lightbox;promo_banner;tags;two_column,cover_box_dark;teaser_media;teaser_overlay;teaser_toolbar,,
https://www.skoda-storyboard.com/en/press-releases/skoda-auto-continues-to-set-records-one-million-vehicles-already-produced-in-2018/,MR,press_release,press_release,200,card_teaser;carousel_rails;cover_box;downloads;gallery_lightbox;promo_banner;tags;two_column,cover_box_dark;teaser_media;teaser_overlay;teaser_toolbar,,
https://www.skoda-storyboard.com/en/press-releases/uniqway-car-sharing-platform-commences-day-to-day-operations/,MR,press_release,press_release,200,card_teaser;cover_box;downloads;gallery_lightbox;promo_banner;tags;two_column,cover_box_dark;teaser_media;teaser_overlay;teaser_toolbar,,
https://www.skoda-storyboard.com/en/press-releases/skoda-presents-new-flagship-in-china-with-the-kodiaq-gt/,MR,press_release,press_release,200,card_teaser;cover_box;downloads;gallery_lightbox;promo_banner;tags;two_column,cover_box_dark;teaser_media;teaser_overlay;teaser_toolbar,,
https://www.skoda-storyboard.com/en/press-releases/skoda-celebrates-the-diversity-of-the-brand-and-its-customers-with-new-global-brand-campaign/,MR,press_release,press_release,200,card_teaser;cover_box;downloads;gallery_lightbox;promo_banner;tags;two_column,cover_box_dark;teaser_media;teaser_overlay;teaser_toolbar,,
https://www.skoda-storyboard.com/en/press-releases/skoda-scala-a-new-name-for-a-new-compact-model/,MR,press_release,press_release,200,card_teaser;carousel_rails;cover_box;downloads;gallery_lightbox;promo_banner;tags;two_column,cover_box_dark;teaser_media;teaser_overlay;teaser_toolbar,,
https://www.skoda-storyboard.com/en/press-releases/skoda-provides-first-view-of-kodiaq-gt/,MR,press_release,press_release,200,card_teaser;cover_box;downloads;gallery_lightbox;promo_banner;tags;two_column,cover_box_dark;teaser_media;teaser_overlay;teaser_toolbar,,
https://www.skoda-storyboard.com/en/press-releases/skoda-auto-celebrates-150th-birthday-of-co-founder-vaclav-klement-1868-1938/,MR,press_release,press_release,200,card_teaser;gallery_lightbox;promo_banner;tags;two_column,teaser_media;teaser_overlay;teaser_toolbar,,
https://www.skoda-storyboard.com/en/press-releases/universum-survey-skoda-auto-once-again-most-attractive-employer-in-the-czech-republic/,MR,press_release,press_release,200,card_teaser;carousel_rails;cover_box;downloads;gallery_lightbox;promo_banner;tags;two_column,cover_box_dark;teaser_media;teaser_overlay;teaser_toolbar,,
https://www.skoda-storyboard.com/en/press-releases/skoda-with-939100-deliveries-from-january-to-september-2018/,MR,press_release,press_release,200,card_teaser;carousel_rails;cover_box;downloads;gallery_lightbox;promo_banner;tags;two_column,cover_box_dark;teaser_media;teaser_overlay;teaser_toolbar,,
https://www.skoda-storyboard.com/en/press-releases/skoda-provides-first-glimpse-of-future-compact-model/,MR,press_release,press_release,200,card_teaser;cover_box;downloads;gallery_lightbox;promo_banner;tags;two_column,cover_box_dark;teaser_media;teaser_overlay;teaser_toolbar,,
https://www.skoda-storyboard.com/en/press-releases/wales-rally-gb-skoda-junior-kalle-rovanpera-wins-wrc-2-ahead-of-teammate-pontus-tidemand/,MR,press_release,press_release,200,card_teaser;cover_box;downloads;gallery_lightbox;promo_banner;tags;two_column,cover_box_dark;teaser_media;teaser_overlay;teaser_toolbar,,
https://www.skoda-storyboard.com/en/press-releases/wales-rally-gb-skoda-junior-rovanpera-in-full-control-of-wrc-2-tidemand-defends-second-place/,MR,press_release,press_release,200,card_teaser;cover_box;downloads;gallery_lightbox;promo_banner;tags;two_column,cover_box_dark;teaser_media;teaser_overlay;teaser_toolbar,,
https://www.skoda-storyboard.com/en/press-releases/wales-rally-gb-skoda-junior-rovanpera-dominates-wrc-2-teammate-tidemand-second/,MR,press_release,press_release,200,card_teaser;cover_box;downloads;gallery_lightbox;promo_banner;tags;two_column,cover_box_dark;teaser_media;teaser_overlay;teaser_toolbar,,
https://www.skoda-storyboard.com/en/press-releases/2018-paris-motor-show-pictures-from-skoda-auto-at-the-exhibition/,MR,press_release,press_release,200,card_teaser;cover_box;downloads;gallery_lightbox;promo_banner;tags;two_column,cover_box_dark;teaser_media;teaser_overlay;teaser_toolbar,,
https://www.skoda-storyboard.com/en/press-releases/skoda-ceo-bernhard-maier-awarded-ceo-of-the-year/,MR,press_release,press_release,200,card_teaser;carousel_rails;cover_box;downloads;gallery_lightbox;promo_banner;tags;two_column,cover_box_dark;teaser_media;teaser_overlay;teaser_toolbar,,
https://www.skoda-storyboard.com/en/press-releases/250000th-kodiaq-manufactured-a-new-milestone-in-the-skoda-suv-campaign/,MR,press_release,press_release,200,card_teaser;carousel_rails;cover_box;downloads;gallery_lightbox;promo_banner;tags;two_column,cover_box_dark;teaser_media;teaser_overlay;teaser_toolbar,,
https://www.skoda-storyboard.com/en/press-releases/paris-motor-show-2018-two-skoda-presentations-live-online/,MR,press_release,press_release,200,card_teaser;cover_box;downloads;gallery_lightbox;promo_banner;tags;two_column,cover_box_dark;teaser_media;teaser_overlay;teaser_toolbar,,
https://www.skoda-storyboard.com/en/press-releases/wales-rally-gb-champion-tidemand-competing-for-wrc-2-victory-with-skoda-junior-rovanpera/,MR,press_release,press_release,200,card_teaser;carousel_rails;cover_box;downloads;gallery_lightbox;promo_banner;tags;two_column,cover_box_dark;teaser_media;teaser_overlay;teaser_toolbar,,
https://www.skoda-storyboard.com/en/press-releases/skoda-vision-rs-creating-a-sporty-and-sustainable-future/,MR,press_release,press_release,200,card_teaser;cover_box;downloads;gallery_lightbox;promo_banner;tags;two_column,cover_box_dark;teaser_media;teaser_overlay;teaser_toolbar,,
https://www.skoda-storyboard.com/en/press-releases/skoda-auto-signs-agreement-on-development-of-urban-mobility-services/,MR,press_release,press_release,200,card_teaser;cover_box;downloads;gallery_lightbox;promo_banner;tags;two_column,cover_box_dark;teaser_media;teaser_overlay;teaser_toolbar,,
https://www.skoda-storyboard.com/en/press-releases/the-new-skoda-kodiaq-rs-sportiness-everyday-comfort-and-a-generous-amount-of-space/,MR,press_release,press_release,200,card_teaser;cover_box;downloads;gallery_lightbox;promo_banner;tags;two_column,cover_box_dark;teaser_media;teaser_overlay;teaser_toolbar,,
https://www.skoda-storyboard.com/en/press-releases/skoda-at-the-2018-paris-motor-show-sporty-sustainable-and-digital/,MR,press_release,press_release,200,card_teaser;cover_box;downloads;gallery_lightbox;promo_banner;tags;two_column,cover_box_dark;teaser_media;teaser_overlay;teaser_toolbar,,
https://www.skoda-storyboard.com/en/press-releases/ole-christian-veiby-leaves-skoda-motorsport/,MR,press_release,press_release,200,card_teaser;cover_box;downloads;gallery_lightbox;promo_banner;tags;two_column,cover_box_dark;teaser_media;teaser_overlay;teaser_toolbar,,
https://www.skoda-storyboard.com/en/press-releases/eco-friendly-alternative-skoda-octavia-g-tec-now-with-significantly-more-power-and-increased-cng-range/,MR,press_release,press_release,200,card_teaser;cover_box;downloads;gallery_lightbox;promo_banner;tags;two_column,cover_box_dark;teaser_media;teaser_overlay;teaser_toolbar,,
https://www.skoda-storyboard.com/en/press-releases/skoda-offers-first-overall-impression-of-design-for-new-kodiaq-rs/,MR,press_release,press_release,200,card_teaser;carousel_rails;cover_box;downloads;gallery_lightbox;promo_banner;tags;two_column,cover_box_dark;teaser_media;teaser_overlay;teaser_toolbar,,
https://www.skoda-storyboard.com/en/press-releases/skoda-auto-extends-largest-corporate-data-centre-in-the-czech-republic/,MR,press_release,press_release,200,card_teaser;carousel_rails;cover_box;downloads;gallery_lightbox;promo_banner;tags;two_column,cover_box_dark;teaser_media;teaser_overlay;teaser_toolbar,,
https://www.skoda-storyboard.com/en/press-releases/skoda-auto-delivers-vehicle-fleet-for-2018-uci-road-world-championships/,MR,press_release,press_release,200,card_teaser;carousel_rails;cover_box;downloads;gallery_lightbox;promo_banner;tags;two_column,cover_box_dark;teaser_media;teaser_overlay;teaser_toolbar,,
https://www.skoda-storyboard.com/en/press-releases/skoda-reveals-further-details-of-its-new-high-performance-suv-the-kodiaq-rs/,MR,press_release,press_release,200,card_teaser;carousel_rails;cover_box;downloads;gallery_lightbox;promo_banner;tags;two_column,cover_box_dark;teaser_media;teaser_overlay;teaser_toolbar,,
https://www.skoda-storyboard.com/en/press-releases/rally-turkey-wrc-2-victory-for-skodas-kopecky-skoda-wins-wrc-2-championship-for-teams/,MR,press_release,press_release,200,card_teaser;cover_box;downloads;gallery_lightbox;promo_banner;tags;two_column,cover_box_dark;teaser_media;teaser_overlay;teaser_toolbar,,
https://www.skoda-storyboard.com/en/press-releases/rally-turkey-skodas-kopecky-on-his-way-to-wrc-2-title-after-retirement-of-teammate-tidemand/,MR,press_release,press_release,200,card_teaser;carousel_rails;cover_box;downloads;gallery_lightbox;promo_banner;tags;two_column,cover_box_dark;teaser_media;teaser_overlay;teaser_toolbar,,
https://www.skoda-storyboard.com/en/press-releases/rally-turkey-skoda-driver-jan-kopecky-leads-teammate-pontus-tidemand-had-to-retire/,MR,press_release,press_release,200,card_teaser;carousel_rails;cover_box;downloads;gallery_lightbox;promo_banner;tags;two_column,cover_box_dark;teaser_media;teaser_overlay;teaser_toolbar,,
https://www.skoda-storyboard.com/en/press-releases/50-years-of-the-skoda-1203-reliable-all-round-van-with-cult-status/,MR,press_release,press_release,200,card_teaser;cover_box;downloads;gallery_lightbox;promo_banner;tags;two_column,cover_box_dark;teaser_media;teaser_overlay;teaser_toolbar,,
https://www.skoda-storyboard.com/en/press-releases/skoda-achieves-best-august-result-in-companys-history/,MR,press_release,press_release,200,card_teaser;carousel_rails;cover_box;downloads;gallery_lightbox;promo_banner;tags;two_column,cover_box_dark;teaser_media;teaser_overlay;teaser_toolbar,,
https://www.skoda-storyboard.com/en/press-releases/video-first-details-about-the-skoda-kodiaq-rs/,MR,press_release,press_release,200,card_teaser;carousel_rails;cover_box;downloads;promo_banner;tags;two_column,cover_box_dark;teaser_media;teaser_overlay;teaser_toolbar,youtube,
https://www.skoda-storyboard.com/en/press-releases/alexa-in-skoda-connect-is-becoming-trilingual/,MR,press_release,press_release,200,card_teaser;cover_box;downloads;gallery_lightbox;promo_banner;tags;two_column,cover_box_dark;teaser_media;teaser_overlay;teaser_toolbar,,
https://www.skoda-storyboard.com/en/press-releases/skoda-auto-opens-new-innocube-innovation-area/,MR,press_release,press_release,200,card_teaser;cover_box;downloads;gallery_lightbox;promo_banner;tags;two_column,cover_box_dark;teaser_media;teaser_overlay;teaser_toolbar,,
https://www.skoda-storyboard.com/en/press-releases/rally-turkey-skoda-drivers-jan-kopecky-and-pontus-tidemand-in-open-fight-for-wrc-2-title/,MR,press_release,press_release,200,card_teaser;carousel_rails;cover_box;downloads;gallery_lightbox;promo_banner;tags;two_column,cover_box_dark;teaser_media;teaser_overlay;teaser_toolbar,,
https://www.skoda-storyboard.com/en/press-releases/skoda-releases-design-video-and-interior-sketches-of-vision-rs/,MR,press_release,press_release,200,card_teaser;cover_box;downloads;gallery_lightbox;promo_banner;tags;two_column,cover_box_dark;teaser_media;teaser_overlay;teaser_toolbar,youtube,
https://www.skoda-storyboard.com/en/press-releases/skoda-vision-rs-reveals-design-for-next-rs-generation-and-a-future-compact-car/,MR,press_release,press_release,200,card_teaser;carousel_rails;cover_box;downloads;gallery_lightbox;promo_banner;tags;two_column,cover_box_dark;teaser_media;teaser_overlay;teaser_toolbar,youtube,
https://www.skoda-storyboard.com/en/press-releases/skoda-auto-digilab-is-a-future-port-prague-partner/,MR,press_release,press_release,200,card_teaser;cover_box;downloads;gallery_lightbox;promo_banner;tags;two_column,cover_box_dark;teaser_media;teaser_overlay;teaser_toolbar,,
https://www.skoda-storyboard.com/en/press-releases/skoda-rapid-spaceback-serves-pope-francis-during-irish-visit/,MR,press_release,press_release,200,card_teaser;carousel_rails;cover_box;downloads;gallery_lightbox;promo_banner;tags;two_column,cover_box_dark;teaser_media;teaser_overlay;teaser_toolbar,,
https://www.skoda-storyboard.com/en/press-releases/ready-for-its-world-premiere-the-skoda-kodiaq-rs/,MR,press_release,press_release,200,card_teaser;cover_box;downloads;gallery_lightbox;promo_banner;tags;two_column,cover_box_dark;teaser_media;teaser_overlay;teaser_toolbar,,
https://www.skoda-storyboard.com/en/press-releases/skoda-auto-produces-its-one-millionth-sports-utility-vehicle/,MR,press_release,press_release,200,card_teaser;cover_box;downloads;gallery_lightbox;promo_banner;tags;two_column,cover_box_dark;teaser_media;teaser_overlay;teaser_toolbar,,
https://www.skoda-storyboard.com/en/press-releases/adac-rallye-deutschland-double-victory-in-wrc-2-for-skoda-jan-kopecky-takes-championship-lead/,MR,press_release,press_release,200,card_teaser;carousel_rails;cover_box;downloads;gallery_lightbox;promo_banner;tags;two_column,cover_box_dark;teaser_media;teaser_overlay;teaser_toolbar,,
https://www.skoda-storyboard.com/en/press-releases/adac-rallye-deutschland-skoda-trio-tops-wrc-2-rovanpera-leads-from-andolfi-and-kopecky/,MR,press_release,press_release,200,card_teaser;cover_box;downloads;gallery_lightbox;promo_banner;tags;two_column,cover_box_dark;teaser_media;teaser_overlay;teaser_toolbar,,
https://www.skoda-storyboard.com/en/press-releases/adac-rallye-deutschland-skoda-driver-kopecky-leads-wrc-2-rovanpera-in-fifth-position/,MR,press_release,press_release,200,card_teaser;cover_box;downloads;gallery_lightbox;promo_banner;tags;two_column,cover_box_dark;teaser_media;teaser_overlay;teaser_toolbar,,
https://www.skoda-storyboard.com/en/press-releases/skoda-continues-on-course-for-growth-in-july/,MR,press_release,press_release,200,card_teaser;carousel_rails;cover_box;downloads;gallery_lightbox;promo_banner;tags;two_column,cover_box_dark;teaser_media;teaser_overlay;teaser_toolbar,,
https://www.skoda-storyboard.com/en/press-releases/skoda-auto-is-the-official-sponsor-of-the-2018-uci-road-world-championships/,MR,press_release,press_release,200,card_teaser;carousel_rails;cover_box;downloads;promo_banner;tags;two_column,cover_box_dark;teaser_media;teaser_overlay;teaser_toolbar,,
https://www.skoda-storyboard.com/en/press-releases/production-of-revised-skoda-fabia-begins-in-mlada-boleslav/,MR,press_release,press_release,200,card_teaser;carousel_rails;cover_box;downloads;gallery_lightbox;promo_banner;tags;two_column,cover_box_dark;teaser_media;teaser_overlay;teaser_toolbar,,
https://www.skoda-storyboard.com/en/press-releases/adac-rallye-deutschland-skoda-driver-kopecky-wants-to-take-the-wrc-2-championship-lead/,MR,press_release,press_release,200,card_teaser;cover_box;downloads;gallery_lightbox;promo_banner;tags;two_column,cover_box_dark;teaser_media;teaser_overlay;teaser_toolbar,,
https://www.skoda-storyboard.com/en/press-releases/skoda-in-280-characters-communication-now-via-twitter/,MR,press_release,press_release,200,card_teaser;carousel_rails;cover_box;downloads;gallery_lightbox;promo_banner;tags;two_column,cover_box_dark;teaser_media;teaser_overlay;teaser_toolbar,,
https://www.skoda-storyboard.com/en/press-releases/skoda-auto-achieves-e821-million-operating-profit-in-first-half-of-2018/,MR,press_release,press_release,200,card_teaser;carousel_rails;cover_box;downloads;gallery_lightbox;promo_banner;tags;two_column,cover_box_dark;teaser_media;teaser_overlay;teaser_toolbar,,
https://www.skoda-storyboard.com/en/press-releases/new-sporting-spirit-with-the-skoda-karoq-sportline/,MR,press_release,press_release,200,card_teaser;cover_box;downloads;gallery_lightbox;promo_banner;tags;two_column,cover_box_dark;teaser_media;teaser_overlay;teaser_toolbar,,
https://www.skoda-storyboard.com/en/press-releases/fully-equipped-for-off-road-driving-the-skoda-karoq-scout/,MR,press_release,press_release,200,card_teaser;cover_box;downloads;gallery_lightbox;promo_banner;tags;two_column,cover_box_dark;teaser_media;teaser_overlay;teaser_toolbar,,
https://www.skoda-storyboard.com/en/press-releases/tour-de-france-winner-geraint-thomas-celebrates-with-skoda-auto-crystal-glass-trophy/,MR,press_release,press_release,200,card_teaser;cover_box;downloads;gallery_lightbox;promo_banner;tags;two_column,cover_box_dark;teaser_media;teaser_overlay;teaser_toolbar,,
https://www.skoda-storyboard.com/en/press-releases/skoda-auto-awarded-its-international-marketing-communication-account-to-optimist-and-thjnk/,MR,press_release,press_release,200,card_teaser;carousel_rails;cover_box;downloads;gallery_lightbox;promo_banner;tags;two_column,cover_box_dark;teaser_media;teaser_overlay;teaser_toolbar,,
https://www.skoda-storyboard.com/en/press-releases/neste-rally-finland-skoda-privateer-pietarinen-wins-wrc-2-skoda-junior-rovanpera-fourth/,MR,press_release,press_release,200,card_teaser;cover_box;downloads;gallery_lightbox;promo_banner;tags;two_column,cover_box_dark;teaser_media;teaser_overlay;teaser_toolbar,,
https://www.skoda-storyboard.com/en/press-releases/neste-rally-finland-skoda-privateer-eerik-pietarinen-leads-wrc-2-category-standings/,MR,press_release,press_release,200,card_teaser;carousel_rails;cover_box;downloads;gallery_lightbox;promo_banner;tags;two_column,cover_box_dark;teaser_media;teaser_overlay;teaser_toolbar,,
https://www.skoda-storyboard.com/en/press-releases/neste-rally-finland-kalle-rovanpera-and-skoda-leading-wrc-2-o-c-veiby-fighting-for-podium/,MR,press_release,press_release,200,card_teaser;carousel_rails;cover_box;downloads;gallery_lightbox;promo_banner;tags;two_column,cover_box_dark;teaser_media;teaser_overlay;teaser_toolbar,,
https://www.skoda-storyboard.com/en/press-releases/comprehensive-modernisation-of-czech-skoda-auto-plants-during-factory-holidays/,MR,press_release,press_release,200,card_teaser;carousel_rails;cover_box;downloads;gallery_lightbox;promo_banner;tags;two_column,cover_box_dark;teaser_media;teaser_overlay;teaser_toolbar,,
https://www.skoda-storyboard.com/en/press-releases/skoda-design-creates-trophies-for-the-winners-of-the-2018-tour-de-france/,MR,press_release,press_release,200,card_teaser;cover_box;downloads;gallery_lightbox;promo_banner;tags;two_column,cover_box_dark;teaser_media;teaser_overlay;teaser_toolbar,,
https://www.skoda-storyboard.com/en/press-releases/neste-rally-finland-all-eyes-on-skoda-juniors-ole-christian-veiby-and-kalle-rovanpera/,MR,press_release,press_release,200,card_teaser;gallery_lightbox;promo_banner;tags;two_column,teaser_media;teaser_overlay;teaser_toolbar,,
https://www.skoda-storyboard.com/en/press-releases/skoda-auto-invests-in-israeli-start-up-anagog/,MR,press_release,press_release,200,card_teaser;cover_box;downloads;gallery_lightbox;promo_banner;tags;two_column,cover_box_dark;teaser_media;teaser_overlay;teaser_toolbar,,
https://www.skoda-storyboard.com/en/press-releases/skoda-superb-awarded-auto-test-winner-2018-in-germany/,MR,press_release,press_release,200,card_teaser;carousel_rails;cover_box;downloads;gallery_lightbox;promo_banner;tags;two_column,cover_box_dark;teaser_media;teaser_overlay;teaser_toolbar,,
https://www.skoda-storyboard.com/en/press-releases/skoda-brand-icons-featured-on-geocaching-coins/,MR,press_release,press_release,200,card_teaser;carousel_rails;cover_box;downloads;gallery_lightbox;promo_banner;tags;two_column,cover_box_dark;teaser_media;teaser_overlay;teaser_toolbar,,
https://www.skoda-storyboard.com/en/press-releases/skoda-continues-on-record-course-more-than-650000-deliveries-in-first-half-of-2018-and-best-june-ever/,MR,press_release,press_release,200,card_teaser;carousel_rails;cover_box;downloads;gallery_lightbox;promo_banner;tags;two_column,cover_box_dark;teaser_media;teaser_overlay;teaser_toolbar,,
https://www.skoda-storyboard.com/en/press-releases/india-2-0-volkswagen-group-invests-one-billion-euros-in-project-led-by-skoda-auto/,MR,press_release,press_release,200,card_teaser;cover_box;downloads;gallery_lightbox;promo_banner;tags;two_column,cover_box_dark;teaser_media;teaser_overlay;teaser_toolbar,,
https://www.skoda-storyboard.com/en/press-releases/skoda-is-the-official-partner-of-the-tour-de-france-for-the-15th-time/,MR,press_release,press_release,200,card_teaser;carousel_rails;cover_box;downloads;gallery_lightbox;promo_banner;tags;two_column,cover_box_dark;teaser_media;teaser_overlay;teaser_toolbar,,
https://www.skoda-storyboard.com/en/press-releases/video-skoda-auto-uses-fully-autonomous-transport-robot-at-vrchlabi-plant/,MR,press_release,press_release,200,card_teaser;carousel_rails;cover_box;downloads;gallery_lightbox;promo_banner;tags;two_column,cover_box_dark;teaser_media;teaser_overlay;teaser_toolbar,vimeo,
https://www.skoda-storyboard.com/en/press-releases/skoda-auto-launches-car-sharing-platform-uniqway/,MR,press_release,press_release,200,card_teaser;cover_box;downloads;gallery_lightbox;promo_banner;tags;two_column,cover_box_dark;teaser_media;teaser_overlay;teaser_toolbar,,
https://www.skoda-storyboard.com/en/press-releases/the-india-2-0-project-skoda-auto-assumes-responsibility-for-the-indian-market-on-volkswagen-groups-behalf/,MR,press_release,press_release,200,card_teaser;carousel_rails;cover_box;downloads;gallery_lightbox;promo_banner;tags;two_column,cover_box_dark;teaser_media;teaser_overlay;teaser_toolbar,,
https://www.skoda-storyboard.com/en/press-releases/new-skoda-kodiaq-rs-completes-record-breaking-lap-at-the-nurburgring/,MR,press_release,press_release,200,card_teaser;carousel_rails;cover_box;downloads;gallery_lightbox;promo_banner;tags;two_column,cover_box_dark;teaser_media;teaser_overlay;teaser_toolbar,youtube,
https://www.skoda-storyboard.com/en/press-releases/video-skoda-launches-the-kodiaq-rs-into-the-green-hell/,MR,press_release,press_release,200,card_teaser;cover_box;downloads;gallery_lightbox;promo_banner;tags;two_column,cover_box_dark;teaser_media;teaser_overlay;teaser_toolbar,youtube,
https://www.skoda-storyboard.com/en/press-releases/skoda-sets-a-new-record-in-may/,MR,press_release,press_release,200,card_teaser;carousel_rails;cover_box;downloads;gallery_lightbox;promo_banner;tags;two_column,cover_box_dark;teaser_media;teaser_overlay;teaser_toolbar,,
https://www.skoda-storyboard.com/en/press-releases/skoda-auto-uses-fully-autonomous-transport-robot-at-vrchlabi-plant/,MR,press_release,press_release,200,card_teaser;carousel_rails;cover_box;downloads;gallery_lightbox;promo_banner;tags;two_column,cover_box_dark;teaser_media;teaser_overlay;teaser_toolbar,vimeo,
https://www.skoda-storyboard.com/en/press-releases/rally-italia-sardegna-double-for-skoda-in-wrc-2-jan-kopecky-wins-ahead-of-teammate-o-c-veiby/,MR,press_release,press_release,200,card_teaser;cover_box;downloads;gallery_lightbox;promo_banner;tags;two_column,cover_box_dark;teaser_media;teaser_overlay;teaser_toolbar,,
https://www.skoda-storyboard.com/en/press-releases/rally-italia-sardegna-skodas-jan-kopecky-leads-wrc-2-teammate-o-c-veiby-storms-into-third-place/,MR,press_release,press_release,200,card_teaser;cover_box;downloads;gallery_lightbox;promo_banner;tags;two_column,cover_box_dark;teaser_media;teaser_overlay;teaser_toolbar,,
https://www.skoda-storyboard.com/en/press-releases/rally-italia-sardegna-skodas-jan-kopecky-second-teammate-o-c-veiby-eighth-after-suspension-issues/,MR,press_release,press_release,200,card_teaser;carousel_rails;cover_box;downloads;gallery_lightbox;promo_banner;tags;two_column,cover_box_dark;teaser_media;teaser_overlay;teaser_toolbar,,
https://www.skoda-storyboard.com/en/press-releases/skoda-sunroq-skoda-vocational-school-students-present-fifth-concept-car/,MR,press_release,press_release,200,card_teaser;carousel_rails;cover_box;downloads;gallery_lightbox;promo_banner;tags;two_column,cover_box_dark;teaser_media;teaser_overlay;teaser_toolbar,vimeo,
https://www.skoda-storyboard.com/en/press-releases/infographic-expansion-of-skoda-auto-plant-in-kvasiny/,MR,press_release,press_release,200,card_teaser;carousel_rails;cover_box;downloads;promo_banner;tags;two_column,cover_box_dark;teaser_media;teaser_overlay;teaser_toolbar,,
https://www.skoda-storyboard.com/en/press-releases/rally-italia-sardegna-skoda-drivers-kopecky-and-veiby-fighting-for-wrc-2-victory-on-the-mediterranean-island/,MR,press_release,press_release,200,card_teaser;cover_box;downloads;gallery_lightbox;promo_banner;tags;two_column,cover_box_dark;teaser_media;teaser_overlay;teaser_toolbar,,
https://www.skoda-storyboard.com/en/press-releases/skoda-sunroq-the-fifth-student-concept-car/,MR,press_release,press_release,200,card_teaser;cover_box;downloads;gallery_lightbox;promo_banner;two_column,cover_box_dark;teaser_media;teaser_overlay;teaser_toolbar,vimeo,
https://www.skoda-storyboard.com/en/press-releases/change-in-skoda-auto-supervisory-board/,MR,press_release,press_release,200,card_teaser;cover_box;downloads;gallery_lightbox;promo_banner;tags;two_column,cover_box_dark;teaser_media;teaser_overlay;teaser_toolbar,,
https://www.skoda-storyboard.com/en/press-releases/skoda-auto-digilab-israel-ltd-starts-collaboration-with-israeli-start-ups/,MR,press_release,press_release,200,card_teaser;cover_box;downloads;gallery_lightbox;promo_banner;tags;two_column,cover_box_dark;teaser_media;teaser_overlay;teaser_toolbar,,
https://www.skoda-storyboard.com/en/press-releases/skoda-chief-designer-oliver-stefani-automotive-design-must-be-emotional/,MR,press_release,press_release,200,card_teaser;carousel_rails;cover_box;downloads;gallery_lightbox;promo_banner;tags;two_column,cover_box_dark;teaser_media;teaser_overlay;teaser_toolbar,,
https://www.skoda-storyboard.com/en/press-releases/skoda-auto-ceo-bernhard-maier-presents-trophy-to-most-valuable-player-of-2018-iihf-ice-hockey-world-championship/,MR,press_release,press_release,200,card_teaser;carousel_rails;cover_box;downloads;gallery_lightbox;promo_banner;tags;two_column,cover_box_dark;teaser_media;teaser_overlay;teaser_toolbar,,
https://www.skoda-storyboard.com/en/press-releases/rally-portugal-pontus-tidemand-achieved-hat-trick-win-for-skoda-increasing-championship-lead/,MR,press_release,press_release,200,card_teaser;cover_box;downloads;gallery_lightbox;promo_banner;tags;two_column,cover_box_dark;teaser_media;teaser_overlay;teaser_toolbar,,
https://www.skoda-storyboard.com/en/press-releases/rally-portugal-skodas-tidemand-storms-into-lead-of-wrc-2-teammate-nordgren-up-to-sixth/,MR,press_release,press_release,200,card_teaser;cover_box;downloads;gallery_lightbox;promo_banner;tags;two_column,cover_box_dark;teaser_media;teaser_overlay;teaser_toolbar,,
https://www.skoda-storyboard.com/en/press-releases/rally-portugal-skoda-drivers-pontus-tidemand-and-juuso-nordgren-delayed-by-punctures/,MR,press_release,press_release,200,card_teaser;cover_box;downloads;gallery_lightbox;promo_banner;tags;two_column,cover_box_dark;teaser_media;teaser_overlay;teaser_toolbar,,
https://www.skoda-storyboard.com/en/press-releases/skoda-design-creates-trophy-for-most-valuable-player-of-2018-iihf-ice-hockey-world-championship/,MR,press_release,press_release,200,card_teaser;cover_box;downloads;gallery_lightbox;promo_banner;tags;two_column,cover_box_dark;teaser_media;teaser_overlay;teaser_toolbar,,
https://www.skoda-storyboard.com/en/press-releases/200-skoda-fabia-r5-sold-to-customers-worldwide-skoda-crews-successful-around-the-globe/,MR,press_release,press_release,200,card_teaser;carousel_rails;cover_box;downloads;gallery_lightbox;promo_banner;tags;two_column,cover_box_dark;teaser_media;teaser_overlay;teaser_toolbar,,
https://www.skoda-storyboard.com/en/press-releases/skodas-success-continues-through-april/,MR,press_release,press_release,200,card_teaser;carousel_rails;cover_box;downloads;gallery_lightbox;promo_banner;tags;two_column,cover_box_dark;teaser_media;teaser_overlay;teaser_toolbar,,
https://www.skoda-storyboard.com/en/press-releases/rally-portugal-skodas-pontus-tidemand-aiming-for-hat-trick-victory-in-wrc-2-category/,MR,press_release,press_release,200,card_teaser;carousel_rails;cover_box;downloads;gallery_lightbox;promo_banner;tags;two_column,cover_box_dark;teaser_media;teaser_overlay;teaser_toolbar,,
https://www.skoda-storyboard.com/en/press-releases/change-in-skoda-auto-communication-department/,MR,press_release,press_release,200,card_teaser;carousel_rails;cover_box;downloads;gallery_lightbox;promo_banner;tags;two_column,cover_box_dark;teaser_media;teaser_overlay;teaser_toolbar,,
https://www.skoda-storyboard.com/en/press-releases/skoda-auto-opens-multifunctional-competence-centre-of-at-kvasiny-plant/,MR,press_release,press_release,200,card_teaser;carousel_rails;cover_box;downloads;gallery_lightbox;promo_banner;tags;two_column,cover_box_dark;teaser_media;teaser_overlay;teaser_toolbar,,
https://www.skoda-storyboard.com/en/press-releases/skoda-students-5th-concept-car-about-to-make-its-debut/,MR,press_release,press_release,200,card_teaser;carousel_rails;cover_box;downloads;gallery_lightbox;promo_banner;tags;two_column,cover_box_dark;teaser_media;teaser_overlay;teaser_toolbar,,
https://www.skoda-storyboard.com/en/press-releases/skoda-goes-to-denmark-for-iihf-ice-hockey-world-championship/,MR,press_release,press_release,200,card_teaser;cover_box;downloads;gallery_lightbox;promo_banner;tags;two_column,cover_box_dark;teaser_media;teaser_overlay;teaser_toolbar,,
https://www.skoda-storyboard.com/en/press-releases/rally-argentina-skodas-pontus-tidemand-wins-takes-lead-wrc-2-championship/,MR,press_release,press_release,200,card_teaser;cover_box;downloads;gallery_lightbox;promo_banner;tags;two_column,cover_box_dark;teaser_media;teaser_overlay;teaser_toolbar,,
https://www.skoda-storyboard.com/en/press-releases/rally-argentina-rovanpera-conquers-first-place-double-lead-skoda-tidemand-second/,MR,press_release,press_release,200,card_teaser;carousel_rails;cover_box;downloads;gallery_lightbox;promo_banner;tags;two_column,cover_box_dark;teaser_media;teaser_overlay;teaser_toolbar,,
https://www.skoda-storyboard.com/en/press-releases/rally-argentina-double-wrc-2-lead-skoda-pontus-tidemand-ahead-kalle-rovanpera/,MR,press_release,press_release,200,card_teaser;carousel_rails;cover_box;downloads;gallery_lightbox;promo_banner;tags;two_column,cover_box_dark;teaser_media;teaser_overlay;teaser_toolbar,,
https://www.skoda-storyboard.com/en/press-releases/skoda-autos-sales-revenue-deliveries-operating-profit-increase/,MR,press_release,press_release,200,card_teaser;cover_box;downloads;gallery_lightbox;promo_banner;tags;two_column,cover_box_dark;teaser_media;teaser_overlay;teaser_toolbar,,
https://www.skoda-storyboard.com/en/press-releases/skoda-kamiq-highlight-auto-china-2018-beijing/,MR,press_release,press_release,200,card_teaser;cover_box;downloads;gallery_lightbox;promo_banner;tags;two_column,cover_box_dark;teaser_media;teaser_overlay;teaser_toolbar,,
https://www.skoda-storyboard.com/en/press-releases/skoda-three-crews-rally-argentina-tidemand-wants-repeat-last-years-victory/,MR,press_release,press_release,200,card_teaser;carousel_rails;cover_box;downloads;gallery_lightbox;promo_banner;tags;two_column,cover_box_dark;teaser_media;teaser_overlay;teaser_toolbar,,
https://www.skoda-storyboard.com/en/press-releases/marc-andreas-brinkmann-skoda-autos-new-head-marketing/,MR,press_release,press_release,200,card_teaser;carousel_rails;cover_box;downloads;gallery_lightbox;promo_banner;tags;two_column,cover_box_dark;teaser_media;teaser_overlay;teaser_toolbar,,
https://www.skoda-storyboard.com/en/press-releases/new-skoda-kamiq-makes-debut-beijing/,MR,press_release,press_release,200,card_teaser;cover_box;downloads;gallery_lightbox;promo_banner;tags;two_column,cover_box_dark;teaser_media;teaser_overlay;teaser_toolbar,,
https://www.skoda-storyboard.com/en/press-releases/auto-china-2018-skodas-suv-campaign-drives-growth/,MR,press_release,press_release,200,card_teaser;cover_box;downloads;gallery_lightbox;promo_banner;tags;two_column,cover_box_dark;teaser_media;teaser_overlay;teaser_toolbar,,
https://www.skoda-storyboard.com/en/press-releases/new-skoda-china-first-sketches-mainstream-city-suv/,MR,press_release,press_release,200,card_teaser;carousel_rails;cover_box;downloads;gallery_lightbox;promo_banner;tags;two_column,cover_box_dark;teaser_media;teaser_overlay;teaser_toolbar,,
https://www.skoda-storyboard.com/en/press-releases/skoda-vocational-school-students-build-skoda-karoq-cabriolet-study/,MR,press_release,press_release,200,card_teaser;cover_box;downloads;gallery_lightbox;promo_banner;tags;two_column,cover_box_dark;teaser_media;teaser_overlay;teaser_toolbar,,
https://www.skoda-storyboard.com/en/press-releases/skoda-auto-increased-deliveries-11-7-first-quarter/,MR,press_release,press_release,200,card_teaser;carousel_rails;cover_box;downloads;gallery_lightbox;promo_banner;tags;two_column,cover_box_dark;teaser_media;teaser_overlay;teaser_toolbar,,
https://www.skoda-storyboard.com/en/press-releases/skoda-auto-kovo-union-reach-new-collective-labour-agreement/,MR,press_release,press_release,200,card_teaser;carousel_rails;cover_box;downloads;gallery_lightbox;promo_banner;tags;two_column,cover_box_dark;teaser_media;teaser_overlay;teaser_toolbar,,
https://www.skoda-storyboard.com/en/press-releases/jan-kopecky-skoda-dominant-wrc-2-win-rally-france-tour-de-corse/,MR,press_release,press_release,200,card_teaser;carousel_rails;cover_box;downloads;gallery_lightbox;promo_banner;tags;two_column,cover_box_dark;teaser_media;teaser_overlay;teaser_toolbar,,
https://www.skoda-storyboard.com/en/press-releases/jan-kopecky-skoda-continue-dominate-wrc-2-category-rally-france-tour-de-corse/,MR,press_release,press_release,200,card_teaser;carousel_rails;cover_box;downloads;gallery_lightbox;promo_banner;tags;two_column,cover_box_dark;teaser_media;teaser_overlay;teaser_toolbar,,
https://www.skoda-storyboard.com/en/press-releases/czech-champion-kopecky-skoda-motorsport-lead-wrc-2-rally-france-teammate-veiby-third/,MR,press_release,press_release,200,card_teaser;cover_box;downloads;gallery_lightbox;promo_banner;tags;two_column,cover_box_dark;teaser_media;teaser_overlay;teaser_toolbar,,
https://www.skoda-storyboard.com/en/press-releases/skoda-auto-digilab-adds-carsharing-portal-hoppygo-joint-venture/,MR,press_release,press_release,200,card_teaser;cover_box;downloads;gallery_lightbox;promo_banner;tags;two_column,cover_box_dark;teaser_media;teaser_overlay;teaser_toolbar,,
https://www.skoda-storyboard.com/en/press-releases/skoda-auto-digilab-hunt-new-talent-international-smart-mobility-hackathon/,MR,press_release,press_release,200,card_teaser;cover_box;downloads;gallery_lightbox;promo_banner;tags;two_column,cover_box_dark;teaser_media;teaser_overlay;teaser_toolbar,,
https://www.skoda-storyboard.com/en/press-releases/skoda-motorsport-kopecky-veiby-well-prepared-10-000-corners-tour-de-corse/,MR,press_release,press_release,200,card_teaser;cover_box;downloads;gallery_lightbox;promo_banner;tags;two_column,cover_box_dark;teaser_media;teaser_overlay;teaser_toolbar,,
https://www.skoda-storyboard.com/en/press-releases/skoda-auto-takes-part-earth-hour/,MR,press_release,press_release,200,card_teaser;cover_box;downloads;gallery_lightbox;promo_banner;tags;two_column,cover_box_dark;teaser_media;teaser_overlay;teaser_toolbar,,
https://www.skoda-storyboard.com/en/press-releases/skoda-auto-launches-sales-singapore/,MR,press_release,press_release,200,card_teaser;carousel_rails;cover_box;downloads;gallery_lightbox;promo_banner;tags;two_column,cover_box_dark;teaser_media;teaser_overlay;teaser_toolbar,,
https://www.skoda-storyboard.com/en/press-releases/world-water-day-impressive-conservation-natural-resources-water-recycling-skoda-auto/,MR,press_release,press_release,200,card_teaser;cover_box;downloads;gallery_lightbox;promo_banner;tags;two_column,cover_box_dark;teaser_media;teaser_overlay;teaser_toolbar,,
https://www.skoda-storyboard.com/en/press-releases/skoda-auto-sets-new-records-vehicle-deliveries-financial-results-2017/,MR,press_release,press_release,200,card_teaser;carousel_rails;cover_box;downloads;gallery_lightbox;promo_banner;tags;two_column,cover_box_dark;teaser_media;teaser_overlay;teaser_toolbar,,
https://www.skoda-storyboard.com/en/press-releases/skoda-auto-invests-around-22-5-million-euros-expansion-skoda-parts-center-creates-40-new-jobs/,MR,press_release,press_release,200,card_teaser;carousel_rails;cover_box;downloads;gallery_lightbox;promo_banner;tags;two_column,cover_box_dark;teaser_media;teaser_overlay;teaser_toolbar,,
https://www.skoda-storyboard.com/en/press-releases/skoda-autos-annual-press-conference-live-online/,MR,press_release,press_release,200,card_teaser;carousel_rails;cover_box;downloads;promo_banner;tags;two_column,cover_box_dark;teaser_media;teaser_overlay;teaser_toolbar,,
https://www.skoda-storyboard.com/en/press-releases/skoda-auto-achieves-best-february-result-history/,MR,press_release,press_release,200,card_teaser;carousel_rails;cover_box;downloads;gallery_lightbox;promo_banner;tags;two_column,cover_box_dark;teaser_media;teaser_overlay;teaser_toolbar,,
https://www.skoda-storyboard.com/en/press-releases/rally-mexico-skodas-tidemand-wins-wrc-2-takes-series-lead-great-performance-rovanpera/,MR,press_release,press_release,200,card_teaser;cover_box;downloads;gallery_lightbox;promo_banner;tags;two_column,cover_box_dark;teaser_media;teaser_overlay;teaser_toolbar,,
https://www.skoda-storyboard.com/en/press-releases/rally-mexico-skodas-tidemand-leading-wrc-2-rovanpera-back-game-four-stage-wins/,MR,press_release,press_release,200,card_teaser;cover_box;downloads;gallery_lightbox;promo_banner;tags;two_column,cover_box_dark;teaser_media;teaser_overlay;teaser_toolbar,,
https://www.skoda-storyboard.com/en/press-releases/rally-mexico-skoda-motorsports-pontus-tidemand-dominates-wrc-2-category/,MR,press_release,press_release,200,card_teaser;cover_box;downloads;gallery_lightbox;promo_banner;tags;two_column,cover_box_dark;teaser_media;teaser_overlay;teaser_toolbar,,
https://www.skoda-storyboard.com/en/press-releases/change-skoda-auto-communication-department/,MR,press_release,press_release,200,card_teaser;carousel_rails;cover_box;downloads;gallery_lightbox;promo_banner;tags;two_column,cover_box_dark;teaser_media;teaser_overlay;teaser_toolbar,,
https://www.skoda-storyboard.com/en/press-releases/geneva-motor-show-2018-skoda-autos-presentation-pictures/,MR,press_release,press_release,200,card_teaser;cover_box;downloads;gallery_lightbox;promo_banner;tags;two_column,cover_box_dark;teaser_media;teaser_overlay;teaser_toolbar,,
https://www.skoda-storyboard.com/en/press-releases/skoda-auto-digilab-connectivity-department-present-visionary-mobility-ideas-geneva-motor-show/,MR,press_release,press_release,200,card_teaser;cover_box;downloads;gallery_lightbox;promo_banner;tags;two_column,cover_box_dark;teaser_media;teaser_overlay;teaser_toolbar,,
https://www.skoda-storyboard.com/en/press-releases/rally-mexico-skoda-motorsports-pontus-tidemand-chasing-wrc-2-championship-lead/,MR,press_release,press_release,200,card_teaser;carousel_rails;cover_box;gallery_lightbox;promo_banner;tags;two_column,cover_box_dark;teaser_media;teaser_overlay;teaser_toolbar,,
https://www.skoda-storyboard.com/en/press-releases/sustainable-uncomplicated-mobility-final-mile-skoda-auto-presents-new-scooter-concept-geneva-motor-show-2018/,MR,press_release,press_release,200,card_teaser;cover_box;downloads;gallery_lightbox;promo_banner;tags;two_column,cover_box_dark;teaser_media;teaser_overlay;teaser_toolbar,,
https://www.skoda-storyboard.com/en/press-releases/geneva-motor-show-2018-world-premiere-concept-study-skoda-vision-x-live-online/,MR,press_release,press_release,200,card_teaser;carousel_rails;cover_box;downloads;gallery_lightbox;promo_banner;tags;two_column,cover_box_dark;teaser_media;teaser_overlay;teaser_toolbar,,
https://www.skoda-storyboard.com/en/press-releases/world-premiere-geneva-skoda-vision-x-study-combines-cng-petrol-electric-drive/,MR,press_release,press_release,200,card_teaser;carousel_rails;cover_box;downloads;gallery_lightbox;promo_banner;tags;two_column,cover_box_dark;teaser_media;teaser_overlay;teaser_toolbar,,
https://www.skoda-storyboard.com/en/press-releases/skoda-2018-geneva-motor-show-numerous-model-updates-glimpse-automotive-future/,MR,press_release,press_release,200,card_teaser;carousel_rails;cover_box;downloads;gallery_lightbox;promo_banner;tags;two_column,cover_box_dark;teaser_media;teaser_overlay;teaser_toolbar,,
https://www.skoda-storyboard.com/en/press-releases/rally-sweden-skoda-motorsports-tidemand-veiby-podium-thrilling-battle/,MR,press_release,press_release,200,card_teaser;cover_box;downloads;gallery_lightbox;promo_banner;tags;two_column,cover_box_dark;teaser_media;teaser_overlay;teaser_toolbar,,
https://www.skoda-storyboard.com/en/press-releases/rally-sweden-skoda-motorsport-fighting-victory-pontus-tidemand-o-c-veiby/,MR,press_release,press_release,200,card_teaser;cover_box;downloads;gallery_lightbox;promo_banner;tags;two_column,cover_box_dark;teaser_media;teaser_overlay;teaser_toolbar,,
https://www.skoda-storyboard.com/en/press-releases/skoda-kodiaq-lk-top-version-large-suv-celebrates-world-premiere-geneva/,MR,press_release,press_release,200,card_teaser;carousel_rails;cover_box;downloads;gallery_lightbox;promo_banner;tags;two_column,cover_box_dark;teaser_media;teaser_overlay;teaser_toolbar,,
https://www.skoda-storyboard.com/en/press-releases/rally-sweden-skoda-motorsport-aiming-repeat-last-years-success/,MR,press_release,press_release,200,card_teaser;cover_box;downloads;gallery_lightbox;promo_banner;tags;two_column,cover_box_dark;teaser_media;teaser_overlay;teaser_toolbar,,
https://www.skoda-storyboard.com/en/press-releases/skoda-autos-success-continues-january/,MR,press_release,press_release,200,card_teaser;carousel_rails;cover_box;downloads;gallery_lightbox;promo_banner;tags;two_column,cover_box_dark;teaser_media;teaser_overlay;teaser_toolbar,,
https://www.skoda-storyboard.com/en/press-releases/updated-skoda-fabia-makes-debut-geneva-motor-show-2018/,MR,press_release,press_release,200,card_teaser;carousel_rails;cover_box;downloads;gallery_lightbox;promo_banner;siteorigin_body;tags;two_column,cover_box_dark;teaser_media;teaser_overlay;teaser_toolbar,youtube,
https://www.skoda-storyboard.com/en/press-releases/updated-skoda-fabia-makes-debut-geneva-motor-show-2018-2/,MR,press_release,press_release,200,card_teaser;carousel_rails;cover_box;promo_banner;siteorigin_body;tags;two_column,cover_box_dark;teaser_media;teaser_overlay;teaser_toolbar,,
https://www.skoda-storyboard.com/en/press-releases/skoda-vision-x-urban-crossover-study-celebrates-world-premiere-geneva-motor-show-2018/,MR,press_release,press_release,200,card_teaser;carousel_rails;cover_box;downloads;gallery_lightbox;promo_banner;tags;two_column,cover_box_dark;teaser_media;teaser_overlay;teaser_toolbar,,
https://www.skoda-storyboard.com/en/press-releases/skoda-auto-produces-two-millionth-dq-200-dual-clutch-transmission-vrchlabi-plant/,MR,press_release,press_release,200,card_teaser;carousel_rails;cover_box;downloads;gallery_lightbox;promo_banner;tags;two_column,cover_box_dark;teaser_media;teaser_overlay;teaser_toolbar,,
https://www.skoda-storyboard.com/en/press-releases/rally-monte-carlo-skoda-fabia-r5-driver-jan-kopecky-wins-wrc-2-category-birthday/,MR,press_release,press_release,200,card_teaser;carousel_rails;cover_box;downloads;gallery_lightbox;promo_banner;tags;two_column,cover_box_dark;teaser_media;teaser_overlay;teaser_toolbar,,
https://www.skoda-storyboard.com/en/press-releases/rally-monte-carlo-skoda-fabia-r5-driver-jan-kopecky-still-control-wrc-2-category/,MR,press_release,press_release,200,card_teaser;cover_box;downloads;gallery_lightbox;promo_banner;tags;two_column,cover_box_dark;teaser_media;teaser_overlay;teaser_toolbar,,
https://www.skoda-storyboard.com/en/press-releases/rally-monte-carlo-skoda-fabia-r5-driver-jan-kopecky-clearly-leads-wrc-2-category/,MR,press_release,press_release,200,card_teaser;carousel_rails;cover_box;downloads;gallery_lightbox;promo_banner;tags;two_column,cover_box_dark;teaser_media;teaser_overlay;teaser_toolbar,,
https://www.skoda-storyboard.com/en/press-releases/double-victory-skoda-best-cars-2018-awards/,?,FETCH_ERR,press_release,HTTP Error 301: The HTTP server returned,,,,
https://www.skoda-storyboard.com/en/press-releases/three-skoda-motorsport-crews-rally-monte-carlo-jan-kopecky-aiming-victory-wrc-2/,MR,press_release,press_release,200,card_teaser;carousel_rails;cover_box;downloads;gallery_lightbox;promo_banner;tags;two_column,cover_box_dark;teaser_media;teaser_overlay;teaser_toolbar,,
https://www.skoda-storyboard.com/en/press-releases/world-premiere-updated-skoda-fabia-geneva-motor-show-2018/,MR,press_release,press_release,200,card_teaser;carousel_rails;cover_box;downloads;gallery_lightbox;promo_banner;tags;two_column,cover_box_dark;teaser_media;teaser_overlay;teaser_toolbar,,
https://www.skoda-storyboard.com/en/press-releases/delivery-record-skoda-auto-delivers-1-2-million-vehicles-worldwide-2017/,MR,press_release,press_release,200,card_teaser;carousel_rails;cover_box;downloads;promo_banner;tags;two_column,cover_box_dark;teaser_media;teaser_overlay;teaser_toolbar,,
https://www.skoda-storyboard.com/en/press-releases/production-line-skoda-karoq-opened-also-main-plant-mlada-boleslav/,MR,press_release,press_release,200,card_teaser;cover_box;downloads;gallery_lightbox;promo_banner;tags;two_column,cover_box_dark;teaser_media;teaser_overlay;teaser_toolbar,,
https://www.skoda-storyboard.com/en/press-releases/gurpratap-boparai-appointed-new-managing-director-skoda-auto-india-private-ltd/,MR,press_release,press_release,200,card_teaser;carousel_rails;cover_box;downloads;gallery_lightbox;promo_banner;tags;two_column,cover_box_dark;teaser_media;teaser_overlay;teaser_toolbar,,
https://www.skoda-storyboard.com/en/press-releases/skoda-auto-expands-development-centre-puts-new-gearbox-test-stands-operation/,MR,press_release,press_release,200,card_teaser;carousel_rails;cover_box;downloads;gallery_lightbox;promo_banner;tags;two_column,cover_box_dark;teaser_media;teaser_overlay;teaser_toolbar,,
https://www.skoda-storyboard.com/en/press-releases/modern-intuitive-skoda-media-services-app-featuring-new-design-additional-functions/,MR,press_release,press_release,200,card_teaser;cover_box;downloads;gallery_lightbox;promo_banner;tags;two_column,cover_box_dark;teaser_media;teaser_overlay;teaser_toolbar,,
https://www.skoda-storyboard.com/en/press-releases/pragues-fastest-taxi-rally-champion-jan-kopecky-giving-passenger-rides-board-skoda-fabia-r5/,MR,press_release,press_release,200,card_teaser;cover_box;downloads;gallery_lightbox;promo_banner;tags;two_column,cover_box_dark;teaser_media;teaser_overlay;teaser_toolbar,,
https://www.skoda-storyboard.com/en/press-releases/mobility-humanity-skoda-auto-digilab-supports-caredriver-platform/,MR,press_release,press_release,200,card_teaser;cover_box;downloads;gallery_lightbox;promo_banner;tags;two_column,cover_box_dark;teaser_media;teaser_overlay;teaser_toolbar,,
https://www.skoda-storyboard.com/en/press-releases/gift-ideas-santa-claus-skoda-turns-christmas-upside/,?,FETCH_ERR,press_release,HTTP Error 301: The HTTP server returned,,,,
https://www.skoda-storyboard.com/en/press-releases/skoda-auto-digilab-champion-motors-establish-joint-venture-israel/,MR,press_release,press_release,200,card_teaser;cover_box;downloads;gallery_lightbox;promo_banner;tags;two_column,cover_box_dark;teaser_media;teaser_overlay;teaser_toolbar,,
https://www.skoda-storyboard.com/en/press-releases/best-month-time-skoda-auto-sets-new-record-november/,MR,press_release,press_release,200,card_teaser;carousel_rails;cover_box;downloads;gallery_lightbox;promo_banner;tags;two_column,cover_box_dark;teaser_media;teaser_overlay;teaser_toolbar,,
https://www.skoda-storyboard.com/en/press-releases/skoda-celebrates-rally-titles-limited-edition-skoda-fabia/,MR,press_release,press_release,200,card_teaser;carousel_rails;cover_box;downloads;gallery_lightbox;promo_banner;tags;two_column,cover_box_dark;teaser_media;teaser_overlay;teaser_toolbar,,
https://www.skoda-storyboard.com/en/press-releases/video-skoda-karoq-assists-extreme-athletes-himalayas/,MR,press_release,press_release,200,card_teaser;carousel_rails;cover_box;downloads;promo_banner;tags;two_column,cover_box_dark;teaser_media;teaser_overlay;teaser_toolbar,,
https://www.skoda-storyboard.com/en/press-releases/skoda-auto-lays-foundation-new-paint-shop-main-plant-mlada-boleslav/,MR,press_release,press_release,200,card_teaser;carousel_rails;cover_box;downloads;gallery_lightbox;promo_banner;tags;two_column,cover_box_dark;teaser_media;teaser_overlay;teaser_toolbar,,
https://www.skoda-storyboard.com/en/press-releases/skoda-celebrates-four-wins-auto-trophy-2017-awards/,MR,press_release,press_release,200,card_teaser;cover_box;downloads;gallery_lightbox;promo_banner;tags;two_column,cover_box_dark;teaser_media;teaser_overlay;teaser_toolbar,,
https://www.skoda-storyboard.com/en/press-releases/charismatic-racing-car-60-years-skoda-1100-ohc/,MR,press_release,press_release,200,card_teaser;carousel_rails;cover_box;downloads;gallery_lightbox;promo_banner;tags;two_column,cover_box_dark;teaser_media;teaser_overlay;teaser_toolbar,,
https://www.skoda-storyboard.com/en/press-releases/aprc-rally-india-gill-wins-defends-title-double-victory-mrf-skoda-veiby-second/,MR,press_release,press_release,200,card_teaser;cover_box;downloads;gallery_lightbox;promo_banner;tags;two_column,cover_box_dark;teaser_media;teaser_overlay;teaser_toolbar,,
https://www.skoda-storyboard.com/en/press-releases/seasons-finale-coffee-plantations-skoda-teammates-gill-veiby-competing-aprc-honours-india/,MR,press_release,press_release,200,card_teaser;carousel_rails;cover_box;promo_banner;tags;two_column,cover_box_dark;teaser_media;teaser_overlay;teaser_toolbar,,
https://www.skoda-storyboard.com/en/press-releases/skoda-auto-produce-electric-vehicles-mlada-boleslav-2020/,MR,press_release,press_release,200,card_teaser;cover_box;downloads;gallery_lightbox;promo_banner;tags;two_column,cover_box_dark;teaser_media;teaser_overlay;teaser_toolbar,,
https://www.skoda-storyboard.com/en/press-releases/skoda-auto-continues-success/,MR,press_release,press_release,200,card_teaser;carousel_rails;cover_box;downloads;promo_banner;tags;two_column,cover_box_dark;teaser_media;teaser_overlay;teaser_toolbar,,
https://www.skoda-storyboard.com/en/press-releases/skoda-karoq-receives-five-stars-euro-ncap-test/,MR,press_release,press_release,200,card_teaser;cover_box;downloads;gallery_lightbox;promo_banner;tags;two_column,cover_box_dark;teaser_media;teaser_overlay;teaser_toolbar,,
https://www.skoda-storyboard.com/en/press-releases/new-skoda-karoq-wins-golden-steering-wheel/,MR,press_release,press_release,200,card_teaser;cover_box;downloads;gallery_lightbox;promo_banner;tags;two_column,cover_box_dark;teaser_media;teaser_overlay;teaser_toolbar,,
https://www.skoda-storyboard.com/en/press-releases/skoda-auto-supports-talented-programmers-smart-energy-hackathon-ideas-competition/,MR,press_release,press_release,200,card_teaser;carousel_rails;cover_box;downloads;promo_banner;tags;two_column,cover_box_dark;teaser_media;teaser_overlay;teaser_toolbar,,
https://www.skoda-storyboard.com/en/press-releases/milestone-reached-earlier-ever-one-million-skoda-vehicles-already-produced-2017/,MR,press_release,press_release,200,card_teaser;cover_box;downloads;gallery_lightbox;promo_banner;tags;two_column,cover_box_dark;teaser_media;teaser_overlay;teaser_toolbar,,
https://www.skoda-storyboard.com/en/press-releases/skoda-autos-deliveries-sales-revenue-operating-profit-increase-significantly-first-three-quarters-2017/,MR,press_release,press_release,200,card_teaser;carousel_rails;cover_box;downloads;promo_banner;tags;two_column,cover_box_dark;teaser_media;teaser_overlay;teaser_toolbar,,
https://www.skoda-storyboard.com/en/press-releases/wales-rally-gb-skodas-pontus-tidemand-wins-wrc-2-category-victory-number-ten-skoda/,MR,press_release,press_release,200,card_teaser;cover_box;downloads;gallery_lightbox;promo_banner;tags;two_column,cover_box_dark;teaser_media;teaser_overlay;teaser_toolbar,,
https://www.skoda-storyboard.com/en/press-releases/skodas-wrc-2-champion-pontus-tidemand-leading-wales-juuso-nordgren-seventh/,MR,press_release,press_release,200,card_teaser;carousel_rails;cover_box;downloads;gallery_lightbox;promo_banner;tags;two_column,cover_box_dark;teaser_media;teaser_overlay;teaser_toolbar,,
https://www.skoda-storyboard.com/en/press-releases/three-skoda-crews-wrc-2-wales-rally-gb-veiby-nordgren-alongside-champion-tidemand/,MR,press_release,press_release,200,card_teaser;cover_box;downloads;promo_banner;tags;two_column,cover_box_dark;teaser_media;teaser_overlay;teaser_toolbar,,
https://www.skoda-storyboard.com/en/press-releases/skoda-auto-produces-10-millionth-gearbox/,MR,press_release,press_release,200,card_teaser;carousel_rails;cover_box;downloads;gallery_lightbox;promo_banner;tags;two_column,cover_box_dark;teaser_media;teaser_overlay;teaser_toolbar,,
https://www.skoda-storyboard.com/en/press-releases/70-years-skoda-car-production-kvasiny/,MR,press_release,press_release,200,card_teaser;carousel_rails;cover_box;downloads;promo_banner;tags;two_column,cover_box_dark;teaser_media;teaser_overlay;teaser_toolbar,,
https://www.skoda-storyboard.com/en/press-releases/skoda-auto-welcomes-future-agreement-action-plan-czech-automotive-industry/,MR,press_release,press_release,200,card_teaser;carousel_rails;cover_box;downloads;gallery_lightbox;promo_banner;tags;two_column,cover_box_dark;teaser_media;teaser_overlay;teaser_toolbar,,
https://www.skoda-storyboard.com/en/press-releases/skoda-autos-global-growth-continues/,MR,press_release,press_release,200,card_teaser;carousel_rails;cover_box;downloads;promo_banner;tags;two_column,cover_box_dark;teaser_media;teaser_overlay;teaser_toolbar,,
https://www.skoda-storyboard.com/en/press-releases/wrc-spain-kopecky-fastest-tarmac-storms-second-wrc-2-youngster-nordgren-fourth/,MR,press_release,press_release,200,card_teaser;carousel_rails;cover_box;downloads;gallery_lightbox;promo_banner;tags;two_column,cover_box_dark;teaser_media;teaser_overlay;teaser_toolbar,,
https://www.skoda-storyboard.com/en/press-releases/wrc-spain-skoda-teams-trouble-free-run-kopecky-second-nordgren-fourth-wrc-2/,MR,press_release,press_release,200,card_teaser;cover_box;downloads;gallery_lightbox;promo_banner;tags;two_column,cover_box_dark;teaser_media;teaser_overlay;teaser_toolbar,,
https://www.skoda-storyboard.com/en/press-releases/wrc-spain-challenging-first-day-skoda-jan-kopecky-third-juuso-nordgren-fifth/,MR,press_release,press_release,200,card_teaser;carousel_rails;cover_box;downloads;gallery_lightbox;promo_banner;tags;two_column,cover_box_dark;teaser_media;teaser_overlay;teaser_toolbar,,
https://www.skoda-storyboard.com/en/press-releases/skoda-karoq-awarded-best-new-design-among-compact-suvs/,MR,press_release,press_release,200,card_teaser;carousel_rails;cover_box;downloads;promo_banner;tags;two_column,cover_box_dark;teaser_media;teaser_overlay;teaser_toolbar,,
https://www.skoda-storyboard.com/en/press-releases/skoda-czech-champion-kopecky-finnish-junior-nordgren-rallyracc-catalunya/,MR,press_release,press_release,200,card_teaser;carousel_rails;cover_box;downloads;gallery_lightbox;promo_banner;tags;two_column,cover_box_dark;teaser_media;teaser_overlay;teaser_toolbar,,
https://www.skoda-storyboard.com/en/press-releases/skoda-auto-reaches-milestone-20-million-cars-produced/,MR,press_release,press_release,200,card_teaser;carousel_rails;cover_box;downloads;gallery_lightbox;promo_banner;tags;two_column,cover_box_dark;teaser_media;teaser_overlay;teaser_toolbar,,
https://www.skoda-storyboard.com/en/press-releases/anniversary-skoda-450-predecessor-felicia-cabriolet-celebrates-60th-birthday/,MR,press_release,press_release,200,card_teaser;carousel_rails;cover_box;downloads;gallery_lightbox;promo_banner;tags;two_column,cover_box_dark;teaser_media;teaser_overlay;teaser_toolbar,,
https://www.skoda-storyboard.com/en/press-releases/chinese-government-delegation-visited-skoda-auto-plant-museum-mlada-boleslav/,MR,press_release,press_release,200,card_teaser;cover_box;downloads;gallery_lightbox;promo_banner;tags;two_column,cover_box_dark;teaser_media;teaser_overlay;teaser_toolbar,,
https://www.skoda-storyboard.com/en/press-releases/aprc-japan-skoda-driver-gaurav-gill-wins-skoda-takes-fia-aprc-cup-manufacturers/,MR,press_release,press_release,200,card_teaser;carousel_rails;cover_box;downloads;gallery_lightbox;promo_banner;tags;two_column,cover_box_dark;teaser_media;teaser_overlay;teaser_toolbar,,
https://www.skoda-storyboard.com/en/press-releases/skoda-favorit-entering-era-success-30-years-ago/,MR,press_release,press_release,200,card_teaser;carousel_rails;cover_box;downloads;gallery_lightbox;promo_banner;tags;two_column,cover_box_dark;teaser_media;teaser_overlay;teaser_toolbar,,
https://www.skoda-storyboard.com/en/press-releases/skoda-increases-global-deliveries-august/,MR,press_release,press_release,200,card_teaser;carousel_rails;cover_box;downloads;promo_banner;tags;two_column,cover_box_dark;teaser_media;teaser_overlay;teaser_toolbar,,
https://www.skoda-storyboard.com/en/press-releases/skoda-wins-five-family-car-year-awards-voted-readers/,MR,press_release,press_release,200,card_teaser;carousel_rails;cover_box;downloads;promo_banner;tags;two_column,cover_box_dark;teaser_media;teaser_overlay;teaser_toolbar,,
https://www.skoda-storyboard.com/en/press-releases/skoda-auto-ceo-bernhard-maier-voted-brand-manager-year-2017/,MR,press_release,press_release,200,card_teaser;carousel_rails;cover_box;downloads;gallery_lightbox;promo_banner;tags;two_column,cover_box_dark;teaser_media;teaser_overlay;teaser_toolbar,,
https://www.skoda-storyboard.com/en/press-releases/skoda-three-attractive-suvs-vision-e-study-iaa-frankfurt/,MR,press_release,press_release,200,card_teaser;cover_box;downloads;gallery_lightbox;promo_banner;tags;two_column,cover_box_dark;teaser_media;teaser_overlay;teaser_toolbar,,
https://www.skoda-storyboard.com/en/press-releases/iaa-2017-skoda-karoq-motor-show-premiere-live-online/,MR,press_release,press_release,200,card_teaser;carousel_rails;cover_box;downloads;promo_banner;tags;two_column,cover_box_dark;teaser_media;teaser_overlay;teaser_toolbar,,
https://www.skoda-storyboard.com/en/press-releases/skoda-kodiaq-sportline-skoda-kodiaq-scout-iaa-2017/,MR,press_release,press_release,200,card_teaser;carousel_rails;cover_box;downloads;gallery_lightbox;promo_banner;tags;two_column,cover_box_dark;teaser_media;teaser_overlay;teaser_toolbar,,
https://www.skoda-storyboard.com/en/press-releases/new-skoda-karoq-accompanies-alberto-contador-todays-vuelta-time-trial/,MR,press_release,press_release,200,card_teaser;carousel_rails;cover_box;downloads;gallery_lightbox;promo_banner;tags;two_column,cover_box_dark;teaser_media;teaser_overlay;teaser_toolbar,,
https://www.skoda-storyboard.com/en/press-releases/skoda-starts-young-drivers-program-juuso-nordgren-competing-rallyracc-catalunya/,MR,press_release,press_release,200,card_teaser;carousel_rails;cover_box;downloads;gallery_lightbox;promo_banner;tags;two_column,cover_box_dark;teaser_media;teaser_overlay;teaser_toolbar,,
https://www.skoda-storyboard.com/en/press-releases/new-skoda-karoq-celebrates-motor-show-premiere-iaa-2017-frankfurt/,MR,press_release,press_release,200,card_teaser;cover_box;downloads;gallery_lightbox;promo_banner;tags;two_column,cover_box_dark;teaser_media;teaser_overlay;teaser_toolbar,,
https://www.skoda-storyboard.com/en/press-releases/new-head-skoda-auto-corporate-communications/,MR,press_release,press_release,200,card_teaser;carousel_rails;cover_box;promo_banner;tags;two_column,cover_box_dark;teaser_media;teaser_overlay;teaser_toolbar,,
https://www.skoda-storyboard.com/en/press-releases/barum-czech-rally-zlin-reigning-champions-kopeckydresler-score-sixth-win-row-skoda/,MR,press_release,press_release,200,card_teaser;carousel_rails;cover_box;downloads;gallery_lightbox;promo_banner;tags;two_column,cover_box_dark;teaser_media;teaser_overlay;teaser_toolbar,,
https://www.skoda-storyboard.com/en/press-releases/skoda-auto-digilab-enters-innovation-partnership-israel/,MR,press_release,press_release,200,card_teaser;cover_box;downloads;promo_banner;tags;two_column,cover_box_dark;teaser_media;teaser_overlay;teaser_toolbar,,
https://www.skoda-storyboard.com/en/press-releases/european-premiere-skoda-vision-e-concept-car-iaa/,MR,press_release,press_release,200,card_teaser;carousel_rails;cover_box;downloads;gallery_lightbox;promo_banner;tags;two_column,cover_box_dark;teaser_media;teaser_overlay;teaser_toolbar,,
https://www.skoda-storyboard.com/en/press-releases/skoda-auto-digilab-develops-technologies-solutions-mobility-future/,MR,press_release,press_release,200,card_teaser;cover_box;downloads;gallery_lightbox;promo_banner;tags;two_column,cover_box_dark;teaser_media;teaser_overlay;teaser_toolbar,,
https://www.skoda-storyboard.com/en/press-releases/barum-czech-rally-zlin-reigning-champions-kopeckydresler-aiming-home-win-skoda/,MR,press_release,press_release,200,card_teaser;carousel_rails;cover_box;downloads;gallery_lightbox;promo_banner;tags;two_column,cover_box_dark;teaser_media;teaser_overlay;teaser_toolbar,,
https://www.skoda-storyboard.com/en/press-releases/adac-rallye-deutschland-tidemandandersson-skoda-secure-wrc-2-titles/,MR,press_release,press_release,200,card_teaser;cover_box;downloads;gallery_lightbox;promo_banner;tags;two_column,cover_box_dark;teaser_media;teaser_overlay;teaser_toolbar,,
https://www.skoda-storyboard.com/en/press-releases/adac-rallye-deutschland-pontus-tidemand-skoda-track-winning-wrc-2-titles/,MR,press_release,press_release,200,card_teaser;carousel_rails;cover_box;downloads;gallery_lightbox;promo_banner;tags;two_column,cover_box_dark;teaser_media;teaser_overlay;teaser_toolbar,,
https://www.skoda-storyboard.com/en/press-releases/adac-rallye-deutschland-jan-kopecky-pontus-tidemand-double-lead-skoda/,MR,press_release,press_release,200,card_teaser;carousel_rails;cover_box;downloads;gallery_lightbox;promo_banner;tags;two_column,cover_box_dark;teaser_media;teaser_overlay;teaser_toolbar,,
https://www.skoda-storyboard.com/en/press-releases/iaa-premiere-skoda-karoqs-fully-customizable-digital-instrument-panel/,MR,press_release,press_release,200,card_teaser;carousel_rails;cover_box;downloads;gallery_lightbox;promo_banner;tags;two_column,cover_box_dark;teaser_media;teaser_overlay;teaser_toolbar,vimeo,
https://www.skoda-storyboard.com/en/press-releases/adac-rallye-deutschland-skoda-motorsport-pontus-tidemand-match-point-title-win/,MR,press_release,press_release,200,card_teaser;carousel_rails;cover_box;downloads;gallery_lightbox;promo_banner;tags;two_column,cover_box_dark;teaser_media;teaser_overlay;teaser_toolbar,,
https://www.skoda-storyboard.com/en/press-releases/aprc-malaysia-second-win-ole-christian-veiby-ahead-mrf-skoda-teammate-gaurav-gill/,MR,press_release,press_release,200,card_teaser;cover_box;downloads;gallery_lightbox;promo_banner;tags;two_column,cover_box_dark;teaser_media;teaser_overlay;teaser_toolbar,,
https://www.skoda-storyboard.com/en/press-releases/skoda-global-deliveries-increase-july/,MR,press_release,press_release,200,card_teaser;carousel_rails;cover_box;downloads;promo_banner;tags;two_column,cover_box_dark;teaser_media;teaser_overlay;teaser_toolbar,,
https://www.skoda-storyboard.com/en/press-releases/skoda-auto-tata-motors-ltd-end-detailed-negotiations-strategic-partnership/,MR,press_release,press_release,200,card_teaser;carousel_rails;cover_box;downloads;promo_banner;tags;two_column,cover_box_dark;teaser_media;teaser_overlay;teaser_toolbar,,
https://www.skoda-storyboard.com/en/press-releases/gill-veiby-two-skoda-drivers-fighting-aprc-lead-malaysian-rally/,MR,press_release,press_release,200,card_teaser;cover_box;downloads;promo_banner;tags;two_column,cover_box_dark;teaser_media;teaser_overlay;teaser_toolbar,,
https://www.skoda-storyboard.com/en/press-releases/skoda-auto-takes-pride-new-dominant-feature-chimney-falcons-nest/,MR,press_release,press_release,200,card_teaser;carousel_rails;cover_box;downloads;gallery_lightbox;promo_banner;tags;two_column,cover_box_dark;teaser_media;teaser_overlay;teaser_toolbar,,
https://www.skoda-storyboard.com/en/press-releases/oliver-stefani-becomes-skodas-new-head-design/,MR,press_release,press_release,200,card_teaser;cover_box;downloads;gallery_lightbox;promo_banner;tags;two_column,cover_box_dark;teaser_media;teaser_overlay;teaser_toolbar,,
https://www.skoda-storyboard.com/en/press-releases/sustainability-report-201516-skoda-auto-impresses-exemplary-environmental-protection-strong-social-engagement/,MR,press_release,press_release,200,card_teaser;carousel_rails;cover_box;downloads;gallery_lightbox;promo_banner;tags;two_column,cover_box_dark;teaser_media;teaser_overlay;teaser_toolbar,,
https://www.skoda-storyboard.com/en/press-releases/first-half-2017-skoda-auto-increases-deliveries-sales-revenue-operating-profit/,MR,press_release,press_release,200,card_teaser;carousel_rails;cover_box;downloads;promo_banner;tags;two_column,cover_box_dark;teaser_media;teaser_overlay;teaser_toolbar,,
https://www.skoda-storyboard.com/en/press-releases/rally-finland-14-skoda-fabia-r5s-entered-ninth-round-2017-fia-world-rally-championship/,MR,press_release,press_release,200,card_teaser;carousel_rails;cover_box;downloads;gallery_lightbox;promo_banner;tags;two_column,cover_box_dark;teaser_media;teaser_overlay;teaser_toolbar,,
https://www.skoda-storyboard.com/en/press-releases/skoda-supports-spanish-mecca-western-films-new-mobility-project-desert-cowboys/,MR,press_release,press_release,200,card_teaser;carousel_rails;cover_box;downloads;gallery_lightbox;promo_banner;tags;two_column,cover_box_dark;teaser_media;teaser_overlay;teaser_toolbar,,
https://www.skoda-storyboard.com/en/press-releases/skoda-auto-begins-series-production-new-compact-suv-karoq-kvasiny-plant/,MR,press_release,press_release,200,card_teaser;carousel_rails;cover_box;downloads;gallery_lightbox;promo_banner;tags;two_column,cover_box_dark;teaser_media;teaser_overlay;teaser_toolbar,,
https://www.skoda-storyboard.com/en/press-releases/skoda-auto-opens-automatic-warehouse-small-size-parts-kvasiny-plant/,MR,press_release,press_release,200,card_teaser;cover_box;downloads;gallery_lightbox;promo_banner;tags;two_column,cover_box_dark;teaser_media;teaser_overlay;teaser_toolbar,,
https://www.skoda-storyboard.com/en/press-releases/tour-de-france-winner-christopher-froome-raises-skoda-crystal-trophy-parisian-sky/,MR,press_release,press_release,200,card_teaser;carousel_rails;cover_box;downloads;gallery_lightbox;promo_banner;tags;two_column,cover_box_dark;teaser_media;teaser_overlay;teaser_toolbar,,
https://www.skoda-storyboard.com/en/press-releases/skoda-cirque-du-soleil-enter-long-term-partnership/,MR,press_release,press_release,200,card_teaser;carousel_rails;cover_box;downloads;gallery_lightbox;promo_banner;tags;two_column,cover_box_dark;teaser_media;teaser_overlay;teaser_toolbar,,
https://www.skoda-storyboard.com/en/press-releases/skoda-kodiaq-auto-test-winner-2017/,MR,press_release,press_release,200,card_teaser;cover_box;downloads;gallery_lightbox;promo_banner;tags;two_column,cover_box_dark;teaser_media;teaser_overlay;teaser_toolbar,,
https://www.skoda-storyboard.com/en/press-releases/skoda-achieves-best-first-half-year-companys-history/,MR,press_release,press_release,200,card_teaser;carousel_rails;cover_box;downloads;gallery_lightbox;promo_banner;tags;two_column,cover_box_dark;teaser_media;teaser_overlay;teaser_toolbar,,
https://www.skoda-storyboard.com/en/press-releases/tour-de-france-endurance-test-skoda-karoq-varioflex-rear-seats-space-1000-bottles/,MR,press_release,press_release,200,card_teaser;carousel_rails;cover_box;downloads;gallery_lightbox;promo_banner;tags;two_column,cover_box_dark;teaser_media;teaser_overlay;teaser_toolbar,,
https://www.skoda-storyboard.com/en/press-releases/tradition-meets-emotion-skoda-design-creates-tour-de-france-winner-trophies/,MR,press_release,press_release,200,card_teaser;cover_box;downloads;gallery_lightbox;promo_banner;tags;two_column,cover_box_dark;teaser_media;teaser_overlay;teaser_toolbar,,
https://www.skoda-storyboard.com/en/press-releases/rally-poland-skoda-motorsports-tidemand-increases-wrc-2-lead-debut-win-youngster-ole-christian-veiby/,MR,press_release,press_release,200,card_teaser;cover_box;downloads;gallery_lightbox;promo_banner;tags;two_column,cover_box_dark;teaser_media;teaser_overlay;teaser_toolbar,,
https://www.skoda-storyboard.com/en/press-releases/change-skoda-auto-board-management/,MR,press_release,press_release,200,card_teaser;cover_box;downloads;gallery_lightbox;promo_banner;tags;two_column,cover_box_dark;teaser_media;teaser_overlay;teaser_toolbar,,
https://www.skoda-storyboard.com/en/press-releases/tour-de-france-skoda-karoq-inspires-masses/,MR,press_release,press_release,200,card_teaser;carousel_rails;cover_box;downloads;gallery_lightbox;promo_banner;tags;two_column,cover_box_dark;teaser_media;teaser_overlay;teaser_toolbar,,
https://www.skoda-storyboard.com/en/press-releases/rally-bohemia-kopeckydresler-secured-third-title-row-win-home-event-skoda/,MR,press_release,press_release,200,card_teaser;carousel_rails;cover_box;downloads;gallery_lightbox;promo_banner;tags;two_column,cover_box_dark;teaser_media;teaser_overlay;teaser_toolbar,,
https://www.skoda-storyboard.com/en/press-releases/rally-poland-skoda-dominating-wrc-2-ole-christian-veiby-leading-pontus-tidemand/,MR,press_release,press_release,200,card_teaser;carousel_rails;cover_box;downloads;gallery_lightbox;promo_banner;tags;two_column,cover_box_dark;teaser_media;teaser_overlay;teaser_toolbar,,
https://www.skoda-storyboard.com/en/press-releases/rally-poland-double-lead-skoda-wrc-2-o-c-veiby-ahead-pontus-tidemand/,MR,press_release,press_release,200,card_teaser;cover_box;downloads;gallery_lightbox;promo_banner;tags;two_column,cover_box_dark;teaser_media;teaser_overlay;teaser_toolbar,,
https://www.skoda-storyboard.com/en/press-releases/skoda-karoq-ready-first-stage-tour-de-france/,MR,press_release,press_release,200,card_teaser;carousel_rails;cover_box;downloads;gallery_lightbox;promo_banner;tags;two_column,cover_box_dark;teaser_media;teaser_overlay;teaser_toolbar,,
https://www.skoda-storyboard.com/en/press-releases/skoda-oneapp-unique-connectivity-broad-range-functions/,MR,press_release,press_release,200,card_teaser;carousel_rails;cover_box;downloads;gallery_lightbox;promo_banner;tags;two_column,cover_box_dark;teaser_media;teaser_overlay;teaser_toolbar,,
https://www.skoda-storyboard.com/en/press-releases/rally-bohemia-kopeckydresler-chase-third-win-row-home-event-skoda/,MR,press_release,press_release,200,card_teaser;carousel_rails;cover_box;downloads;promo_banner;tags;two_column,cover_box_dark;teaser_media;teaser_overlay;teaser_toolbar,,
https://www.skoda-storyboard.com/en/press-releases/rally-poland-pontus-tidemand-jonas-andersson-want-continue-wrc-2-winning-streak-skoda/,MR,press_release,press_release,200,card_teaser;carousel_rails;cover_box;downloads;promo_banner;tags;two_column,cover_box_dark;teaser_media;teaser_overlay;teaser_toolbar,,
https://www.skoda-storyboard.com/en/press-releases/milestone-heart-brand-six-millionth-skoda-octavia-produced/,MR,press_release,press_release,200,card_teaser;carousel_rails;cover_box;downloads;gallery_lightbox;promo_banner;tags;two_column,cover_box_dark;teaser_media;teaser_overlay;teaser_toolbar,,
https://www.skoda-storyboard.com/en/press-releases/skoda-supports-tour-de-france-14th-time/,MR,press_release,press_release,200,card_teaser;carousel_rails;cover_box;downloads;promo_banner;tags;two_column,cover_box_dark;teaser_media;teaser_overlay;teaser_toolbar,,
https://www.skoda-storyboard.com/en/press-releases/childishly-simple-part-2-skoda-driver-assistance-systems/,MR,press_release,press_release,200,card_teaser;carousel_rails;cover_box;downloads;gallery_lightbox;promo_banner;tags;two_column,cover_box_dark;teaser_media;teaser_overlay;teaser_toolbar,,
https://www.skoda-storyboard.com/en/press-releases/new-bicycles-skoda-model-range-retro-bikes-e-bikes-practical-folding-bike/,MR,press_release,press_release,200,card_teaser;carousel_rails;cover_box;downloads;gallery_lightbox;promo_banner;tags;two_column,cover_box_dark;teaser_media;teaser_overlay;teaser_toolbar,,
https://www.skoda-storyboard.com/en/press-releases/skoda-produces-15-millionth-vehicle-since-joining-volkswagen-group/,MR,press_release,press_release,200,card_teaser;cover_box;downloads;gallery_lightbox;promo_banner;tags;two_column,cover_box_dark;teaser_media;teaser_overlay;teaser_toolbar,,
https://www.skoda-storyboard.com/en/press-releases/tour-de-france-skoda-karoq-starts-grand-depart-dusseldorf/,MR,press_release,press_release,200,card_teaser;carousel_rails;cover_box;downloads;gallery_lightbox;promo_banner;tags;two_column,cover_box_dark;teaser_media;teaser_overlay;teaser_toolbar,,
https://www.skoda-storyboard.com/en/press-releases/skoda-element-fourth-student-car-mlada-boleslav/,MR,press_release,press_release,200,card_teaser;carousel_rails;cover_box;downloads;gallery_lightbox;promo_banner;tags;two_column,cover_box_dark;teaser_media;teaser_overlay;teaser_toolbar,,
https://www.skoda-storyboard.com/en/press-releases/skoda-element-skoda-students-build-electric-buggy/,MR,press_release,press_release,200,card_teaser;carousel_rails;cover_box;downloads;gallery_lightbox;promo_banner;tags;two_column,cover_box_dark;teaser_media;teaser_overlay;teaser_toolbar,,
https://www.skoda-storyboard.com/en/press-releases/rally-hustopece-jan-kopeckypavel-dresler-scored-fourth-win-row-czech-rally-championship/,MR,press_release,press_release,200,card_teaser;carousel_rails;cover_box;downloads;gallery_lightbox;promo_banner;tags;two_column,cover_box_dark;teaser_media;teaser_overlay;teaser_toolbar,,
https://www.skoda-storyboard.com/en/press-releases/rally-italia-sardegna-kopeckydresler-increased-wrc-2-lead-moving-ninth-overall-skoda-fabia-r5/,MR,press_release,press_release,200,card_teaser;carousel_rails;cover_box;downloads;gallery_lightbox;promo_banner;tags;two_column,cover_box_dark;teaser_media;teaser_overlay;teaser_toolbar,,
https://www.skoda-storyboard.com/en/press-releases/rally-hustopece-kopeckydresler-face-wrc-2-leaders-tidemandandersson/,MR,press_release,press_release,200,card_teaser;carousel_rails;cover_box;downloads;promo_banner;tags;two_column,cover_box_dark;teaser_media;teaser_overlay;teaser_toolbar,,
https://www.skoda-storyboard.com/en/press-releases/double-jubilee-skoda-celebrates-four-million-fabias-500000-third-generation/,MR,press_release,press_release,200,card_teaser;cover_box;downloads;gallery_lightbox;promo_banner;tags;two_column,cover_box_dark;teaser_media;teaser_overlay;teaser_toolbar,,
https://www.skoda-storyboard.com/en/press-releases/skoda-achieves-record-results-may/,MR,press_release,press_release,200,card_teaser;carousel_rails;cover_box;downloads;promo_banner;tags;two_column,cover_box_dark;teaser_media;teaser_overlay;teaser_toolbar,,
https://www.skoda-storyboard.com/en/press-releases/rally-italia-sardegna-kopeckydresler-secured-first-wrc-2-win-season-skoda/,MR,press_release,press_release,200,card_teaser;cover_box;downloads;gallery_lightbox;promo_banner;tags;two_column,cover_box_dark;teaser_media;teaser_overlay;teaser_toolbar,,
https://www.skoda-storyboard.com/en/press-releases/rally-italia-sardegna-jan-kopeckypavel-dresler-dominating-wrc-2-skoda-fabia-r5/,MR,press_release,press_release,200,card_teaser;carousel_rails;cover_box;downloads;gallery_lightbox;promo_banner;tags;two_column,cover_box_dark;teaser_media;teaser_overlay;teaser_toolbar,,
https://www.skoda-storyboard.com/en/press-releases/rally-italia-sardegna-jan-kopecky-pavel-dresler-return-world-rally-championship/,MR,press_release,press_release,200,card_teaser;carousel_rails;cover_box;downloads;promo_banner;tags;two_column,cover_box_dark;teaser_media;teaser_overlay;teaser_toolbar,,
https://www.skoda-storyboard.com/en/press-releases/skoda-kodiaq-receives-5-star-euro-ncap-overall-safety-rating/,MR,press_release,press_release,200,card_teaser;carousel_rails;cover_box;downloads;gallery_lightbox;promo_banner;tags;two_column,cover_box_dark;teaser_media;teaser_overlay;teaser_toolbar,,
https://www.skoda-storyboard.com/en/press-releases/aprc-national-capital-rally-canberra-ole-christian-veiby-wins-skoda-mrf-ahead-teammate-gaurav-gill/,MR,press_release,press_release,200,card_teaser;carousel_rails;cover_box;downloads;gallery_lightbox;promo_banner;tags;two_column,cover_box_dark;teaser_media;teaser_overlay;teaser_toolbar,,
https://www.skoda-storyboard.com/en/press-releases/skoda-superb-new-equipment-even-better-comfort-safety/,MR,press_release,press_release,200,card_teaser;cover_box;downloads;gallery_lightbox;promo_banner;tags;two_column,cover_box_dark;teaser_media;teaser_overlay;teaser_toolbar,,
https://www.skoda-storyboard.com/en/press-releases/video-reveals-new-skoda-karoq-got-name/,MR,press_release,press_release,200,card_teaser;carousel_rails;cover_box;downloads;promo_banner;tags;two_column,cover_box_dark;teaser_media;teaser_overlay;teaser_toolbar,,
https://www.skoda-storyboard.com/en/press-releases/skoda-ceo-bernhard-maier-honours-valuable-player-2017-iihf-ice-hockey-world-championship/,MR,press_release,press_release,200,card_teaser;carousel_rails;cover_box;downloads;gallery_lightbox;promo_banner;tags;two_column,cover_box_dark;teaser_media;teaser_overlay;teaser_toolbar,,
https://www.skoda-storyboard.com/en/press-releases/rally-portugal-victory-pontus-tidemand-skoda-last-minute-drama-andreas-mikkelsen/,MR,press_release,press_release,200,card_teaser;carousel_rails;cover_box;downloads;gallery_lightbox;promo_banner;tags;two_column,cover_box_dark;teaser_media;teaser_overlay;teaser_toolbar,,
https://www.skoda-storyboard.com/en/press-releases/rally-portugal-double-lead-skoda-fabia-r5-andreas-mikkelsen-pontus-tidemand/,MR,press_release,press_release,200,card_teaser;carousel_rails;cover_box;downloads;promo_banner;tags;two_column,cover_box_dark;teaser_media;teaser_overlay;teaser_toolbar,,
https://www.skoda-storyboard.com/en/press-releases/rally-cesky-krumlov-hattrick-win-jan-kopecky-skoda/,MR,press_release,press_release,200,card_teaser;carousel_rails;cover_box;downloads;gallery_lightbox;promo_banner;tags;two_column,cover_box_dark;teaser_media;teaser_overlay;teaser_toolbar,,
https://www.skoda-storyboard.com/en/press-releases/rally-portugal-andreas-mikkelsen-class-leading-wrc-2-skoda-fabia-r5/,MR,press_release,press_release,200,card_teaser;cover_box;downloads;promo_banner;tags;two_column,cover_box_dark;teaser_media;teaser_overlay;teaser_toolbar,,
https://www.skoda-storyboard.com/en/press-releases/skoda-official-main-sponsor-iihf-ice-hockey-world-championship-another-four-years/,MR,press_release,press_release,200,card_teaser;carousel_rails;cover_box;downloads;gallery_lightbox;promo_banner;tags;two_column,cover_box_dark;teaser_media;teaser_overlay;teaser_toolbar,,
https://www.skoda-storyboard.com/en/press-releases/one-million-users-follow-skoda-karoq-world-premiere/,MR,press_release,press_release,200,card_teaser;carousel_rails;cover_box;downloads;promo_banner;tags;two_column,cover_box_dark;teaser_media;teaser_overlay;teaser_toolbar,,
https://www.skoda-storyboard.com/en/press-releases/skoda-karoq-world-premiere-pictures/,MR,press_release,press_release,200,card_teaser;cover_box;downloads;gallery_lightbox;promo_banner;tags;two_column,cover_box_dark;teaser_media;teaser_overlay;teaser_toolbar,,
https://www.skoda-storyboard.com/en/press-releases/rally-cesky-krumlov-kopecky-dresler-aiming-hattrick/,MR,press_release,press_release,200,card_teaser;carousel_rails;cover_box;downloads;promo_banner;tags;two_column,cover_box_dark;teaser_media;teaser_overlay;teaser_toolbar,,
https://www.skoda-storyboard.com/en/press-releases/rally-portugal-tidemand-mikkelsen-want-strenghten-lead/,MR,press_release,press_release,200,card_teaser;carousel_rails;cover_box;downloads;promo_banner;tags;two_column,cover_box_dark;teaser_media;teaser_overlay;teaser_toolbar,,
https://www.skoda-storyboard.com/en/press-releases/watch-skoda-karoq-world-premiere-live/,MR,press_release,press_release,200,card_teaser;carousel_rails;cover_box;downloads;promo_banner;tags;two_column,cover_box_dark;teaser_media;teaser_overlay;teaser_toolbar,,
https://www.skoda-storyboard.com/en/press-releases/first-close-pictures-skoda-karoq-expressive-design-new-compact-suv/,MR,press_release,press_release,200,card_teaser;carousel_rails;cover_box;downloads;gallery_lightbox;promo_banner;tags;two_column,cover_box_dark;teaser_media;teaser_overlay;teaser_toolbar,,
https://www.skoda-storyboard.com/en/press-releases/april-skoda-matches-record-level-global-deliveries-last-year/,MR,press_release,press_release,200,card_teaser;carousel_rails;cover_box;downloads;promo_banner;tags;two_column,cover_box_dark;teaser_media;teaser_overlay;teaser_toolbar,,
https://www.skoda-storyboard.com/en/press-releases/skodas-sales-revenue-deliveries-operating-profit-increase/,MR,press_release,press_release,200,card_teaser;carousel_rails;cover_box;downloads;gallery_lightbox;promo_banner;tags;two_column,cover_box_dark;teaser_media;teaser_overlay;teaser_toolbar,,
https://www.skoda-storyboard.com/en/press-releases/skoda-official-main-sponsor-vehicle-partner-iihf-ice-hockey-world-championship-25th-time/,MR,press_release,press_release,200,card_teaser;carousel_rails;cover_box;downloads;gallery_lightbox;promo_banner;tags;two_column,cover_box_dark;teaser_media;teaser_overlay;teaser_toolbar,,
https://www.skoda-storyboard.com/en/press-releases/vintage-cars-alpine-scenes-skoda-sends-two-cult-cars-bodensee-klassik/,MR,press_release,press_release,200,card_teaser;carousel_rails;cover_box;downloads;gallery_lightbox;promo_banner;tags;two_column,cover_box_dark;teaser_media;teaser_overlay;teaser_toolbar,,
https://www.skoda-storyboard.com/en/press-releases/skoda-produces-1-5-millionth-third-generation-octavia/,MR,press_release,press_release,200,card_teaser;carousel_rails;cover_box;downloads;gallery_lightbox;promo_banner;tags;two_column,cover_box_dark;teaser_media;teaser_overlay;teaser_toolbar,,
https://www.skoda-storyboard.com/en/press-releases/winning-rally-argentina-pontus-tidemandjonas-andersson-take-outright-lead-wrc-2-skoda-fabia-r5/,MR,press_release,press_release,200,card_teaser;carousel_rails;cover_box;downloads;gallery_lightbox;promo_banner;tags;two_column,cover_box_dark;teaser_media;teaser_overlay;teaser_toolbar,,
https://www.skoda-storyboard.com/en/press-releases/double-victory-team-mrf-skoda-gaurav-gill-wins-aprc-rally-whangarei-ahead-ole-christian-veiby/,MR,press_release,press_release,200,card_teaser;carousel_rails;cover_box;downloads;gallery_lightbox;promo_banner;tags;two_column,cover_box_dark;teaser_media;teaser_overlay;teaser_toolbar,,
https://www.skoda-storyboard.com/en/press-releases/rally-argentina-pontus-tidemandjonas-andersson-controlling-lead-skoda-fabia-r5/,MR,press_release,press_release,200,card_teaser;carousel_rails;cover_box;downloads;gallery_lightbox;promo_banner;tags;two_column,cover_box_dark;teaser_media;teaser_overlay;teaser_toolbar,,
https://www.skoda-storyboard.com/en/press-releases/rally-argentina-pontus-tidemand-jonas-andersson-take-lead-day-one-skoda-fabia-r5/,MR,press_release,press_release,200,card_teaser;carousel_rails;cover_box;downloads;gallery_lightbox;promo_banner;tags;two_column,cover_box_dark;teaser_media;teaser_overlay;teaser_toolbar,,
https://www.skoda-storyboard.com/en/press-releases/new-offering-compact-suv-segment-skoda-karoq/,MR,press_release,press_release,200,card_teaser;carousel_rails;cover_box;downloads;gallery_lightbox;promo_banner;tags;two_column,cover_box_dark;teaser_media;teaser_overlay;teaser_toolbar,,
https://www.skoda-storyboard.com/en/press-releases/new-compact-suv-called-skoda-karoq/,MR,press_release,press_release,200,card_teaser;carousel_rails;cover_box;downloads;gallery_lightbox;promo_banner;tags;two_column,cover_box_dark;teaser_media;teaser_overlay;teaser_toolbar,youtube,
https://www.skoda-storyboard.com/en/press-releases/skoda-produces-one-million-superbs-250000-third-generation/,MR,press_release,press_release,200,card_teaser;cover_box;downloads;gallery_lightbox;promo_banner;tags;two_column,cover_box_dark;teaser_media;teaser_overlay;teaser_toolbar,,
https://www.skoda-storyboard.com/en/press-releases/rally-argentina-skoda-seeks-extend-championship-lead/,MR,press_release,press_release,200,card_teaser;carousel_rails;cover_box;downloads;promo_banner;tags;two_column,cover_box_dark;teaser_media;teaser_overlay;teaser_toolbar,,
https://www.skoda-storyboard.com/en/press-releases/rally-sumava-klatovy-jan-kopecky-skoda-continue-impressive-winning-streak/,MR,press_release,press_release,200,card_teaser;carousel_rails;cover_box;downloads;gallery_lightbox;promo_banner;tags;two_column,cover_box_dark;teaser_media;teaser_overlay;teaser_toolbar,,
https://www.skoda-storyboard.com/en/press-releases/skoda-museum-exclusive-clay-model-skoda-vision-e/,MR,press_release,press_release,200,card_teaser;cover_box;downloads;gallery_lightbox;promo_banner;tags;two_column,cover_box_dark;teaser_media;teaser_overlay;teaser_toolbar,,
https://www.skoda-storyboard.com/en/press-releases/rally-sumava-klatovy-skoda-aims-continue-winning-streak/,MR,press_release,press_release,200,card_teaser;carousel_rails;cover_box;downloads;gallery_lightbox;promo_banner;tags;two_column,cover_box_dark;teaser_media;teaser_overlay;teaser_toolbar,,
https://www.skoda-storyboard.com/en/press-releases/vision-e-celebrates-world-premiere-around-globe-thanks-virtual-reality-smartphone-app/,MR,press_release,press_release,200,card_teaser;carousel_rails;cover_box;downloads;gallery_lightbox;promo_banner;tags;two_column,cover_box_dark;teaser_media;teaser_overlay;teaser_toolbar,,
https://www.skoda-storyboard.com/en/press-releases/skoda-continues-market-campaign-china/,MR,press_release,press_release,200,card_teaser;cover_box;downloads;gallery_lightbox;promo_banner;tags;two_column,cover_box_dark;teaser_media;teaser_overlay;teaser_toolbar,,
https://www.skoda-storyboard.com/en/press-releases/skoda-looks-future-skoda-vision-e-study-celebrates-world-premiere-volkswagen-group-night-shanghai/,MR,press_release,press_release,200,card_teaser;cover_box;downloads;gallery_lightbox;promo_banner;tags;two_column,cover_box_dark;teaser_media;teaser_overlay;teaser_toolbar,,
https://www.skoda-storyboard.com/en/press-releases/skoda-enters-fia-asia-pacific-rally-championship-gill-youngster-veiby-compete-mrf-skoda-fabia-r5/,MR,press_release,press_release,200,card_teaser;carousel_rails;cover_box;downloads;promo_banner;tags;two_column,cover_box_dark;teaser_media;teaser_overlay;teaser_toolbar,,
https://www.skoda-storyboard.com/en/press-releases/record-growth-record-first-quarter-best-month-corporate-history/,MR,press_release,press_release,200,card_teaser;carousel_rails;cover_box;downloads;promo_banner;tags;two_column,cover_box_dark;teaser_media;teaser_overlay;teaser_toolbar,,
https://www.skoda-storyboard.com/en/press-releases/tour-de-corse-convincing-win-andreas-mikkelsen-skoda-claims-top-two-spots-wrc-2-table/,MR,press_release,press_release,200,card_teaser;carousel_rails;cover_box;downloads;gallery_lightbox;promo_banner;tags;two_column,cover_box_dark;teaser_media;teaser_overlay;teaser_toolbar,,
https://www.skoda-storyboard.com/en/press-releases/tour-de-corse-andreas-mikkelsen-remains-man-beat/,MR,press_release,press_release,200,card_teaser;carousel_rails;cover_box;downloads;gallery_lightbox;promo_banner;tags;two_column,cover_box_dark;teaser_media;teaser_overlay;teaser_toolbar,,
https://www.skoda-storyboard.com/en/press-releases/tour-de-corse-andreas-mikkelsen-convincing-lead/,MR,press_release,press_release,200,card_teaser;carousel_rails;cover_box;downloads;promo_banner;tags;two_column,cover_box_dark;teaser_media;teaser_overlay;teaser_toolbar,,
https://www.skoda-storyboard.com/en/press-releases/resource-saving-production-new-skoda-servo-press-line-pxl-ii-starts-full-operation/,MR,press_release,press_release,200,card_teaser;carousel_rails;cover_box;downloads;gallery_lightbox;promo_banner;tags;two_column,cover_box_dark;teaser_media;teaser_overlay;teaser_toolbar,youtube,
https://www.skoda-storyboard.com/en/press-releases/skoda-kodiaq-octavia-combi-win-red-dot-award-exceptional-product-design/,MR,press_release,press_release,200,card_teaser;cover_box;downloads;promo_banner;tags;two_column,cover_box_dark;teaser_media;teaser_overlay;teaser_toolbar,,
https://www.skoda-storyboard.com/en/press-releases/skoda-previews-interior-vision-e/,MR,press_release,press_release,200,card_teaser;carousel_rails;cover_box;downloads;gallery_lightbox;promo_banner;tags;two_column,cover_box_dark;teaser_media;teaser_overlay;teaser_toolbar,,
https://www.skoda-storyboard.com/en/press-releases/skoda-motorsport-faces-challenge-10-000-corners-tour-de-corse/,MR,press_release,press_release,200,card_teaser;carousel_rails;cover_box;downloads;promo_banner;tags;two_column,cover_box_dark;teaser_media;teaser_overlay;teaser_toolbar,,
https://www.skoda-storyboard.com/en/press-releases/techno-classica-2017-skoda-shows-rare-aerodynamic-studies-magnificent-jubilarians/,MR,press_release,press_release,200,card_teaser;carousel_rails;cover_box;downloads;gallery_lightbox;promo_banner;tags;two_column,cover_box_dark;teaser_media;teaser_overlay;teaser_toolbar,,
https://www.skoda-storyboard.com/en/press-releases/drives-exhibition-berlin-showcases-exciting-world-skoda-brand/,MR,press_release,press_release,200,card_teaser;carousel_rails;cover_box;downloads;gallery_lightbox;promo_banner;tags;two_column,cover_box_dark;teaser_media;teaser_overlay;teaser_toolbar,,
https://www.skoda-storyboard.com/en/press-releases/skoda-clarifies-skoda-kodiaqs-entry-rallying-april-fools-joke/,MR,press_release,press_release,200,card_teaser;carousel_rails;cover_box;promo_banner;tags;two_column,cover_box_dark;teaser_media;teaser_overlay;teaser_toolbar,,
https://www.skoda-storyboard.com/en/press-releases/2018-skoda-campaigns-kodiaq-suv-rally-championship/,MR,press_release,press_release,200,card_teaser;cover_box;downloads;gallery_lightbox;promo_banner;tags;two_column,cover_box_dark;teaser_media;teaser_overlay;teaser_toolbar,,
https://www.skoda-storyboard.com/en/press-releases/future-electric-skoda-vision-e/,MR,press_release,press_release,200,card_teaser;carousel_rails;cover_box;downloads;gallery_lightbox;promo_banner;tags;two_column,cover_box_dark;teaser_media;teaser_overlay;teaser_toolbar,,
https://www.skoda-storyboard.com/en/press-releases/jens-katemann-new-head-communications-skoda/,MR,press_release,press_release,200,card_teaser;cover_box;downloads;gallery_lightbox;promo_banner;two_column,cover_box_dark;teaser_media;teaser_overlay;teaser_toolbar,,
https://www.skoda-storyboard.com/en/press-releases/winning-streak-continues-skoda-jan-kopecky-triumphs-start-czech-rally-championship/,MR,press_release,press_release,200,card_teaser;carousel_rails;cover_box;downloads;gallery_lightbox;promo_banner;tags;two_column,cover_box_dark;teaser_media;teaser_overlay;teaser_toolbar,,
https://www.skoda-storyboard.com/en/press-releases/skoda-design-clear-emotive-design-language-inspired-czech-crystal-glass-art/,MR,press_release,press_release,200,card_teaser;carousel_rails;cover_box;downloads;gallery_lightbox;promo_banner;tags;two_column,cover_box_dark;teaser_media;teaser_overlay;teaser_toolbar,youtube,
https://www.skoda-storyboard.com/en/press-releases/world-water-day-skoda-campaigns-sustainable-water-management/,MR,press_release,press_release,200,card_teaser;carousel_rails;cover_box;downloads;gallery_lightbox;promo_banner;tags;two_column,cover_box_dark;teaser_media;teaser_overlay;teaser_toolbar,,
https://www.skoda-storyboard.com/en/press-releases/2016-skoda-achieves-new-records-vehicle-sales-financial-results/,MR,press_release,press_release,200,card_teaser;carousel_rails;cover_box;downloads;gallery_lightbox;promo_banner;tags;two_column,cover_box_dark;teaser_media;teaser_overlay;teaser_toolbar,,
https://www.skoda-storyboard.com/en/press-releases/skoda-offers-prospects-cooperation-international-smart-mobility-hackathon-winning-teams/,MR,press_release,press_release,200,card_teaser;carousel_rails;cover_box;downloads;gallery_lightbox;promo_banner;tags;two_column,cover_box_dark;teaser_media;teaser_overlay;teaser_toolbar,,
https://www.skoda-storyboard.com/en/press-releases/skoda-enjoys-continued-success-february/,MR,press_release,press_release,200,card_teaser;carousel_rails;cover_box;downloads;promo_banner;tags;two_column,cover_box_dark;teaser_media;teaser_overlay;teaser_toolbar,,
https://www.skoda-storyboard.com/en/press-releases/tidemand-wins-dramatic-duel-mexico-continue-skodas-winning-run/,MR,press_release,press_release,200,card_teaser;carousel_rails;cover_box;downloads;gallery_lightbox;promo_banner;tags;two_column,cover_box_dark;teaser_media;teaser_overlay;teaser_toolbar,,
https://www.skoda-storyboard.com/en/press-releases/rally-mexico-tidemand-extends-lead-skoda-fabia-r5/,MR,press_release,press_release,200,card_teaser;carousel_rails;cover_box;downloads;promo_banner;tags;two_column,cover_box_dark;teaser_media;teaser_overlay;teaser_toolbar,,
https://www.skoda-storyboard.com/en/press-releases/skoda-launches-lock-challenge-2017-campaign-funny-thieving-video/,MR,press_release,press_release,200,card_teaser;carousel_rails;cover_box;downloads;gallery_lightbox;promo_banner;tags;two_column,cover_box_dark;teaser_media;teaser_overlay;teaser_toolbar,,
https://www.skoda-storyboard.com/en/press-releases/skoda-driver-tidemand-leads-way-spectacular-start-rally-mexico/,MR,press_release,press_release,200,card_teaser;carousel_rails;cover_box;downloads;gallery_lightbox;promo_banner;tags;two_column,cover_box_dark;teaser_media;teaser_overlay;teaser_toolbar,,
https://www.skoda-storyboard.com/en/press-releases/geneva-motor-show-world-premiere-skoda-octavia-rs-245-skoda-octavia-scout-live-internet/,MR,press_release,press_release,200,card_teaser;carousel_rails;cover_box;downloads;promo_banner;tags;two_column,cover_box_dark;teaser_media;teaser_overlay;teaser_toolbar,,
https://www.skoda-storyboard.com/en/press-releases/skoda-motorsport-ready-tough-test-rally-mexico/,MR,press_release,press_release,200,card_teaser;carousel_rails;cover_box;downloads;promo_banner;tags;two_column,cover_box_dark;teaser_media;teaser_overlay;teaser_toolbar,,
https://www.skoda-storyboard.com/en/press-releases/childishly-simple-skoda-driver-assistance-systems/,MR,press_release,press_release,200,card_teaser;carousel_rails;cover_box;downloads;gallery_lightbox;promo_banner;tags;two_column,cover_box_dark;teaser_media;teaser_overlay;teaser_toolbar,,
https://www.skoda-storyboard.com/en/press-releases/skoda-geneva-motor-show-spotlight-skoda-octavia-numerous-premieres/,MR,press_release,press_release,200,card_teaser;carousel_rails;cover_box;downloads;gallery_lightbox;promo_banner;tags;two_column,cover_box_dark;teaser_media;teaser_overlay;teaser_toolbar,,
https://www.skoda-storyboard.com/en/press-releases/skoda-fabia-1-0-tsi-dynamic-three-cylinder-engine-low-fuel-consumption/,MR,press_release,press_release,200,card_teaser;carousel_rails;cover_box;downloads;gallery_lightbox;promo_banner;tags;two_column,cover_box_dark;teaser_media;teaser_overlay;teaser_toolbar,,
https://www.skoda-storyboard.com/en/press-releases/skoda-sells-two-millionth-vehicle-china/,MR,press_release,press_release,200,card_teaser;cover_box;downloads;gallery_lightbox;promo_banner;tags;two_column,cover_box_dark;teaser_media;teaser_overlay;teaser_toolbar,,
https://www.skoda-storyboard.com/en/press-releases/skoda-partner-digilab-also-host-international-smart-mobility-hackathon/,MR,press_release,press_release,200,card_teaser;carousel_rails;cover_box;downloads;gallery_lightbox;promo_banner;tags;two_column,cover_box_dark;teaser_media;teaser_overlay;teaser_toolbar,,
https://www.skoda-storyboard.com/en/press-releases/comprehensive-modernisation-skoda-vocational-school-mlada-boleslav/,MR,press_release,press_release,200,card_teaser;carousel_rails;cover_box;downloads;gallery_lightbox;promo_banner;tags;two_column,cover_box_dark;teaser_media;teaser_overlay;teaser_toolbar,,
https://www.skoda-storyboard.com/en/press-releases/skoda-rapid-skoda-rapid-spaceback-optimized-interior-exterior/,MR,press_release,press_release,200,card_teaser;carousel_rails;cover_box;downloads;gallery_lightbox;promo_banner;tags;two_column,cover_box_dark;teaser_media;teaser_overlay;teaser_toolbar,,
https://www.skoda-storyboard.com/en/press-releases/skoda-celebrates-13-millionth-engine-mlada-boleslav-launches-production-new-1-0-tsi/,MR,press_release,press_release,200,card_teaser;carousel_rails;cover_box;downloads;gallery_lightbox;promo_banner;tags;two_column,cover_box_dark;teaser_media;teaser_overlay;teaser_toolbar,,
https://www.skoda-storyboard.com/en/press-releases/colloquium-mlada-boleslav-paves-way-pact-future-czech-auto-industry/,MR,press_release,press_release,200,card_teaser;carousel_rails;cover_box;downloads;gallery_lightbox;promo_banner;tags;two_column,cover_box_dark;teaser_media;teaser_overlay;teaser_toolbar,,
https://www.skoda-storyboard.com/en/press-releases/perfect-start-year-skoda-sales-record-january/,MR,press_release,press_release,200,card_teaser;carousel_rails;cover_box;downloads;promo_banner;tags;two_column,cover_box_dark;teaser_media;teaser_overlay;teaser_toolbar,,
https://www.skoda-storyboard.com/en/press-releases/rally-sweden-tidemand-takes-acclaimed-home-win-skoda-fabia-r5/,MR,press_release,press_release,200,card_teaser;carousel_rails;cover_box;downloads;gallery_lightbox;promo_banner;tags;two_column,cover_box_dark;teaser_media;teaser_overlay;teaser_toolbar,,
https://www.skoda-storyboard.com/en/press-releases/speed-jumps-snow-tidemand-extends-lead-skoda-fabia-r5/,MR,press_release,press_release,200,card_teaser;carousel_rails;cover_box;downloads;gallery_lightbox;promo_banner;tags;two_column,cover_box_dark;teaser_media;teaser_overlay;teaser_toolbar,,
https://www.skoda-storyboard.com/en/press-releases/tidemand-leads-way-icy-home-world-championship-rally-sweden/,MR,press_release,press_release,200,card_teaser;carousel_rails;cover_box;downloads;gallery_lightbox;promo_banner;tags;two_column,cover_box_dark;teaser_media;teaser_overlay;teaser_toolbar,,
https://www.skoda-storyboard.com/en/press-releases/czech-car-summit-skoda-setting-course-czech-republic-hub-automotive-industry/,MR,press_release,press_release,200,card_teaser;carousel_rails;cover_box;downloads;promo_banner;tags;two_column,cover_box_dark;teaser_media;teaser_overlay;teaser_toolbar,,
https://www.skoda-storyboard.com/en/press-releases/skoda-focuses-environmentally-friendly-solutions-transport-logistics/,MR,press_release,press_release,200,card_teaser;carousel_rails;cover_box;downloads;gallery_lightbox;promo_banner;tags;two_column,cover_box_dark;teaser_media;teaser_overlay;teaser_toolbar,,
https://www.skoda-storyboard.com/en/press-releases/skoda-produces-1-5-millionth-dq-200-dual-clutch-transmission-vrchlabi-plant/,MR,press_release,press_release,200,card_teaser;cover_box;downloads;gallery_lightbox;promo_banner;two_column,cover_box_dark;teaser_media;teaser_overlay;teaser_toolbar,,
https://www.skoda-storyboard.com/en/press-releases/skoda-citigo-new-front-section-upgraded-interior/,MR,press_release,press_release,200,card_teaser;carousel_rails;cover_box;downloads;gallery_lightbox;promo_banner;tags;two_column,cover_box_dark;teaser_media;teaser_overlay;teaser_toolbar,,
https://www.skoda-storyboard.com/en/press-releases/production-start-comprehensively-upgraded-skoda-octavia/,MR,press_release,press_release,200,card_teaser;carousel_rails;cover_box;downloads;gallery_lightbox;promo_banner;tags;two_column,cover_box_dark;teaser_media;teaser_overlay;teaser_toolbar,,
https://www.skoda-storyboard.com/en/press-releases/home-race-tidemand-skoda-stay-road-success-sweden/,MR,press_release,press_release,200,card_teaser;cover_box;downloads;gallery_lightbox;promo_banner;tags;two_column,cover_box_dark;teaser_media;teaser_overlay;teaser_toolbar,,
https://www.skoda-storyboard.com/en/press-releases/skoda-octavia-rs-245-premiere-high-performance-sportster-new-model-range/,MR,press_release,press_release,200,card_teaser;carousel_rails;cover_box;downloads;gallery_lightbox;promo_banner;tags;two_column,cover_box_dark;teaser_media;teaser_overlay;teaser_toolbar,,
https://www.skoda-storyboard.com/en/press-releases/40-years-ago-double-victory-skoda-130-rs-rallye-monte-carlo/,MR,press_release,press_release,200,card_teaser;carousel_rails;cover_box;downloads;gallery_lightbox;promo_banner;tags;two_column,cover_box_dark;teaser_media;teaser_overlay;teaser_toolbar,,
https://www.skoda-storyboard.com/en/press-releases/skoda-kodiaq-sportline-sporty-dynamic-appearance-want-stand/,MR,press_release,press_release,200,card_teaser;carousel_rails;cover_box;downloads;gallery_lightbox;promo_banner;tags;two_column,cover_box_dark;teaser_media;teaser_overlay;teaser_toolbar,,
https://www.skoda-storyboard.com/en/press-releases/best-cars-2017-skoda-octavia-no-1-fourth-time/,MR,press_release,press_release,200,card_teaser;carousel_rails;cover_box;downloads;gallery_lightbox;promo_banner;tags;two_column,cover_box_dark;teaser_media;teaser_overlay;teaser_toolbar,,
https://www.skoda-storyboard.com/en/press-releases/skoda-kodiaq-scout-robust-appearance-emphasises-off-road-capabilities/,MR,press_release,press_release,200,card_teaser;carousel_rails;cover_box;downloads;gallery_lightbox;promo_banner;tags;two_column,cover_box_dark;teaser_media;teaser_overlay;teaser_toolbar,,
https://www.skoda-storyboard.com/en/press-releases/digital-showroom-enhances-skoda-brand-experience/,MR,press_release,press_release,200,card_teaser;cover_box;downloads;promo_banner;two_column,cover_box_dark;teaser_media;teaser_overlay;teaser_toolbar,,
https://www.skoda-storyboard.com/en/press-releases/czech-slovenian-heads-government-visit-skoda-digilab/,MR,press_release,press_release,200,card_teaser;cover_box;downloads;gallery_lightbox;promo_banner;two_column,cover_box_dark;teaser_media;teaser_overlay;teaser_toolbar,,
https://www.skoda-storyboard.com/en/press-releases/skoda-world-dealer-conference-entirely-dedicated-new-kodiaq/,MR,press_release,press_release,200,card_teaser;cover_box;downloads;promo_banner;two_column,cover_box_dark;teaser_media;teaser_overlay;teaser_toolbar,,
https://www.skoda-storyboard.com/en/press-releases/triumph-monte-mikkelsen-sets-milestone-skoda-success-story/,MR,press_release,press_release,200,card_teaser;carousel_rails;cover_box;downloads;gallery_lightbox;promo_banner;tags;two_column,cover_box_dark;teaser_media;teaser_overlay;teaser_toolbar,,
https://www.skoda-storyboard.com/en/press-releases/mikkelsen-ahead-kopecky-one-two-lead-skoda-ahead-rally-monte-carlo-finale/,MR,press_release,press_release,200,card_teaser;carousel_rails;cover_box;downloads;gallery_lightbox;promo_banner;tags;two_column,cover_box_dark;teaser_media;teaser_overlay;teaser_toolbar,,
https://www.skoda-storyboard.com/en/press-releases/mikkelsen-dominates-opening-day-icy-rally-monte-carlo-skoda-fabia-r5/,MR,press_release,press_release,200,card_teaser;carousel_rails;cover_box;downloads;gallery_lightbox;promo_banner;tags;two_column,cover_box_dark;teaser_media;teaser_overlay;teaser_toolbar,,
https://www.skoda-storyboard.com/en/press-releases/skoda-marks-40th-anniversary-legendary-win-rally-monte-carlo/,MR,press_release,press_release,200,card_teaser;carousel_rails;cover_box;downloads;gallery_lightbox;promo_banner;tags;two_column,cover_box_dark;teaser_media;teaser_overlay;teaser_toolbar,,
https://www.skoda-storyboard.com/en/press-releases/skoda-anniversaries-2017-glance/,MR,press_release,press_release,200,card_teaser;cover_box;downloads;gallery_lightbox;promo_banner;two_column,cover_box_dark;teaser_media;teaser_overlay;teaser_toolbar,,
https://www.skoda-storyboard.com/en/press-releases/six-wins-skoda-2017-best-cars-car/,MR,press_release,press_release,200,card_teaser;carousel_rails;cover_box;downloads;gallery_lightbox;promo_banner;tags;two_column,cover_box_dark;teaser_media;teaser_overlay;teaser_toolbar,,
https://www.skoda-storyboard.com/en/press-releases/world-premiere-upgraded-skoda-octavia-pictures/,MR,press_release,press_release,200,card_teaser;cover_box;downloads;gallery_lightbox;promo_banner;two_column,cover_box_dark;teaser_media;teaser_overlay;teaser_toolbar,,
https://www.skoda-storyboard.com/en/press-releases/extensively-upgraded-skoda-octavia-celebrates-world-premiere-vienna/,MR,press_release,press_release,200,card_teaser;carousel_rails;cover_box;downloads;gallery_lightbox;promo_banner;tags;two_column,cover_box_dark;teaser_media;teaser_overlay;teaser_toolbar,,
https://www.skoda-storyboard.com/en/press-releases/record-breaking-2016-skoda-delivers-1127700-vehicles-customers/,MR,press_release,press_release,200,card_teaser;cover_box;downloads;promo_banner;two_column,cover_box_dark;teaser_media;teaser_overlay;teaser_toolbar,,
https://www.skoda-storyboard.com/en/press-releases/world-premiere-skoda-octavia-skoda-octavia-rs-live-online/,MR,press_release,press_release,200,card_teaser;cover_box;downloads;promo_banner;tags;two_column,cover_box_dark;teaser_media;teaser_overlay;teaser_toolbar,,
https://www.skoda-storyboard.com/en/press-releases/new-skoda-press-line-inaugurated-mlada-boleslav/,MR,press_release,press_release,200,card_teaser;carousel_rails;cover_box;downloads;gallery_lightbox;promo_banner;two_column,cover_box_dark;teaser_media;teaser_overlay;teaser_toolbar,,
https://www.skoda-storyboard.com/en/press-releases/skoda-manufactures-two-million-cars-kvasiny/,MR,press_release,press_release,200,card_teaser;carousel_rails;cover_box;downloads;gallery_lightbox;promo_banner;tags;two_column,cover_box_dark;teaser_media;teaser_overlay;teaser_toolbar,,
https://www.skoda-storyboard.com/en/press-releases/high-tech-four-wheel-drive-powerhouse-great-demand-skoda-delivers-100th-fabia-r5/,MR,press_release,press_release,200,card_teaser;carousel_rails;cover_box;downloads;gallery_lightbox;promo_banner;tags;two_column,cover_box_dark;teaser_media;teaser_overlay;teaser_toolbar,,
https://www.skoda-storyboard.com/en/press-releases/skoda-vrchlabi-plant-high-tech-site-celebrates-70-years/,MR,press_release,press_release,200,card_teaser;carousel_rails;cover_box;downloads;gallery_lightbox;promo_banner;tags;two_column,cover_box_dark;teaser_media;teaser_overlay;teaser_toolbar,,
https://www.skoda-storyboard.com/en/press-releases/skoda-octavia-scout-robust-rounder-receives-new-technology-2/,MR,press_release,press_release,200,card_teaser;carousel_rails;cover_box;downloads;gallery_lightbox;promo_banner;tags;two_column,cover_box_dark;teaser_media;teaser_overlay;teaser_toolbar,,
https://www.skoda-storyboard.com/en/press-releases/skoda-well-prepared-2017-rally-year/,MR,press_release,press_release,200,card_teaser;carousel_rails;cover_box;downloads;gallery_lightbox;promo_banner;tags;two_column,cover_box_dark;teaser_media;teaser_overlay;teaser_toolbar,,
https://www.skoda-storyboard.com/en/press-releases/skoda-octavia-rs-powerful-octavia-time/,MR,press_release,press_release,200,card_teaser;carousel_rails;cover_box;downloads;gallery_lightbox;promo_banner;tags;two_column,cover_box_dark;teaser_media;teaser_overlay;teaser_toolbar,,
https://www.skoda-storyboard.com/en/press-releases/skoda-produces-19-millionth-vehicle/,MR,press_release,press_release,200,card_teaser;carousel_rails;cover_box;downloads;gallery_lightbox;promo_banner;tags;two_column,cover_box_dark;teaser_media;teaser_overlay;teaser_toolbar,,
https://www.skoda-storyboard.com/en/press-releases/skoda-octavia-new-assistance-systems-superior-connectivity-services/,MR,press_release,press_release,200,card_teaser;carousel_rails;cover_box;downloads;gallery_lightbox;promo_banner;tags;two_column,cover_box_dark;teaser_media;teaser_overlay;teaser_toolbar,,
https://www.skoda-storyboard.com/en/press-releases/construction-new-skoda-press-shop-mlada-boleslav-full-swing/,MR,press_release,press_release,200,card_teaser;cover_box;downloads;gallery_lightbox;promo_banner;two_column,cover_box_dark;teaser_media;teaser_overlay;teaser_toolbar,youtube,
https://www.skoda-storyboard.com/en/press-releases/skoda-sales-increase-9-6-november/,MR,press_release,press_release,200,card_teaser;carousel_rails;cover_box;promo_banner;tags;two_column,cover_box_dark;teaser_media;teaser_overlay;teaser_toolbar,,
https://www.skoda-storyboard.com/en/press-releases/win-number-six-aprc-season-champion-gill-skoda-triumph-india/,MR,press_release,press_release,200,card_teaser;carousel_rails;cover_box;downloads;gallery_lightbox;promo_banner;tags;two_column,cover_box_dark;teaser_media;teaser_overlay;teaser_toolbar,,
https://www.skoda-storyboard.com/en/press-releases/fia-gala-vienna-skoda-crew-lappiferm-receives-world-championship-trophies-hofburg/,MR,press_release,press_release,200,card_teaser;carousel_rails;cover_box;downloads;gallery_lightbox;promo_banner;tags;two_column,cover_box_dark;teaser_media;teaser_overlay;teaser_toolbar,,
https://www.skoda-storyboard.com/en/press-releases/predecessor-skoda-suv-models-trekka-launched-50-years-ago/,MR,press_release,press_release,200,card_teaser;carousel_rails;cover_box;downloads;gallery_lightbox;promo_banner;tags;two_column,cover_box_dark;teaser_media;teaser_overlay;teaser_toolbar,,
https://www.skoda-storyboard.com/en/press-releases/aprc-finale-india-local-hero-gill-skoda-welcomed-champions/,MR,press_release,press_release,200,card_teaser;carousel_rails;cover_box;downloads;promo_banner;tags;two_column,cover_box_dark;teaser_media;teaser_overlay;teaser_toolbar,,
https://www.skoda-storyboard.com/en/press-releases/skoda-kodiaq-wins-top-gear-award/,MR,press_release,press_release,200,card_teaser;carousel_rails;cover_box;gallery_lightbox;promo_banner;tags;two_column,cover_box_dark;teaser_media;teaser_overlay;teaser_toolbar,,
https://www.skoda-storyboard.com/en/press-releases/skoda-achieves-double-success-auto-trophy-2016/,MR,press_release,press_release,200,card_teaser;cover_box;downloads;promo_banner;two_column,cover_box_dark;teaser_media;teaser_overlay;teaser_toolbar,,
https://www.skoda-storyboard.com/en/press-releases/skoda-record-course-one-million-vehicles-already-delivered-2016/,MR,press_release,press_release,200,card_teaser;cover_box;downloads;gallery_lightbox;promo_banner;two_column,cover_box_dark;teaser_media;teaser_overlay;teaser_toolbar,,
https://www.skoda-storyboard.com/en/press-releases/historic-day-skoda-wrc-2-lappiferm-claim-world-champion-title/,MR,press_release,press_release,200,card_teaser;carousel_rails;cover_box;downloads;gallery_lightbox;promo_banner;tags;two_column,cover_box_dark;teaser_media;teaser_overlay;teaser_toolbar,,
https://www.skoda-storyboard.com/en/press-releases/cool-heat-lappi-extends-lead-rally-australia/,MR,press_release,press_release,200,card_teaser;carousel_rails;cover_box;downloads;gallery_lightbox;promo_banner;tags;two_column,cover_box_dark;teaser_media;teaser_overlay;teaser_toolbar,,
https://www.skoda-storyboard.com/en/press-releases/perfect-start-skoda-works-driver-lappi-commanding-lead-rally-australia/,MR,press_release,press_release,200,card_teaser;carousel_rails;cover_box;downloads;gallery_lightbox;promo_banner;tags;two_column,cover_box_dark;teaser_media;teaser_overlay;teaser_toolbar,,
https://www.skoda-storyboard.com/en/press-releases/skoda-works-driver-lappi-clinch-title-world-championship-reaches-climax-australia/,MR,press_release,press_release,200,card_teaser;carousel_rails;cover_box;gallery_lightbox;promo_banner;tags;two_column,cover_box_dark;teaser_media;teaser_overlay;teaser_toolbar,,
https://www.skoda-storyboard.com/en/press-releases/skoda-grew-10-6-october/,MR,press_release,press_release,200,card_teaser;carousel_rails;cover_box;downloads;gallery_lightbox;promo_banner;tags;two_column,cover_box_dark;teaser_media;teaser_overlay;teaser_toolbar,,
https://www.skoda-storyboard.com/en/press-releases/new-connectivity-offering-launched-skoda-kodiaq/,MR,press_release,press_release,200,card_teaser;carousel_rails;cover_box;downloads;gallery_lightbox;promo_banner;tags;two_column,cover_box_dark;teaser_media;teaser_overlay;teaser_toolbar,,
https://www.skoda-storyboard.com/en/press-releases/skoda-energy-supplier-sko-energo-strengthens-power-grid-stability-using-innovative-electrode-boiler/,MR,press_release,press_release,200,card_teaser;cover_box;downloads;gallery_lightbox;promo_banner;two_column,cover_box_dark;teaser_media;teaser_overlay;teaser_toolbar,,
https://www.skoda-storyboard.com/en/press-releases/skoda-octavia-new-equipment-range-superior-comfort/,MR,press_release,press_release,200,card_teaser;carousel_rails;cover_box;downloads;gallery_lightbox;promo_banner;tags;two_column,cover_box_dark;teaser_media;teaser_overlay;teaser_toolbar,youtube,
https://www.skoda-storyboard.com/en/press-releases/skoda-works-driver-lappi-wins-rally-great-britain-remains-running-wrc-2-title/,MR,press_release,press_release,200,card_teaser;carousel_rails;cover_box;downloads;gallery_lightbox;promo_banner;tags;two_column,cover_box_dark;teaser_media;teaser_overlay;teaser_toolbar,,
https://www.skoda-storyboard.com/en/press-releases/aprc-skoda-celebrates-fifth-consecutive-title-gill-wins-drivers-championship-round-early/,MR,press_release,press_release,200,card_teaser;carousel_rails;cover_box;downloads;gallery_lightbox;promo_banner;tags;two_column,cover_box_dark;teaser_media;teaser_overlay;teaser_toolbar,,
https://www.skoda-storyboard.com/en/press-releases/simply-clever-skoda-works-driver-lappi-defends-overall-lead-wales/,MR,press_release,press_release,200,card_teaser;carousel_rails;cover_box;downloads;gallery_lightbox;promo_banner;tags;two_column,cover_box_dark;teaser_media;teaser_overlay;teaser_toolbar,,
https://www.skoda-storyboard.com/en/press-releases/excellent-start-skoda-works-driver-lappi-takes-overall-lead-great-britain/,MR,press_release,press_release,200,card_teaser;carousel_rails;cover_box;gallery_lightbox;promo_banner;tags;two_column,cover_box_dark;teaser_media;teaser_overlay;teaser_toolbar,,
https://www.skoda-storyboard.com/en/press-releases/skoda-achieves-significant-growth-deliveries-sales-operating-profit-first-three-quarters-2016/,MR,press_release,press_release,200,card_teaser;cover_box;downloads;promo_banner;two_column,cover_box_dark;teaser_media;teaser_overlay;teaser_toolbar,,
https://www.skoda-storyboard.com/en/press-releases/skoda-octavia-new-top-form-major-revision-bestseller/,MR,press_release,press_release,200,card_teaser;carousel_rails;cover_box;downloads;gallery_lightbox;promo_banner;tags;two_column,cover_box_dark;teaser_media;teaser_overlay;teaser_toolbar,youtube,
https://www.skoda-storyboard.com/en/press-releases/aprc-skoda-championship-leader-gill-first-match-point-title-race/,MR,press_release,press_release,200,card_teaser;carousel_rails;cover_box;downloads;promo_banner;tags;two_column,cover_box_dark;teaser_media;teaser_overlay;teaser_toolbar,,
https://www.skoda-storyboard.com/en/press-releases/skoda-digital-lab-future-workshop-new-digital-technologies-solutions/,MR,press_release,press_release,200,card_teaser;carousel_rails;cover_box;downloads;promo_banner;tags;two_column,cover_box_dark;teaser_media;teaser_overlay;teaser_toolbar,,
https://www.skoda-storyboard.com/en/press-releases/championship-battle-enters-finishing-straight-great-britain-three-skoda-drivers-set-sights-title/,MR,press_release,press_release,200,card_teaser;carousel_rails;cover_box;downloads;promo_banner;tags;two_column,cover_box_dark;teaser_media;teaser_overlay;teaser_toolbar,,
https://www.skoda-storyboard.com/en/press-releases/15-years-skoda-superb-brands-flagship-celebrates-production-milestone/,MR,press_release,press_release,200,card_teaser;carousel_rails;cover_box;downloads;gallery_lightbox;promo_banner;tags;two_column,cover_box_dark;teaser_media;teaser_overlay;teaser_toolbar,,
https://www.skoda-storyboard.com/en/press-releases/skoda-kodiaq-production-launch-kvasiny/,MR,press_release,press_release,200,card_teaser;carousel_rails;cover_box;downloads;gallery_lightbox;promo_banner;tags;two_column,cover_box_dark;teaser_media;teaser_overlay;teaser_toolbar,,
https://www.skoda-storyboard.com/en/press-releases/celebrations-rally-spain-skoda-motorsport-repeats-2015-one-two-victory/,MR,press_release,press_release,200,card_teaser;carousel_rails;cover_box;downloads;gallery_lightbox;promo_banner;tags;two_column,cover_box_dark;teaser_media;teaser_overlay;teaser_toolbar,,
https://www.skoda-storyboard.com/en/press-releases/asphalt-expert-kopecky-takes-top-position-skoda-duel/,MR,press_release,press_release,200,card_teaser;carousel_rails;cover_box;downloads;gallery_lightbox;promo_banner;tags;two_column,cover_box_dark;teaser_media;teaser_overlay;teaser_toolbar,,
https://www.skoda-storyboard.com/en/press-releases/tidemand-ahead-kopecky-one-two-lead-skoda-motorsport-rally-spain/,MR,press_release,press_release,200,card_teaser;carousel_rails;cover_box;downloads;gallery_lightbox;promo_banner;tags;two_column,cover_box_dark;teaser_media;teaser_overlay;teaser_toolbar,,
https://www.skoda-storyboard.com/en/press-releases/continued-growth-skoda-deliveries-14-4-september/,MR,press_release,press_release,200,card_teaser;carousel_rails;cover_box;promo_banner;tags;two_column,cover_box_dark;teaser_media;teaser_overlay;teaser_toolbar,,
https://www.skoda-storyboard.com/en/press-releases/wrc-2-skoda-showdown-rally-spain-heralds-crucial-phase-title-race/,MR,press_release,press_release,200,card_teaser;carousel_rails;cover_box;downloads;promo_banner;tags;two_column,cover_box_dark;teaser_media;teaser_overlay;teaser_toolbar,,
https://www.skoda-storyboard.com/en/press-releases/wrc-2-kopecky-claims-skoda-motorsports-20th-podium-finish-fabia-r5/,MR,press_release,press_release,200,card_teaser;carousel_rails;cover_box;downloads;gallery_lightbox;promo_banner;tags;two_column,cover_box_dark;teaser_media;teaser_overlay;teaser_toolbar,,
https://www.skoda-storyboard.com/en/press-releases/kopecky-second-skoda-fabia-r5-going-final-day-rally-france/,MR,press_release,press_release,200,card_teaser;carousel_rails;cover_box;downloads;gallery_lightbox;promo_banner;tags;two_column,cover_box_dark;teaser_media;teaser_overlay;teaser_toolbar,,
https://www.skoda-storyboard.com/en/press-releases/rally-france-skoda-driver-kopecky-battling-lead-wrc-2/,MR,press_release,press_release,200,card_teaser;carousel_rails;cover_box;gallery_lightbox;promo_banner;tags;two_column,cover_box_dark;teaser_media;teaser_overlay;teaser_toolbar,,
https://www.skoda-storyboard.com/en/press-releases/video-highlights-skoda-kodiaq-motor-show-premiere/,MR,press_release,press_release,200,card_teaser;carousel_rails;cover_box;downloads;gallery_lightbox;promo_banner;tags;two_column,cover_box_dark;teaser_media;teaser_overlay;teaser_toolbar,,
https://www.skoda-storyboard.com/en/press-releases/skoda-kodiaq-motor-show-premiere-pictures/,MR,press_release,press_release,200,card_teaser;carousel_rails;cover_box;downloads;gallery_lightbox;promo_banner;tags;two_column,cover_box_dark;teaser_media;teaser_overlay;teaser_toolbar,,
https://www.skoda-storyboard.com/en/press-releases/international-motor-show-premiere-80-years-ago-skoda-popular-sport-monte-carlo/,MR,press_release,press_release,200,card_teaser;carousel_rails;cover_box;downloads;gallery_lightbox;promo_banner;tags;two_column,cover_box_dark;teaser_media;teaser_overlay;teaser_toolbar,,
https://www.skoda-storyboard.com/en/press-releases/paris-motor-show-2016-motor-show-premiere-skoda-kodiaq-live-internet/,MR,press_release,press_release,200,card_teaser;cover_box;downloads;promo_banner;tags;two_column,cover_box_dark;teaser_media;teaser_overlay;teaser_toolbar,,
https://www.skoda-storyboard.com/en/press-releases/asphalt-specialist-kopecky-aims-continue-winning-sequence-skoda-corsica/,MR,press_release,press_release,200,card_teaser;carousel_rails;cover_box;promo_banner;tags;two_column,cover_box_dark;teaser_media;teaser_overlay;teaser_toolbar,,
https://www.skoda-storyboard.com/en/press-releases/aprc-japan-fourth-win-season-skoda-championship-leader-gill/,MR,press_release,press_release,200,card_teaser;carousel_rails;cover_box;downloads;gallery_lightbox;promo_banner;tags;two_column,cover_box_dark;teaser_media;teaser_overlay;teaser_toolbar,,
https://www.skoda-storyboard.com/en/press-releases/skoda-kodiaq-celebrates-exhibition-premiere-2016-paris-motor-show/,MR,press_release,press_release,200,card_teaser;cover_box;downloads;gallery_lightbox;promo_banner;tags;two_column,cover_box_dark;teaser_media;teaser_overlay;teaser_toolbar,,
https://www.skoda-storyboard.com/en/press-releases/aprc-skoda-aims-extend-championship-lead-japan/,MR,press_release,press_release,200,card_teaser;carousel_rails;cover_box;downloads;gallery_lightbox;promo_banner;tags;two_column,cover_box_dark;teaser_media;teaser_overlay;teaser_toolbar,,
https://www.skoda-storyboard.com/en/press-releases/look-behind-scenes-skoda-kodiaq-masters-endurance-tests/,MR,press_release,press_release,200,card_teaser;carousel_rails;cover_box;downloads;promo_banner;tags;two_column,cover_box_dark;teaser_media;teaser_overlay;teaser_toolbar,,
https://www.skoda-storyboard.com/en/press-releases/skoda-felicia-awarded-elegant-car-china-classic-rally/,MR,press_release,press_release,200,card_teaser;carousel_rails;cover_box;downloads;gallery_lightbox;promo_banner;tags;two_column,cover_box_dark;teaser_media;teaser_overlay;teaser_toolbar,,
https://www.skoda-storyboard.com/en/press-releases/continued-high-demand-skoda-expands-yeti-capacities/,MR,press_release,press_release,200,card_teaser;carousel_rails;cover_box;downloads;gallery_lightbox;promo_banner;tags;two_column,cover_box_dark;teaser_media;teaser_overlay;teaser_toolbar,,
https://www.skoda-storyboard.com/en/press-releases/skoda-continues-path-success-august/,MR,press_release,press_release,200,card_teaser;carousel_rails;cover_box;downloads;gallery_lightbox;promo_banner;tags;two_column,cover_box_dark;teaser_media;teaser_overlay;teaser_toolbar,,
https://www.skoda-storyboard.com/en/press-releases/special-topic-new-skoda-storyboard-plans-background-information-skodas-suv-strategy/,MR,press_release,press_release,200,card_teaser;cover_box;downloads;gallery_lightbox;promo_banner;two_column,cover_box_dark;teaser_media;teaser_overlay;teaser_toolbar,,
https://www.skoda-storyboard.com/en/press-releases/electric-tow-tractor-skoda-plant-solar-panels-charge-batteries-operation/,MR,press_release,press_release,200,card_teaser;carousel_rails;cover_box;downloads;gallery_lightbox;promo_banner;tags;two_column,cover_box_dark;teaser_media;teaser_overlay;teaser_toolbar,,
https://www.skoda-storyboard.com/en/press-releases/series-production-best-selling-skoda-octavia-began-20-years-ago/,MR,press_release,press_release,200,card_teaser;carousel_rails;cover_box;downloads;gallery_lightbox;promo_banner;tags;two_column,cover_box_dark;teaser_media;teaser_overlay;teaser_toolbar,,
https://www.skoda-storyboard.com/en/press-releases/skoda-kodiaq-celebrated-world-premiere-delighted-guests-kraftwerk-berlin/,MR,press_release,press_release,200,card_teaser;carousel_rails;cover_box;downloads;gallery_lightbox;promo_banner;tags;two_column,cover_box_dark;teaser_media;teaser_overlay;teaser_toolbar,,
https://www.skoda-storyboard.com/en/press-releases/skoda-storyboard-communications-marketing-launch-new-online-platform/,MR,press_release,press_release,200,card_teaser;cover_box;downloads;gallery_lightbox;promo_banner;two_column,cover_box_dark;teaser_media;teaser_overlay;teaser_toolbar,,
https://www.skoda-storyboard.com/en/press-releases/skoda-kodiaq-world-premiere-berlin-pictures/,MR,press_release,press_release,200,card_teaser;cover_box;downloads;gallery_lightbox;promo_banner;tags;two_column,cover_box_dark;teaser_media;teaser_overlay;teaser_toolbar,,
https://www.skoda-storyboard.com/en/press-releases/skoda-lands-internet-hit-viral-campaign-world-premiere-kodiaq/,MR,press_release,press_release,200,card_teaser;carousel_rails;cover_box;downloads;gallery_lightbox;promo_banner;tags;two_column,cover_box_dark;teaser_media;teaser_overlay;teaser_toolbar,,
https://www.skoda-storyboard.com/en/press-releases/skoda-kodiaq-interior-revealed/,MR,press_release,press_release,200,card_teaser;carousel_rails;cover_box;downloads;gallery_lightbox;promo_banner;tags;two_column,cover_box_dark;teaser_media;teaser_overlay;teaser_toolbar,,
https://www.skoda-storyboard.com/en/press-releases/premiere-atmosphere-everyone-world-launch-skoda-kodiaq-live-internet/,MR,press_release,press_release,200,card_teaser;carousel_rails;cover_box;promo_banner;tags;two_column,cover_box_dark;teaser_media;teaser_overlay;teaser_toolbar,,
https://www.skoda-storyboard.com/en/press-releases/skoda-victory-barum-rally-kopecky-defends-title-czech-rally-championship/,MR,press_release,press_release,200,card_teaser;carousel_rails;cover_box;downloads;gallery_lightbox;promo_banner;tags;two_column,cover_box_dark;teaser_media;teaser_overlay;teaser_toolbar,,
https://www.skoda-storyboard.com/en/press-releases/five-vintage-skodas-start-hamburg-berlin-klassik/,MR,press_release,press_release,200,card_teaser;carousel_rails;cover_box;downloads;gallery_lightbox;promo_banner;tags;two_column,cover_box_dark;teaser_media;teaser_overlay;teaser_toolbar,,
https://www.skoda-storyboard.com/en/press-releases/46th-barum-rally-zlin-skoda-looking-forward-rally-classic-home-soil/,MR,press_release,press_release,200,card_teaser;carousel_rails;cover_box;downloads;gallery_lightbox;promo_banner;tags;two_column,cover_box_dark;teaser_media;teaser_overlay;teaser_toolbar,,
https://www.skoda-storyboard.com/en/press-releases/smart-glove-skoda-logistics-focusing-future-technology/,MR,press_release,press_release,200,card_teaser;carousel_rails;cover_box;downloads;gallery_lightbox;promo_banner;tags;two_column,cover_box_dark;teaser_media;teaser_overlay;teaser_toolbar,,
https://www.skoda-storyboard.com/en/press-releases/run-success-continues-skoda-celebrates-one-two-three-four-result-rally-germany/,MR,press_release,press_release,200,card_teaser;carousel_rails;cover_box;downloads;gallery_lightbox;promo_banner;tags;two_column,cover_box_dark;teaser_media;teaser_overlay;teaser_toolbar,,
https://www.skoda-storyboard.com/en/press-releases/cycling-highlight-skoda-mobilizes-tour-spain-vuelta-official-partner/,MR,press_release,press_release,200,card_teaser;cover_box;downloads;gallery_lightbox;promo_banner;two_column,cover_box_dark;teaser_media;teaser_overlay;teaser_toolbar,,
https://www.skoda-storyboard.com/en/press-releases/skoda-sextet-taking-part-2016-sachsen-classic/,MR,press_release,press_release,200,card_teaser;cover_box;downloads;gallery_lightbox;promo_banner;two_column,cover_box_dark;teaser_media;teaser_overlay;teaser_toolbar,,
https://www.skoda-storyboard.com/en/press-releases/skoda-rally-germany-confident-ahead-asphalt-classic/,MR,press_release,press_release,200,card_teaser;carousel_rails;cover_box;downloads;gallery_lightbox;promo_banner;tags;two_column,cover_box_dark;teaser_media;teaser_overlay;teaser_toolbar,,
https://www.skoda-storyboard.com/en/press-releases/skoda-brings-115-years-motorsport-history-life-avd-oldtimer-grand-prix/,MR,press_release,press_release,200,card_teaser;carousel_rails;cover_box;downloads;gallery_lightbox;promo_banner;tags;two_column,cover_box_dark;teaser_media;teaser_overlay;teaser_toolbar,,
https://www.skoda-storyboard.com/en/press-releases/aerodynamic-finesse-skoda-supports-olympic-track-cyclist/,MR,press_release,press_release,200,card_teaser;carousel_rails;cover_box;downloads;gallery_lightbox;promo_banner;two_column,cover_box_dark;teaser_media;teaser_overlay;teaser_toolbar,,
https://www.skoda-storyboard.com/en/press-releases/skodas-growth-continues-july/,MR,press_release,press_release,200,card_teaser;carousel_rails;cover_box;downloads;gallery_lightbox;promo_banner;tags;two_column,cover_box_dark;teaser_media;teaser_overlay;teaser_toolbar,,
https://www.skoda-storyboard.com/en/press-releases/first-close-images-skoda-kodiaq-distinctive-design-new-large-suv/,MR,press_release,press_release,200,card_teaser;carousel_rails;cover_box;downloads;gallery_lightbox;promo_banner;tags;two_column,cover_box_dark;teaser_media;teaser_overlay;teaser_toolbar,,
https://www.skoda-storyboard.com/en/press-releases/aprc-skoda-wins-desert-rally-core-market-china/,MR,press_release,press_release,200,card_teaser;carousel_rails;cover_box;downloads;gallery_lightbox;promo_banner;tags;two_column,cover_box_dark;teaser_media;teaser_overlay;teaser_toolbar,,
https://www.skoda-storyboard.com/en/press-releases/skoda-receives-award-eco-friendly-logistics-innovation/,MR,press_release,press_release,200,card_teaser;carousel_rails;cover_box;downloads;gallery_lightbox;promo_banner;tags;two_column,cover_box_dark;teaser_media;teaser_overlay;teaser_toolbar,,
https://www.skoda-storyboard.com/en/press-releases/aprc-skoda-optimistic-ahead-desert-rally-core-market-china/,MR,press_release,press_release,200,card_teaser;carousel_rails;cover_box;downloads;gallery_lightbox;promo_banner;tags;two_column,cover_box_dark;teaser_media;teaser_overlay;teaser_toolbar,,
https://www.skoda-storyboard.com/en/press-releases/full-throttle-ahead-skoda-extends-lead-rally-finland/,MR,press_release,press_release,200,card_teaser;carousel_rails;cover_box;downloads;gallery_lightbox;promo_banner;tags;two_column,cover_box_dark;teaser_media;teaser_overlay;teaser_toolbar,,
https://www.skoda-storyboard.com/en/press-releases/around-world-eighty-years-ago-skoda-rapids-trip-round-globe/,MR,press_release,press_release,200,card_teaser;carousel_rails;cover_box;downloads;gallery_lightbox;promo_banner;tags;two_column,cover_box_dark;teaser_media;teaser_overlay;teaser_toolbar,,
https://www.skoda-storyboard.com/en/press-releases/first-half-2016-skoda-increases-deliveries-sales-revenue-operating-profit/,MR,press_release,press_release,200,card_teaser;carousel_rails;cover_box;promo_banner;tags;two_column,cover_box_dark;teaser_media;teaser_overlay;teaser_toolbar,,
https://www.skoda-storyboard.com/en/press-releases/skoda-achieves-new-sales-record-first-half-2016/,MR,press_release,press_release,200,card_teaser;carousel_rails;cover_box;downloads;gallery_lightbox;promo_banner;tags;two_column,cover_box_dark;teaser_media;teaser_overlay;teaser_toolbar,,
https://www.skoda-storyboard.com/en/press-releases/rally-finland-skoda-ready-formula-1-forest/,MR,press_release,press_release,200,card_teaser;carousel_rails;cover_box;downloads;gallery_lightbox;promo_banner;tags;two_column,cover_box_dark;teaser_media;teaser_overlay;teaser_toolbar,,
https://www.skoda-storyboard.com/en/press-releases/tour-de-france-winner-christopher-froome-raises-skoda-crystal-glass-trophy-sky/,MR,press_release,press_release,200,card_teaser;carousel_rails;cover_box;downloads;gallery_lightbox;promo_banner;tags;two_column,cover_box_dark;teaser_media;teaser_overlay;teaser_toolbar,,
https://www.skoda-storyboard.com/en/press-releases/finale-tour-de-france-skoda-kodiaq-first-across-finish-line/,MR,press_release,press_release,200,card_teaser;carousel_rails;cover_box;downloads;gallery_lightbox;promo_banner;tags;two_column,cover_box_dark;teaser_media;teaser_overlay;teaser_toolbar,,
https://www.skoda-storyboard.com/en/press-releases/skoda-kodiaq-supervising-final-stage-tour-de-france/,MR,press_release,press_release,200,card_teaser;carousel_rails;cover_box;downloads;gallery_lightbox;promo_banner;tags;two_column,cover_box_dark;teaser_media;teaser_overlay;teaser_toolbar,,
https://www.skoda-storyboard.com/en/press-releases/j-d-power-study-skoda-clinches-double-victory-highest-customer-satisfaction/,MR,press_release,press_release,200,card_teaser;carousel_rails;cover_box;downloads;gallery_lightbox;promo_banner;tags;two_column,cover_box_dark;teaser_media;teaser_overlay;teaser_toolbar,,
https://www.skoda-storyboard.com/en/press-releases/skoda-kodiaq-leading-field-finish-tour-de-france/,MR,press_release,press_release,200,card_teaser;carousel_rails;cover_box;downloads;gallery_lightbox;promo_banner;tags;two_column,cover_box_dark;teaser_media;teaser_overlay;teaser_toolbar,,
https://www.skoda-storyboard.com/en/press-releases/skoda-designs-glass-trophies-winners-tour-de-france/,MR,press_release,press_release,200,card_teaser;carousel_rails;cover_box;downloads;gallery_lightbox;promo_banner;tags;two_column,cover_box_dark;teaser_media;teaser_overlay;teaser_toolbar,,
https://www.skoda-storyboard.com/en/press-releases/skoda-second-time-dependable-car-brand-great-britain/,MR,press_release,press_release,200,card_teaser;carousel_rails;cover_box;downloads;gallery_lightbox;promo_banner;tags;two_column,cover_box_dark;teaser_media;teaser_overlay;teaser_toolbar,,
https://www.skoda-storyboard.com/en/press-releases/worlds-best-skoda-specialists-awarded/,MR,press_release,press_release,200,card_teaser;carousel_rails;cover_box;gallery_lightbox;promo_banner;tags;two_column,cover_box_dark;teaser_media;teaser_overlay;teaser_toolbar,,
https://www.skoda-storyboard.com/en/press-releases/factory-holiday-skoda-modernizing-expanding-czech-production-sites/,MR,press_release,press_release,200,card_teaser;carousel_rails;cover_box;gallery_lightbox;promo_banner;tags;two_column,cover_box_dark;teaser_media;teaser_overlay;teaser_toolbar,,
https://www.skoda-storyboard.com/en/press-releases/global-success-2000-skoda-dealerships-new-corporate-design/,MR,press_release,press_release,200,card_teaser;carousel_rails;cover_box;gallery_lightbox;promo_banner;tags;two_column,cover_box_dark;teaser_media;teaser_overlay;teaser_toolbar,,
https://www.skoda-storyboard.com/en/press-releases/skoda-beginning-suv-campaign-skoda-kodiaq/,MR,press_release,press_release,200,card_teaser;carousel_rails;cover_box;gallery_lightbox;promo_banner;tags;two_column,cover_box_dark;teaser_media;teaser_overlay;teaser_toolbar,,
https://www.skoda-storyboard.com/en/press-releases/record-chaser-kopecky-scores-celebrated-skoda-home-win-black-fabia-r5/,MR,press_release,press_release,200,card_teaser;carousel_rails;cover_box;downloads;gallery_lightbox;promo_banner;tags;two_column,cover_box_dark;teaser_media;teaser_overlay;teaser_toolbar,,
https://www.skoda-storyboard.com/en/press-releases/wrc-2-suninen-beschert-skoda-den-funften-sieg-serie/,MR,press_release,press_release,200,card_teaser;carousel_rails;cover_box;gallery_lightbox;promo_banner;tags;two_column,cover_box_dark;teaser_media;teaser_overlay;teaser_toolbar,,
https://www.skoda-storyboard.com/en/press-releases/thrilling-sizzling-battle-poland-lappi-takes-lead-skoda-duel/,MR,press_release,press_release,200,card_teaser;carousel_rails;cover_box;gallery_lightbox;promo_banner;tags;two_column,cover_box_dark;teaser_media;teaser_overlay;teaser_toolbar,,
https://www.skoda-storyboard.com/en/press-releases/dramatic-battle-first-place-skoda-thrills-fans-rally-poland/,MR,press_release,press_release,200,card_teaser;carousel_rails;cover_box;gallery_lightbox;promo_banner;tags;two_column,cover_box_dark;teaser_media;teaser_overlay;teaser_toolbar,,
https://www.skoda-storyboard.com/en/press-releases/long-standing-partnership-skoda-thirteenth-time-sponsor-tour-de-france/,MR,press_release,press_release,200,card_teaser;carousel_rails;cover_box;downloads;gallery_lightbox;promo_banner;tags;two_column,cover_box_dark;teaser_media;teaser_overlay;teaser_toolbar,,
https://www.skoda-storyboard.com/en/press-releases/kopecky-entering-skoda-home-rally-black-fabia-r5/,MR,press_release,press_release,200,card_teaser;carousel_rails;cover_box;gallery_lightbox;promo_banner;tags;two_column,cover_box_dark;teaser_media;teaser_overlay;teaser_toolbar,,
https://www.skoda-storyboard.com/en/press-releases/wrc-2-skoda-looks-continue-winning-ways-full-throttle-show-poland/,MR,press_release,press_release,200,card_teaser;carousel_rails;cover_box;downloads;gallery_lightbox;promo_banner;tags;two_column,cover_box_dark;teaser_media;teaser_overlay;teaser_toolbar,,
https://www.skoda-storyboard.com/en/press-releases/skoda-atero-now-third-trainee-car-mlada-boleslav/,MR,press_release,press_release,200,card_teaser;carousel_rails;cover_box;downloads;gallery_lightbox;promo_banner;tags;two_column,cover_box_dark;teaser_media;teaser_overlay;teaser_toolbar,,
https://www.skoda-storyboard.com/en/press-releases/skoda-strengthens-future-competence-new-field-digitisation/,MR,press_release,press_release,200,card_teaser;carousel_rails;cover_box;downloads;gallery_lightbox;promo_banner;tags;two_column,cover_box_dark;teaser_media;teaser_overlay;teaser_toolbar,,
https://www.skoda-storyboard.com/en/press-releases/change-skodas-board-management/,MR,press_release,press_release,200,card_teaser;carousel_rails;cover_box;promo_banner;tags;two_column,cover_box_dark;teaser_media;teaser_overlay;teaser_toolbar,,
https://www.skoda-storyboard.com/en/press-releases/wonderful-rally-weekend-skoda-celebrates-australia-well/,MR,press_release,press_release,200,card_teaser;carousel_rails;cover_box;downloads;gallery_lightbox;promo_banner;tags;two_column,cover_box_dark;teaser_media;teaser_overlay;teaser_toolbar,,
https://www.skoda-storyboard.com/en/press-releases/kopecky-completes-hat-trick-victories-skoda-czech-championship/,MR,press_release,press_release,200,card_teaser;carousel_rails;cover_box;downloads;gallery_lightbox;promo_banner;tags;two_column,cover_box_dark;teaser_media;teaser_overlay;teaser_toolbar,,
https://www.skoda-storyboard.com/en/press-releases/functionality-attractive-new-skoda-kodiaq/,MR,press_release,press_release,200,card_teaser;carousel_rails;cover_box;gallery_lightbox;promo_banner;tags;two_column,cover_box_dark;teaser_media;teaser_overlay;teaser_toolbar,,
https://www.skoda-storyboard.com/en/press-releases/aprc-skoda-shine-australia/,MR,press_release,press_release,200,card_teaser;carousel_rails;cover_box;downloads;gallery_lightbox;promo_banner;tags;two_column,cover_box_dark;teaser_media;teaser_overlay;teaser_toolbar,,
https://www.skoda-storyboard.com/en/press-releases/skodas-worldwide-growth-continues-may/,MR,press_release,press_release,200,card_teaser;cover_box;downloads;gallery_lightbox;promo_banner;two_column,cover_box_dark;teaser_media;teaser_overlay;teaser_toolbar,,
https://www.skoda-storyboard.com/en/press-releases/rally-hustopece-kopecky-hunting-hat-trick-wins-skoda-fabia-r5/,MR,press_release,press_release,200,card_teaser;carousel_rails;cover_box;downloads;gallery_lightbox;promo_banner;tags;two_column,cover_box_dark;teaser_media;teaser_overlay;teaser_toolbar,,
https://www.skoda-storyboard.com/en/press-releases/one-two-rally-italy-skoda-passes-ultimate-test-durability/,MR,press_release,press_release,200,card_teaser;carousel_rails;cover_box;downloads;gallery_lightbox;promo_banner;tags;two_column,cover_box_dark;teaser_media;teaser_overlay;teaser_toolbar,,
https://www.skoda-storyboard.com/en/press-releases/wrc-2-skoda-dominates-start-rally-italy/,MR,press_release,press_release,200,card_teaser;carousel_rails;cover_box;downloads;gallery_lightbox;promo_banner;tags;two_column,cover_box_dark;teaser_media;teaser_overlay;teaser_toolbar,,
https://www.skoda-storyboard.com/en/press-releases/high-jumps-hard-tracks-skoda-eager-continue-run-success-sardinia/,MR,press_release,press_release,200,card_teaser;carousel_rails;cover_box;promo_banner;tags;two_column,cover_box_dark;teaser_media;teaser_overlay;teaser_toolbar,,
https://www.skoda-storyboard.com/en/press-releases/skoda-setting-sights-even-ambitious-goals-comprehensive-environmental-strategy/,MR,press_release,press_release,200,card_teaser;carousel_rails;cover_box;promo_banner;tags;two_column,cover_box_dark;teaser_media;teaser_overlay;teaser_toolbar,,
https://www.skoda-storyboard.com/en/press-releases/record-skoda-deliveries-sales-revenue-operating-profit-increase-first-quarter/,MR,press_release,press_release,200,card_teaser;carousel_rails;cover_box;downloads;promo_banner;tags;two_column,cover_box_dark;teaser_media;teaser_overlay;teaser_toolbar,,
https://www.skoda-storyboard.com/en/press-releases/one-two-skoda-jan-kopecky-extends-lead-czech-rally-championship/,MR,press_release,press_release,200,card_teaser;carousel_rails;cover_box;downloads;gallery_lightbox;promo_banner;tags;two_column,cover_box_dark;teaser_media;teaser_overlay;teaser_toolbar,,
https://www.skoda-storyboard.com/en/press-releases/skoda-atero-skoda-vocational-students-build-dream-coupe/,MR,press_release,press_release,200,card_teaser;carousel_rails;cover_box;downloads;gallery_lightbox;promo_banner;tags;two_column,cover_box_dark;teaser_media;teaser_overlay;teaser_toolbar,,
https://www.skoda-storyboard.com/en/press-releases/jan-kopecky-extend-lead-czech-rally-championship/,MR,press_release,press_release,200,card_teaser;carousel_rails;cover_box;downloads;promo_banner;tags;two_column,cover_box_dark;teaser_media;teaser_overlay;teaser_toolbar,,
https://www.skoda-storyboard.com/en/press-releases/skoda-anti-bike-theft-campaign-wins-awards/,MR,press_release,press_release,200,card_teaser;cover_box;downloads;promo_banner;two_column,cover_box_dark;teaser_media;teaser_overlay;teaser_toolbar,,
https://www.skoda-storyboard.com/en/press-releases/iihf-ice-hockey-world-championship-skoda-ceo-bernhard-maier-awards-valuable-player/,MR,press_release,press_release,200,card_teaser;carousel_rails;cover_box;downloads;gallery_lightbox;promo_banner;tags;two_column,cover_box_dark;teaser_media;teaser_overlay;teaser_toolbar,,
https://www.skoda-storyboard.com/en/press-releases/skoda-motorsport-enters-hot-phase-world-rally-championship-portugal/,MR,press_release,press_release,200,card_teaser;carousel_rails;cover_box;downloads;gallery_lightbox;promo_banner;tags;two_column,cover_box_dark;teaser_media;teaser_overlay;teaser_toolbar,,
https://www.skoda-storyboard.com/en/press-releases/skoda-vehicles-served-czech-presidents-90-years/,MR,press_release,press_release,200,card_teaser;carousel_rails;cover_box;downloads;gallery_lightbox;promo_banner;tags;two_column,cover_box_dark;teaser_media;teaser_overlay;teaser_toolbar,,
https://www.skoda-storyboard.com/en/press-releases/jubilee-100000-third-generations-skoda-superbs-produced/,MR,press_release,press_release,200,card_teaser;carousel_rails;cover_box;downloads;gallery_lightbox;promo_banner;tags;two_column,cover_box_dark;teaser_media;teaser_overlay;teaser_toolbar,,
https://www.skoda-storyboard.com/en/press-releases/skoda-continues-grow-april/,MR,press_release,press_release,200,card_teaser;carousel_rails;cover_box;promo_banner;tags;two_column,cover_box_dark;teaser_media;teaser_overlay;teaser_toolbar,,
https://www.skoda-storyboard.com/en/press-releases/town-island-off-coast-alaska-renamed-kodiak-became-kodiaq-one-day/,MR,press_release,press_release,200,card_teaser;carousel_rails;cover_box;downloads;gallery_lightbox;promo_banner;tags;two_column,cover_box_dark;teaser_media;teaser_overlay;teaser_toolbar,,
https://www.skoda-storyboard.com/en/press-releases/skoda-1101-tudor-celebrates-70th/,MR,press_release,press_release,200,card_teaser;carousel_rails;cover_box;downloads;gallery_lightbox;promo_banner;tags;two_column,cover_box_dark;teaser_media;teaser_overlay;teaser_toolbar,,
https://www.skoda-storyboard.com/en/press-releases/strong-bear-skodas-large-suv-called-kodiaq/,MR,press_release,press_release,200,card_teaser;carousel_rails;cover_box;downloads;gallery_lightbox;promo_banner;tags;two_column,cover_box_dark;teaser_media;teaser_overlay;teaser_toolbar,,
https://www.skoda-storyboard.com/en/press-releases/skoda-duo-starts-fifth-bodensee-klassik/,MR,press_release,press_release,200,card_teaser;cover_box;downloads;gallery_lightbox;promo_banner;two_column,cover_box_dark;teaser_media;teaser_overlay;teaser_toolbar,,
https://www.skoda-storyboard.com/en/press-releases/aprc-skoda-also-unbeatable-new-zealand-2/,MR,press_release,press_release,200,card_teaser;cover_box;downloads;gallery_lightbox;promo_banner;tags;two_column,cover_box_dark;teaser_media;teaser_overlay;teaser_toolbar,,
https://www.skoda-storyboard.com/en/press-releases/one-two-skoda-motorsport-enjoys-perfect-start-season-czech-rally-championship/,MR,press_release,press_release,200,card_teaser;cover_box;downloads;gallery_lightbox;promo_banner;tags;two_column,cover_box_dark;teaser_media;teaser_overlay;teaser_toolbar,,
https://www.skoda-storyboard.com/en/press-releases/silke-rosskothen-new-head-skoda-product-communications/,MR,press_release,press_release,200,card_teaser;cover_box;downloads;promo_banner;two_column,cover_box_dark;teaser_media;teaser_overlay;teaser_toolbar,,
https://www.skoda-storyboard.com/en/press-releases/official-fleet-skoda-makes-iihf-ice-hockey-world-championship-russia-mobile/,MR,press_release,press_release,200,card_teaser;cover_box;downloads;gallery_lightbox;promo_banner;tags;two_column,cover_box_dark;teaser_media;teaser_overlay;teaser_toolbar,,
https://www.skoda-storyboard.com/en/press-releases/skoda-defend-aprc-title-starting-new-zealand/,MR,press_release,press_release,200,card_teaser;carousel_rails;cover_box;downloads;gallery_lightbox;promo_banner;tags;two_column,cover_box_dark;teaser_media;teaser_overlay;teaser_toolbar,,
https://www.skoda-storyboard.com/en/press-releases/skoda-motorsport-launches-campaign-national-championship-rally-sumava-klatovy/,MR,press_release,press_release,200,card_teaser;carousel_rails;cover_box;downloads;promo_banner;tags;two_column,cover_box_dark;teaser_media;teaser_overlay;teaser_toolbar,,
https://www.skoda-storyboard.com/en/press-releases/record-skoda-24th-time-official-main-sponsor-2016-iihf-ice-hockey-world-championship/,MR,press_release,press_release,200,card_teaser;carousel_rails;cover_box;downloads;gallery_lightbox;promo_banner;tags;two_column,cover_box_dark;teaser_media;teaser_overlay;teaser_toolbar,,
https://www.skoda-storyboard.com/en/press-releases/auto-china-2016-beijing-skoda-launches-suv-campaign-china/,MR,press_release,press_release,200,card_teaser;cover_box;downloads;gallery_lightbox;promo_banner;tags;two_column,cover_box_dark;teaser_media;teaser_overlay;teaser_toolbar,,
https://www.skoda-storyboard.com/en/press-releases/success-story-skoda-volkswagen-celebrate-25-year-partnership-2/,MR,press_release,press_release,200,card_teaser;carousel_rails;cover_box;downloads;gallery_lightbox;promo_banner;tags;two_column,cover_box_dark;teaser_media;teaser_overlay;teaser_toolbar,,
https://www.skoda-storyboard.com/en/press-releases/skoda-best-first-quarter-and-best-march-in-companys-history/,MR,press_release,press_release,200,card_teaser;carousel_rails;cover_box;downloads;gallery_lightbox;promo_banner;tags;two_column,cover_box_dark;teaser_media;teaser_overlay;teaser_toolbar,,
https://www.skoda-storyboard.com/en/press-releases/one-off-compact-coupe-skoda-apprentices-build-dream-car/,MR,press_release,press_release,200,card_teaser;carousel_rails;cover_box;downloads;gallery_lightbox;promo_banner;tags;two_column,cover_box_dark;teaser_media;teaser_overlay;teaser_toolbar,,
https://www.skoda-storyboard.com/en/press-releases/20-years-of-skoda-octavia-jubilee-for-the-heart-of-the-brand/,MR,press_release,press_release,200,card_teaser;carousel_rails;cover_box;downloads;gallery_lightbox;promo_banner;tags;two_column,cover_box_dark;teaser_media;teaser_overlay;teaser_toolbar,,
https://www.skoda-storyboard.com/en/press-releases/entering-into-a-new-market-segment-market-launch-of-the-skoda-snowman/,MR,press_release,press_release,200,card_teaser;cover_box;downloads;gallery_lightbox;promo_banner;two_column,cover_box_dark;teaser_media;teaser_overlay;teaser_toolbar,,
https://www.skoda-storyboard.com/en/press-releases/skoda-to-defend-aprc-title-with-talented-youngster-fabian-kreim/,MR,press_release,press_release,200,card_teaser;carousel_rails;cover_box;downloads;gallery_lightbox;promo_banner;tags;two_column,cover_box_dark;teaser_media;teaser_overlay;teaser_toolbar,,
https://www.skoda-storyboard.com/en/press-releases/skoda-superb-combi-wins-the-red-dot-award-for-exceptional-product-design/,MR,press_release,press_release,200,card_teaser;gallery_lightbox;promo_banner;tags;two_column,teaser_media;teaser_overlay;teaser_toolbar,,
https://www.skoda-storyboard.com/en/press-releases/skoda-strengthens-presence-in-china/,MR,press_release,press_release,200,card_teaser;cover_box;downloads;gallery_lightbox;promo_banner;tags;two_column,cover_box_dark;teaser_media;teaser_overlay;teaser_toolbar,,
https://www.skoda-storyboard.com/en/press-releases/milestone-one-million-third-generation-skoda-octavias-produced/,MR,press_release,press_release,200,card_teaser;carousel_rails;cover_box;downloads;gallery_lightbox;promo_banner;tags;two_column,cover_box_dark;teaser_media;teaser_overlay;teaser_toolbar,,
https://www.skoda-storyboard.com/en/press-releases/strong-partnership-25-years-skoda-volkswagen/,MR,press_release,press_release,200,card_teaser;cover_box;downloads;gallery_lightbox;promo_banner;two_column,cover_box_dark;teaser_media;teaser_overlay;teaser_toolbar,,
https://www.skoda-storyboard.com/en/press-releases/skoda-achieves-record-financial-results-and-deliveries-in-2015/,MR,press_release,press_release,200,card_teaser;carousel_rails;cover_box;downloads;gallery_lightbox;promo_banner;tags;two_column,cover_box_dark;teaser_media;teaser_overlay;teaser_toolbar,,
https://www.skoda-storyboard.com/en/press-releases/skoda-plant-receives-factory-of-the-year-award-produced-in-vrchlabi-3/,MR,press_release,press_release,200,card_teaser;cover_box;downloads;gallery_lightbox;promo_banner;tags;two_column,cover_box_dark;teaser_media;teaser_overlay;teaser_toolbar,,
https://www.skoda-storyboard.com/en/press-releases/skoda-growth-continues-in-february-2/,MR,press_release,press_release,200,card_teaser;carousel_rails;cover_box;downloads;gallery_lightbox;promo_banner;tags;two_column,cover_box_dark;teaser_media;teaser_overlay;teaser_toolbar,,
https://www.skoda-storyboard.com/en/press-releases/cult-car-skoda-1000-mbx-celebrates-50-years/,MR,press_release,press_release,200,card_teaser;carousel_rails;cover_box;downloads;gallery_lightbox;promo_banner;tags;two_column,cover_box_dark;teaser_media;teaser_overlay;teaser_toolbar,,
https://www.skoda-storyboard.com/en/press-releases/skoda-visions-show-car-celebrates-its-world-premiere-at-volkswagen-group-night-in-geneva-2/,MR,press_release,press_release,200,card_teaser;carousel_rails;cover_box;downloads;gallery_lightbox;promo_banner;tags;two_column,cover_box_dark;teaser_media;teaser_overlay;teaser_toolbar,,
https://www.skoda-storyboard.com/en/press-releases/wireless-data-flow-from-smartphone-skoda-presents-wireless-mirrorlink/,MR,press_release,press_release,200,card_teaser;cover_box;downloads;gallery_lightbox;promo_banner;tags;two_column,cover_box_dark;teaser_media;teaser_overlay;teaser_toolbar,,
https://www.skoda-storyboard.com/en/press-releases/wireless-charging-the-skoda-phonebox-2/,MR,press_release,press_release,200,card_teaser;cover_box;downloads;gallery_lightbox;promo_banner;tags;two_column,cover_box_dark;teaser_media;teaser_overlay;teaser_toolbar,,
https://www.skoda-storyboard.com/en/press-releases/skoda-vrchlabi-plant-produces-one-million-dq-200-gearboxes-2/,MR,press_release,press_release,200,card_teaser;carousel_rails;cover_box;downloads;gallery_lightbox;promo_banner;tags;two_column,cover_box_dark;teaser_media;teaser_overlay;teaser_toolbar,,
https://www.skoda-storyboard.com/en/press-releases/geneva-motor-show-skoda-electrifies-with-new-study/,MR,press_release,press_release,200,card_teaser;cover_box;downloads;gallery_lightbox;promo_banner;tags;two_column,cover_box_dark;teaser_media;teaser_overlay;teaser_toolbar,,
https://www.skoda-storyboard.com/en/press-releases/now-on-youtube-what-inspires-skoda-designers-2/,MR,press_release,press_release,200,card_teaser;carousel_rails;cover_box;downloads;gallery_lightbox;promo_banner;tags;two_column,cover_box_dark;teaser_media;teaser_overlay;teaser_toolbar,,
https://www.skoda-storyboard.com/en/press-releases/skoda-celebrates-podium-positions-at-the-rally-sweden-2/,MR,press_release,press_release,200,card_teaser;carousel_rails;cover_box;downloads;gallery_lightbox;promo_banner;tags;two_column,cover_box_dark;teaser_media;teaser_overlay;teaser_toolbar,,
https://www.skoda-storyboard.com/en/press-releases/rally-sweden-tidemand-on-course-to-finish-on-the-podium-for-skoda-at-his-home-rally-2/,MR,press_release,press_release,200,card_teaser;carousel_rails;cover_box;downloads;gallery_lightbox;promo_banner;tags;two_column,cover_box_dark;teaser_media;teaser_overlay;teaser_toolbar,,
https://www.skoda-storyboard.com/en/press-releases/skoda-superb-among-finalists-for-renowned-car-prize-2/,MR,press_release,press_release,200,card_teaser;carousel_rails;cover_box;downloads;gallery_lightbox;promo_banner;tags;two_column,cover_box_dark;teaser_media;teaser_overlay;teaser_toolbar,,
https://www.skoda-storyboard.com/en/press-releases/rally-sweden-the-start-didnt-go-according-to-plan-for-skoda-motorsport-2/,MR,press_release,press_release,200,card_teaser;carousel_rails;cover_box;downloads;gallery_lightbox;promo_banner;tags;two_column,cover_box_dark;teaser_media;teaser_overlay;teaser_toolbar,,
https://www.skoda-storyboard.com/en/press-releases/skoda-motorsport-returns-to-sweden-in-the-world-rally-championship-after-11-year-absence-2/,MR,press_release,press_release,200,card_teaser;cover_box;downloads;gallery_lightbox;promo_banner;tags;two_column,cover_box_dark;teaser_media;teaser_overlay;teaser_toolbar,,
https://www.skoda-storyboard.com/en/press-releases/successful-start-to-the-year-skodas-sales-record-in-january/,MR,press_release,press_release,200,card_teaser;carousel_rails;cover_box;downloads;gallery_lightbox;promo_banner;tags;two_column,cover_box_dark;teaser_media;teaser_overlay;teaser_toolbar,,
https://www.skoda-storyboard.com/en/press-releases/skoda-visions-suv-design-study-celebrates-premiere-in-geneva/,MR,press_release,press_release,200,card_teaser;carousel_rails;cover_box;downloads;gallery_lightbox;promo_banner;tags;two_column,cover_box_dark;teaser_media;teaser_overlay;teaser_toolbar,,
https://www.skoda-storyboard.com/en/press-releases/in-memory-of-a-legend-graf-kilowatt-born-130-years-ago-2/,MR,press_release,press_release,200,card_teaser;carousel_rails;cover_box;downloads;gallery_lightbox;promo_banner;tags;two_column,cover_box_dark;teaser_media;teaser_overlay;teaser_toolbar,,
https://www.skoda-storyboard.com/en/press-releases/readers-choice-best-cars-skoda-octavia-first-place-for-third-year-running/,MR,press_release,press_release,200,card_teaser;carousel_rails;cover_box;downloads;gallery_lightbox;promo_banner;tags;two_column,cover_box_dark;teaser_media;teaser_overlay;teaser_toolbar,,
https://www.skoda-storyboard.com/en/press-releases/skoda-popular-automotive-icon-celebrated-first-rally-success-80-years-ago/,MR,press_release,press_release,200,card_teaser;carousel_rails;cover_box;downloads;gallery_lightbox;promo_banner;tags;two_column,cover_box_dark;teaser_media;teaser_overlay;teaser_toolbar,,
https://www.skoda-storyboard.com/en/press-releases/milestone-skoda-produces-18-millionth-car/,MR,press_release,press_release,200,card_teaser;cover_box;downloads;gallery_lightbox;promo_banner;tags;two_column,cover_box_dark;teaser_media;teaser_overlay;teaser_toolbar,,
https://www.skoda-storyboard.com/en/press-releases/record-breaking-2015-skoda-delivers-1-06-million-cars-to-customers/,MR,press_release,press_release,200,card_teaser;carousel_rails;cover_box;downloads;gallery_lightbox;promo_banner;tags;two_column,cover_box_dark;teaser_media;teaser_overlay;teaser_toolbar,,
https://www.skoda-storyboard.com/en/press-releases/connected-car-award-for-skoda-smartgate/,MR,press_release,press_release,200,card_teaser;cover_box;downloads;gallery_lightbox;promo_banner;tags;two_column,cover_box_dark;teaser_media;teaser_overlay;teaser_toolbar,,
https://www.skoda-storyboard.com/en/press-releases/skoda-kicks-off-the-2016-motorsport-year-with-the-wrc-2-event-in-sweden/,MR,press_release,press_release,200,card_teaser;cover_box;downloads;gallery_lightbox;promo_banner;tags;two_column,cover_box_dark;teaser_media;teaser_overlay;teaser_toolbar,,
https://www.skoda-storyboard.com/en/press-releases/warm-safe-clever-skoda-auxiliary-heating-systems/,MR,press_release,press_release,200,card_teaser;carousel_rails;cover_box;downloads;gallery_lightbox;promo_banner;tags;two_column,cover_box_dark;teaser_media;teaser_overlay;teaser_toolbar,,
https://www.skoda-storyboard.com/en/press-releases/seven-million-manual-gearboxes-produced-in-mlada-boleslav/,MR,press_release,press_release,200,card_teaser;cover_box;downloads;gallery_lightbox;promo_banner;tags;two_column,cover_box_dark;teaser_media;teaser_overlay;teaser_toolbar,,
https://www.skoda-storyboard.com/en/press-releases/seeing-through-the-winter-new-skoda-superb-dynamic-light-features/,MR,press_release,press_release,200,card_teaser;carousel_rails;cover_box;downloads;gallery_lightbox;promo_banner;tags;two_column,cover_box_dark;teaser_media;teaser_overlay;teaser_toolbar,,
https://www.skoda-storyboard.com/en/press-releases/skoda-120-years-of-passion-for-mobility/,MR,press_release,press_release,200,card_teaser;cover_box;downloads;gallery_lightbox;promo_banner;tags;two_column,cover_box_dark;teaser_media;teaser_overlay;teaser_toolbar,,
https://www.skoda-storyboard.com/en/press-releases/christian-strube-new-board-member-for-technical-development-at-skoda-auto/,MR,press_release,press_release,200,card_teaser;cover_box;downloads;gallery_lightbox;promo_banner;tags;two_column,cover_box_dark;teaser_media;teaser_overlay;teaser_toolbar,,
https://www.skoda-storyboard.com/en/press-releases/dealer-rebranding-in-record-time-1500-skoda-dealerships-now-feature-new-corporate-design/,MR,press_release,press_release,200,card_teaser;cover_box;downloads;gallery_lightbox;promo_banner;tags;two_column,cover_box_dark;teaser_media;teaser_overlay;teaser_toolbar,,
https://www.skoda-storyboard.com/en/press-releases/skoda-in-november-deliveries-remain-at-a-high-level/,MR,press_release,press_release,200,card_teaser;carousel_rails;cover_box;downloads;gallery_lightbox;promo_banner;tags;two_column,cover_box_dark;teaser_media;teaser_overlay;teaser_toolbar,,
https://www.skoda-storyboard.com/en/press-releases/international-automobile-federation-fia-honours-skodas-aprc-champions/,MR,press_release,press_release,200,card_teaser;cover_box;downloads;gallery_lightbox;promo_banner;tags;two_column,cover_box_dark;teaser_media;teaser_overlay;teaser_toolbar,,
https://www.skoda-storyboard.com/en/press-releases/new-co-driver-for-skoda-works-driver-pontus-tidemand/,MR,press_release,press_release,200,card_teaser;cover_box;downloads;gallery_lightbox;promo_banner;tags;two_column,cover_box_dark;teaser_media;teaser_overlay;teaser_toolbar,,
https://www.skoda-storyboard.com/en/press-releases/well-equipped-this-winter-attractive-skoda-accessories-for-cold-season/,MR,press_release,press_release,200,card_teaser;cover_box;downloads;gallery_lightbox;promo_banner;tags;two_column,cover_box_dark;teaser_media;teaser_overlay;teaser_toolbar,,
https://www.skoda-storyboard.com/en/press-releases/heart-skoda-production-12-million-cars-produced-mlada-boleslav-plant/,MR,press_release,press_release,200,card_teaser;cover_box;downloads;gallery_lightbox;promo_banner;tags;two_column,cover_box_dark;teaser_media;teaser_overlay;teaser_toolbar,,
https://www.skoda-storyboard.com/en/press-releases/china-visit-prime-minister-sobotka-visits-skoda-production-anting-2/,MR,press_release,press_release,200,card_teaser;cover_box;downloads;gallery_lightbox;promo_banner;tags;two_column,cover_box_dark;teaser_media;teaser_overlay;teaser_toolbar,,
https://www.skoda-storyboard.com/en/press-releases/china-visit-prime-minister-sobotka-visits-skoda-production-in-anting/,MR,press_release,press_release,200,card_teaser;cover_box;downloads;gallery_lightbox;promo_banner;tags;two_column,cover_box_dark;teaser_media;teaser_overlay;teaser_toolbar,,
https://www.skoda-storyboard.com/en/press-releases/skoda-vrchlabi-plant-awarded-factory-year-2/,MR,press_release,press_release,200,card_teaser;cover_box;downloads;gallery_lightbox;promo_banner;tags;two_column,cover_box_dark;teaser_media;teaser_overlay;teaser_toolbar,,
https://www.skoda-storyboard.com/en/press-releases/skoda-delivers-88500-vehicles-october-2/,MR,press_release,press_release,200,card_teaser;carousel_rails;cover_box;downloads;gallery_lightbox;promo_banner;tags;two_column,cover_box_dark;teaser_media;teaser_overlay;teaser_toolbar,,
https://www.skoda-storyboard.com/en/press-releases/energy-efficient-innovative-skoda-builds-new-press-shop-mlada-boleslav-2/,MR,press_release,press_release,200,card_teaser;cover_box;downloads;gallery_lightbox;promo_banner;tags;two_column,cover_box_dark;teaser_media;teaser_overlay;teaser_toolbar,,
https://www.skoda-storyboard.com/en/press-releases/bernhard-maier-new-skoda-ceo-2/,MR,press_release,press_release,200,card_teaser;carousel_rails;cover_box;downloads;gallery_lightbox;promo_banner;tags;two_column,cover_box_dark;teaser_media;teaser_overlay;teaser_toolbar,,
https://www.skoda-storyboard.com/en/press-releases/victory-highlight-season-skoda-fabia-r5-delights-debut-china-2/,MR,press_release,press_release,200,card_teaser;cover_box;downloads;gallery_lightbox;promo_banner;tags;two_column,cover_box_dark;teaser_media;teaser_overlay;teaser_toolbar,,
https://www.skoda-storyboard.com/en/press-releases/tidemand-dominates-skoda-fabia-r5-china-2/,MR,press_release,press_release,200,card_teaser;carousel_rails;cover_box;gallery_lightbox;promo_banner;tags;two_column,cover_box_dark;teaser_media;teaser_overlay;teaser_toolbar,,
https://www.skoda-storyboard.com/en/press-releases/new-era-new-skoda-superb-launched-china-2/,MR,press_release,press_release,200,card_teaser;cover_box;downloads;gallery_lightbox;promo_banner;tags;two_column,cover_box_dark;teaser_media;teaser_overlay;teaser_toolbar,,
https://www.skoda-storyboard.com/en/press-releases/skoda-records-profitable-growth-first-nine-months-2015-deliveries-sales-revenue-operating-profit-increase-2/,MR,press_release,press_release,200,card_teaser;carousel_rails;cover_box;downloads;promo_banner;tags;two_column,cover_box_dark;teaser_media;teaser_overlay;teaser_toolbar,,
https://www.skoda-storyboard.com/en/press-releases/successful-compact-suv-500000-skoda-yetis-produced-kvasiny-2/,MR,press_release,press_release,200,card_teaser;cover_box;downloads;gallery_lightbox;promo_banner;tags;two_column,cover_box_dark;teaser_media;teaser_overlay;teaser_toolbar,,
https://www.skoda-storyboard.com/en/press-releases/skoda-celebrates-110-years-automobile-production-mlada-boleslav-2/,MR,press_release,press_release,200,card_teaser;cover_box;downloads;gallery_lightbox;promo_banner;tags;two_column,cover_box_dark;teaser_media;teaser_overlay;teaser_toolbar,,
https://www.skoda-storyboard.com/en/press-releases/skoda-celebrates-title-treble-core-market-china-2/,MR,press_release,press_release,200,card_teaser;carousel_rails;cover_box;downloads;promo_banner;tags;two_column,cover_box_dark;teaser_media;teaser_overlay;teaser_toolbar,,
https://www.skoda-storyboard.com/en/press-releases/rally-spain-skoda-claims-one-two-tidemand-kopecky-2/,MR,press_release,press_release,200,card_teaser;carousel_rails;cover_box;downloads;gallery_lightbox;promo_banner;tags;two_column,cover_box_dark;teaser_media;teaser_overlay;teaser_toolbar,,
https://www.skoda-storyboard.com/en/press-releases/skoda-remains-course-victory-rally-spain-2/,MR,press_release,press_release,200,card_teaser;carousel_rails;cover_box;downloads;gallery_lightbox;promo_banner;tags;two_column,cover_box_dark;teaser_media;teaser_overlay;teaser_toolbar,,
https://www.skoda-storyboard.com/en/press-releases/perfect-start-one-two-three-lead-skoda-rally-spain-2/,MR,press_release,press_release,200,card_teaser;carousel_rails;cover_box;downloads;gallery_lightbox;promo_banner;tags;two_column,cover_box_dark;teaser_media;teaser_overlay;teaser_toolbar,,
https://www.skoda-storyboard.com/en/press-releases/rally-spain-full-speed-towards-title-three-skoda-fabia-r5-works-cars-2/,MR,press_release,press_release,200,card_teaser;cover_box;downloads;promo_banner;tags;two_column,cover_box_dark;teaser_media;teaser_overlay;teaser_toolbar,,
https://www.skoda-storyboard.com/en/press-releases/prof-dr-winfried-vahland-leaves-volkswagen-group/,MR,press_release,press_release,200,card_teaser;carousel_rails;cover_box;downloads;gallery_lightbox;promo_banner;tags;two_column,cover_box_dark;teaser_media;teaser_overlay;teaser_toolbar,,
https://www.skoda-storyboard.com/en/press-releases/skoda-september-93600-deliveries-2/,MR,press_release,press_release,200,card_teaser;carousel_rails;cover_box;downloads;promo_banner;tags;two_column,cover_box_dark;teaser_media;teaser_overlay;teaser_toolbar,,
https://www.skoda-storyboard.com/en/press-releases/second-place-corsica-lappi-continues-skodas-run-success-wrc-2-2/,MR,press_release,press_release,200,card_teaser;cover_box;downloads;gallery_lightbox;promo_banner;tags;two_column,cover_box_dark;teaser_media;teaser_overlay;teaser_toolbar,,
https://www.skoda-storyboard.com/en/press-releases/wrc-2-lappi-second-place-ahead-final-day-rally-corsica-2/,MR,press_release,press_release,200,card_teaser;carousel_rails;cover_box;downloads;gallery_lightbox;promo_banner;tags;two_column,cover_box_dark;teaser_media;teaser_overlay;teaser_toolbar,,
https://www.skoda-storyboard.com/en/press-releases/skoda-driver-lappi-ends-weather-dominated-opening-day-third-place-corsica-2/,MR,press_release,press_release,200,card_teaser;carousel_rails;cover_box;downloads;gallery_lightbox;promo_banner;tags;two_column,cover_box_dark;teaser_media;teaser_overlay;teaser_toolbar,,
https://www.skoda-storyboard.com/en/press-releases/rally-corsica-skoda-fabia-r5-continue-winning-run-wrc-2-2/,MR,press_release,press_release,200,card_teaser;cover_box;downloads;promo_banner;tags;two_column,cover_box_dark;teaser_media;teaser_overlay;teaser_toolbar,,
https://www.skoda-storyboard.com/en/press-releases/technician-mobility-pioneer-entrepreneur-150th-birthday-company-founding-father-vaclav-laurin-2/,MR,press_release,press_release,200,card_teaser;carousel_rails;cover_box;downloads;gallery_lightbox;promo_banner;tags;two_column,cover_box_dark;teaser_media;teaser_overlay;teaser_toolbar,,
https://www.skoda-storyboard.com/en/press-releases/change-skoda-board-management-2/,MR,press_release,press_release,200,card_teaser;carousel_rails;cover_box;downloads;gallery_lightbox;promo_banner;tags;two_column,cover_box_dark;teaser_media;teaser_overlay;teaser_toolbar,,
https://www.skoda-storyboard.com/en/press-releases/skoda-octavia-rs-now-wheel-drive-six-speed-dsg-2/,MR,press_release,press_release,200,card_teaser;carousel_rails;cover_box;downloads;gallery_lightbox;promo_banner;tags;two_column,cover_box_dark;teaser_media;teaser_overlay;teaser_toolbar,,
https://www.skoda-storyboard.com/en/press-releases/motor-show-premiere-new-skoda-superb-combi-frankfurt-motor-show-marcel-kittel-2/,MR,press_release,press_release,200,card_teaser;gallery_lightbox;promo_banner;tags;two_column,teaser_media;teaser_overlay,,
https://www.skoda-storyboard.com/en/press-releases/superbs-sporty-side-skoda-superb-combi-sportline-debut-eve-iaa-2/,MR,press_release,press_release,200,card_teaser;carousel_rails;cover_box;downloads;gallery_lightbox;promo_banner;tags;two_column,cover_box_dark;teaser_media;teaser_overlay;teaser_toolbar,,
https://www.skoda-storyboard.com/en/press-releases/milestone-1000-skoda-dealerships-new-corporate-design-2/,MR,press_release,press_release,200,card_teaser;carousel_rails;cover_box;downloads;gallery_lightbox;promo_banner;tags;two_column,cover_box_dark;teaser_media;teaser_overlay;teaser_toolbar,,
https://www.skoda-storyboard.com/en/press-releases/skoda-delivers-70700-vehicles-august-2/,MR,press_release,press_release,200,card_teaser;carousel_rails;cover_box;downloads;promo_banner;tags;two_column,cover_box_dark;teaser_media;teaser_overlay;teaser_toolbar,,
https://www.skoda-storyboard.com/en/press-releases/skoda-delivers-70700-vehicles-in-august/,MR,press_release,press_release,200,card_teaser;cover_box;downloads;gallery_lightbox;promo_banner;two_column,cover_box_dark;teaser_media;teaser_overlay;teaser_toolbar,,
https://www.skoda-storyboard.com/en/press-releases/skoda-passion-frankfurt-motor-show-2015-2/,MR,press_release,press_release,200,card_teaser;cover_box;downloads;gallery_lightbox;promo_banner;tags;two_column,cover_box_dark;teaser_media;teaser_overlay;teaser_toolbar,,
https://www.skoda-storyboard.com/en/press-releases/jan-kopecky-wins-czech-championship-title-in-the-skoda-fabia-r5/,MR,press_release,press_release,200,card_teaser;cover_box;downloads;gallery_lightbox;promo_banner;tags;two_column,cover_box_dark;teaser_media;teaser_overlay;teaser_toolbar,,
https://www.skoda-storyboard.com/en/press-releases/jan-kopecky-wins-czech-championship-title-skoda-fabia-r5-3/,MR,press_release,press_release,200,card_teaser;cover_box;downloads;gallery_lightbox;promo_banner;tags;two_column,cover_box_dark;teaser_media;teaser_overlay;teaser_toolbar,,
https://www.skoda-storyboard.com/en/press-releases/kopecky-dominates-europes-best-in-the-skoda-fabia-r5/,MR,press_release,press_release,200,card_teaser;carousel_rails;cover_box;downloads;gallery_lightbox;promo_banner;tags;two_column,cover_box_dark;teaser_media;teaser_overlay;teaser_toolbar,,
https://www.skoda-storyboard.com/en/press-releases/kopecky-dominates-europes-best-skoda-fabia-r5-2/,MR,press_release,press_release,200,card_teaser;carousel_rails;cover_box;gallery_lightbox;promo_banner;tags;two_column,cover_box_dark;teaser_media;teaser_overlay;teaser_toolbar,,
https://www.skoda-storyboard.com/en/press-releases/hamburg-berlin-klassik-five-skoda-classics-northern-rally-2/,MR,press_release,press_release,200,card_teaser;carousel_rails;cover_box;downloads;gallery_lightbox;promo_banner;tags;two_column,cover_box_dark;teaser_media;teaser_overlay;teaser_toolbar,,
https://www.skoda-storyboard.com/en/press-releases/new-skoda-superb-greenline-1780-km-single-tank-2/,MR,press_release,press_release,200,card_teaser;cover_box;downloads;gallery_lightbox;promo_banner;tags;two_column,cover_box_dark;teaser_media;teaser_overlay;teaser_toolbar,,
https://www.skoda-storyboard.com/en/press-releases/rally-zlin-kopecky-wrap-first-title-skoda-works-team-fabia-r5-2/,MR,press_release,press_release,200,card_teaser;cover_box;downloads;gallery_lightbox;promo_banner;tags;two_column,cover_box_dark;teaser_media;teaser_overlay;teaser_toolbar,,
https://www.skoda-storyboard.com/en/press-releases/skoda-flagship-awarded-best-best-german-design-award-council-2/,MR,press_release,press_release,200,card_teaser;carousel_rails;cover_box;downloads;promo_banner;tags;two_column,cover_box_dark;teaser_media;teaser_overlay;teaser_toolbar,,
https://www.skoda-storyboard.com/en/press-releases/skoda-deliveries-july-stable-high-2/,MR,press_release,press_release,200,card_teaser;carousel_rails;cover_box;downloads;gallery_lightbox;promo_banner;tags;two_column,cover_box_dark;teaser_media;teaser_overlay;teaser_toolbar,,
https://www.skoda-storyboard.com/en/press-releases/kopecky-clinches-hat-trick-wins-skoda-fabia-r5-wrc-2-2/,MR,press_release,press_release,200,card_teaser;cover_box;downloads;gallery_lightbox;promo_banner;tags;two_column,cover_box_dark;teaser_media;teaser_overlay;teaser_toolbar,,
https://www.skoda-storyboard.com/en/press-releases/enthusiasm-cycling-skoda-sponsoring-vuelta-tour-spain-2/,MR,press_release,press_release,200,card_teaser;cover_box;downloads;promo_banner;tags;two_column,cover_box_dark;teaser_media;teaser_overlay;teaser_toolbar,,
https://www.skoda-storyboard.com/en/press-releases/skoda-driver-kopecky-extends-lead-rally-germany-2/,MR,press_release,press_release,200,card_teaser;carousel_rails;cover_box;downloads;gallery_lightbox;promo_banner;tags;two_column,cover_box_dark;teaser_media;teaser_overlay;teaser_toolbar,,
https://www.skoda-storyboard.com/en/press-releases/rally-germany-jan-kopecky-leads-wrc-2-skoda-fabia-r5-2/,MR,press_release,press_release,200,card_teaser;carousel_rails;cover_box;downloads;gallery_lightbox;promo_banner;tags;two_column,cover_box_dark;teaser_media;teaser_overlay;teaser_toolbar,,
https://www.skoda-storyboard.com/en/press-releases/skoda-employee-donations-millions-for-charity/,MR,press_release,press_release,200,card_teaser;carousel_rails;cover_box;downloads;promo_banner;tags;two_column,cover_box_dark;teaser_media;teaser_overlay;teaser_toolbar,,
https://www.skoda-storyboard.com/en/press-releases/skoda-dependable-car-brand-great-britain-2/,MR,press_release,press_release,200,card_teaser;cover_box;downloads;promo_banner;tags;two_column,cover_box_dark;teaser_media;teaser_overlay;teaser_toolbar,,
https://www.skoda-storyboard.com/en/press-releases/rally-germany-skoda-power-five-fabia-r5s-2/,MR,press_release,press_release,200,card_teaser;cover_box;downloads;promo_banner;tags;two_column,cover_box_dark;teaser_media;teaser_overlay;teaser_toolbar,,
https://www.skoda-storyboard.com/en/press-releases/skoda-production-full-swing-factory-holiday-2/,MR,press_release,press_release,200,card_teaser;carousel_rails;cover_box;gallery_lightbox;promo_banner;tags;two_column,cover_box_dark;teaser_media;teaser_overlay;teaser_toolbar,,
https://www.skoda-storyboard.com/en/press-releases/iconic-cars-iconic-rally-six-skodas-take-places-sachsen-classic-2015-2/,MR,press_release,press_release,200,card_teaser;carousel_rails;cover_box;downloads;gallery_lightbox;promo_banner;tags;two_column,cover_box_dark;teaser_media;teaser_overlay;teaser_toolbar,,
https://www.skoda-storyboard.com/en/press-releases/skoda-health-insurance-2015-number-one-czech-republic-2/,MR,press_release,press_release,200,card_teaser;cover_box;downloads;gallery_lightbox;promo_banner;tags;two_column,cover_box_dark;teaser_media;teaser_overlay;teaser_toolbar,,
https://www.skoda-storyboard.com/en/press-releases/the-new-skoda-superb-concert-hall-on-wheels/,MR,press_release,press_release,200,card_teaser;cover_box;downloads;gallery_lightbox;promo_banner;tags;two_column,cover_box_dark;teaser_media;teaser_overlay;teaser_toolbar,,
https://www.skoda-storyboard.com/en/press-releases/new-skoda-superb-concert-hall-wheels-2/,MR,press_release,press_release,200,card_teaser;cover_box;downloads;gallery_lightbox;promo_banner;tags;two_column,cover_box_dark;teaser_media;teaser_overlay;teaser_toolbar,,
https://www.skoda-storyboard.com/en/skodapedia/trained-parking-2/,MR,skodapedia_archive,skodapedia,200,skodapedia,teaser_overlay,,
https://www.skoda-storyboard.com/en/skodapedia/recytitan/,MR,skodapedia_archive,skodapedia,200,skodapedia,teaser_overlay,,
https://www.skoda-storyboard.com/en/skodapedia/smart-dials/,MR,skodapedia_archive,skodapedia,200,skodapedia,teaser_overlay,,
https://www.skoda-storyboard.com/en/skodapedia/connecting-cable-with-mennekes-connector/,MR,skodapedia_archive,skodapedia,200,skodapedia,teaser_overlay,,
https://www.skoda-storyboard.com/en/skodapedia/connecting-cable-with-ccs-connector/,MR,skodapedia_archive,skodapedia,200,skodapedia,teaser_overlay,,
https://www.skoda-storyboard.com/en/skodapedia/online-personalisation/,MR,skodapedia_archive,skodapedia,200,skodapedia,teaser_overlay,,
https://www.skoda-storyboard.com/en/skodapedia/car-access/,MR,skodapedia_archive,skodapedia,200,skodapedia,teaser_overlay,,
https://www.skoda-storyboard.com/en/skodapedia/skoda-id/,MR,skodapedia_archive,skodapedia,200,skodapedia,teaser_overlay,,
https://www.skoda-storyboard.com/en/skodapedia/park-assist/,MR,skodapedia_archive,skodapedia,200,skodapedia,teaser_overlay,,
https://www.skoda-storyboard.com/en/skodapedia/intelligent-park-assist/,MR,skodapedia_archive,skodapedia,200,skodapedia,teaser_overlay,,
https://www.skoda-storyboard.com/en/skodapedia/plug-charge/,MR,skodapedia_archive,skodapedia,200,skodapedia,teaser_overlay,,
https://www.skoda-storyboard.com/en/skodapedia/crystal-face/,MR,skodapedia_archive,skodapedia,200,skodapedia,teaser_overlay,,
https://www.skoda-storyboard.com/en/skodapedia/heat-pump/,MR,skodapedia_archive,skodapedia,200,skodapedia,teaser_overlay,,
https://www.skoda-storyboard.com/en/skodapedia/care-connect-services/,MR,skodapedia_archive,skodapedia,200,skodapedia,teaser_overlay,,
https://www.skoda-storyboard.com/en/skodapedia/adaptive-lane-guidance/,MR,skodapedia_archive,skodapedia,200,skodapedia,teaser_overlay,,
https://www.skoda-storyboard.com/en/skodapedia/iv-portable-charger/,MR,skodapedia_archive,skodapedia,200,skodapedia,teaser_overlay,,
https://www.skoda-storyboard.com/en/skodapedia/travel-assist-2-5/,MR,skodapedia_archive,skodapedia,200,skodapedia,teaser_overlay,,
https://www.skoda-storyboard.com/en/skodapedia/remote-charging/,MR,skodapedia_archive,skodapedia,200,skodapedia,teaser_overlay,,
https://www.skoda-storyboard.com/en/skodapedia/storage-space-under-the-centre-console-11-4-l/,MR,skodapedia_archive,skodapedia,200,skodapedia,teaser_overlay,,
https://www.skoda-storyboard.com/en/skodapedia/tech-deck-face/,MR,skodapedia_archive,skodapedia,200,skodapedia,teaser_overlay,,
https://www.skoda-storyboard.com/en/skodapedia/storage-compartment-in-the-tunnel-in-front-of-the-rear-seats/,MR,skodapedia_archive,skodapedia,200,skodapedia,teaser_overlay,,
https://www.skoda-storyboard.com/en/skodapedia/trained-park-assist/,MR,skodapedia_archive,skodapedia,200,skodapedia,teaser_overlay,,
https://www.skoda-storyboard.com/en/skodapedia/me3/,MR,skodapedia_archive,skodapedia,200,skodapedia,teaser_overlay,,
https://www.skoda-storyboard.com/en/skodapedia/skoda-wallbox-skoda-iv-charger/,MR,skodapedia_archive,skodapedia,200,skodapedia,teaser_overlay,,
https://www.skoda-storyboard.com/en/skodapedia/powerpass/,MR,skodapedia_archive,skodapedia,200,skodapedia,teaser_overlay,,
https://www.skoda-storyboard.com/en/skodapedia/myskoda-app-formerly-skoda-connect-app/,MR,skodapedia_archive,skodapedia,200,skodapedia,teaser_overlay,,
https://www.skoda-storyboard.com/en/skodapedia/mirrorlink/,MR,skodapedia_archive,skodapedia,200,skodapedia,teaser_overlay,,
https://www.skoda-storyboard.com/en/skodapedia/trained-parking/,MR,skodapedia_archive,skodapedia,200,skodapedia,teaser_overlay,,
https://www.skoda-storyboard.com/en/skodapedia/remote-parking/,MR,skodapedia_archive,skodapedia,200,skodapedia,teaser_overlay,,
https://www.skoda-storyboard.com/en/skodapedia/coming-leaving-home/,MR,skodapedia_archive,skodapedia,200,skodapedia,teaser_overlay,,
https://www.skoda-storyboard.com/en/skodapedia/recuperation/,MR,skodapedia_archive,skodapedia,200,skodapedia,teaser_overlay,,
https://www.skoda-storyboard.com/en/skodapedia/travel-assist-2-0/,MR,skodapedia_archive,skodapedia,200,skodapedia,teaser_overlay,,
https://www.skoda-storyboard.com/en/skodapedia/meb-modular-electric-drive-matrix/,MR,skodapedia_archive,skodapedia,200,skodapedia,teaser_overlay,,
https://www.skoda-storyboard.com/en/skodapedia/ergonomic-seats/,MR,skodapedia_archive,skodapedia,200,skodapedia,teaser_overlay,,
https://www.skoda-storyboard.com/en/skodapedia/boot-nets-with-comfortable-net-opening-sigmaquick/,MR,skodapedia_archive,skodapedia,200,skodapedia,teaser_overlay,,
https://www.skoda-storyboard.com/en/skodapedia/storage-compartment-in-the-front-doors-with-umbrella-or-hand-brush/,MR,skodapedia_archive,skodapedia,200,skodapedia,teaser_overlay,,
https://www.skoda-storyboard.com/en/skodapedia/adblue-comfortable-refuelling-also-from-a-truck-nozzle/,MR,skodapedia_archive,skodapedia,200,skodapedia,teaser_overlay,,
https://www.skoda-storyboard.com/en/skodapedia/two-smartphone-storage-pockets-on-the-front-seatbacks/,MR,skodapedia_archive,skodapedia,200,skodapedia,teaser_overlay,,
https://www.skoda-storyboard.com/en/skodapedia/hands-on-detection/,MR,skodapedia_archive,skodapedia,200,skodapedia,teaser_overlay,,
https://www.skoda-storyboard.com/en/skodapedia/local-traffic-warning/,MR,skodapedia_archive,skodapedia,200,skodapedia,teaser_overlay,,
https://www.skoda-storyboard.com/en/skodapedia/exit-warning/,MR,skodapedia_archive,skodapedia,200,skodapedia,teaser_overlay,,
https://www.skoda-storyboard.com/en/skodapedia/turn-assist/,MR,skodapedia_archive,skodapedia,200,skodapedia,teaser_overlay,,
https://www.skoda-storyboard.com/en/skodapedia/collision-avoidance-assist/,MR,skodapedia_archive,skodapedia,200,skodapedia,teaser_overlay,,
https://www.skoda-storyboard.com/en/skodapedia/shift-by-wire-technology/,MR,skodapedia_archive,skodapedia,200,skodapedia,teaser_overlay,,
https://www.skoda-storyboard.com/en/skodapedia/head-up-display/,MR,skodapedia_archive,skodapedia,200,skodapedia,teaser_overlay,,
https://www.skoda-storyboard.com/en/skodapedia/bag-hook-on-the-glove-compartment-2/,MR,skodapedia_archive,skodapedia,200,skodapedia,teaser_overlay,,
https://www.skoda-storyboard.com/en/skodapedia/bi-xenon-headlights-with-afs/,MR,skodapedia_archive,skodapedia,200,skodapedia,teaser_overlay,,
https://www.skoda-storyboard.com/en/skodapedia/skoda-digital-assistant-laura/,MR,skodapedia_archive,skodapedia,200,skodapedia,teaser_overlay,,
https://www.skoda-storyboard.com/en/skodapedia/flexible-organiser/,MR,skodapedia_archive,skodapedia,200,skodapedia,teaser_overlay,,
https://www.skoda-storyboard.com/en/skodapedia/space-organiser/,MR,skodapedia_archive,skodapedia,200,skodapedia,teaser_overlay,,
https://www.skoda-storyboard.com/en/skodapedia/predictive-cruise-control/,MR,skodapedia_archive,skodapedia,200,skodapedia,teaser_overlay,,
https://www.skoda-storyboard.com/en/skodapedia/full-led-matrix-headlights/,MR,skodapedia_archive,skodapedia,200,skodapedia,teaser_overlay,,
https://www.skoda-storyboard.com/en/skodapedia/isofix-anchors/,MR,skodapedia_archive,skodapedia,200,skodapedia,teaser_overlay,,
https://www.skoda-storyboard.com/en/skodapedia/front-passenger-seat-electrically-adjusted-from-the-rear/,MR,skodapedia_archive,skodapedia,200,skodapedia,teaser_overlay,,
https://www.skoda-storyboard.com/en/skodapedia/tablet-holder-in-the-rear/,MR,skodapedia_archive,skodapedia,200,skodapedia,teaser_overlay,,
https://www.skoda-storyboard.com/en/skodapedia/net-at-the-bottom-of-the-luggage-compartment-cover/,MR,skodapedia_archive,skodapedia,200,skodapedia,teaser_overlay,,
https://www.skoda-storyboard.com/en/skodapedia/boot-barrier-net/,MR,skodapedia_archive,skodapedia,200,skodapedia,teaser_overlay,,
https://www.skoda-storyboard.com/en/skodapedia/socket-230-v-in-the-rear/,MR,skodapedia_archive,skodapedia,200,skodapedia,teaser_overlay,,
https://www.skoda-storyboard.com/en/skodapedia/parking-position-for-the-rear-seatbelts/,MR,skodapedia_archive,skodapedia,200,skodapedia,teaser_overlay,,
https://www.skoda-storyboard.com/en/skodapedia/fold-down-rear-centre-armrest-with-cup-holders/,MR,skodapedia_archive,skodapedia,200,skodapedia,teaser_overlay,,
https://www.skoda-storyboard.com/en/skodapedia/folding-tray-tables-on-the-front-seatbacks/,MR,skodapedia_archive,skodapedia,200,skodapedia,teaser_overlay,,
https://www.skoda-storyboard.com/en/skodapedia/waste-bin-in-the-door-trim/,MR,skodapedia_archive,skodapedia,200,skodapedia,teaser_overlay,,
https://www.skoda-storyboard.com/en/skodapedia/misfuel-protection/,MR,skodapedia_archive,skodapedia,200,skodapedia,teaser_overlay,,
https://www.skoda-storyboard.com/en/skodapedia/roof-rack-compartment/,MR,skodapedia_archive,skodapedia,200,skodapedia,teaser_overlay,,
https://www.skoda-storyboard.com/en/skodapedia/retractable-sun-blinds-for-the-rear-side-windows/,MR,skodapedia_archive,skodapedia,200,skodapedia,teaser_overlay,,
https://www.skoda-storyboard.com/en/skodapedia/mechanical-sun-visor-for-the-rear-window/,MR,skodapedia_archive,skodapedia,200,skodapedia,teaser_overlay,,
https://www.skoda-storyboard.com/en/skodapedia/multifunction-storage-pocket/,MR,skodapedia_archive,skodapedia,200,skodapedia,teaser_overlay,,
https://www.skoda-storyboard.com/en/skodapedia/cargo-fasteners-in-the-boot-storage-compartments-under-the-boot-floor/,MR,skodapedia_archive,skodapedia,200,skodapedia,teaser_overlay,,
https://www.skoda-storyboard.com/en/skodapedia/cargo-fasteners-in-the-boot-side-storage-compartments/,MR,skodapedia_archive,skodapedia,200,skodapedia,teaser_overlay,,
https://www.skoda-storyboard.com/en/skodapedia/double-sided-boot-liner/,MR,skodapedia_archive,skodapedia,200,skodapedia,teaser_overlay,,
https://www.skoda-storyboard.com/en/skodapedia/high-vis-vest-storage-in-every-door/,MR,skodapedia_archive,skodapedia,200,skodapedia,teaser_overlay,,
https://www.skoda-storyboard.com/en/skodapedia/high-vis-vest-holder-under-the-drivers-seat/,MR,skodapedia_archive,skodapedia,200,skodapedia,teaser_overlay,,
https://www.skoda-storyboard.com/en/skodapedia/integrated-funnel-in-the-lid-of-the-windscreen-washer-tank/,MR,skodapedia_archive,skodapedia,200,skodapedia,teaser_overlay,,
https://www.skoda-storyboard.com/en/skodapedia/ice-scraper-in-the-fuel-filler-flap-with-a-tyre-tread-depth-gauge/,MR,skodapedia_archive,skodapedia,200,skodapedia,teaser_overlay,,
https://www.skoda-storyboard.com/en/skodapedia/adjustable-false-boot-floor/,MR,skodapedia_archive,skodapedia,200,skodapedia,teaser_overlay,,
https://www.skoda-storyboard.com/en/skodapedia/pen-holder/,MR,skodapedia_archive,skodapedia,200,skodapedia,teaser_overlay,,
https://www.skoda-storyboard.com/en/skodapedia/bag-hook-on-the-glove-compartment/,MR,skodapedia_archive,skodapedia,200,skodapedia,teaser_overlay,,
https://www.skoda-storyboard.com/en/skodapedia/storage-nets-on-the-inside-edges-of-the-front-seats/,MR,skodapedia_archive,skodapedia,200,skodapedia,teaser_overlay,,
https://www.skoda-storyboard.com/en/skodapedia/electric-tailgate-incl-tip-to-close-function/,MR,skodapedia_archive,skodapedia,200,skodapedia,teaser_overlay,,
https://www.skoda-storyboard.com/en/skodapedia/removable-and-retractable-load-cover/,MR,skodapedia_archive,skodapedia,200,skodapedia,teaser_overlay,,
https://www.skoda-storyboard.com/en/skodapedia/automatic-retractable-load-cover/,MR,skodapedia_archive,skodapedia,200,skodapedia,teaser_overlay,,
https://www.skoda-storyboard.com/en/skodapedia/horizontal-middle-positioning-of-the-parcel-shelf/,MR,skodapedia_archive,skodapedia,200,skodapedia,teaser_overlay,,
https://www.skoda-storyboard.com/en/skodapedia/vertical-positioning-of-the-parcel-shelf-behind-rear-seats/,MR,skodapedia_archive,skodapedia,200,skodapedia,teaser_overlay,,
https://www.skoda-storyboard.com/en/skodapedia/holder-for-a-1-0-litre-bottle-in-the-glove-compartment/,MR,skodapedia_archive,skodapedia,200,skodapedia,teaser_overlay,,
https://www.skoda-storyboard.com/en/skodapedia/holders-for-0-5-litre-bottles-in-the-rear-doors/,MR,skodapedia_archive,skodapedia,200,skodapedia,teaser_overlay,,
https://www.skoda-storyboard.com/en/skodapedia/holders-for-1-5-litre-bottles-in-the-front-doors/,MR,skodapedia_archive,skodapedia,200,skodapedia,teaser_overlay,,
https://www.skoda-storyboard.com/en/skodapedia/boot-nets/,MR,skodapedia_archive,skodapedia,200,skodapedia,teaser_overlay,,
https://www.skoda-storyboard.com/en/skodapedia/storage-net-on-the-passenger-side-of-the-centre-console/,MR,skodapedia_archive,skodapedia,200,skodapedia,teaser_overlay,,
https://www.skoda-storyboard.com/en/skodapedia/flexible-storage-compartment-in-the-boot/,MR,skodapedia_archive,skodapedia,200,skodapedia,teaser_overlay,,
https://www.skoda-storyboard.com/en/skodapedia/b-pillar-hooks/,MR,skodapedia_archive,skodapedia,200,skodapedia,teaser_overlay,,
https://www.skoda-storyboard.com/en/skodapedia/ticket-holder-on-the-a-pillar-on-the-drivers-side/,MR,skodapedia_archive,skodapedia,200,skodapedia,teaser_overlay,,
https://www.skoda-storyboard.com/en/skodapedia/bungee-cord-in-the-door-trim/,MR,skodapedia_archive,skodapedia,200,skodapedia,teaser_overlay,,
https://www.skoda-storyboard.com/en/skodapedia/retractable-tow-bar/,MR,skodapedia_archive,skodapedia,200,skodapedia,teaser_overlay,,
https://www.skoda-storyboard.com/en/skodapedia/electric-child-safety-lock/,MR,skodapedia_archive,skodapedia,200,skodapedia,teaser_overlay,,
https://www.skoda-storyboard.com/en/skodapedia/door-edge-protection/,MR,skodapedia_archive,skodapedia,200,skodapedia,teaser_overlay,,
https://www.skoda-storyboard.com/en/skodapedia/removable-led-torch-in-the-boot/,MR,skodapedia_archive,skodapedia,200,skodapedia,teaser_overlay,,
https://www.skoda-storyboard.com/en/skodapedia/folding-backrest-of-the-front-passenger-seat/,MR,skodapedia_archive,skodapedia,200,skodapedia,teaser_overlay,,
https://www.skoda-storyboard.com/en/skodapedia/sleep-package/,MR,skodapedia_archive,skodapedia,200,skodapedia,teaser_overlay,,
https://www.skoda-storyboard.com/en/skodapedia/umbrella-compartment-incl-umbrella-in-the-drivers-door/,MR,skodapedia_archive,skodapedia,200,skodapedia,teaser_overlay,,
https://www.skoda-storyboard.com/en/skodapedia/umbrella-holder-under-the-front-passenger-seat-incl-umbrella/,MR,skodapedia_archive,skodapedia,200,skodapedia,teaser_overlay,,
https://www.skoda-storyboard.com/en/skodapedia/umbrella-compartments-incl-umbrellas-in-both-front-doors/,MR,skodapedia_archive,skodapedia,200,skodapedia,teaser_overlay,,
https://www.skoda-storyboard.com/en/skodapedia/easy-open-cup-holder/,MR,skodapedia_archive,skodapedia,200,skodapedia,teaser_overlay,,
https://www.skoda-storyboard.com/en/skodapedia/multimedia-holder/,MR,skodapedia_archive,skodapedia,200,skodapedia,teaser_overlay,,
https://www.skoda-storyboard.com/en/skodapedia/active-cylinder-technology-act/,MR,skodapedia_archive,skodapedia,200,skodapedia,teaser_overlay,,
https://www.skoda-storyboard.com/en/skodapedia/xds/,MR,skodapedia_archive,skodapedia,200,skodapedia,teaser_overlay,,
https://www.skoda-storyboard.com/en/skodapedia/hill-hold-control/,MR,skodapedia_archive,skodapedia,200,skodapedia,teaser_overlay,,
https://www.skoda-storyboard.com/en/skodapedia/off-road-mode/,MR,skodapedia_archive,skodapedia,200,skodapedia,teaser_overlay,,
https://www.skoda-storyboard.com/en/skodapedia/all-wheel-drive/,MR,skodapedia_archive,skodapedia,200,skodapedia,teaser_overlay,,
https://www.skoda-storyboard.com/en/skodapedia/dsg-transmission/,MR,skodapedia_archive,skodapedia,200,skodapedia,teaser_overlay,,
https://www.skoda-storyboard.com/en/skodapedia/dynamic-chassis-control/,MR,skodapedia_archive,skodapedia,200,skodapedia,teaser_overlay,,
https://www.skoda-storyboard.com/en/skodapedia/drivers-seat-with-massage-function/,MR,skodapedia_archive,skodapedia,200,skodapedia,teaser_overlay,,
https://www.skoda-storyboard.com/en/skodapedia/sport-chassis-control-2/,MR,skodapedia_archive,skodapedia,200,skodapedia,teaser_overlay,,
https://www.skoda-storyboard.com/en/skodapedia/driving-mode-select/,MR,skodapedia_archive,skodapedia,200,skodapedia,teaser_overlay,,
https://www.skoda-storyboard.com/en/skodapedia/skoda-surround-system/,MR,skodapedia_archive,skodapedia,200,skodapedia,teaser_overlay,,
https://www.skoda-storyboard.com/en/skodapedia/sound-system-skoda/,MR,skodapedia_archive,skodapedia,200,skodapedia,teaser_overlay,,
https://www.skoda-storyboard.com/en/skodapedia/sound-system-canton/,MR,skodapedia_archive,skodapedia,200,skodapedia,teaser_overlay,,
https://www.skoda-storyboard.com/en/skodapedia/electromechanical-parking-brake/,MR,skodapedia_archive,skodapedia,200,skodapedia,teaser_overlay,,
https://www.skoda-storyboard.com/en/skodapedia/travel-assist-with-traffic-sign-recognition/,MR,skodapedia_archive,skodapedia,200,skodapedia,teaser_overlay,,
https://www.skoda-storyboard.com/en/skodapedia/personalisation-key-activated-vehicle-settings/,MR,skodapedia_archive,skodapedia,200,skodapedia,teaser_overlay,,
https://www.skoda-storyboard.com/en/skodapedia/cruise-control/,MR,skodapedia_archive,skodapedia,200,skodapedia,teaser_overlay,,
https://www.skoda-storyboard.com/en/skodapedia/speedlimiter-2/,MR,skodapedia_archive,skodapedia,200,skodapedia,teaser_overlay,,
https://www.skoda-storyboard.com/en/skodapedia/maxi-dot-2/,MR,skodapedia_archive,skodapedia,200,skodapedia,teaser_overlay,,
https://www.skoda-storyboard.com/en/skodapedia/kessy-keyless-entry-start-and-exit-system/,MR,skodapedia_archive,skodapedia,200,skodapedia,teaser_overlay,,
https://www.skoda-storyboard.com/en/skodapedia/multifunction-steering-wheel/,MR,skodapedia_archive,skodapedia,200,skodapedia,teaser_overlay,,
https://www.skoda-storyboard.com/en/skodapedia/rear-view-camera/,MR,skodapedia_archive,skodapedia,200,skodapedia,teaser_overlay,,
https://www.skoda-storyboard.com/en/skodapedia/park-distance-control/,MR,skodapedia_archive,skodapedia,200,skodapedia,teaser_overlay,,
https://www.skoda-storyboard.com/en/skodapedia/phone-box-with-inductive-charging/,MR,skodapedia_archive,skodapedia,200,skodapedia,teaser_overlay,,
https://www.skoda-storyboard.com/en/skodapedia/ventilated-front-seats/,MR,skodapedia_archive,skodapedia,200,skodapedia,teaser_overlay,,
https://www.skoda-storyboard.com/en/skodapedia/heated-front-seats/,MR,skodapedia_archive,skodapedia,200,skodapedia,teaser_overlay,,
https://www.skoda-storyboard.com/en/skodapedia/heated-steering-wheel/,MR,skodapedia_archive,skodapedia,200,skodapedia,teaser_overlay,,
https://www.skoda-storyboard.com/en/skodapedia/ambient-lighting/,MR,skodapedia_archive,skodapedia,200,skodapedia,teaser_overlay,,
https://www.skoda-storyboard.com/en/skodapedia/park-assist-3-0/,MR,skodapedia_archive,skodapedia,200,skodapedia,teaser_overlay,,
https://www.skoda-storyboard.com/en/skodapedia/adaptive-cruise-control-acc/,MR,skodapedia_archive,skodapedia,200,skodapedia,teaser_overlay,,
https://www.skoda-storyboard.com/en/skodapedia/climatronic-2/,MR,skodapedia_archive,skodapedia,200,skodapedia,teaser_overlay,,
https://www.skoda-storyboard.com/en/skodapedia/virtual-pedal/,MR,skodapedia_archive,skodapedia,200,skodapedia,teaser_overlay,,
https://www.skoda-storyboard.com/en/skodapedia/side-assist/,MR,skodapedia_archive,skodapedia,200,skodapedia,teaser_overlay,,
https://www.skoda-storyboard.com/en/skodapedia/light-and-rain-assist/,MR,skodapedia_archive,skodapedia,200,skodapedia,teaser_overlay,,
https://www.skoda-storyboard.com/en/skodapedia/city-safe-drive/,MR,skodapedia_archive,skodapedia,200,skodapedia,teaser_overlay,,
https://www.skoda-storyboard.com/en/skodapedia/airbags/,MR,skodapedia_archive,skodapedia,200,skodapedia,teaser_overlay,,
https://www.skoda-storyboard.com/en/skodapedia/auto-light-assist/,MR,skodapedia_archive,skodapedia,200,skodapedia,teaser_overlay,,
https://www.skoda-storyboard.com/en/skodapedia/afs-2/,MR,skodapedia_archive,skodapedia,200,skodapedia,teaser_overlay,,
https://www.skoda-storyboard.com/en/skodapedia/multi-collision-brake/,MR,skodapedia_archive,skodapedia,200,skodapedia,teaser_overlay,,
https://www.skoda-storyboard.com/en/skodapedia/electronic-stability-control-esc/,MR,skodapedia_archive,skodapedia,200,skodapedia,teaser_overlay,,
https://www.skoda-storyboard.com/en/skodapedia/driver-alert/,MR,skodapedia_archive,skodapedia,200,skodapedia,teaser_overlay,,
https://www.skoda-storyboard.com/en/skodapedia/emergency-assist/,MR,skodapedia_archive,skodapedia,200,skodapedia,teaser_overlay,,
https://www.skoda-storyboard.com/en/skodapedia/traffic-jam-assist/,MR,skodapedia_archive,skodapedia,200,skodapedia,teaser_overlay,,
https://www.skoda-storyboard.com/en/skodapedia/lane-assist/,MR,skodapedia_archive,skodapedia,200,skodapedia,teaser_overlay,,
https://www.skoda-storyboard.com/en/skodapedia/crew-protect-assist/,MR,skodapedia_archive,skodapedia,200,skodapedia,teaser_overlay,,
https://www.skoda-storyboard.com/en/skodapedia/rear-traffic-alert/,MR,skodapedia_archive,skodapedia,200,skodapedia,teaser_overlay,,
https://www.skoda-storyboard.com/en/skodapedia/blind-spot-detect/,MR,skodapedia_archive,skodapedia,200,skodapedia,teaser_overlay,,
https://www.skoda-storyboard.com/en/skodapedia/trailer-assist/,MR,skodapedia_archive,skodapedia,200,skodapedia,teaser_overlay,,
https://www.skoda-storyboard.com/en/skodapedia/area-view-2/,MR,skodapedia_archive,skodapedia,200,skodapedia,teaser_overlay,,
https://www.skoda-storyboard.com/en/skodapedia/front-assist-with-predictive-pedestrian-protection/,MR,skodapedia_archive,skodapedia,200,skodapedia,teaser_overlay,,
https://www.skoda-storyboard.com/en/skodapedia/usb-port-front-and-rear/,MR,skodapedia_archive,skodapedia,200,skodapedia,teaser_overlay,,
https://www.skoda-storyboard.com/en/skodapedia/virtual-cockpit/,MR,skodapedia_archive,skodapedia,200,skodapedia,teaser_overlay,,
https://www.skoda-storyboard.com/en/skodapedia/infotainment-system-columbus-with-9-2-display/,MR,skodapedia_archive,skodapedia,200,skodapedia,teaser_overlay,,
https://www.skoda-storyboard.com/en/skodapedia/infotainment-system-amundsen-with-6-5-8-or-9-2-display/,MR,skodapedia_archive,skodapedia,200,skodapedia,teaser_overlay,,
https://www.skoda-storyboard.com/en/skodapedia/infotainment-system-bolero-with-8-display/,MR,skodapedia_archive,skodapedia,200,skodapedia,teaser_overlay,,
https://www.skoda-storyboard.com/en/skodapedia/infotainment-system-swing-plus-with-6-5-display/,MR,skodapedia_archive,skodapedia,200,skodapedia,teaser_overlay,,
https://www.skoda-storyboard.com/en/skodapedia/infotainment-system-swing-with-6-5-display/,MR,skodapedia_archive,skodapedia,200,skodapedia,teaser_overlay,,
https://www.skoda-storyboard.com/en/skodapedia/skoda-media-command-2-0/,MR,skodapedia_archive,skodapedia,200,skodapedia,teaser_overlay,,
https://www.skoda-storyboard.com/en/skodapedia/lte-module-and-wi-fi-hotspot/,MR,skodapedia_archive,skodapedia,200,skodapedia,teaser_overlay,,
https://www.skoda-storyboard.com/en/skodapedia/smartlink-2/,MR,skodapedia_archive,skodapedia,200,skodapedia,teaser_overlay,,
https://www.skoda-storyboard.com/en/skodapedia/skoda-connect-2/,MR,skodapedia_archive,skodapedia,200,skodapedia,teaser_overlay,,
https://www.skoda-storyboard.com/en/skodapedia/second-row-of-seats-adjustable/,MR,skodapedia_archive,skodapedia,200,skodapedia,teaser_overlay,,
https://www.skoda-storyboard.com/en/skodapedia/jumbo-box-2/,MR,skodapedia_archive,skodapedia,200,skodapedia,teaser_overlay,,
https://www.skoda-storyboard.com/en/skodapedia/thermoflux-2/,MR,skodapedia_archive,skodapedia,200,skodapedia,teaser_overlay,,
https://www.skoda-storyboard.com/en/skodapedia/varioflex-system/,MR,skodapedia_archive,skodapedia,200,skodapedia,teaser_overlay,,
https://www.skoda-storyboard.com/en/skodapedia/panoramic-sliding-roof/,MR,skodapedia_archive,skodapedia,200,skodapedia,teaser_overlay,,
https://www.skoda-storyboard.com/en/skodapedia/panoramic-glass-roof/,MR,skodapedia_archive,skodapedia,200,skodapedia,teaser_overlay,,
https://www.skoda-storyboard.com/en/skodapedia/electric-sunroof/,MR,skodapedia_archive,skodapedia,200,skodapedia,teaser_overlay,,
https://www.skoda-storyboard.com/en/skodapedia/in-car-communication-icc/,MR,skodapedia_archive,skodapedia,200,skodapedia,teaser_overlay,,
https://www.skoda-storyboard.com/en/skodapedia/drivers-storage-box-and-glove-box/,MR,skodapedia_archive,skodapedia,200,skodapedia,teaser_overlay,,
https://www.skoda-storyboard.com/en/skodapedia/storage-compartments-under-the-floor-covering/,MR,skodapedia_archive,skodapedia,200,skodapedia,teaser_overlay,,
https://www.skoda-storyboard.com/en/skodapedia/socket-12-v-in-the-front-section-of-the-centre-console/,MR,skodapedia_archive,skodapedia,200,skodapedia,teaser_overlay,,
https://www.skoda-storyboard.com/en/skodapedia/top-tether-anchor-points/,MR,skodapedia_archive,skodapedia,200,skodapedia,teaser_overlay,,
https://www.skoda-storyboard.com/en/skodapedia/retractable-roll-up-cover-attachable-to-the-tailgate/,MR,skodapedia_archive,skodapedia,200,skodapedia,teaser_overlay,,
https://www.skoda-storyboard.com/en/skodapedia/cup-holder-and-a-phone-compartment-in-the-door-armrests-of-the-third-row-of-seats/,MR,skodapedia_archive,skodapedia,200,skodapedia,teaser_overlay,,
https://www.skoda-storyboard.com/en/skodapedia/removable-ski-bag/,MR,skodapedia_archive,skodapedia,200,skodapedia,teaser_overlay,,
https://www.skoda-storyboard.com/en/skodapedia/glasses-compartment/,MR,skodapedia_archive,skodapedia,200,skodapedia,teaser_overlay,,
https://www.skoda-storyboard.com/en/skodapedia/adjustable-false-boot-floor-with-storage-compartment-for-the-coat-shelf-and-the-retractable-cover/,MR,skodapedia_archive,skodapedia,200,skodapedia,teaser_overlay,,
https://www.skoda-storyboard.com/en/skodapedia/button-operated-folding-of-rear-backrest-from-the-boot/,MR,skodapedia_archive,skodapedia,200,skodapedia,teaser_overlay,,
https://www.skoda-storyboard.com/en/skodapedia/air-curtains/,MR,skodapedia_archive,skodapedia,200,skodapedia,teaser_overlay,,
https://www.skoda-storyboard.com/en/skodapedia/aerodynamically-optimised-alloys/,MR,skodapedia_archive,skodapedia,200,skodapedia,teaser_overlay,,
https://www.skoda-storyboard.com/en/skodapedia/led-exterior-lighting/,MR,skodapedia_archive,skodapedia,200,skodapedia,teaser_overlay,,
https://www.skoda-storyboard.com/en/skodapedia/dynamic-rear-indicators/,MR,skodapedia_archive,skodapedia,200,skodapedia,teaser_overlay,,
https://www.skoda-storyboard.com/en/skodapedia/dynamic-front-and-rear-indicators/,MR,skodapedia_archive,skodapedia,200,skodapedia,teaser_overlay,,
https://www.skoda-storyboard.com/en/skodapedia/led-tail-lights/,MR,skodapedia_archive,skodapedia,200,skodapedia,teaser_overlay,,
https://www.skoda-storyboard.com/en/skodapedia/full-led-headlights/,MR,skodapedia_archive,skodapedia,200,skodapedia,teaser_overlay,,
https://www.skoda-storyboard.com/en/press-kits/skoda-epiq-press-kit-2/,MR,press_kit,press_kit,200,card_teaser;hero;press_kit_media;siteorigin_body,teaser_overlay,,
https://www.skoda-storyboard.com/en/press-kits/skoda-epiq-press-kit-2/infographics/,MR,press_kit,press_kit,200,card_teaser;carousel_rails;cover_box;press_kit_media;promo_banner;siteorigin_body;tags;two_column,cover_box_dark;teaser_media;teaser_overlay;teaser_toolbar,,
https://www.skoda-storyboard.com/en/press-kits/skoda-epiq-press-kit-2/exterior-the-first-skoda-production-model-to-fully-incorporatethe-modern-solid-design-language/,MR,press_kit,press_kit,200,card_teaser;cover_box;downloads;gallery_lightbox;press_kit_media;promo_banner;row_toggle;siteorigin_body;tags;two_column,cover_box_dark;teaser_media;teaser_overlay;teaser_toolbar,vimeo,
https://www.skoda-storyboard.com/en/models/,MR,press_kit,pk_hub,200R,card_teaser;carousel_rails;cover_box;downloads;gallery_lightbox;press_kit_media;promo_banner;row_toggle;siteorigin_body;tags;two_column,cover_box_dark;teaser_media;teaser_overlay;teaser_toolbar,,
https://www.skoda-storyboard.com/en/skoda-model/peaq/,MR,model,model,200,card_teaser;carousel_rails;model_nav;siteorigin_body,teaser_media;teaser_overlay;teaser_toolbar,vimeo,
https://www.skoda-storyboard.com/en/series/125-years-of-motorsport/,STO,series_hub,series_hub,200,card_teaser;hero,teaser_overlay,,
https://www.skoda-storyboard.com/en/category/emobility/,STO,unknown,category,200,card_teaser;hero,teaser_media;teaser_overlay;teaser_toolbar,,
https://www.skoda-storyboard.com/en/tag/model/elroq/,STO,unknown,tag,200,card_teaser;hero,teaser_media;teaser_overlay;teaser_toolbar,,
https://www.skoda-storyboard.com/en/skodapedia/,MR,skodapedia_archive,skodapedia_dir,200,skodapedia,teaser_overlay,,
