url,locale,is_pb,panel_grids,panel_rows,widget_count,recipe,rare,has_rare
https://www.skoda-storyboard.com/en/emobility/an-electric-car-approaching-says-the-license-plate-but-only-in-some-countries/,en,True,13,9,10,skoda-offset+sow-editor+skoda-offset+sow-editor+skoda-offset+sow-editor+skoda-carousel-widget+skoda-offset+sow-editor+skoda-offset,,no
https://www.skoda-storyboard.com/en/emobility/peaq-sets-a-record-from-the-heart-of-europe-to-the-sea-without-recharging/,en,True,8,2,16,skoda-offset+sow-editor+sow-editor+sow-editor+skoda-carousel-widget+skoda-offset+sow-editor+skoda-carousel-widget+skoda-offset+sow-editor+skoda-carousel-widget+skoda-offset+sow-editor+skoda-carousel-widget+skoda-offset+sow-editor,,no
https://www.skoda-storyboard.com/en/lifestyle/ouninpohja-finlands-roller-coaster-stage/,en,True,8,2,12,skoda-carousel-widget+skoda-offset+sow-editor+skoda-carousel-widget+skoda-offset+sow-editor+skoda-carousel-widget+skoda-offset+sow-editor+skoda-carousel-widget+skoda-offset+sow-editor,,no
https://www.skoda-storyboard.com/en/emobility/spacious-comfortable-and-striking-five-reasons-to-want-the-skoda-peaq/,en,True,8,2,13,skoda-carousel-widget+skoda-offset+sow-editor+skoda-offset+sow-editor+skoda-offset+sow-editor+skoda-carousel-widget+skoda-offset+sow-editor+skoda-offset+sow-editor+skoda-carousel-widget,,no
https://www.skoda-storyboard.com/en/skoda-world/explore-the-new-skoda-models-in-mixed-reality/,en,True,30,20,4,skoda-offset+sow-editor+skoda-carousel-widget+skoda-offset,,no
https://www.skoda-storyboard.com/en/skoda-world/the-new-skoda-slavia-features-a-refreshed-look-and-an-exclusive-colour/,en,True,18,11,9,skoda-carousel-widget+skoda-offset+sow-editor+skoda-carousel-widget+sow-editor+skoda-offset+sow-editor+skoda-offset+sow-editor,,no
https://www.skoda-storyboard.com/en/emobility/practical-fun-stylish-5-reasons-to-choose-the-epiq/,en,True,8,2,12,skoda-offset+sow-editor+skoda-carousel-widget+skoda-offset+sow-editor+skoda-offset+sow-editor+skoda-offset+sow-editor+skoda-offset+sow-editor+skoda-carousel-widget,,no
https://www.skoda-storyboard.com/en/skoda-world/how-the-skoda-octavia-reached-365-km-h/,en,True,8,2,13,skoda-carousel-widget+skoda-offset+sow-editor+skoda-carousel-widget+skoda-offset+sow-editor+skoda-carousel-widget+skoda-offset+sow-editor+skoda-carousel-widget+skoda-offset+sow-editor+skoda-carousel-widget,,no
https://www.skoda-storyboard.com/en/lifestyle/from-unwanted-graffiti-to-bold-support-for-womens-cycling/,en,True,24,14,2,skoda-offset+sow-editor,,no
https://www.skoda-storyboard.com/en/emobility/peaq-enters-production-sharing-the-line-with-the-octavia/,en,True,18,11,7,skoda-offset+sow-editor+skoda-carousel-widget+sow-editor+skoda-carousel-widget+skoda-offset+sow-editor,,no
https://www.skoda-storyboard.com/en/skoda-world/a-kodiaq-made-of-paper-the-modeler-spent-700-hours-developing-and-building-it/,en,True,33,26,8,skoda-offset+sow-editor+skoda-offset+sow-editor+sow-editor+skoda-offset+sow-editor+skoda-carousel-widget,,no
https://www.skoda-storyboard.com/en/lifestyle/la-dolce-vita-explore-the-surroundings-of-lake-como/,en,True,13,5,8,sow-editor+skoda-offset+sow-editor+sow-editor+skoda-offset+skoda-carousel-widget+skoda-offset+sow-editor,,no
https://www.skoda-storyboard.com/en/lifestyle/13-countries-over-19000-kilometers-the-kylaq-traveled-from-pune-to-prague/,en,True,44,32,16,sow-editor+skoda-carousel-widget+skoda-offset+sow-editor+skoda-offset+sow-editor+skoda-offset+sow-editor+skoda-carousel-widget+skoda-offset+sow-editor+skoda-offset+sow-editor+skoda-carousel-widget+skoda-offset+sow-editor,,no
https://www.skoda-storyboard.com/en/emobility/meet-the-peaq-comfort-just-like-at-home/,en,True,19,8,3,skoda-offset+sow-editor+skoda-carousel-widget,,no
https://www.skoda-storyboard.com/en/lifestyle/chainsaws-and-sparklers-discover-the-traditions-of-rally-fans/,en,True,8,2,12,skoda-offset+sow-editor+skoda-carousel-widget+skoda-offset+sow-editor+skoda-carousel-widget+skoda-offset+sow-editor+skoda-carousel-widget+skoda-offset+sow-editor+skoda-carousel-widget,,no
https://www.skoda-storyboard.com/en/skoda-world/legend-chris-froome-takes-you-behind-the-scenes-of-the-tour-de-france/,en,True,18,11,8,skoda-offset+sow-editor+skoda-offset+sow-editor+sow-editor+skoda-offset+sow-editor+skoda-carousel-widget,,no
https://www.skoda-storyboard.com/en/emobility/designers-on-the-peaq-its-modern-durable-and-practical/,en,True,18,12,3,skoda-offset+sow-editor+skoda-carousel-widget,,no
https://www.skoda-storyboard.com/en/lifestyle/skodas-smarter-wireless-charging-goes-beyond-phones/,en,True,19,14,5,sow-editor+skoda-carousel-widget+skoda-offset+sow-editor+sow-editor,,no
https://www.skoda-storyboard.com/en/lifestyle/an-epic-start-to-the-tour-de-france-skoda-got-barcelona-moving/,en,True,23,17,8,sow-editor+skoda-carousel-widget+sow-editor+skoda-carousel-widget+sow-editor+skoda-carousel-widget+skoda-offset+sow-editor,,no
https://www.skoda-storyboard.com/en/emobility/a-custom-made-sunroof-walkie-talkies-and-champagne-the-skoda-peaq-at-the-tour-de-france/,en,True,13,8,6,skoda-offset+sow-editor+skoda-carousel-widget+skoda-offset+sow-editor+sow-editor,,no
https://www.skoda-storyboard.com/en/lifestyle/feeling-the-heat-skoda-cars-keep-both-passengers-and-their-snacks-cool/,en,True,18,8,4,sow-editor+skoda-offset+sow-editor+skoda-offset,,no
https://www.skoda-storyboard.com/en/emobility/how-the-versatile-skoda-peaq-conquered-a-mountain-peak/,en,True,19,8,10,sow-editor+skoda-carousel-widget+skoda-carousel-widget+skoda-offset+sow-editor+skoda-carousel-widget+skoda-offset+sow-editor+skoda-offset+sow-editor,,no
https://www.skoda-storyboard.com/en/emobility/teaser/,en,True,38,29,14,skoda-offset+sow-editor+skoda-carousel-widget+skoda-offset+sow-editor+sow-editor+sow-editor+skoda-offset+sow-editor+sow-editor+skoda-offset+sow-editor+skoda-carousel-widget+skoda-offset,,no
https://www.skoda-storyboard.com/en/skoda-world/rally-champion-and-the-unique-skoda-fabia-motorsport-edition/,en,True,8,2,8,skoda-offset+sow-editor+skoda-carousel-widget+skoda-offset+sow-editor+skoda-carousel-widget+skoda-offset+sow-editor,,no
https://www.skoda-storyboard.com/en/emobility/meet-peaq-safe-and-comfortable/,en,True,8,2,8,skoda-offset+sow-editor+sow-editor+skoda-carousel-widget+skoda-offset+sow-editor+skoda-offset+sow-editor,,no
https://www.skoda-storyboard.com/en/skoda-world/125-years-of-racing-history-in-one-place-come-visit-the-museum/,en,True,8,2,10,sow-editor+skoda-carousel-widget+skoda-offset+sow-editor+sow-editor+skoda-carousel-widget+skoda-offset+sow-editor+skoda-carousel-widget+sow-editor,,no
https://www.skoda-storyboard.com/en/emobility/a-true-czech-from-spain/,en,True,13,9,12,skoda-carousel-widget+skoda-offset+sow-editor+skoda-offset+sow-editor+skoda-carousel-widget+skoda-offset+sow-editor+skoda-offset+sow-editor+skoda-carousel-widget+skoda-offset,,no
https://www.skoda-storyboard.com/en/emobility/meet-the-peaq-a-large-suv-with-outstanding-aerodynamics/,en,True,8,2,5,skoda-offset+sow-editor+sow-editor+sow-editor+sow-editor,,no
https://www.skoda-storyboard.com/en/skoda-world/get-your-car-ready-for-summer-with-skoda-accessories/,en,True,8,2,11,skoda-offset+sow-editor+skoda-offset+sow-editor+skoda-offset+sow-editor+skoda-offset+sow-editor+skoda-offset+sow-editor+skoda-carousel-widget,,no
https://www.skoda-storyboard.com/en/emobility/whats-behind-epiq-design/,en,True,13,8,3,sow-editor+skoda-offset+skoda-carousel-widget,,no
https://www.skoda-storyboard.com/en/skoda-world/come-cheer-and-sing-along-meet-the-karaoke-car/,en,True,23,16,2,skoda-carousel-widget+sow-editor,,no
https://www.skoda-storyboard.com/en/emobility/this-is-epiq-a-behind-the-scenes-look-at-the-premiere/,en,True,18,11,14,sow-editor+skoda-carousel-widget+skoda-offset+sow-editor+skoda-offset+sow-editor+skoda-carousel-widget+skoda-offset+sow-editor+skoda-offset+sow-editor+sow-editor+skoda-carousel-widget+skoda-offset,,no
https://www.skoda-storyboard.com/en/emobility/watch-the-world-premiere-of-the-skoda-epiq-ev-live/,en,True,38,26,15,sow-editor+skoda-carousel-widget+sow-editor+skoda-offset+sow-editor+skoda-carousel-widget+skoda-offset+sow-editor+sow-editor+sow-editor+skoda-carousel-widget+skoda-offset+sow-editor+skoda-offset+sow-editor,,no
https://www.skoda-storyboard.com/en/skoda-world/the-evolution-of-hockey-gear-alongside-automobiles/,en,True,8,2,13,skoda-carousel-widget+skoda-offset+sow-editor+skoda-carousel-widget+skoda-offset+sow-editor+skoda-carousel-widget+skoda-offset+sow-editor+skoda-carousel-widget+skoda-offset+sow-editor+skoda-carousel-widget,,no
https://www.skoda-storyboard.com/en/emobility/meet-the-peaq-spacious-inside-and-out/,en,True,8,2,8,skoda-offset+sow-editor+skoda-carousel-widget+skoda-offset+sow-editor+skoda-carousel-widget+skoda-offset+sow-editor,,no
https://www.skoda-storyboard.com/en/skoda-world/life-with-a-plug-in-hybrid-a-versatile-companion/,en,True,28,20,14,sow-editor+skoda-carousel-widget+skoda-offset+sow-editor+skoda-offset+sow-editor+skoda-carousel-widget+skoda-offset+sow-editor+skoda-carousel-widget+sow-editor+skoda-carousel-widget+skoda-offset+sow-editor,,no
https://www.skoda-storyboard.com/en/lifestyle/a-drivers-paradise-just-outside-valencia-and-those-views/,en,True,8,2,6,sow-editor+sow-editor+sow-editor+skoda-carousel-widget+skoda-offset+sow-editor,,no
https://www.skoda-storyboard.com/en/skoda-world/innovation-and-technology/technology/from-your-hands-to-the-road-how-car-steering-works/,en,True,23,14,6,sow-editor+skoda-offset+sow-editor+sow-editor+skoda-offset+sow-editor,,no
https://www.skoda-storyboard.com/en/lifestyle/turtle-window-fountain-warning-indicator-lights-you-may-not-recognise/,en,True,59,38,10,sow-editor+skoda-carousel-widget+skoda-offset+sow-editor+skoda-carousel-widget+skoda-offset+sow-editor+skoda-carousel-widget+sow-editor+sow-editor,,no
https://www.skoda-storyboard.com/en/lifestyle/iconic-rally-locations-a-jump-into-portugal/,en,True,8,2,8,sow-editor+sow-editor+sow-editor+skoda-offset+sow-editor+sow-editor+sow-editor+skoda-carousel-widget,,no
https://www.skoda-storyboard.com/en/emobility/modelling-clay-yoga-simply-epiq-skoda-returns-to-milan/,en,True,24,14,4,skoda-carousel-widget+skoda-offset+sow-editor+skoda-carousel-widget,,no
https://www.skoda-storyboard.com/en/skoda-world/even-thousands-of-cars-at-a-time-how-skoda-sells-cars-to-corporate-customers/,en,True,28,20,6,sow-editor+skoda-offset+sow-editor+skoda-offset+sow-editor+sow-editor,,no
https://www.skoda-storyboard.com/en/emobility/sunset-over-the-mountains-the-story-behind-the-camouflage-for-the-skoda-peaq/,en,True,19,8,7,skoda-offset+sow-editor+skoda-carousel-widget+skoda-offset+sow-editor+skoda-offset+sow-editor,,no
https://www.skoda-storyboard.com/en/skoda-world/testing-never-stops-take-a-peek-behind-the-scenes/,en,True,8,2,10,skoda-offset+sow-editor+skoda-offset+sow-editor+skoda-offset+sow-editor+skoda-offset+sow-editor+skoda-offset+sow-editor,,no
https://www.skoda-storyboard.com/en/emobility/come-and-play-skoda-is-heading-to-milan/,en,True,8,2,8,skoda-offset+sow-editor+sow-editor+skoda-offset+sow-editor+skoda-carousel-widget+skoda-offset+sow-editor,,no
https://www.skoda-storyboard.com/en/skoda-world/skoda-duobell-a-bicycle-bell-that-outsmarts-even-smart-headphones/,en,True,50,32,9,sow-editor+skoda-carousel-widget+skoda-offset+sow-editor+skoda-carousel-widget+skoda-offset+sow-editor+skoda-carousel-widget+skoda-offset,,no
https://www.skoda-storyboard.com/en/lifestyle/make-your-tyres-last-pay-attention-to-storage/,en,True,38,29,3,skoda-offset+sow-editor+skoda-offset,,no
https://www.skoda-storyboard.com/en/emobility/skoda-peaq-unparalleled-space-and-comfort/,en,True,8,2,15,skoda-offset+sow-editor+skoda-carousel-widget+skoda-offset+sow-editor+skoda-offset+sow-editor+skoda-carousel-widget+skoda-offset+sow-editor+skoda-offset+sow-editor+skoda-carousel-widget+skoda-offset+sow-editor,,no
https://www.skoda-storyboard.com/en/lifestyle/a-city-full-of-colours-and-flavours-discover-porto/,en,True,8,2,11,sow-editor+sow-editor+sow-editor+sow-editor+sow-editor+skoda-carousel-widget+skoda-offset+sow-editor+skoda-carousel-widget+skoda-offset+sow-editor,,no
https://www.skoda-storyboard.com/en/emobility/make-use-of-the-frunk-unlock-with-your-phone-new-enhancements-for-elroq-and-enyaq/,en,True,8,2,11,skoda-offset+sow-editor+skoda-carousel-widget+skoda-offset+sow-editor+skoda-offset+sow-editor+skoda-carousel-widget+skoda-offset+sow-editor+skoda-offset,,no
https://www.skoda-storyboard.com/en/skoda-world/tap-pump-crank-starting-the-first-car-from-mlada-boleslav/,en,True,8,2,11,skoda-offset+sow-editor+skoda-carousel-widget+skoda-offset+sow-editor+skoda-carousel-widget+skoda-offset+sow-editor+skoda-carousel-widget+skoda-offset+sow-editor,,no
https://www.skoda-storyboard.com/en/lifestyle/sand-heat-and-camels-the-enyaq-rs-explores-the-origins-of-humankind/,en,True,8,2,9,skoda-offset+sow-editor+skoda-carousel-widget+skoda-offset+sow-editor+skoda-offset+sow-editor+sow-editor+sow-editor,,no
https://www.skoda-storyboard.com/en/skoda-world/a-record-year-for-skoda-electrified-models-also-contribute/,en,True,8,2,2,skoda-offset+sow-editor,,no
https://www.skoda-storyboard.com/en/skoda-world/for-your-car-to-perform-properly-keep-an-eye-on-tyre-pressure/,en,True,18,11,4,skoda-carousel-widget+skoda-offset+sow-editor+skoda-carousel-widget,,no
https://www.skoda-storyboard.com/en/lifestyle/rs-four-ways-which-one-will-you-choose/,en,True,8,2,13,skoda-offset+sow-editor+skoda-carousel-widget+sow-editor+skoda-offset+sow-editor+skoda-carousel-widget+skoda-offset+sow-editor+skoda-carousel-widget+skoda-offset+sow-editor+skoda-carousel-widget,,no
https://www.skoda-storyboard.com/en/skoda-world/enhanced-superb-iv-delivers-200-kw-of-power/,en,True,18,11,5,skoda-offset+sow-editor+skoda-carousel-widget+skoda-offset+sow-editor,,no
https://www.skoda-storyboard.com/en/emobility/over-1100-per-day-how-skoda-manufactures-batteries-for-electric-cars/,en,True,28,20,10,skoda-offset+sow-editor+skoda-carousel-widget+skoda-offset+sow-editor+skoda-carousel-widget+skoda-offset+sow-editor+skoda-carousel-widget+sow-editor,,no
https://www.skoda-storyboard.com/en/skoda-world/innovation-and-technology/watch-out-an-emergency-vehicle-is-approaching-your-skoda-will-alert-you/,en,True,13,8,3,sow-editor+skoda-offset+sow-editor,,no
https://www.skoda-storyboard.com/en/skoda-world/driven-by-passion-skoda-celebrates-125-years-of-motorsport/,en,True,18,11,7,skoda-offset+sow-editor+skoda-offset+sow-editor+skoda-carousel-widget+skoda-offset+sow-editor,,no
https://www.skoda-storyboard.com/en/skoda-world/numbers-paperwork-tests-what-does-homologation-really-mean/,en,True,23,14,3,skoda-carousel-widget+sow-editor+skoda-offset,,no
https://www.skoda-storyboard.com/en/emobility/enyaq-and-elroq-now-double-as-gaming-consoles-and-thats-not-all/,en,True,8,2,6,sow-editor+sow-editor+skoda-offset+sow-editor+skoda-carousel-widget+sow-editor,,no
https://www.skoda-storyboard.com/en/emobility/big-possibilities-in-a-small-package-the-new-skoda-epiq/,en,True,8,2,10,skoda-offset+sow-editor+skoda-carousel-widget+sow-editor+skoda-offset+sow-editor+skoda-offset+sow-editor+skoda-offset+sow-editor,,no
https://www.skoda-storyboard.com/en/lifestyle/giant-spa-towers-gingerbread-and-valentines-day-discover-romantic-poland/,en,True,8,2,8,skoda-carousel-widget+sow-editor+skoda-offset+sow-editor+skoda-carousel-widget+sow-editor+skoda-carousel-widget+sow-editor,,no
https://www.skoda-storyboard.com/en/skoda-world/the-secrets-behind-the-skoda-fabia-130s-playful-chassis/,en,True,8,2,8,skoda-offset+sow-editor+sow-editor+sow-editor+skoda-carousel-widget+skoda-offset+sow-editor+sow-editor,,no
https://www.skoda-storyboard.com/en/skoda-world/the-founder-klement-secured-the-first-automotive-laurel/,en,True,23,17,10,sow-editor+sow-editor+sow-editor+sow-editor+skoda-offset+skoda-offset+sow-editor+sow-editor+sow-editor+sow-editor,,no
https://www.skoda-storyboard.com/en/skoda-world/safety-and-fun-four-advantages-of-4x4/,en,True,8,2,7,skoda-offset+sow-editor+skoda-carousel-widget+sow-editor+skoda-carousel-widget+sow-editor+skoda-carousel-widget,,no
https://www.skoda-storyboard.com/en/skoda-world/from-queues-for-the-felicia-to-google-stars/,en,True,18,11,3,sow-editor+sow-editor+skoda-carousel-widget,,no
https://www.skoda-storyboard.com/en/skoda-world/the-new-skoda-kushaq-brings-an-extra-dose-of-equipment-and-confidence/,en,True,23,17,12,skoda-offset+sow-editor+skoda-carousel-widget+sow-editor+skoda-carousel-widget+skoda-offset+sow-editor+skoda-carousel-widget+skoda-offset+sow-editor+skoda-carousel-widget+skoda-carousel-widget,,no
https://www.skoda-storyboard.com/en/skoda-world/my-enyaq-across-europe-in-an-electric-car/,en,True,23,17,7,sow-editor+skoda-offset+sow-editor+skoda-offset+sow-editor+skoda-carousel-widget+skoda-offset,,no
https://www.skoda-storyboard.com/en/emobility/the-new-skoda-car-will-be-called-peaq/,en,True,19,8,8,sow-editor+sow-editor+sow-editor+sow-editor+sow-editor+sow-editor+sow-editor+sow-editor,,no
https://www.skoda-storyboard.com/en/lifestyle/5-warming-aids-that-help-you-get-through-winter/,en,True,30,17,8,skoda-offset+sow-editor+skoda-offset+sow-editor+skoda-offset+sow-editor+skoda-offset+skoda-carousel-widget,,no
https://www.skoda-storyboard.com/en/skoda-world/skoda-vision-o-get-in-and-drive/,en,True,8,2,6,skoda-offset+sow-editor+skoda-carousel-widget+sow-editor+skoda-carousel-widget+sow-editor,,no
https://www.skoda-storyboard.com/en/skoda-world/welcome-to-2026/,en,True,8,2,2,sow-editor+sow-editor,,no
https://www.skoda-storyboard.com/en/skoda-world/premieres-celebrations-and-experiences-2025-was-quite-a-ride/,en,True,8,2,9,skoda-offset+sow-editor+sow-editor+sow-editor+skoda-carousel-widget+skoda-offset+sow-editor+skoda-carousel-widget+sow-editor,,no
https://www.skoda-storyboard.com/en/skoda-world/quiz-how-well-do-you-know-the-history-of-skoda-auto/,en,True,8,2,1,sow-editor,,no
https://www.skoda-storyboard.com/en/lifestyle/dual-clutch-for-europe-torque-converter-for-extreme-conditions-manual-for-fun/,en,True,8,2,8,skoda-offset+sow-editor+skoda-offset+sow-editor+skoda-offset+sow-editor+skoda-offset+sow-editor,,no
https://www.skoda-storyboard.com/en/skoda-world/a-smithy-full-of-stories/,en,True,8,2,9,skoda-carousel-widget+sow-editor+skoda-carousel-widget+sow-editor+skoda-carousel-widget+sow-editor+skoda-carousel-widget+sow-editor+skoda-carousel-widget,,no
https://www.skoda-storyboard.com/en/skoda-world/merry-and-emerald-christmas/,en,True,19,11,4,skoda-carousel-widget+skoda-offset+sow-editor+skoda-carousel-widget,,no
https://www.skoda-storyboard.com/en/lifestyle/a-journey-you-will-never-forget-the-monumental-route-napoleon/,en,True,18,11,11,sow-editor+sow-editor+skoda-offset+sow-editor+skoda-offset+sow-editor+skoda-offset+sow-editor+skoda-carousel-widget+sow-editor+skoda-offset,,no
https://www.skoda-storyboard.com/en/lifestyle/police-kodiaq-rs-technology-and-a-spy-mode/,en,True,13,8,8,skoda-carousel-widget+skoda-offset+sow-editor+sow-editor+sow-editor+sow-editor+sow-editor+skoda-carousel-widget,,no
https://www.skoda-storyboard.com/en/skoda-world/an-icon-reimagined-skoda-100-as-a-modern-day-sedan/,en,True,23,17,5,sow-editor+skoda-offset+sow-editor+skoda-carousel-widget+sow-editor,,no
https://www.skoda-storyboard.com/en/skoda-world/do-you-know-them-all/,en,True,28,20,2,sow-editor+skoda-offset,,no
https://www.skoda-storyboard.com/en/emobility/enyaq-in-electrical-services/,en,True,40,26,1,sow-editor,,no
https://www.skoda-storyboard.com/en/podcast-en/podcast-exploreskoda-designing-the-future-inside-skodas-vision-o/,en,True,8,2,2,sow-editor+sow-editor,,no
https://www.skoda-storyboard.com/en/skoda-world/small-parts-instantly-a-bumper-in-a-few-days-3d-printing-accelerates-development/,en,True,34,20,4,sow-editor+sow-editor+skoda-offset+sow-editor,,no
https://www.skoda-storyboard.com/en/emobility/skoda-elroq-and-a-happy-family/,en,True,8,2,4,sow-editor+sow-editor+sow-editor+sow-editor,,no
https://www.skoda-storyboard.com/en/skoda-world/quiz-how-well-do-you-know-skoda-student-cars/,en,True,8,2,2,sow-editor+sow-editor,,no
https://www.skoda-storyboard.com/en/lifestyle/in-winter-heat-up-your-car-but-dont-overdo-it/,en,True,23,17,3,skoda-offset+sow-editor+skoda-offset,,no
https://www.skoda-storyboard.com/en/emobility/how-to-keep-your-electric-vehicle-battery-in-good-shape-and-charge-it-efficiently/,en,True,18,11,8,sow-editor+sow-editor+sow-editor+sow-editor+skoda-offset+skoda-offset+sow-editor+sow-editor,,no
https://www.skoda-storyboard.com/en/skoda-world/vaclav-klement-father-of-museum-collections-and-a-philanthropist/,en,True,18,11,5,skoda-offset+sow-editor+skoda-carousel-widget+sow-editor+skoda-offset,,no
https://www.skoda-storyboard.com/en/skoda-world/an-icon-reimagined-the-futuristic-yet-practical-skoda-1000-mbx/,en,True,38,29,4,sow-editor+skoda-offset+sow-editor+skoda-carousel-widget,,no
https://www.skoda-storyboard.com/en/skoda-world/rally-champion-fuel-efficiency-record-holder/,en,True,38,29,6,skoda-offset+sow-editor+skoda-offset+sow-editor+skoda-offset+sow-editor,,no
https://www.skoda-storyboard.com/en/podcast-en/podcast-exploreskoda-ev-lounge-meet-up-real-life-experiences-with-skoda-evs/,en,True,8,2,2,sow-editor+sow-editor,,no
https://www.skoda-storyboard.com/en/models/enyaq/spas-mines-and-a-hotel-on-rails-discover-the-scenic-ore-mountains-and-saxony/,en,True,8,2,1,sow-editor,,no
https://www.skoda-storyboard.com/en/skoda-world/high-performance-with-low-fuel-consumption-discover-the-magic-of-the-1-5-tsi-evo2-engine/,en,True,89,63,1,sow-editor,,no
https://www.skoda-storyboard.com/en/podcast-en/podcast-exploreskoda-steve-fowler-from-diesel-doubts-to-electric-confidence/,en,True,8,2,2,sow-editor+sow-editor,,no
https://www.skoda-storyboard.com/en/skoda-world/heritage/i-keep-discovering-new-things-in-the-archive/,en,True,28,20,5,sow-editor+skoda-offset+sow-editor+skoda-offset+sow-editor,,no
https://www.skoda-storyboard.com/en/skoda-world/faster-and-more-exciting-the-new-skoda-fabia-130-thrives-in-corners/,en,True,18,11,10,skoda-offset+sow-editor+skoda-carousel-widget+skoda-offset+sow-editor+skoda-offset+sow-editor+skoda-carousel-widget+skoda-offset+sow-editor,,no
https://www.skoda-storyboard.com/en/skoda-world/an-ice-scraper-an-umbrella-and-dozens-more-the-birth-of-the-simply-clever-phenomenon/,en,True,8,2,9,skoda-carousel-widget+sow-editor+skoda-offset+sow-editor+skoda-carousel-widget+skoda-offset+sow-editor+skoda-carousel-widget+sow-editor,,no
https://www.skoda-storyboard.com/en/emobility/coffee-on-electric-wheels-elroq-and-enyaq-serving-coffee/,en,True,18,11,4,skoda-offset+sow-editor+skoda-offset+skoda-carousel-widget,,no
https://www.skoda-storyboard.com/en/skoda-world/an-icon-reimagined-the-radical-skoda-110-r/,en,True,33,23,4,skoda-carousel-widget+sow-editor+skoda-offset+sow-editor,,no
https://www.skoda-storyboard.com/en/lifestyle/motorsport/a-rally-champions-challenge-300-km-by-bike-through-the-white-night/,en,True,23,17,2,skoda-offset+sow-editor,,no
https://www.skoda-storyboard.com/en/skoda-world/sketch-like-a-chief-designer/,en,True,24,14,4,skoda-offset+sow-editor+skoda-carousel-widget+skoda-offset,,no
https://www.skoda-storyboard.com/en/emobility/elroq-rs-in-a-robe-unveiling-the-secret-of-matte-paint/,en,True,18,11,6,sow-editor+sow-editor+skoda-offset+sow-editor+skoda-carousel-widget+sow-editor,,no
https://www.skoda-storyboard.com/en/skoda-world/skoda-classic-tour-up-close/,en,True,8,2,9,sow-editor+sow-editor+skoda-carousel-widget+skoda-offset+sow-editor+skoda-carousel-widget+skoda-offset+sow-editor+skoda-carousel-widget,,no
https://www.skoda-storyboard.com/en/emobility/the-world-premiere-of-the-skoda-vision-o/,en,True,34,20,7,skoda-carousel-widget+sow-editor+sow-editor+skoda-carousel-widget+sow-editor+skoda-offset+sow-editor,,no
https://www.skoda-storyboard.com/en/skoda-world/safety-and-new-features-how-to-keep-your-skoda-updated/,en,True,18,11,7,skoda-offset+sow-editor+skoda-offset+sow-editor+skoda-offset+sow-editor+skoda-offset,,no
https://www.skoda-storyboard.com/en/skoda-world/an-icon-reimagined-the-playful-felicia-fun/,en,True,23,17,5,skoda-offset+sow-editor+skoda-carousel-widget+sow-editor+skoda-offset,,no
https://www.skoda-storyboard.com/en/lifestyle/with-the-skoda-rapid-beyond-the-arctic-circle-and-to-the-olympics/,en,True,39,26,2,sow-editor+skoda-carousel-widget,,no
https://www.skoda-storyboard.com/en/emobility/the-vision-o-interior-charming-practical-and-functional/,en,True,52,32,28,sow-editor+sow-editor+sow-editor+sow-editor+sow-editor+sow-editor+sow-editor+sow-editor+sow-editor+sow-editor+sow-editor+sow-editor+sow-editor+sow-editor+skoda-offset+skoda-offset+sow-editor+sow-editor+sow-editor+sow-editor+sow-editor+sow-editor+skoda-offset+skoda-offset+sow-editor+sow-editor+sow-editor+sow-editor,,no
https://www.skoda-storyboard.com/en/emobility/the-skoda-enyaq-will-win-you-over-in-60-seconds/,en,True,18,11,4,sow-editor+skoda-carousel-widget+sow-editor+sow-editor,,no
https://www.skoda-storyboard.com/en/skoda-world/the-immortal-octavia-see-what-it-looks-like-after-one-million-kilometres/,en,True,24,14,2,sow-editor+sow-editor,,no
https://www.skoda-storyboard.com/en/emobility/skoda-vision-o-back-to-the-roots/,en,True,35,23,20,sow-editor+sow-editor+sow-editor+sow-editor+sow-editor+sow-editor+sow-editor+sow-editor+skoda-offset+skoda-offset+sow-editor+sow-editor+sow-editor+sow-editor+sow-editor+sow-editor+skoda-offset+skoda-offset+sow-editor+sow-editor,,no
https://www.skoda-storyboard.com/en/skoda-world/citijet-kick-started-our-careers-the-authors-recall-the-first-skoda-student-car/,en,True,23,17,9,sow-editor+skoda-offset+sow-editor+sow-editor+skoda-offset+sow-editor+skoda-carousel-widget+sow-editor+skoda-offset,,no
https://www.skoda-storyboard.com/en/emobility/how-aerodynamicists-work-their-magic/,en,True,28,20,6,skoda-offset+sow-editor+sow-editor+skoda-offset+sow-editor+sow-editor,,no
https://www.skoda-storyboard.com/en/lifestyle/explore-albania/,en,True,13,8,6,sow-editor+skoda-carousel-widget+sow-editor+skoda-offset+sow-editor+skoda-carousel-widget,,no
https://www.skoda-storyboard.com/en/emobility/skoda-vision-o-a-glimpse-into-the-estate-car-of-tomorrow/,en,True,29,21,16,sow-editor+sow-editor+sow-editor+sow-editor+sow-editor+sow-editor+skoda-offset+skoda-offset+sow-editor+sow-editor+sow-editor+sow-editor+skoda-offset+skoda-offset+sow-editor+sow-editor,,no
https://www.skoda-storyboard.com/en/lifestyle/memories-of-africa/,en,True,28,20,5,sow-editor+sow-editor+sow-editor+skoda-carousel-widget+sow-editor,,no
https://www.skoda-storyboard.com/en/lifestyle/tour-de-france-fighters-tested-the-skoda-lk-130-student-car/,en,True,8,2,7,sow-editor+skoda-carousel-widget+sow-editor+sow-editor+sow-editor+skoda-carousel-widget+sow-editor,,no
https://www.skoda-storyboard.com/en/skoda-world/an-icon-in-a-modern-form-the-enduring-skoda-sport/,en,True,23,17,7,sow-editor+skoda-offset+sow-editor+skoda-carousel-widget+sow-editor+sow-editor+skoda-offset,,no
https://www.skoda-storyboard.com/en/emobility/skoda-enyaq-rs-race-the-future-arrives-quickly/,en,True,18,11,3,sow-editor+skoda-carousel-widget+sow-editor,,no
https://www.skoda-storyboard.com/en/skoda-world/skodas-got-your-back-how-to-beat-the-mud-and-hot-rods-without-losing-your-cool/,en,True,8,2,2,sow-editor+sow-editor,,no
https://www.skoda-storyboard.com/en/skoda-world/milling-tools-scrapers-and-clay-in-the-oven-how-modelers-work-in-automotive-design/,en,True,24,12,7,sow-editor+sow-editor+sow-editor+sow-editor+skoda-carousel-widget+sow-editor+sow-editor,,no
https://www.skoda-storyboard.com/en/lifestyle/prevent-harming-your-health-using-air-conditioning-avoid-overcooling-and-switch-it-off-occasionally/,en,True,39,26,2,sow-editor+sow-editor,,no
https://www.skoda-storyboard.com/en/lifestyle/motorsport/chasing-tenths-on-two-wheels-or-four/,en,True,59,38,4,sow-editor+sow-editor+sow-editor+sow-editor,,no
https://www.skoda-storyboard.com/en/skoda-world/innovation-and-technology/let-the-magic-surprise-you-a-wand-that-plans-the-perfect-road-trip/,en,True,33,28,25,sow-editor+sow-editor+sow-editor+sow-editor+skoda-carousel-widget+skoda-carousel-widget+skoda-offset+skoda-offset+sow-editor+sow-editor+sow-editor+sow-editor+skoda-offset+skoda-offset+sow-editor+sow-editor+sow-editor+sow-editor+skoda-carousel-widget+skoda-carousel-widget+skoda-carousel-widget+skoda-carousel-widget+skoda-carousel-widget+skoda-carousel-widget+skoda-carousel-widget,,no
https://www.skoda-storyboard.com/en/skoda-world/visit-the-museum-see-130-years-of-the-skoda-brand-with-your-own-eyes/,en,True,33,18,23,sow-editor+sow-editor+skoda-carousel-widget+skoda-carousel-widget+sow-editor+sow-editor+sow-editor+sow-editor+sow-editor+sow-editor+sow-editor+sow-editor+skoda-carousel-widget+skoda-carousel-widget+sow-editor+sow-editor+skoda-carousel-widget+skoda-carousel-widget+skoda-carousel-widget+skoda-carousel-widget+skoda-carousel-widget+skoda-carousel-widget+skoda-carousel-widget,,no
https://www.skoda-storyboard.com/en/emobility/elroq-rs-in-matte-coat-limited-edition-brings-a-new-shade/,en,True,18,11,2,sow-editor+sow-editor,,no
https://www.skoda-storyboard.com/en/skoda-world/skoda-lk-130-the-student-built-special-for-cyclists/,en,True,18,11,8,sow-editor+skoda-carousel-widget+sow-editor+skoda-carousel-widget+sow-editor+sow-editor+sow-editor+skoda-carousel-widget,,no
https://www.skoda-storyboard.com/en/skoda-world/an-icon-in-modern-form-the-vampire-ferat-thought-out-in-detail/,en,True,39,29,5,sow-editor+skoda-offset+sow-editor+skoda-carousel-widget+skoda-carousel-widget,,no
https://www.skoda-storyboard.com/en/podcast-en/podcast-exploreskoda-silence-power-emotion-why-influencers-love-evs/,en,True,8,2,2,sow-editor+sow-editor,,no
https://www.skoda-storyboard.com/en/skoda-world/guardian-angels-how-brake-assistants-work/,en,True,23,16,10,sow-editor+sow-editor+sow-editor+sow-editor+sow-editor+sow-editor+skoda-offset+skoda-offset+sow-editor+sow-editor,,no
https://www.skoda-storyboard.com/en/lifestyle/do-you-see-xtl-on-your-fuel-cap-heres-what-it-means/,en,True,49,39,2,sow-editor+skoda-carousel-widget,,no
https://www.skoda-storyboard.com/en/skoda-world/bev-or-ice-skodas-future-will-be-balanced-range/,en,True,13,9,4,sow-editor+sow-editor+sow-editor+sow-editor,,no
https://www.skoda-storyboard.com/en/skoda-world/a-glimpse-into-the-mind-and-soul-of-a-car-designer/,en,True,23,17,10,sow-editor+sow-editor+sow-editor+sow-editor+sow-editor+sow-editor+sow-editor+sow-editor+sow-editor+sow-editor,,no
https://www.skoda-storyboard.com/en/lifestyle/legend-versus-contemporary-star-how-50-years-have-transformed-a-competition-car/,en,True,43,32,29,sow-editor+sow-editor+sow-editor+sow-editor+skoda-offset+skoda-offset+sow-editor+sow-editor+skoda-carousel-widget+skoda-carousel-widget+sow-editor+sow-editor+skoda-offset+skoda-offset+sow-editor+sow-editor+sow-editor+sow-editor+sow-editor+sow-editor+skoda-offset+skoda-offset+skoda-carousel-widget+skoda-carousel-widget+skoda-carousel-widget+skoda-carousel-widget+skoda-carousel-widget+skoda-carousel-widget+skoda-carousel-widget,,no
https://www.skoda-storyboard.com/en/emobility/an-icon-in-modern-form-the-electrifying-favorit/,en,True,34,26,1,sow-editor,,no
https://www.skoda-storyboard.com/en/simply-clever/park-your-skoda-using-your-mobile-phone-well-show-you-how-how/,en,True,43,27,16,sow-editor+sow-editor+skoda-offset+skoda-offset+sow-editor+sow-editor+sow-editor+sow-editor+sow-editor+sow-editor+sow-editor+sow-editor+sow-editor+sow-editor+skoda-offset+skoda-offset,,no
https://www.skoda-storyboard.com/en/skoda-world/innovation-and-technology/tough-doesnt-always-mean-sporty-how-rs-models-are-tuned/,en,True,24,15,10,sow-editor+sow-editor+sow-editor+sow-editor+sow-editor+sow-editor+sow-editor+sow-editor+sow-editor+sow-editor,,no
https://www.skoda-storyboard.com/en/lifestyle/sports/hockey/this-years-skoda-ice-hockey-team-line-up/,en,True,38,23,1,skoda-carousel-widget,,no
https://www.skoda-storyboard.com/en/lifestyle/an-unforgettable-trip-to-south-bohemia/,en,True,8,2,2,sow-editor+sow-editor,,no
https://www.skoda-storyboard.com/en/emobility/enyaq-rs-gets-a-new-look-and-equipment/,en,True,33,23,12,sow-editor+sow-editor+sow-editor+sow-editor+sow-editor+sow-editor+sow-editor+sow-editor+sow-editor+sow-editor+sow-editor+sow-editor,,no
https://www.skoda-storyboard.com/en/emobility/bold-and-loud-the-elroq-respectline-celebrates-diversity/,en,True,29,20,23,sow-editor+sow-editor+sow-editor+sow-editor+sow-editor+sow-editor+sow-editor+sow-editor+sow-editor+sow-editor+sow-editor+sow-editor+skoda-carousel-widget+skoda-carousel-widget+sow-editor+sow-editor+skoda-carousel-widget+skoda-carousel-widget+skoda-carousel-widget+skoda-carousel-widget+skoda-carousel-widget+skoda-carousel-widget+skoda-carousel-widget,,no
https://www.skoda-storyboard.com/en/emobility/a-colourful-celebration-of-diversity-look-forward-to-the-elroq-respectline/,en,True,8,2,2,sow-editor+sow-editor,,no
https://www.skoda-storyboard.com/en/emobility/colours-and-materials-what-inspired-the-designers-in-milan/,en,True,8,2,3,sow-editor+sow-editor+sow-editor,,no
https://www.skoda-storyboard.com/en/skoda-world/how-to-charm-the-west-discover-the-beauty-of-skoda-posters/,en,True,37,17,22,sow-editor+sow-editor+sow-editor+sow-editor+sow-editor+sow-editor+sow-editor+sow-editor+sow-editor+sow-editor+sow-editor+sow-editor+sow-editor+sow-editor+sow-editor+sow-editor+sow-editor+sow-editor+sow-editor+sow-editor+sow-editor+sow-editor,,no
https://www.skoda-storyboard.com/en/emobility/an-icon-reimagined-slavia-b-as-a-cafe-racer/,en,True,23,17,2,sow-editor+sow-editor,,no
https://www.skoda-storyboard.com/en/lifestyle/vacation-starts-on-the-road-discover-the-adriatic-highway/,en,True,8,2,3,sow-editor+sow-editor+sow-editor,,no
https://www.skoda-storyboard.com/en/models/enyaq/5-reasons-to-want-the-new-enyaq/,en,True,8,2,6,sow-editor+sow-editor+sow-editor+skoda-carousel-widget+sow-editor+sow-editor,,no
https://www.skoda-storyboard.com/en/skoda-world/innovation-and-technology/technology/the-tricks-of-manufacturing-superheroes/,en,True,8,2,3,sow-editor+sow-editor+sow-editor,,no
https://www.skoda-storyboard.com/en/skoda-world/ciao-skoda-a-glamorous-experience-at-milan-design-week/,en,True,29,17,19,sow-editor+sow-editor+sow-editor+sow-editor+sow-editor+sow-editor+sow-editor+sow-editor+skoda-carousel-widget+skoda-carousel-widget+sow-editor+sow-editor+skoda-carousel-widget+skoda-carousel-widget+skoda-carousel-widget+skoda-carousel-widget+skoda-carousel-widget+skoda-carousel-widget+skoda-carousel-widget,,no
https://www.skoda-storyboard.com/en/podcast-en/podcast-exploreskoda-rs-legacy-from-the-iconic-130rs-to-the-all-new-elroq-rs/,en,True,8,2,2,sow-editor+sow-editor,,no
https://www.skoda-storyboard.com/en/models/elroq/fast-fun-practical-the-skoda-elroq-rs-is-here/,en,True,43,36,16,sow-editor+sow-editor+sow-editor+sow-editor+sow-editor+sow-editor+sow-editor+sow-editor+sow-editor+sow-editor+sow-editor+sow-editor+sow-editor+sow-editor+sow-editor+sow-editor,,no
https://www.skoda-storyboard.com/en/skoda-world/heritage/the-czech-shoe-skoda-and-botas-created-unique-sneakers/,en,True,34,21,16,sow-editor+sow-editor+skoda-offset+skoda-offset+sow-editor+sow-editor+sow-editor+sow-editor+sow-editor+sow-editor+sow-editor+sow-editor+sow-editor+sow-editor+sow-editor+sow-editor,,no
https://www.skoda-storyboard.com/en/skoda-world/snowdrop-flamingo-modern-solid-skoda-heads-to-milan/,en,True,18,11,3,sow-editor+skoda-carousel-widget+sow-editor,,no
https://www.skoda-storyboard.com/en/skoda-world/windows-as-witnesses-of-laurin-klements-successful-history/,en,True,18,11,2,skoda-carousel-widget+sow-editor,,no
https://www.skoda-storyboard.com/en/lifestyle/spring-car-care-what-can-you-handle-at-home-and-what-requires-a-service-visit/,en,True,38,27,1,sow-editor,,no
https://www.skoda-storyboard.com/en/models/kodiaq/rs-in-bear-skin-youll-love-the-most-powerful-kodiaq/,en,True,22,11,5,sow-editor+sow-editor+sow-editor+sow-editor+skoda-carousel-widget,,no
https://www.skoda-storyboard.com/en/podcast-en/podcast-exploreskoda-smart-cars-smart-protection-how-we-secure-your-vehicles/,en,True,8,2,2,sow-editor+sow-editor,,no
https://www.skoda-storyboard.com/en/mission-and-vision/recap-of-a-record-year-and-a-glimpse-into-the-future/,en,True,24,12,1,sow-editor,,no
https://www.skoda-storyboard.com/en/skoda-world/innovation-and-technology/an-automatic-transmission-saves-fuel-effort-and-space-when-does-a-manual-still-make-sense/,en,True,33,23,19,sow-editor+sow-editor+skoda-carousel-widget+skoda-carousel-widget+sow-editor+sow-editor+sow-editor+sow-editor+sow-editor+sow-editor+sow-editor+sow-editor+skoda-carousel-widget+skoda-carousel-widget+skoda-carousel-widget+skoda-carousel-widget+skoda-carousel-widget+skoda-carousel-widget+skoda-carousel-widget,,no
https://www.skoda-storyboard.com/en/emobility/a-stunning-drive-to-the-northernmost-tip-of-mallorca/,en,True,14,6,2,sow-editor+sow-editor,,no
https://www.skoda-storyboard.com/en/simply-clever/do-you-have-a-qr-code-in-your-boot-it-will-show-you-all-the-smart-features/,en,True,13,6,15,sow-editor+sow-editor+sow-editor+skoda-offset+sow-editor+sow-editor+skoda-offset+sow-editor+skoda-offset+sow-editor+skoda-offset+sow-editor+skoda-offset+sow-editor+skoda-offset,,no
https://www.skoda-storyboard.com/en/models/kodiaq/the-story-of-olive-oil-from-andalusia-to-the-czech-republic/,en,True,29,21,1,skoda-carousel-widget,,no
https://www.skoda-storyboard.com/en/lifestyle/what-you-learn-on-the-circuit-can-save-you-on-the-road/,en,True,43,29,1,sow-editor,,no
https://www.skoda-storyboard.com/en/simply-clever/coffee-maker-fridge-and-a-coat-hanger-skoda-accessories-cover-every-detail/,en,True,8,2,2,sow-editor+sow-editor,,no
https://www.skoda-storyboard.com/en/concepts/a-parisian-journey-through-130-years/,en,True,8,2,2,sow-editor+sow-editor,,no
https://www.skoda-storyboard.com/en/emobility/here-is-where-future-skoda-cars-are-born-look-inside-the-secret-model-workshop/,en,True,18,9,6,sow-editor+sow-editor+sow-editor+sow-editor+sow-editor+sow-editor,,no
https://www.skoda-storyboard.com/en/podcast-en/podcast-exploreskoda-does-the-combustion-engine-still-have-a-future/,en,True,8,2,2,sow-editor+sow-editor,,no
https://www.skoda-storyboard.com/en/lifestyle/safe-driving-on-snow-and-ice/,en,True,18,11,4,sow-editor+sow-editor+sow-editor+sow-editor,,no
https://www.skoda-storyboard.com/en/models/superb/sporty-flair-for-every-day-the-superb-sportline-will-get-you/,en,True,39,26,18,sow-editor+sow-editor+sow-editor+sow-editor+sow-editor+sow-editor+sow-editor+sow-editor+sow-editor+sow-editor+sow-editor+sow-editor+sow-editor+sow-editor+sow-editor+sow-editor+sow-editor+sow-editor,,no
https://www.skoda-storyboard.com/en/lifestyle/adventures/driving-paradise-in-the-south-of-france-go-to-the-col-de-turini/,en,True,8,2,6,sow-editor+sow-editor+sow-editor+sow-editor+sow-editor+sow-editor,,no
https://www.skoda-storyboard.com/en/130years/what-the-birth-certificate-of-the-first-car-from-mlada-boleslav-looked-like/,en,True,34,23,3,sow-editor+sow-editor+sow-editor,,no
https://www.skoda-storyboard.com/en/lifestyle/your-car-can-also-be-equipped-for-the-mountains-here-are-tips-for-choosing-the-right-accessories/,en,True,13,8,3,sow-editor+sow-editor+sow-editor,,no
https://www.skoda-storyboard.com/en/skoda-world/innovation-and-technology/skoda-elroq-wins-you-over-in-60-seconds/,en,True,23,14,1,sow-editor,,no
https://www.skoda-storyboard.com/en/models/octavia/octavia-from-the-1960s-as-the-voltavia-electric-station-wagon-and-the-crazy-project-x/,en,True,34,27,21,sow-editor+sow-editor+sow-editor+sow-editor+skoda-carousel-widget+skoda-carousel-widget+skoda-offset+skoda-offset+sow-editor+sow-editor+sow-editor+sow-editor+skoda-carousel-widget+skoda-carousel-widget+skoda-carousel-widget+skoda-carousel-widget+skoda-carousel-widget+skoda-carousel-widget+skoda-carousel-widget+skoda-carousel-widget+skoda-carousel-widget,,no
https://www.skoda-storyboard.com/en/emobility/an-electric-car-in-winter-practical-advice-from-driver-and-expert/,en,True,30,14,3,sow-editor+sow-editor+sow-editor,,no
https://www.skoda-storyboard.com/en/emobility/new-nose-new-colours-designers-present-the-new-enyaq/,en,True,28,18,19,sow-editor+sow-editor+sow-editor+sow-editor+skoda-carousel-widget+skoda-carousel-widget+skoda-offset+skoda-offset+sow-editor+sow-editor+sow-editor+sow-editor+skoda-carousel-widget+skoda-carousel-widget+skoda-carousel-widget+skoda-carousel-widget+skoda-carousel-widget+skoda-carousel-widget+skoda-carousel-widget,,no
https://www.skoda-storyboard.com/en/podcast-en/podcast-exploreskoda-new-enyaq-a-major-software-update-as-well/,en,True,8,3,2,sow-editor+sow-editor,,no
https://www.skoda-storyboard.com/en/models/enyaq/the-new-enyaq-with-modern-solid/,en,True,8,2,4,sow-editor+skoda-carousel-widget+sow-editor+sow-editor,,no
https://www.skoda-storyboard.com/en/podcast-en/podcast-exploreskoda-cold-weather-charging-take-care-of-your-traction-battery/,en,True,14,6,2,sow-editor+sow-editor,,no
https://www.skoda-storyboard.com/en/models/elroq/five-reasons-why-elroq-will-capture-your-heart/,en,True,19,11,4,sow-editor+sow-editor+sow-editor+sow-editor,,no
https://www.skoda-storyboard.com/en/130years/welcome-to-2025/,en,True,8,2,2,sow-editor+sow-editor,,no
https://www.skoda-storyboard.com/en/skoda-world/2024-a-year-crammed-full-of-exploration/,en,True,13,6,4,sow-editor+sow-editor+sow-editor+sow-editor,,no
https://www.skoda-storyboard.com/en/skoda-world/2024-a-year-of-new-electric-cars-and-innovated-favourites/,en,True,13,6,4,sow-editor+sow-editor+sow-editor+sow-editor,,no
https://www.skoda-storyboard.com/en/skoda-world/taking-the-risk-out-of-buying-a-second-hand-car/,en,True,34,24,1,sow-editor,,no
https://www.skoda-storyboard.com/en/skoda-world/quiz-can-you-recognise-skoda-models-by-their-details/,en,True,8,3,2,sow-editor+sow-editor,,no
https://www.skoda-storyboard.com/en/classic-cars/original-skodas-from-the-companys-history/,en,True,28,11,19,sow-editor+sow-editor+sow-editor+sow-editor+sow-editor+sow-editor+skoda-carousel-widget+skoda-carousel-widget+sow-editor+sow-editor+sow-editor+sow-editor+skoda-carousel-widget+skoda-carousel-widget+skoda-carousel-widget+skoda-carousel-widget+skoda-carousel-widget+skoda-carousel-widget+skoda-carousel-widget,,no
https://www.skoda-storyboard.com/en/skoda-world/minutes-from-car-production-how-a-car-is-made-step-by-step/,en,True,84,44,72,sow-editor+sow-editor+skoda-offset+skoda-offset+sow-editor+sow-editor+sow-editor+sow-editor+skoda-offset+skoda-offset+sow-editor+sow-editor+sow-editor+sow-editor+skoda-offset+skoda-offset+sow-editor+sow-editor+sow-editor+sow-editor+skoda-offset+skoda-offset+sow-editor+sow-editor+sow-editor+sow-editor+skoda-offset+skoda-offset+sow-editor+sow-editor+sow-editor+sow-editor+skoda-offset+skoda-offset+sow-editor+sow-editor+sow-editor+sow-editor+skoda-offset+skoda-offset+sow-editor+sow-editor+sow-editor+sow-editor+skoda-offset+skoda-offset+sow-editor+sow-editor+sow-editor+sow-editor+skoda-offset+skoda-offset+sow-editor+sow-editor+sow-editor+sow-editor+skoda-offset+skoda-offset+sow-editor+sow-editor+sow-editor+sow-editor+skoda-offset+skoda-offset+sow-editor+sow-editor+sow-editor+sow-editor+sow-editor+sow-editor+skoda-offset+skoda-offset,,no
https://www.skoda-storyboard.com/en/skoda-world/skoda-has-a-blueprint-for-sustainable-dealerships/,en,True,34,14,14,sow-editor+sow-editor+sow-editor+sow-editor+sow-editor+sow-editor+sow-editor+sow-editor+sow-editor+sow-editor+sow-editor+sow-editor+sow-editor+sow-editor,,no
https://www.skoda-storyboard.com/en/lifestyle/my-enyaq-how-one-scottish-lawyer-found-freedom-in-his-skoda/,en,True,28,15,1,ys-so-widget-k2tools-charge-map,ys-so-widget-k2tools-charge-map,yes
https://www.skoda-storyboard.com/en/skoda-world/minutes-from-car-production-a-visual-inspection-and-the-first-test/,en,True,8,3,2,sow-editor+sow-editor,,no
https://www.skoda-storyboard.com/en/skoda-world/safely-tested-on-people/,en,True,28,21,2,sow-editor+sow-editor,,no
https://www.skoda-storyboard.com/en/skoda-world/kamiq-karoq-kodiaq-great-choices-for-the-city-and-countryside/,en,True,48,27,18,sow-editor+sow-editor+sow-editor+sow-editor+sow-editor+sow-editor+sow-editor+sow-editor+sow-editor+sow-editor+sow-editor+sow-editor+sow-editor+sow-editor+sow-editor+sow-editor+skoda-offset+skoda-offset,,no
https://www.skoda-storyboard.com/en/skoda-world/designers-in-india/,en,True,18,9,1,sow-editor,,no
https://www.skoda-storyboard.com/en/skoda-world/cars-that-are-safe-for-pedestrians-as-well/,en,True,48,38,20,sow-editor+sow-editor+sow-editor+sow-editor+sow-editor+sow-editor+sow-editor+sow-editor+sow-editor+sow-editor+sow-editor+sow-editor+sow-editor+sow-editor+sow-editor+sow-editor+sow-editor+sow-editor+skoda-offset+skoda-offset,,no
https://www.skoda-storyboard.com/en/lifestyle/care-for-body-and-mind-and-important-prevention/,en,True,38,19,14,sow-editor+sow-editor+sow-editor+sow-editor+sow-editor+sow-editor+sow-editor+sow-editor+sow-editor+sow-editor+sow-editor+sow-editor+sow-editor+sow-editor,,no
https://www.skoda-storyboard.com/en/emobility/motors-in-electric-cars-light-powerful-and-maintenance-free/,en,True,40,21,22,sow-editor+sow-editor+sow-editor+sow-editor+skoda-offset+skoda-offset+sow-editor+sow-editor+sow-editor+sow-editor+sow-editor+sow-editor+sow-editor+sow-editor+skoda-offset+skoda-offset+sow-editor+sow-editor+sow-editor+sow-editor+sow-editor+sow-editor,,no
https://www.skoda-storyboard.com/en/skoda-world/here-comes-the-kylaq-a-compact-suv-for-india/,en,True,38,23,1,skoda-carousel-widget,,no
https://www.skoda-storyboard.com/en/podcast-en/podcast-exploreskoda-the-elroq-experience-design-meets-technology/,en,True,8,3,2,sow-editor+sow-editor,,no
https://www.skoda-storyboard.com/en/skoda-world/minutes-from-car-production-software-brings-the-car-to-life/,en,True,8,3,2,sow-editor+sow-editor,,no
https://www.skoda-storyboard.com/en/models/sporty-and-stylish-the-kodiaq-gets-the-rs-treatment/,en,True,13,6,6,sow-editor+sow-editor+sow-editor+sow-editor+sow-editor+sow-editor,,no
https://www.skoda-storyboard.com/en/skoda-world/clever-luggage-solutions-for-your-boot/,en,True,18,7,13,sow-editor+sow-editor+sow-editor+sow-editor+skoda-carousel-widget+skoda-carousel-widget+skoda-carousel-widget+skoda-carousel-widget+skoda-carousel-widget+skoda-carousel-widget+skoda-carousel-widget+skoda-carousel-widget+skoda-carousel-widget,,no
https://www.skoda-storyboard.com/en/lifestyle/exploring-pyrenees-without-limits-enyaq-and-the-tent/,en,True,33,21,12,sow-editor+sow-editor+sow-editor+sow-editor+sow-editor+sow-editor+sow-editor+sow-editor+sow-editor+sow-editor+sow-editor+sow-editor,,no
https://www.skoda-storyboard.com/en/skoda-world/making-driving-easier-how-cruise-control-works/,en,True,23,13,10,sow-editor+sow-editor+sow-editor+sow-editor+sow-editor+sow-editor+sow-editor+sow-editor+sow-editor+sow-editor,,no
https://www.skoda-storyboard.com/en/emobility/my-enyaq-embracing-electric-through-hampshire-and-far-beyond/,en,True,18,9,1,ys-so-widget-k2tools-charge-map,ys-so-widget-k2tools-charge-map,yes
https://www.skoda-storyboard.com/en/models/enyaq-rs-race-an-electric-coupe-on-steroids/,en,True,18,7,6,sow-editor+sow-editor+sow-editor+sow-editor+sow-editor+sow-editor,,no
https://www.skoda-storyboard.com/en/models/skoda-elroq-through-designers-eyes/,en,True,13,5,4,sow-editor+sow-editor+sow-editor+sow-editor,,no
https://www.skoda-storyboard.com/en/emobility/skoda-elroq-premiere-light-cube-camera-action/,en,True,19,7,12,sow-editor+sow-editor+skoda-offset+skoda-offset+sow-editor+sow-editor+sow-editor+sow-editor+sow-editor+sow-editor+sow-editor+sow-editor,,no
https://www.skoda-storyboard.com/en/skoda-world/here-it-comes-the-skoda-elroq-a-compact-electric-suv/,en,True,28,15,4,skoda-carousel-widget+skoda-carousel-widget+sow-editor+skoda-carousel-widget,,no
https://www.skoda-storyboard.com/en/skoda-world/minutes-from-car-production-closing-doors/,en,True,8,3,2,sow-editor+sow-editor,,no
https://www.skoda-storyboard.com/en/skoda-world/how_computers_shaped_55_years_of_skoda_design/,en,True,44,34,22,sow-editor+sow-editor+skoda-offset+skoda-offset+sow-editor+sow-editor+sow-editor+sow-editor+sow-editor+sow-editor+sow-editor+sow-editor+sow-editor+sow-editor+sow-editor+sow-editor+sow-editor+sow-editor+sow-editor+sow-editor+sow-editor+sow-editor,,no
https://www.skoda-storyboard.com/en/skoda-world/the-skoda-superb-will-get-you-in-60-seconds/,en,True,8,2,2,sow-editor+sow-editor,,no
https://www.skoda-storyboard.com/en/lifestyle/from-toolmaker-to-fire-chief/,en,True,23,8,8,sow-editor+sow-editor+sow-editor+sow-editor+sow-editor+sow-editor+sow-editor+sow-editor,,no
https://www.skoda-storyboard.com/en/skoda-world/the-elroq-sounds-unique-hear-for-yourself/,en,True,53,29,20,sow-editor+sow-editor+sow-editor+sow-editor+sow-editor+sow-editor+sow-editor+sow-editor+sow-editor+sow-editor+sow-editor+sow-editor+sow-editor+sow-editor+skoda-offset+skoda-offset+sow-editor+sow-editor+skoda-offset+skoda-offset,,no
https://www.skoda-storyboard.com/en/green-future-de/the-first-sustainable-skoda-showroom-has-opened-in-riga/,en,True,23,13,8,sow-editor+sow-editor+sow-editor+sow-editor+sow-editor+sow-editor+sow-editor+sow-editor,,no
https://www.skoda-storyboard.com/en/skoda-world/ensuring-the-air-inside-your-car-is-just-right/,en,True,44,21,20,sow-editor+sow-editor+skoda-offset+skoda-offset+sow-editor+sow-editor+sow-editor+sow-editor+sow-editor+sow-editor+sow-editor+sow-editor+sow-editor+sow-editor+sow-editor+sow-editor+sow-editor+sow-editor+sow-editor+sow-editor,,no
https://www.skoda-storyboard.com/en/skoda-world/skoda-classic-tour-stopped-off-at-a-huge-parts-warehouse/,en,True,13,5,4,sow-editor+sow-editor+sow-editor+sow-editor,,no
https://www.skoda-storyboard.com/en/skoda-world/minutes-from-car-production-seats-and-steering-wheel/,en,True,8,3,2,sow-editor+sow-editor,,no
https://www.skoda-storyboard.com/en/skoda-world/sportline-models-dynamic-elegance-for-every-day/,en,True,34,21,16,sow-editor+sow-editor+sow-editor+sow-editor+skoda-offset+skoda-offset+sow-editor+sow-editor+sow-editor+sow-editor+sow-editor+sow-editor+sow-editor+sow-editor+sow-editor+sow-editor,,no
https://www.skoda-storyboard.com/en/models/superb/meet-the-new-superb-sportline/,en,True,23,9,2,skoda-carousel-widget+skoda-carousel-widget,,no
https://www.skoda-storyboard.com/en/skoda-world/the-skoda-elroq-reveals-its-sustainable-interior/,en,True,13,5,4,sow-editor+sow-editor+sow-editor+sow-editor,,no
https://www.skoda-storyboard.com/en/skoda-world/birthdays-for-the-felicia-and-fabia/,en,True,28,15,12,sow-editor+sow-editor+sow-editor+sow-editor+sow-editor+sow-editor+skoda-offset+skoda-offset+sow-editor+sow-editor+sow-editor+sow-editor,,no
https://www.skoda-storyboard.com/en/emobility/enyaq-rs-race-rally-technology-plus-sustainability/,en,True,30,15,18,sow-editor+sow-editor+skoda-offset+skoda-offset+sow-editor+sow-editor+sow-editor+sow-editor+sow-editor+sow-editor+sow-editor+sow-editor+skoda-offset+skoda-offset+sow-editor+sow-editor+sow-editor+sow-editor,,no
https://www.skoda-storyboard.com/en/skoda-world/skoda-kodiaq-will-get-you-in-60-seconds/,en,True,8,3,2,sow-editor+sow-editor,,no
https://www.skoda-storyboard.com/en/emobility/how-was-the-elroq-made-not-in-the-usual-way/,en,True,13,6,4,sow-editor+sow-editor+sow-editor+sow-editor,,no
https://www.skoda-storyboard.com/en/skoda-world/practical-and-ergonomic-why-the-gear-selector-is-being-repositioned/,en,True,40,25,20,sow-editor+sow-editor+skoda-offset+skoda-offset+sow-editor+sow-editor+sow-editor+sow-editor+sow-editor+sow-editor+sow-editor+sow-editor+sow-editor+sow-editor+sow-editor+sow-editor+sow-editor+sow-editor+sow-editor+sow-editor,,no
https://www.skoda-storyboard.com/en/emobility/abb-on-the-road-to-a-fully-electric-fleet/,en,True,33,24,12,sow-editor+sow-editor+sow-editor+sow-editor+sow-editor+sow-editor+sow-editor+sow-editor+sow-editor+sow-editor+sow-editor+sow-editor,,no
https://www.skoda-storyboard.com/en/podcast-en/podcast-exploreskoda-discovering-europes-advanced-paint-shops/,en,True,8,3,2,sow-editor+sow-editor,,no
https://www.skoda-storyboard.com/en/skoda-world/oliver-solberg-behind-the-wheel-of-the-new-octavia-rs/,en,True,13,6,4,sow-editor+sow-editor+sow-editor+sow-editor,,no
https://www.skoda-storyboard.com/en/lifestyle/the-dutch-reach-a-simple-habit-that-saves-lives/,en,True,48,38,20,sow-editor+sow-editor+sow-editor+sow-editor+sow-editor+sow-editor+sow-editor+sow-editor+sow-editor+sow-editor+skoda-offset+skoda-offset+sow-editor+sow-editor+sow-editor+sow-editor+skoda-offset+skoda-offset+sow-editor+sow-editor,,no
https://www.skoda-storyboard.com/en/podcast-en/podcast-exploreskoda-elroq-agile-ev-for-every-day/,en,True,8,3,2,sow-editor+sow-editor,,no
https://www.skoda-storyboard.com/en/skoda-world/minutes-from-car-production-wheels-at-last/,en,True,8,3,2,sow-editor+sow-editor,,no
https://www.skoda-storyboard.com/en/skoda-world/how-to-keep-kids-amused-on-your-travels/,en,True,49,36,2,sow-editor+sow-editor,,no
https://www.skoda-storyboard.com/en/emobility/camouflage-to-get-you-hooked/,en,True,28,21,12,sow-editor+sow-editor+sow-editor+sow-editor+skoda-offset+skoda-offset+sow-editor+sow-editor+sow-editor+sow-editor+skoda-offset+skoda-offset,,no
https://www.skoda-storyboard.com/en/lifestyle/whats-your-tour/,en,True,65,41,39,sow-editor+sow-editor+skoda-carousel-widget+skoda-carousel-widget+sow-editor+sow-editor+sow-editor+sow-editor+skoda-carousel-widget+skoda-carousel-widget+sow-editor+sow-editor+sow-editor+sow-editor+sow-editor+sow-editor+sow-editor+sow-editor+sow-editor+sow-editor+sow-editor+sow-editor+skoda-offset+skoda-offset+sow-editor+sow-editor+sow-editor+sow-editor+sow-editor+sow-editor+skoda-offset+skoda-offset+skoda-carousel-widget+skoda-carousel-widget+skoda-carousel-widget+skoda-carousel-widget+skoda-carousel-widget+skoda-carousel-widget+skoda-carousel-widget,,no
https://www.skoda-storyboard.com/en/skoda-world/skoda-octavia-will-get-you-in-60-seconds/,en,True,8,3,2,sow-editor+sow-editor,,no
https://www.skoda-storyboard.com/en/skoda-world/the-data-kingdom-and-its-fascinating-technology/,en,True,55,29,28,sow-editor+sow-editor+sow-editor+sow-editor+skoda-offset+skoda-offset+sow-editor+sow-editor+sow-editor+sow-editor+sow-editor+sow-editor+sow-editor+sow-editor+sow-editor+sow-editor+sow-editor+sow-editor+sow-editor+sow-editor+skoda-offset+skoda-offset+sow-editor+sow-editor+sow-editor+sow-editor+sow-editor+sow-editor,,no
https://www.skoda-storyboard.com/en/emobility/my-enyaq-from-daily-drives-to-caravan-escapes/,en,True,23,9,2,ys-so-widget-k2tools-charge-map+skoda-offset,ys-so-widget-k2tools-charge-map,yes
https://www.skoda-storyboard.com/en/skoda-world/caught-up-in-the-cogs/,en,True,18,6,6,sow-editor+sow-editor+sow-editor+sow-editor+sow-editor+sow-editor,,no
https://www.skoda-storyboard.com/en/skoda-world/skoda-kamiq-will-get-you-in-60-seconds/,en,True,8,3,2,sow-editor+sow-editor,,no
https://www.skoda-storyboard.com/en/podcast-en/podcast-exploreskoda-andreas-dick-on-skoda-car-manufacturing/,en,True,8,3,2,sow-editor+sow-editor,,no
https://www.skoda-storyboard.com/en/emobility/skoda-elroq-whats-hiding-under-the-camouflage/,en,True,28,15,10,sow-editor+sow-editor+sow-editor+sow-editor+sow-editor+sow-editor+sow-editor+sow-editor+skoda-offset+skoda-offset,,no
https://www.skoda-storyboard.com/en/lifestyle/skoda-again-leading-the-tour-de-france-peloton/,en,True,33,21,21,sow-editor+sow-editor+sow-editor+sow-editor+sow-editor+sow-editor+skoda-carousel-widget+skoda-carousel-widget+sow-editor+sow-editor+sow-editor+sow-editor+sow-editor+sow-editor+skoda-carousel-widget+skoda-carousel-widget+skoda-carousel-widget+skoda-carousel-widget+skoda-carousel-widget+skoda-carousel-widget+skoda-carousel-widget,,no
https://www.skoda-storyboard.com/en/skoda-world/minutes-from-car-production-the-car-gets-a-face/,en,True,8,3,2,sow-editor+sow-editor,,no
https://www.skoda-storyboard.com/en/podcast-en/podcast-exploreskoda-about-the-kamiq-and-scala-lights/,en,True,8,2,2,sow-editor+sow-editor,,no
https://www.skoda-storyboard.com/en/skoda-world/box-on-the-roof-towards-the-back-and-dead-central/,en,True,29,12,1,skoda-carousel-widget,,no
https://www.skoda-storyboard.com/en/skoda-world/high-mountains-howling-wind-and-searing-heat-in-one-room/,en,True,18,7,6,sow-editor+sow-editor+sow-editor+sow-editor+sow-editor+sow-editor,,no
https://www.skoda-storyboard.com/en/emobility/just-plug-and-charge/,en,True,34,20,16,sow-editor+sow-editor+sow-editor+sow-editor+sow-editor+sow-editor+sow-editor+sow-editor+skoda-offset+skoda-offset+sow-editor+sow-editor+sow-editor+sow-editor+sow-editor+sow-editor,,no
https://www.skoda-storyboard.com/en/skoda-world/the-future-of-sustainable-materials-frying-oil-and-old-bumpers/,en,True,38,27,16,sow-editor+sow-editor+sow-editor+sow-editor+iframe+iframe+sow-editor+sow-editor+skoda-offset+skoda-offset+sow-editor+sow-editor+sow-editor+sow-editor+skoda-offset+skoda-offset,iframe,yes
https://www.skoda-storyboard.com/en/skoda-world/cars-have-black-boxes-what-data-do-they-collect/,en,True,28,19,10,sow-editor+sow-editor+sow-editor+sow-editor+sow-editor+sow-editor+sow-editor+sow-editor+sow-editor+sow-editor,,no
https://www.skoda-storyboard.com/en/skoda-world/skoda-scala-will-get-you-in-60-seconds/,en,True,8,3,2,sow-editor+sow-editor,,no
https://www.skoda-storyboard.com/en/skoda-world/specialty-coffee-fuelling-skoda-employees-creativity/,en,True,54,39,26,sow-editor+sow-editor+sow-editor+sow-editor+skoda-offset+skoda-offset+sow-editor+sow-editor+sow-editor+sow-editor+sow-editor+sow-editor+sow-editor+sow-editor+sow-editor+sow-editor+sow-editor+sow-editor+skoda-offset+skoda-offset+sow-editor+sow-editor+sow-editor+sow-editor+skoda-offset+skoda-offset,,no
https://www.skoda-storyboard.com/en/skoda-world/quiz-can-you-recognise-skoda-models-by-the-back-lights/,en,True,8,3,2,sow-editor+sow-editor,,no
https://www.skoda-storyboard.com/en/skoda-world/from-a-3d-model-to-the-driving-seat-in-the-new-octavia/,en,True,24,13,12,sow-editor+sow-editor+sow-editor+sow-editor+sow-editor+sow-editor+sow-editor+sow-editor+skoda-offset+skoda-offset+sow-editor+sow-editor,,no
https://www.skoda-storyboard.com/en/podcast-en/podcast-exploreskoda-connectivity-of-the-new-skoda-octavia-on-a-higher-level/,en,True,8,2,2,sow-editor+sow-editor,,no
https://www.skoda-storyboard.com/en/skoda-world/minutes-from-car-production-the-marriage/,en,True,8,2,2,sow-editor+sow-editor,,no
https://www.skoda-storyboard.com/en/skoda-world/the-new-superb-through-the-eyes-of-chief-designer-oliver-stefani/,en,True,13,5,4,sow-editor+sow-editor+sow-editor+sow-editor,,no
https://www.skoda-storyboard.com/en/skoda-world/a-glimpse-of-the-skoda-elroq/,en,True,13,9,13,sow-editor+sow-editor+sow-editor+sow-editor+skoda-carousel-widget+skoda-carousel-widget+skoda-carousel-widget+skoda-carousel-widget+skoda-carousel-widget+skoda-carousel-widget+skoda-carousel-widget+skoda-carousel-widget+skoda-carousel-widget,,no
https://www.skoda-storyboard.com/en/skoda-world/aerodynamics-pioneers-through-todays-eyes/,en,True,23,12,8,sow-editor+sow-editor+sow-editor+sow-editor+sow-editor+sow-editor+sow-editor+sow-editor,,no
https://www.skoda-storyboard.com/en/podcast-en/podcast-exploreskoda-the-all-new-superb-combi-is-even-more-spacious/,en,True,8,2,2,sow-editor+sow-editor,,no
https://www.skoda-storyboard.com/en/skoda-world/an-architect-in-a-world-of-engineers/,en,True,18,9,6,sow-editor+sow-editor+sow-editor+sow-editor+sow-editor+sow-editor,,no
https://www.skoda-storyboard.com/en/skoda-world/team-skodas-star-line-up-for-this-year/,en,True,43,29,27,sow-editor+sow-editor+sow-editor+sow-editor+sow-editor+sow-editor+sow-editor+sow-editor+sow-editor+sow-editor+skoda-offset+skoda-offset+sow-editor+sow-editor+sow-editor+sow-editor+skoda-carousel-widget+skoda-carousel-widget+skoda-offset+skoda-offset+skoda-carousel-widget+skoda-carousel-widget+skoda-carousel-widget+skoda-carousel-widget+skoda-carousel-widget+skoda-carousel-widget+skoda-carousel-widget,,no
https://www.skoda-storyboard.com/en/skoda-world/they-save-lives-how-airbags-work/,en,True,28,18,10,sow-editor+sow-editor+sow-editor+sow-editor+sow-editor+sow-editor+sow-editor+sow-editor+sow-editor+sow-editor,,no
https://www.skoda-storyboard.com/en/lifestyle/its-first-race-the-incredibly-fast-skoda-vision-gran-turismo/,en,True,38,21,21,sow-editor+sow-editor+sow-editor+sow-editor+skoda-carousel-widget+skoda-carousel-widget+sow-editor+sow-editor+sow-editor+sow-editor+skoda-offset+skoda-offset+sow-editor+sow-editor+skoda-carousel-widget+skoda-carousel-widget+skoda-carousel-widget+skoda-carousel-widget+skoda-carousel-widget+skoda-carousel-widget+skoda-carousel-widget,,no
https://www.skoda-storyboard.com/en/emobility/enyaq-rs-race-an-electric-drive-with-motorsport-dna/,en,True,25,12,14,sow-editor+sow-editor+sow-editor+sow-editor+sow-editor+sow-editor+sow-editor+sow-editor+skoda-offset+skoda-offset+sow-editor+sow-editor+sow-editor+sow-editor,,no
https://www.skoda-storyboard.com/en/podcast-en/podcast-exploreskoda-kodiaq-excels-not-only-with-efficient-engines/,en,True,8,3,2,sow-editor+sow-editor,,no
https://www.skoda-storyboard.com/en/emobility/electrifying-the-bear-driving-the-skoda-kodiaq-iv/,en,True,18,9,8,sow-editor+sow-editor+sow-editor+sow-editor+sow-editor+sow-editor+sow-editor+sow-editor,,no
https://www.skoda-storyboard.com/en/skoda-world/minutes-from-car-production-installing-the-windscreen/,en,True,8,3,2,sow-editor+sow-editor,,no
https://www.skoda-storyboard.com/en/lifestyle/vision-gran-turismo-premiere/,en,True,28,17,12,sow-editor+sow-editor+sow-editor+sow-editor+sow-editor+sow-editor+sow-editor+sow-editor+skoda-offset+skoda-offset+sow-editor+sow-editor,,no
https://www.skoda-storyboard.com/en/emobility/the-little-prince-van-gogh-and-lavender-scent/,en,True,33,24,14,sow-editor+sow-editor+sow-editor+sow-editor+sow-editor+sow-editor+sow-editor+sow-editor+skoda-offset+skoda-offset+sow-editor+sow-editor+sow-editor+sow-editor,,no
https://www.skoda-storyboard.com/en/skoda-world/my-name-is-vaclav-laurin-and-im-here-to-chat/,en,True,35,17,16,sow-editor+sow-editor+sow-editor+sow-editor+sow-editor+sow-editor+sow-editor+sow-editor+sow-editor+sow-editor+sow-editor+sow-editor+sow-editor+sow-editor+sow-editor+sow-editor,,no
https://www.skoda-storyboard.com/en/podcast-en/podcast-exploreskoda-new-myskoda-app-brings-everything-in-one-place/,en,True,8,2,2,sow-editor+sow-editor,,no
https://www.skoda-storyboard.com/en/skoda-world/the-new-skoda-kodiaq-through-the-eyes-of-oliver-stefani/,en,True,8,2,2,sow-editor+sow-editor,,no
https://www.skoda-storyboard.com/en/skoda-world/meet-some-original-and-lesser-known-skodas/,en,True,33,17,27,sow-editor+sow-editor+skoda-carousel-widget+skoda-carousel-widget+sow-editor+sow-editor+skoda-carousel-widget+skoda-carousel-widget+sow-editor+sow-editor+skoda-carousel-widget+skoda-carousel-widget+sow-editor+sow-editor+skoda-carousel-widget+skoda-carousel-widget+sow-editor+sow-editor+skoda-carousel-widget+skoda-carousel-widget+skoda-carousel-widget+skoda-carousel-widget+skoda-carousel-widget+skoda-carousel-widget+skoda-carousel-widget+skoda-carousel-widget+skoda-carousel-widget,,no
https://www.skoda-storyboard.com/en/skoda-world/getting-hands-on-with-the-new-superb-combi/,en,True,29,16,2,sow-editor+sow-editor,,no
https://www.skoda-storyboard.com/en/emobility/myskoda-app-is-packed-with-more-features-than-ever/,en,True,40,24,29,sow-editor+sow-editor+sow-editor+sow-editor+sow-editor+sow-editor+sow-editor+sow-editor+sow-editor+sow-editor+skoda-carousel-widget+skoda-carousel-widget+skoda-offset+skoda-offset+sow-editor+sow-editor+sow-editor+sow-editor+sow-editor+sow-editor+sow-editor+sow-editor+skoda-carousel-widget+skoda-carousel-widget+skoda-carousel-widget+skoda-carousel-widget+skoda-carousel-widget+skoda-carousel-widget+skoda-carousel-widget,,no
https://www.skoda-storyboard.com/en/skoda-world/scala-or-kamiq-both-skodas-have-a-lot-to-offer/,en,True,18,9,8,sow-editor+sow-editor+sow-editor+sow-editor+sow-editor+sow-editor+sow-editor+sow-editor,,no
https://www.skoda-storyboard.com/en/skoda-world/cybersecurity-for-cars-the-responsibility-of-manufacturers-and-drivers/,en,True,28,18,10,sow-editor+sow-editor+sow-editor+sow-editor+sow-editor+sow-editor+sow-editor+sow-editor+skoda-offset+skoda-offset,,no
https://www.skoda-storyboard.com/en/skoda-world/minutes-from-car-production-dashboard-assembly/,en,True,8,3,2,sow-editor+sow-editor,,no
https://www.skoda-storyboard.com/en/podcast-en/podcast-exploreskoda-vehicle-acoustics-is-progressing-rapidly/,en,True,8,3,2,sow-editor+sow-editor,,no
https://www.skoda-storyboard.com/en/emobility/electric-journey-to-dunes-of-sahara/,en,True,18,12,15,sow-editor+sow-editor+sow-editor+sow-editor+skoda-carousel-widget+skoda-carousel-widget+skoda-offset+skoda-offset+skoda-carousel-widget+skoda-carousel-widget+skoda-carousel-widget+skoda-carousel-widget+skoda-carousel-widget+skoda-carousel-widget+skoda-carousel-widget,,no
https://www.skoda-storyboard.com/en/skoda-world/hackathon-beegreen-ideas-for-sustainability/,en,True,62,33,34,sow-editor+sow-editor+sow-editor+sow-editor+sow-editor+sow-editor+sow-editor+sow-editor+sow-editor+sow-editor+sow-editor+sow-editor+skoda-offset+skoda-offset+sow-editor+sow-editor+sow-editor+sow-editor+sow-editor+sow-editor+skoda-offset+skoda-offset+sow-editor+sow-editor+sow-editor+sow-editor+sow-editor+sow-editor+sow-editor+sow-editor+sow-editor+sow-editor+sow-editor+sow-editor,,no
https://www.skoda-storyboard.com/en/skoda-world/this-will-be-skoda-epiq-find-out-more/,en,True,18,12,10,sow-editor+sow-editor+sow-editor+sow-editor+sow-editor+sow-editor+skoda-offset+skoda-offset+sow-editor+sow-editor,,no
https://www.skoda-storyboard.com/en/skoda-world/quiz-recognise-skoda-models-by-their-lights/,en,True,8,3,2,sow-editor+sow-editor,,no
https://www.skoda-storyboard.com/en/emobility/my-enyaq-test-drive-was-an-eye-opener/,en,True,38,19,19,sow-editor+sow-editor+sow-editor+sow-editor+sow-editor+sow-editor+sow-editor+sow-editor+k2tools-charge-map+ys-so-widget-k2tools-charge-map+ys-so-widget-k2tools-charge-map+skoda-offset+skoda-offset+sow-editor+sow-editor+sow-editor+sow-editor+skoda-offset+skoda-offset,k2tools-charge-map;ys-so-widget-k2tools-charge-map,yes
https://www.skoda-storyboard.com/en/skoda-world/print-your-own-octavia-at-home/,en,True,50,36,39,sow-editor+sow-editor+sow-editor+sow-editor+skoda-offset+skoda-offset+sow-editor+sow-editor+sow-editor+sow-editor+skoda-carousel-widget+skoda-carousel-widget+skoda-offset+skoda-offset+sow-editor+sow-editor+sow-editor+sow-editor+sow-editor+sow-editor+sow-editor+sow-editor+skoda-offset+skoda-offset+sow-editor+sow-editor+sow-editor+sow-editor+skoda-offset+skoda-offset+sow-editor+sow-editor+skoda-carousel-widget+skoda-carousel-widget+skoda-carousel-widget+skoda-carousel-widget+skoda-carousel-widget+skoda-carousel-widget+skoda-carousel-widget,,no
https://www.skoda-storyboard.com/en/lifestyle/how-do-you-film-the-future-with-computers-and-a-stunt-driver/,en,True,44,27,18,sow-editor+sow-editor+sow-editor+sow-editor+sow-editor+sow-editor+sow-editor+sow-editor+sow-editor+sow-editor+sow-editor+sow-editor+sow-editor+sow-editor+sow-editor+sow-editor+sow-editor+sow-editor,,no
https://www.skoda-storyboard.com/en/skoda-world/minutes-from-car-production-bodywork-painting/,en,True,8,2,2,sow-editor+sow-editor,,no
https://www.skoda-storyboard.com/en/skoda-world/the-new-skoda-octavia-seen-through-its-designers-eyes/,en,True,18,9,6,sow-editor+sow-editor+sow-editor+sow-editor+sow-editor+sow-editor,,no
https://www.skoda-storyboard.com/en/emobility/discover-the-countryside-around-zell-am-see/,en,True,28,21,4,sow-editor+sow-editor+sow-editor+sow-editor,,no
https://www.skoda-storyboard.com/en/skoda-world/measure-twice-and-then-measure-again-meet-the-metrologists/,en,True,28,17,12,sow-editor+sow-editor+sow-editor+sow-editor+sow-editor+sow-editor+sow-editor+sow-editor+skoda-offset+skoda-offset+sow-editor+sow-editor,,no
https://www.skoda-storyboard.com/en/podcast-en/podcast-exploreskoda-updated-skoda-octavia-better-in-every-aspect/,en,True,8,2,2,sow-editor+sow-editor,,no
https://www.skoda-storyboard.com/en/skoda-world/new-octavia/,en,True,28,14,14,sow-editor+sow-editor+sow-editor+sow-editor+sow-editor+sow-editor+skoda-offset+skoda-offset+sow-editor+sow-editor+sow-editor+sow-editor+sow-editor+sow-editor,,no
https://www.skoda-storyboard.com/en/skoda-world/new-controls-for-skoda-cars-a-single-system-but-customisable/,en,True,35,18,1,sow-editor,,no
https://www.skoda-storyboard.com/en/models/octavia/first-sketches-of-the-innovated-octavia-take-a-look/,en,True,38,24,2,skoda-carousel-widget+sow-editor,,no
https://www.skoda-storyboard.com/en/skoda-world/not-just-shining-in-the-dark-lights-have-to-do-more-than-that/,en,True,28,17,1,skoda-carousel-widget,,no
https://www.skoda-storyboard.com/en/skoda-world/10-things-you-might-not-know-about-skoda/,en,True,53,20,20,sow-editor+sow-editor+sow-editor+sow-editor+sow-editor+sow-editor+sow-editor+sow-editor+sow-editor+sow-editor+sow-editor+sow-editor+sow-editor+sow-editor+sow-editor+sow-editor+sow-editor+sow-editor+sow-editor+sow-editor,,no
https://www.skoda-storyboard.com/en/skoda-world/minutes-from-car-production-bodywork-in-the-welding-shop/,en,True,8,3,2,sow-editor+sow-editor,,no
https://www.skoda-storyboard.com/en/classic-cars/original-cars-from-history-discover-unique-skodas/,en,True,8,3,4,sow-editor+sow-editor+sow-editor+sow-editor,,no
https://www.skoda-storyboard.com/en/skoda-world/in-the-virtual-centre-you-can-touch-cars-that-dont-exist/,en,True,24,8,10,sow-editor+sow-editor+sow-editor+sow-editor+sow-editor+sow-editor+sow-editor+sow-editor+sow-editor+sow-editor,,no
https://www.skoda-storyboard.com/en/skoda-world/crystallinium-a-brightly-coloured-jewel-in-lights/,en,True,19,7,10,sow-editor+sow-editor+sow-editor+sow-editor+skoda-offset+skoda-offset+sow-editor+sow-editor+sow-editor+sow-editor,,no
https://www.skoda-storyboard.com/en/lifestyle/dont-let-winter-catch-you-off-guard/,en,True,108,86,81,sow-editor+sow-editor+sow-editor+sow-editor+sow-editor+sow-editor+sow-editor+sow-editor+sow-editor+sow-editor+skoda-carousel-widget+skoda-carousel-widget+sow-editor+sow-editor+skoda-offset+skoda-offset+skoda-offset+skoda-offset+sow-editor+sow-editor+skoda-offset+skoda-offset+sow-editor+sow-editor+sow-editor+sow-editor+sow-editor+sow-editor+skoda-carousel-widget+skoda-carousel-widget+sow-editor+sow-editor+skoda-offset+skoda-offset+sow-editor+sow-editor+skoda-offset+skoda-offset+sow-editor+sow-editor+sow-editor+sow-editor+sow-editor+sow-editor+skoda-carousel-widget+skoda-carousel-widget+sow-editor+sow-editor+skoda-offset+skoda-offset+sow-editor+sow-editor+skoda-offset+skoda-offset+sow-editor+sow-editor+sow-editor+sow-editor+sow-editor+sow-editor+sow-editor+sow-editor+skoda-offset+skoda-offset+sow-editor+sow-editor+sow-editor+sow-editor+sow-editor+sow-editor+sow-editor+sow-editor+sow-editor+sow-editor+skoda-carousel-widget+skoda-carousel-widget+skoda-carousel-widget+skoda-carousel-widget+skoda-carousel-widget+skoda-carousel-widget+skoda-carousel-widget,,no
https://www.skoda-storyboard.com/en/emobility/meet-the-skoda-enyaq-85/,en,True,18,9,1,skoda-carousel-widget,,no
https://www.skoda-storyboard.com/en/skoda-world/innovation-and-technology/cars-on-the-way-to-vietnam/,en,True,13,6,4,sow-editor+sow-editor+sow-editor+sow-editor,,no
https://www.skoda-storyboard.com/en/podcast-en/podcast-exploreskoda-enyaq-for-the-2024-with-extended-range/,en,True,8,2,2,sow-editor+sow-editor,,no
https://www.skoda-storyboard.com/en/classic-cars/octavia-ts-triumphs-at-the-acropolis-rally-again-60-years-on/,en,True,28,18,4,skoda-carousel-widget+sow-editor+skoda-carousel-widget+skoda-offset,,no
https://www.skoda-storyboard.com/en/skoda-world/can-you-recognise-skoda-models-from-their-silhouettes/,en,True,8,2,2,sow-editor+sow-editor,,no
https://www.skoda-storyboard.com/en/skoda-world/2023-a-year-of-exploration-and-inspiring-encounters/,en,True,13,4,4,sow-editor+sow-editor+sow-editor+sow-editor,,no
https://www.skoda-storyboard.com/en/skoda-world/skoda-sets-off-on-a-fortnite-adventure/,en,True,40,20,22,sow-editor+sow-editor+skoda-offset+skoda-offset+sow-editor+sow-editor+sow-editor+sow-editor+sow-editor+sow-editor+sow-editor+sow-editor+sow-editor+sow-editor+skoda-offset+skoda-offset+sow-editor+sow-editor+sow-editor+sow-editor+sow-editor+sow-editor,,no
https://www.skoda-storyboard.com/en/emobility/2023-new-cars-and-a-glimpse-of-the-future/,en,True,13,4,4,sow-editor+sow-editor+sow-editor+sow-editor,,no
https://www.skoda-storyboard.com/en/skoda-world/nudge-and-spin-police-kodiaqs-in-action/,en,True,50,24,28,sow-editor+sow-editor+sow-editor+sow-editor+sow-editor+sow-editor+sow-editor+sow-editor+sow-editor+sow-editor+sow-editor+sow-editor+skoda-offset+skoda-offset+sow-editor+sow-editor+sow-editor+sow-editor+sow-editor+sow-editor+skoda-offset+skoda-offset+sow-editor+sow-editor+sow-editor+sow-editor+sow-editor+sow-editor,,no
https://www.skoda-storyboard.com/en/skoda-world/a-century-of-the-winged-arrow/,en,True,28,14,12,sow-editor+sow-editor+sow-editor+sow-editor+sow-editor+sow-editor+sow-editor+sow-editor+skoda-offset+skoda-offset+sow-editor+sow-editor,,no
https://www.skoda-storyboard.com/en/podcast-en/podcast-exploreskoda-33-000-km-across-africa-with-skoda-enyaq/,en,True,8,2,2,sow-editor+sow-editor,,no
https://www.skoda-storyboard.com/en/emobility/enyaq-covered-thousands-of-kilometres-of-rough-african-roads/,en,True,33,12,12,sow-editor+sow-editor+sow-editor+sow-editor+sow-editor+sow-editor+sow-editor+sow-editor+sow-editor+sow-editor+sow-editor+sow-editor,,no
https://www.skoda-storyboard.com/en/lifestyle/rally-on-the-road-to-sustainability/,en,True,23,14,8,sow-editor+sow-editor+sow-editor+sow-editor+sow-editor+sow-editor+sow-editor+sow-editor,,no
https://www.skoda-storyboard.com/en/skoda-world/laurin-klement-models-cars-with-tradition-and-a-touch-of-luxury/,en,True,24,12,2,skoda-carousel-widget+skoda-carousel-widget,,no
https://www.skoda-storyboard.com/en/lifestyle/gifts-from-the-world-of-skoda-christmas-joy-for-the-whole-family/,en,True,53,20,1,skoda-carousel-widget,,no
https://www.skoda-storyboard.com/en/skoda-world/explorers-of-sustainability-when-finnish-grannies-knit/,en,True,48,32,31,sow-editor+sow-editor+sow-editor+sow-editor+sow-editor+sow-editor+skoda-offset+skoda-offset+sow-editor+sow-editor+skoda-carousel-widget+skoda-carousel-widget+skoda-offset+skoda-offset+sow-editor+sow-editor+sow-editor+sow-editor+sow-editor+sow-editor+skoda-offset+skoda-offset+sow-editor+sow-editor+skoda-carousel-widget+skoda-carousel-widget+skoda-carousel-widget+skoda-carousel-widget+skoda-carousel-widget+skoda-carousel-widget+skoda-carousel-widget,,no
https://www.skoda-storyboard.com/en/skoda-world/the-new-superb-the-latest-made-in-bratislava-skoda/,en,True,33,16,12,sow-editor+sow-editor+sow-editor+sow-editor+sow-editor+sow-editor+sow-editor+sow-editor+sow-editor+sow-editor+skoda-offset+skoda-offset,,no
https://www.skoda-storyboard.com/en/podcast-en/podcast-exploreskoda-the-new-digital-service-pay-to-fuel/,en,True,8,2,2,sow-editor+sow-editor,,no
https://www.skoda-storyboard.com/en/skoda-world/a-talented-painter-among-designers/,en,True,13,4,4,sow-editor+sow-editor+sow-editor+sow-editor,,no
https://www.skoda-storyboard.com/en/classic-cars/skoda-1203-multifunctional-and-immortal/,en,True,23,8,1,skoda-carousel-widget,,no
https://www.skoda-storyboard.com/en/podcast-en/podcast-exploreskoda-about-the-exterior-of-the-all-new-skoda-superb/,en,True,8,2,2,sow-editor+sow-editor,,no
https://www.skoda-storyboard.com/en/skoda-world/explore-the-redesigned-skoda-exposition-at-autostadt/,en,True,45,20,31,sow-editor+sow-editor+sow-editor+sow-editor+sow-editor+sow-editor+sow-editor+sow-editor+sow-editor+sow-editor+skoda-carousel-widget+skoda-carousel-widget+skoda-offset+skoda-offset+sow-editor+sow-editor+sow-editor+sow-editor+sow-editor+sow-editor+sow-editor+sow-editor+skoda-offset+skoda-offset+skoda-carousel-widget+skoda-carousel-widget+skoda-carousel-widget+skoda-carousel-widget+skoda-carousel-widget+skoda-carousel-widget+skoda-carousel-widget,,no
https://www.skoda-storyboard.com/en/skoda-world/explorers-of-sustainability-furniture-made-from-seaweed-and-fishing-nets/,en,True,48,28,22,sow-editor+sow-editor+sow-editor+sow-editor+sow-editor+sow-editor+sow-editor+sow-editor+skoda-offset+skoda-offset+sow-editor+sow-editor+sow-editor+sow-editor+sow-editor+sow-editor+sow-editor+sow-editor+skoda-offset+skoda-offset+sow-editor+sow-editor,,no
https://www.skoda-storyboard.com/en/skoda-world/edu-lab-stokes-passion-for-technology/,en,True,33,20,14,sow-editor+sow-editor+sow-editor+sow-editor+skoda-offset+skoda-offset+sow-editor+sow-editor+sow-editor+sow-editor+sow-editor+sow-editor+skoda-offset+skoda-offset,,no
https://www.skoda-storyboard.com/en/skoda-world/all-new-skoda-superb-world-premiere-2023/,en,True,28,14,10,sow-editor+sow-editor+sow-editor+sow-editor+sow-editor+sow-editor+sow-editor+sow-editor+sow-editor+sow-editor,,no
https://www.skoda-storyboard.com/en/about/be-in-the-picture-subscribe-to-the-skoda-world/,en,True,40,20,2,sow-editor+sow-editor,,no
https://www.skoda-storyboard.com/en/podcast-en/podcast-exploreskoda-key-milestones-of-skoda-superb/,en,True,8,2,2,sow-editor+sow-editor,,no
https://www.skoda-storyboard.com/en/skoda-world/from-bustling-istanbul-to-country-roads-and-back/,en,True,62,45,36,sow-editor+sow-editor+skoda-offset+skoda-offset+sow-editor+sow-editor+sow-editor+sow-editor+sow-editor+sow-editor+sow-editor+sow-editor+skoda-offset+skoda-offset+sow-editor+sow-editor+sow-editor+sow-editor+sow-editor+sow-editor+sow-editor+sow-editor+sow-editor+sow-editor+skoda-offset+skoda-offset+sow-editor+sow-editor+sow-editor+sow-editor+skoda-offset+skoda-offset+sow-editor+sow-editor+sow-editor+sow-editor,,no
https://www.skoda-storyboard.com/en/skoda-world/crystalline-precise-and-timeless-designers-rate-the-third-superb/,en,True,62,22,1,skoda-carousel-widget,,no
https://www.skoda-storyboard.com/en/lifestyle/exploring-the-magnificent-alps-in-rs-models/,en,True,35,20,20,sow-editor+sow-editor+sow-editor+sow-editor+sow-editor+sow-editor+sow-editor+sow-editor+skoda-offset+skoda-offset+sow-editor+sow-editor+sow-editor+sow-editor+sow-editor+sow-editor+skoda-offset+skoda-offset+sow-editor+sow-editor,,no
https://www.skoda-storyboard.com/en/podcast-en/podcast-exploreskoda-world-premiere-of-the-all-new-skoda-kodiaq/,en,True,8,2,2,sow-editor+sow-editor,,no
https://www.skoda-storyboard.com/en/lifestyle/an-office-on-wheels-designed-for-exploring/,en,True,23,16,10,sow-editor+sow-editor+sow-editor+sow-editor+skoda-offset+skoda-offset+sow-editor+sow-editor+sow-editor+sow-editor,,no
https://www.skoda-storyboard.com/en/skoda-world/how-to-get-a-kodiaq-into-a-metro-station/,en,True,40,24,1,skoda-carousel-widget,,no
https://www.skoda-storyboard.com/en/skoda-world/two-favorits-road-trip-to-their-place-of-birth/,en,True,33,21,12,sow-editor+sow-editor+sow-editor+sow-editor+sow-editor+sow-editor+sow-editor+sow-editor+sow-editor+sow-editor+skoda-offset+skoda-offset,,no
https://www.skoda-storyboard.com/en/skoda-world/a-beautiful-estate-and-a-unique-sedan-superb-ii-designers-look-back/,en,True,68,26,36,sow-editor+sow-editor+sow-editor+sow-editor+sow-editor+sow-editor+sow-editor+sow-editor+sow-editor+sow-editor+sow-editor+sow-editor+sow-editor+sow-editor+sow-editor+sow-editor+sow-editor+sow-editor+skoda-offset+skoda-offset+sow-editor+sow-editor+sow-editor+sow-editor+sow-editor+sow-editor+sow-editor+sow-editor+sow-editor+sow-editor+skoda-offset+skoda-offset+sow-editor+sow-editor+sow-editor+sow-editor,,no
https://www.skoda-storyboard.com/en/skoda-world/watch-the-premiere-of-the-new-kodiaq-model-live/,en,True,33,12,12,sow-editor+sow-editor+sow-editor+sow-editor+sow-editor+sow-editor+sow-editor+sow-editor+sow-editor+sow-editor+sow-editor+sow-editor,,no
https://www.skoda-storyboard.com/en/skoda-world/explorers-of-sustainability-a-beacon-of-thrifty-fashion/,en,True,28,19,14,sow-editor+sow-editor+sow-editor+sow-editor+skoda-offset+skoda-offset+sow-editor+sow-editor+sow-editor+sow-editor+skoda-offset+skoda-offset+sow-editor+sow-editor,,no
https://www.skoda-storyboard.com/en/podcast-en/podcast-exploreskoda-the-main-changes-in-the-new-skoda-kodiaq-interior/,en,True,8,2,2,sow-editor+sow-editor,,no
https://www.skoda-storyboard.com/en/emobility/the-improved-enyaq-is-here-with-more-power-and-longer-range/,en,True,18,6,6,sow-editor+sow-editor+sow-editor+sow-editor+sow-editor+sow-editor,,no
https://www.skoda-storyboard.com/en/skoda-world/first-sketches-of-the-new-kodiaq/,en,True,23,12,2,skoda-carousel-widget+sow-editor,,no
https://www.skoda-storyboard.com/en/skoda-world/vietnam-and-skoda-promising-market-and-gateway-to-southeast-asia/,en,True,34,23,14,sow-editor+sow-editor+sow-editor+sow-editor+sow-editor+sow-editor+sow-editor+sow-editor+sow-editor+sow-editor+sow-editor+sow-editor+skoda-offset+skoda-offset,,no
https://www.skoda-storyboard.com/en/skoda-world/the-first-superb-was-a-breakthrough-the-designers-recall/,en,True,72,32,40,sow-editor+sow-editor+sow-editor+sow-editor+skoda-offset+skoda-offset+sow-editor+sow-editor+sow-editor+sow-editor+sow-editor+sow-editor+skoda-offset+skoda-offset+sow-editor+sow-editor+sow-editor+sow-editor+sow-editor+sow-editor+sow-editor+sow-editor+sow-editor+sow-editor+sow-editor+sow-editor+sow-editor+sow-editor+sow-editor+sow-editor+skoda-offset+skoda-offset+sow-editor+sow-editor+sow-editor+sow-editor+sow-editor+sow-editor+skoda-offset+skoda-offset,,no
https://www.skoda-storyboard.com/en/skoda-world/responsibility/explorers-of-sustainability-a-fisherman-from-the-heart-of-galicia/,en,True,28,21,16,sow-editor+sow-editor+sow-editor+sow-editor+sow-editor+sow-editor+skoda-offset+skoda-offset+sow-editor+sow-editor+sow-editor+sow-editor+skoda-offset+skoda-offset+sow-editor+sow-editor,,no
https://www.skoda-storyboard.com/en/skoda-world/new-superb-and-kodiaq-must-deal-both-with-heat-and-cold/,en,True,8,3,4,sow-editor+sow-editor+sow-editor+sow-editor,,no
https://www.skoda-storyboard.com/en/skoda-world/klaus-drives-skoda-classic-tour-2023/,en,True,8,2,2,sow-editor+sow-editor,,no
https://www.skoda-storyboard.com/en/podcast-en/podcast-exploreskoda-key-changes-in-the-design-of-kamiq-and-scala/,en,True,8,3,2,sow-editor+sow-editor,,no
https://www.skoda-storyboard.com/en/skoda-world/quiz-did-you-catch-all-this-summers-news/,en,True,8,2,2,sow-editor+sow-editor,,no
https://www.skoda-storyboard.com/en/skoda-world/i-enjoy-the-skoda-classic-tour-every-year/,en,True,18,6,6,sow-editor+sow-editor+sow-editor+sow-editor+sow-editor+sow-editor,,no
https://www.skoda-storyboard.com/en/lifestyle/sports/skoda-enyaq-and-electric-bicycles-the-ideal-combination/,en,True,28,19,1,skoda-offset,,no
https://www.skoda-storyboard.com/en/podcast-en/podcast-exploreskoda-skoda-roadiaq-will-capture-the-hearts-of-digital-nomads/,en,True,8,2,2,sow-editor+sow-editor,,no
https://www.skoda-storyboard.com/en/skoda-world/innovation-and-technology/smart-dials-a-smart-solution-for-air-conditioning-and-more/,en,True,19,6,2,sow-editor+skoda-carousel-widget,,no
https://www.skoda-storyboard.com/en/emobility/my-enyaq-driving-into-the-electric-future/,en,True,24,9,15,sow-editor+sow-editor+sow-editor+sow-editor+skoda-offset+skoda-offset+sow-editor+sow-editor+sow-editor+sow-editor+k2tools-charge-map+ys-so-widget-k2tools-charge-map+ys-so-widget-k2tools-charge-map+sow-editor+sow-editor,k2tools-charge-map;ys-so-widget-k2tools-charge-map,yes
https://www.skoda-storyboard.com/en/lifestyle/skoda-cars-dazzled-at-the-sachsen-classic/,en,True,13,4,4,sow-editor+sow-editor+sow-editor+sow-editor,,no
https://www.skoda-storyboard.com/en/skoda-world/from-bicycles-to-cars-or-the-first-ten-years-of-lk/,en,True,28,18,10,sow-editor+sow-editor+sow-editor+sow-editor+sow-editor+sow-editor+sow-editor+sow-editor+skoda-offset+skoda-offset,,no
https://www.skoda-storyboard.com/en/podcast-en/podcast-exploreskoda-covers-everything-you-need-to-know-about-active-safety/,en,True,8,2,4,sow-editor+sow-editor+sow-editor+sow-editor,,no
https://www.skoda-storyboard.com/en/skoda-world/assistance-systems-up-close-and-personal/,en,True,23,12,8,sow-editor+sow-editor+sow-editor+sow-editor+sow-editor+sow-editor+sow-editor+sow-editor,,no
https://www.skoda-storyboard.com/en/skoda-world/the-new-skoda-kamiq-seen-through-a-designers-eyes/,en,True,18,9,6,sow-editor+sow-editor+sow-editor+sow-editor+sow-editor+sow-editor,,no
https://www.skoda-storyboard.com/en/skoda-world/the-new-skoda-scala-seen-through-a-designers-eyes/,en,True,18,9,6,sow-editor+sow-editor+sow-editor+sow-editor+sow-editor+sow-editor,,no
https://www.skoda-storyboard.com/en/skoda-world/the-new-scala-and-kamiq-practical-details-and-stronger-character/,en,True,18,9,6,sow-editor+sow-editor+sow-editor+sow-editor+sow-editor+sow-editor,,no
https://www.skoda-storyboard.com/en/lifestyle/klaus-drives-on-the-tour-de-france-course/,en,True,13,6,4,sow-editor+sow-editor+sow-editor+sow-editor,,no
https://www.skoda-storyboard.com/en/skoda-world/skoda-challenge-chooses-the-best-of-the-best/,en,True,30,24,20,sow-editor+sow-editor+sow-editor+sow-editor+sow-editor+sow-editor+sow-editor+sow-editor+skoda-offset+skoda-offset+sow-editor+sow-editor+sow-editor+sow-editor+skoda-offset+skoda-offset+sow-editor+sow-editor+sow-editor+sow-editor,,no
https://www.skoda-storyboard.com/en/skoda-world/the-new-superb-on-the-tour-de-france-in-unique-camouflage/,en,True,36,18,20,sow-editor+sow-editor+sow-editor+sow-editor+sow-editor+sow-editor+sow-editor+sow-editor+sow-editor+sow-editor+sow-editor+sow-editor+sow-editor+sow-editor+sow-editor+sow-editor+skoda-offset+skoda-offset+sow-editor+sow-editor,,no
https://www.skoda-storyboard.com/en/skoda-world/what-does-the-new-superb-have-to-offer-check-it-out/,en,True,13,6,2,sow-editor+sow-editor,,no
https://www.skoda-storyboard.com/en/skoda-world/a-good-view-and-protection-whats-important-in-car-glass/,en,True,39,18,20,sow-editor+sow-editor+skoda-offset+skoda-offset+sow-editor+sow-editor+sow-editor+sow-editor+sow-editor+sow-editor+sow-editor+sow-editor+sow-editor+sow-editor+sow-editor+sow-editor+skoda-offset+skoda-offset+sow-editor+sow-editor,,no
https://www.skoda-storyboard.com/en/emobility/my-enyaq-tips-for-summer-trips-not-only-by-electric-car/,en,True,96,53,3,sow-editor+ys-so-widget-k2tools-charge-map+skoda-offset,ys-so-widget-k2tools-charge-map,yes
https://www.skoda-storyboard.com/en/skoda-world/take-a-look-at-the-latest-generation-of-the-kodiaq/,en,True,8,3,2,sow-editor+sow-editor,,no
https://www.skoda-storyboard.com/en/lifestyle/skoda-at-the-head-of-the-tour-de-france-the-evolution-of-the-red-car/,en,True,8,2,2,sow-editor+sow-editor,,no
https://www.skoda-storyboard.com/en/skoda-world/skoda-equipe-hits-the-road/,en,True,23,12,10,sow-editor+sow-editor+skoda-offset+skoda-offset+sow-editor+sow-editor+sow-editor+sow-editor+sow-editor+sow-editor,,no
https://www.skoda-storyboard.com/en/lifestyle/a-passion-for-cycling-and-the-tour-de-france/,en,True,38,23,16,sow-editor+sow-editor+sow-editor+sow-editor+sow-editor+sow-editor+sow-editor+sow-editor+sow-editor+sow-editor+skoda-offset+skoda-offset+sow-editor+sow-editor+sow-editor+sow-editor,,no
https://www.skoda-storyboard.com/en/emobility/skoda-roadiaq-student-car-for-adventurers/,en,True,51,18,26,sow-editor+sow-editor+sow-editor+sow-editor+skoda-offset+skoda-offset+sow-editor+sow-editor+sow-editor+sow-editor+sow-editor+sow-editor+skoda-offset+skoda-offset+sow-editor+sow-editor+sow-editor+sow-editor+sow-editor+sow-editor+sow-editor+sow-editor+sow-editor+sow-editor+sow-editor+sow-editor,,no
https://www.skoda-storyboard.com/en/skoda-world/tradition-and-exploration-skoda-has-a-new-sound-logo/,en,True,35,20,18,sow-editor+sow-editor+sow-editor+sow-editor+skoda-offset+skoda-offset+sow-editor+sow-editor+sow-editor+sow-editor+sow-editor+sow-editor+sow-editor+sow-editor+skoda-offset+skoda-offset+sow-editor+sow-editor,,no
https://www.skoda-storyboard.com/en/emobility/enyaq-coupe-respectline-a-celebration-of-uniqueness/,en,True,13,4,4,sow-editor+sow-editor+sow-editor+sow-editor,,no
https://www.skoda-storyboard.com/en/skoda-world/explore-how-skodas-design-language-has-evolved/,en,True,18,6,6,sow-editor+sow-editor+sow-editor+sow-editor+sow-editor+sow-editor,,no
https://www.skoda-storyboard.com/en/skoda-world/what-can-vin-codes-tell-you/,en,True,33,21,14,sow-editor+sow-editor+sow-editor+sow-editor+sow-editor+sow-editor+sow-editor+sow-editor+sow-editor+sow-editor+skoda-offset+skoda-offset+sow-editor+sow-editor,,no
https://www.skoda-storyboard.com/en/skoda-world/mattoni-and-skoda-from-czechia-to-the-world/,en,True,68,50,2,sow-editor+skoda-offset,,no
https://www.skoda-storyboard.com/en/emobility/quiz-what-new-models-skoda-is-preparing-for-the-future/,en,True,8,2,2,sow-editor+sow-editor,,no
https://www.skoda-storyboard.com/en/lifestyle/driving-on-african-sun/,en,True,33,12,12,sow-editor+sow-editor+sow-editor+sow-editor+sow-editor+sow-editor+sow-editor+sow-editor+sow-editor+sow-editor+sow-editor+sow-editor,,no
https://www.skoda-storyboard.com/en/skoda-world/skoda-x-a-new-centre-for-digital-services-in-cars/,en,True,45,20,20,sow-editor+sow-editor+sow-editor+sow-editor+sow-editor+sow-editor+sow-editor+sow-editor+skoda-offset+skoda-offset+sow-editor+sow-editor+sow-editor+sow-editor+sow-editor+sow-editor+sow-editor+sow-editor+sow-editor+sow-editor,,no
https://www.skoda-storyboard.com/en/skoda-world/eco-friendly-leather-for-enyaq-iv-is-just-the-start/,en,True,35,12,18,sow-editor+sow-editor+sow-editor+sow-editor+sow-editor+sow-editor+sow-editor+sow-editor+sow-editor+sow-editor+sow-editor+sow-editor+skoda-offset+skoda-offset+sow-editor+sow-editor+sow-editor+sow-editor,,no
https://www.skoda-storyboard.com/en/lifestyle/virtual-and-real-ice-hockey-fun/,en,True,19,10,16,sow-editor+sow-editor+sow-editor+sow-editor+sow-editor+sow-editor+sow-slider+sow-slider+sow-slider+sow-slider+sow-slider+sow-slider+sow-slider+sow-slider+sow-slider+sow-slider,,no
https://www.skoda-storyboard.com/en/emobility/enyaq-lk-technical-upgrades-and-extra-elegance/,en,True,18,6,6,sow-editor+sow-editor+sow-editor+sow-editor+sow-editor+sow-editor,,no
https://www.skoda-storyboard.com/en/skoda-world/klaus-drives-presents-the-electric-future/,en,True,8,2,2,sow-editor+sow-editor,,no
https://www.skoda-storyboard.com/en/lifestyle/this-years-skoda-auto-hockey-team-line-up/,en,True,28,10,10,sow-editor+sow-editor+sow-editor+sow-editor+sow-editor+sow-editor+sow-editor+sow-editor+sow-editor+sow-editor,,no
https://www.skoda-storyboard.com/en/skoda-world/debut-student-car-in-india-a-rapid-cabriolet/,en,True,34,16,14,sow-editor+sow-editor+skoda-offset+skoda-offset+sow-editor+sow-editor+sow-editor+sow-editor+sow-editor+sow-editor+sow-editor+sow-editor+skoda-offset+skoda-offset,,no
https://www.skoda-storyboard.com/en/skoda-world/all-round-head-protection/,en,True,24,12,12,sow-editor+sow-editor+sow-editor+sow-editor+skoda-offset+skoda-offset+sow-editor+sow-editor+sow-editor+sow-editor+sow-editor+sow-editor,,no
https://www.skoda-storyboard.com/en/skoda-world/sculptures-revealing-the-future-this-is-how-they-were-made/,en,True,45,16,22,sow-editor+sow-editor+sow-editor+sow-editor+sow-editor+sow-editor+sow-editor+sow-editor+sow-editor+sow-editor+sow-editor+sow-editor+skoda-offset+skoda-offset+sow-editor+sow-editor+sow-editor+sow-editor+sow-editor+sow-editor+sow-editor+sow-editor,,no
https://www.skoda-storyboard.com/en/skoda-world/the-best-preserved-favorit-in-the-world/,en,True,33,21,12,sow-editor+sow-editor+sow-editor+sow-editor+sow-editor+sow-editor+sow-editor+sow-editor+sow-editor+sow-editor+skoda-offset+skoda-offset,,no
https://www.skoda-storyboard.com/en/skoda-world/have-you-already-got-your-skodaverse-avatar/,en,True,71,36,40,sow-editor+sow-editor+skoda-offset+skoda-offset+sow-editor+sow-editor+sow-editor+sow-editor+sow-editor+sow-editor+sow-editor+sow-editor+sow-editor+sow-editor+skoda-offset+skoda-offset+sow-editor+sow-editor+sow-editor+sow-editor+sow-editor+sow-editor+sow-editor+sow-editor+skoda-offset+skoda-offset+sow-editor+sow-editor+sow-editor+sow-editor+sow-editor+sow-editor+skoda-offset+skoda-offset+sow-editor+sow-editor+sow-editor+sow-editor+sow-editor+sow-editor,,no
https://www.skoda-storyboard.com/en/skoda-world/first-taster-a-glimpse-of-the-superb-and-kodiaq/,en,True,18,6,6,sow-editor+sow-editor+sow-editor+sow-editor+sow-editor+sow-editor,,no
https://www.skoda-storyboard.com/en/skoda-world/lets-explore-2023/,en,True,34,12,14,sow-editor+sow-editor+sow-editor+sow-editor+sow-editor+sow-editor+sow-editor+sow-editor+sow-editor+sow-editor+sow-editor+sow-editor+sow-editor+sow-editor,,no
https://www.skoda-storyboard.com/en/skoda-world/skoda-octavia-rs-how-it-has-evolved/,en,True,28,10,10,sow-editor+sow-editor+sow-editor+sow-editor+sow-editor+sow-editor+sow-editor+sow-editor+sow-editor+sow-editor,,no
https://www.skoda-storyboard.com/en/emobility/my-enyaq-iv-when-one-isnt-enough/,en,True,23,8,1,ys-so-widget-k2tools-charge-map,ys-so-widget-k2tools-charge-map,yes
https://www.skoda-storyboard.com/en/skoda-world/video-four-generations-of-the-fabia-as-seen-by-rally-drivers/,en,True,8,2,4,sow-editor+sow-editor+sow-editor+sow-editor,,no
https://www.skoda-storyboard.com/en/skoda-world/from-a-limo-to-a-fire-engine-and-back-again/,en,True,33,20,16,sow-editor+sow-editor+sow-editor+sow-editor+sow-editor+sow-editor+skoda-offset+skoda-offset+sow-editor+sow-editor+sow-editor+sow-editor+skoda-offset+skoda-offset+sow-editor+sow-editor,,no
https://www.skoda-storyboard.com/en/skoda-world/innovation-and-technology/mpi-tsi-skoda-in-charge-of-combustion-engines-for-7-brands/,en,True,40,14,20,sow-editor+sow-editor+sow-editor+sow-editor+sow-editor+sow-editor+sow-editor+sow-editor+sow-editor+sow-editor+sow-editor+sow-editor+skoda-offset+skoda-offset+sow-editor+sow-editor+sow-editor+sow-editor+sow-editor+sow-editor,,no
https://www.skoda-storyboard.com/en/skoda-world/drive-like-a-champion-on-tarmac-gravel-or-snow/,en,True,38,23,18,sow-editor+sow-editor+sow-editor+sow-editor+sow-editor+sow-editor+sow-editor+sow-editor+skoda-offset+skoda-offset+sow-editor+sow-editor+sow-editor+sow-editor+skoda-offset+skoda-offset+sow-editor+sow-editor,,no
https://www.skoda-storyboard.com/en/emobility/going-electric-with-diesel-in-the-bloodstream/,en,True,44,24,22,sow-editor+sow-editor+sow-editor+sow-editor+skoda-offset+skoda-offset+sow-editor+sow-editor+sow-editor+sow-editor+sow-editor+sow-editor+skoda-offset+skoda-offset+sow-editor+sow-editor+sow-editor+sow-editor+sow-editor+sow-editor+sow-editor+sow-editor,,no
https://www.skoda-storyboard.com/en/skoda-world/the-new-student-dream-car-will-be-adventurous-and-electric/,en,True,41,14,1,skoda-carousel-widget,,no
https://www.skoda-storyboard.com/en/skoda-world/starting-cars-used-to-be-an-art/,en,True,43,28,22,sow-editor+sow-editor+sow-editor+sow-editor+skoda-offset+skoda-offset+sow-editor+sow-editor+sow-editor+sow-editor+skoda-offset+skoda-offset+sow-editor+sow-editor+sow-editor+sow-editor+skoda-offset+skoda-offset+sow-editor+sow-editor+sow-editor+sow-editor,,no
https://www.skoda-storyboard.com/en/skoda-world/production-fabia-vs-racing-fabia-whats-the-difference/,en,True,23,12,5,sow-editor+skoda-offset+sow-editor+skoda-offset+skoda-offset,,no
https://www.skoda-storyboard.com/en/emobility/my-enyaq-iv-the-cars-a-really-well-rounded-package/,en,True,33,16,2,ys-so-widget-k2tools-charge-map+skoda-offset,ys-so-widget-k2tools-charge-map,yes
https://www.skoda-storyboard.com/en/skoda-world/live-skoda-annual-press-conference-3/,en,True,18,6,6,sow-editor+sow-editor+sow-editor+sow-editor+sow-editor+sow-editor,,no
https://www.skoda-storyboard.com/en/lifestyle/into-the-freezing-water-with-the-iceman/,en,True,48,34,1,skoda-offset,,no
https://www.skoda-storyboard.com/en/skoda-world/the-hard-life-of-crash-test-dummies/,en,True,29,10,14,sow-editor+sow-editor+sow-editor+sow-editor+skoda-offset+skoda-offset+sow-editor+sow-editor+sow-editor+sow-editor+sow-editor+sow-editor+sow-editor+sow-editor,,no
https://www.skoda-storyboard.com/en/skoda-world/klaus-drives-on-the-ice-with-a-rally-champion/,en,True,8,2,2,sow-editor+sow-editor,,no
https://www.skoda-storyboard.com/en/skoda-world/future-pedestrians-may-be-assisted-by-robots-and-smart-grilles/,en,True,18,9,6,sow-editor+sow-editor+sow-editor+sow-editor+sow-editor+sow-editor,,no
https://www.skoda-storyboard.com/en/skoda-world/the-iconic-czech-estate-car-down-the-years/,en,True,38,18,14,sow-editor+sow-editor+sow-editor+sow-editor+sow-editor+sow-editor+sow-editor+sow-editor+sow-editor+sow-editor+sow-editor+sow-editor+skoda-offset+skoda-offset,,no
https://www.skoda-storyboard.com/en/skoda-world/tips-to-polish-your-rusty-parking-skills/,en,True,39,26,1,sow-editor,,no
https://www.skoda-storyboard.com/en/skoda-world/4x4-for-greater-safety-and-for-driving-pleasure/,en,True,49,32,24,sow-editor+sow-editor+sow-editor+sow-editor+skoda-offset+skoda-offset+sow-editor+sow-editor+sow-editor+sow-editor+sow-editor+sow-editor+skoda-offset+skoda-offset+sow-editor+sow-editor+sow-editor+sow-editor+sow-editor+sow-editor+sow-editor+sow-editor+skoda-offset+skoda-offset,,no
https://www.skoda-storyboard.com/en/emobility/see-how-nature-generates-electricity/,en,True,38,22,16,sow-editor+sow-editor+sow-editor+sow-editor+sow-editor+sow-editor+sow-editor+sow-editor+skoda-offset+skoda-offset+sow-editor+sow-editor+sow-editor+sow-editor+skoda-offset+skoda-offset,,no
https://www.skoda-storyboard.com/en/skoda-world/alone-in-the-sahara-90-years-on-from-an-intrepid-drive/,en,True,44,30,18,sow-editor+sow-editor+sow-editor+sow-editor+sow-editor+sow-editor+sow-editor+sow-editor+sow-editor+sow-editor+sow-editor+sow-editor+sow-editor+sow-editor+sow-editor+sow-editor+skoda-offset+skoda-offset,,no
https://www.skoda-storyboard.com/en/lifestyle/what-does-a-skoda-superb-offer-a-women-cyclists-team/,en,True,33,20,14,sow-editor+sow-editor+sow-editor+sow-editor+skoda-offset+skoda-offset+sow-editor+sow-editor+sow-editor+sow-editor+sow-editor+sow-editor+skoda-offset+skoda-offset,,no
https://www.skoda-storyboard.com/en/skoda-world/enjoy-the-silence-while-youre-driving/,en,True,28,16,10,sow-editor+sow-editor+sow-editor+sow-editor+sow-editor+sow-editor+sow-editor+sow-editor+sow-editor+sow-editor,,no
https://www.skoda-storyboard.com/en/skoda-world/sliding-into-the-record-books/,en,True,18,12,1,sow-editor,,no
https://www.skoda-storyboard.com/en/skoda-world/how-cars-are-designed-hidden-figures-uncovered/,en,True,54,30,29,sow-editor+sow-editor+sow-editor+sow-editor+sow-editor+sow-editor+sow-editor+sow-editor+sow-editor+sow-editor+sow-editor+sow-editor+sow-editor+sow-editor+sow-editor+sow-editor+sow-editor+sow-editor+skoda-carousel-widget+skoda-carousel-widget+skoda-offset+skoda-offset+skoda-carousel-widget+skoda-carousel-widget+skoda-carousel-widget+skoda-carousel-widget+skoda-carousel-widget+skoda-carousel-widget+skoda-carousel-widget,,no
https://www.skoda-storyboard.com/en/emobility/all-you-need-to-know-before-getting-into-an-electric-car/,en,True,18,10,8,sow-editor+sow-editor+sow-editor+sow-editor+skoda-offset+skoda-offset+sow-editor+sow-editor,,no
https://www.skoda-storyboard.com/en/emobility/klaus-drives-skoda-enyaq-rs-iv/,en,True,8,2,2,sow-editor+sow-editor,,no
https://www.skoda-storyboard.com/en/skoda-world/from-peak-to-peak-two-skodas-in-the-mountains/,en,True,35,13,24,sow-editor+sow-editor+sow-editor+sow-editor+sow-editor+sow-editor+sow-editor+sow-editor+sow-editor+sow-editor+sow-editor+sow-editor+sow-editor+sow-editor+sow-editor+sow-editor+sow-editor+sow-editor+sow-editor+sow-editor+skoda-offset+skoda-offset+sow-editor+sow-editor,,no
https://www.skoda-storyboard.com/en/skoda-world/when-your-car-pays-for-parking/,en,True,34,12,14,sow-editor+sow-editor+sow-editor+sow-editor+sow-editor+sow-editor+sow-editor+sow-editor+sow-editor+sow-editor+sow-editor+sow-editor+sow-editor+sow-editor,,no
https://www.skoda-storyboard.com/en/skoda-world/quiz-how-well-do-you-know-the-skoda-colour-palette/,en,True,8,3,2,sow-editor+sow-editor,,no
https://www.skoda-storyboard.com/en/skoda-world/rs-models-skodas-true-sporting-spirit/,en,True,34,16,1,skoda-quote,,no
https://www.skoda-storyboard.com/en/skoda-world/beep-beep/,en,True,49,23,22,sow-editor+sow-editor+sow-editor+sow-editor+sow-editor+sow-editor+skoda-quote+skoda-quote+sow-editor+sow-editor+sow-editor+sow-editor+skoda-offset+skoda-offset+sow-editor+sow-editor+sow-editor+sow-editor+sow-editor+sow-editor+sow-editor+sow-editor,,no
https://www.skoda-storyboard.com/en/skoda-world/2022-was-full-of-adventure-and-fun/,en,True,19,9,8,sow-editor+sow-editor+sow-editor+sow-editor+sow-editor+sow-editor+sow-editor+sow-editor,,no
https://www.skoda-storyboard.com/en/skoda-world/2022-and-the-road-to-the-future/,en,True,19,8,8,sow-editor+sow-editor+sow-editor+sow-editor+sow-editor+sow-editor+sow-editor+sow-editor,,no
https://www.skoda-storyboard.com/en/lifestyle/im-dreaming-of-a-sustainable-christmas/,en,True,18,10,6,sow-editor+sow-editor+sow-editor+sow-editor+sow-editor+sow-editor,,no
https://www.skoda-storyboard.com/en/skoda-world/production-superheroes-modern-robots-help-at-every-step/,en,True,39,23,27,sow-editor+sow-editor+skoda-carousel-widget+skoda-carousel-widget+sow-editor+sow-editor+skoda-offset+skoda-offset+sow-editor+sow-editor+sow-editor+sow-editor+sow-editor+sow-editor+sow-editor+sow-editor+skoda-offset+skoda-offset+sow-editor+sow-editor+skoda-carousel-widget+skoda-carousel-widget+skoda-carousel-widget+skoda-carousel-widget+skoda-carousel-widget+skoda-carousel-widget+skoda-carousel-widget,,no
https://www.skoda-storyboard.com/en/skoda-world/electricity-and-combustion-will-go-on-side-by-side-in-india/,en,True,8,2,2,sow-editor+sow-editor,,no
https://www.skoda-storyboard.com/en/lifestyle/skoda-enyaq-coupe-iv-heading-for-the-stars/,en,True,23,13,1,sow-editor,,no
https://www.skoda-storyboard.com/en/lifestyle/looking-for-christmas-presents-heres-some-inspiration/,en,True,48,18,1,skoda-carousel-widget,,no
https://www.skoda-storyboard.com/en/skoda-world/rally-champion-presents-the-rs-family/,en,True,8,2,4,sow-editor+sow-editor+sow-editor+sow-editor,,no
https://www.skoda-storyboard.com/en/skoda-world/a-sustainable-future-is-smart-and-recycled/,en,True,43,28,20,sow-editor+sow-editor+sow-editor+sow-editor+sow-editor+sow-editor+skoda-offset+skoda-offset+sow-editor+sow-editor+sow-editor+sow-editor+sow-editor+sow-editor+skoda-offset+skoda-offset+sow-editor+sow-editor+sow-editor+sow-editor,,no
https://www.skoda-storyboard.com/en/skoda-world/wuthering-heights/,en,True,30,12,2,skoda-carousel-widget+sow-editor,,no
https://www.skoda-storyboard.com/en/skoda-world/a-future-full-of-new-journeys/,en,True,46,22,26,sow-editor+sow-editor+sow-editor+sow-editor+sow-editor+sow-editor+sow-editor+sow-editor+sow-editor+sow-editor+sow-editor+sow-editor+skoda-offset+skoda-offset+sow-editor+sow-editor+sow-editor+sow-editor+skoda-offset+skoda-offset+sow-editor+sow-editor+sow-editor+sow-editor+sow-editor+sow-editor,,no
https://www.skoda-storyboard.com/en/lifestyle/the-speedy-fabia-rs-rally2-will-bowl-you-over-in-60-seconds/,en,True,18,10,6,sow-editor+sow-editor+sow-editor+sow-editor+sow-editor+sow-editor,,no
https://www.skoda-storyboard.com/en/lifestyle/what-to-keep-in-mind-in-winter-and-how-to-prepare/,en,True,18,11,10,sow-editor+sow-editor+sow-editor+sow-editor+sow-editor+sow-editor+sow-editor+sow-editor+sow-editor+sow-editor,,no
https://www.skoda-storyboard.com/en/skoda-world/skodas-indian-boost/,en,True,54,41,1,sow-editor,,no
https://www.skoda-storyboard.com/en/skoda-world/a-modern-crash-test-lab-can-handle-all-kinds-of-tests/,en,True,23,17,1,sow-editor,,no
https://www.skoda-storyboard.com/en/emobility/the-second-life-of-batteries/,en,True,33,20,14,sow-editor+sow-editor+sow-editor+sow-editor+sow-editor+sow-editor+sow-editor+sow-editor+sow-editor+sow-editor+skoda-offset+skoda-offset+sow-editor+sow-editor,,no
https://www.skoda-storyboard.com/en/skoda-world/coca-cola-and-skoda-more-than-30-years-together/,en,True,51,22,35,sow-editor+sow-editor+sow-editor+sow-editor+skoda-offset+skoda-offset+sow-editor+sow-editor+skoda-carousel-widget+skoda-carousel-widget+sow-editor+sow-editor+skoda-offset+skoda-offset+sow-editor+sow-editor+sow-editor+sow-editor+sow-editor+sow-editor+sow-editor+sow-editor+sow-editor+sow-editor+sow-editor+sow-editor+sow-editor+sow-editor+skoda-carousel-widget+skoda-carousel-widget+skoda-carousel-widget+skoda-carousel-widget+skoda-carousel-widget+skoda-carousel-widget+skoda-carousel-widget,,no
https://www.skoda-storyboard.com/en/skoda-world/tips-for-getting-the-best-sound/,en,True,51,35,34,sow-editor+sow-editor+sow-editor+sow-editor+skoda-offset+skoda-offset+sow-editor+sow-editor+sow-editor+sow-editor+sow-editor+sow-editor+skoda-offset+skoda-offset+sow-editor+sow-editor+skoda-offset+skoda-offset+sow-editor+sow-editor+sow-editor+sow-editor+skoda-offset+skoda-offset+sow-editor+sow-editor+sow-editor+sow-editor+skoda-offset+skoda-offset+sow-editor+sow-editor+sow-editor+sow-editor,,no
https://www.skoda-storyboard.com/en/emobility/high-performance-in-a-practical-package-thats-enyaq-rs-iv/,en,True,18,6,1,skoda-carousel-widget,,no
https://www.skoda-storyboard.com/en/skoda-world/yeti-was-a-pioneer-meet-the-lesser-known-versions/,en,True,28,10,1,skoda-carousel-widget,,no
https://www.skoda-storyboard.com/en/skoda-world/skoda-vision-gt-digital-embodiment-of-sporting-tradition/,en,True,18,9,6,sow-editor+sow-editor+sow-editor+sow-editor+sow-editor+sow-editor,,no
https://www.skoda-storyboard.com/en/skoda-world/breeding-innovations-quickly-and-effectively/,en,True,80,42,54,sow-editor+sow-editor+sow-editor+sow-editor+skoda-offset+skoda-offset+sow-editor+sow-editor+sow-editor+sow-editor+sow-editor+sow-editor+sow-editor+sow-editor+skoda-offset+skoda-offset+sow-editor+sow-editor+sow-editor+sow-editor+sow-editor+sow-editor+sow-editor+sow-editor+sow-editor+sow-editor+sow-editor+sow-editor+skoda-offset+skoda-offset+sow-editor+sow-editor+sow-editor+sow-editor+sow-editor+sow-editor+sow-editor+sow-editor+sow-editor+sow-editor+sow-editor+sow-editor+skoda-offset+skoda-offset+sow-editor+sow-editor+sow-editor+sow-editor+sow-editor+sow-editor+skoda-offset+skoda-offset+sow-editor+sow-editor,,no
https://www.skoda-storyboard.com/en/skoda-world/vision-7s-the-most-complex-concept-car-and-major-challenges/,en,True,24,12,12,sow-editor+sow-editor+sow-editor+sow-editor+sow-editor+sow-editor+sow-editor+sow-editor+sow-editor+sow-editor+sow-editor+sow-editor,,no
https://www.skoda-storyboard.com/en/skoda-world/meet-the-mascots-sharyaq-and-prediaq/,en,True,8,2,2,sow-editor+sow-editor,,no
https://www.skoda-storyboard.com/en/lifestyle/a-desert-wolf-test-drives-the-afriq-let-it-race/,en,True,13,8,2,skoda-carousel-widget+sow-editor,,no
https://www.skoda-storyboard.com/en/skoda-world/bank-on-the-road-to-carbon-neutrality/,en,True,28,11,10,sow-editor+sow-editor+sow-editor+sow-editor+sow-editor+sow-editor+sow-editor+sow-editor+sow-editor+sow-editor,,no
https://www.skoda-storyboard.com/en/skoda-world/children-painted-cars-for-medical-clowns/,en,True,13,8,2,skoda-offset+sow-editor,,no
https://www.skoda-storyboard.com/en/emobility/charging-isnt-rocket-science/,en,True,39,18,18,sow-editor+sow-editor+sow-editor+sow-editor+sow-editor+sow-editor+sow-editor+sow-editor+skoda-offset+skoda-offset+sow-editor+sow-editor+sow-editor+sow-editor+sow-editor+sow-editor+sow-editor+sow-editor,,no
https://www.skoda-storyboard.com/en/skoda-world/new-painting-technology-is-environmentally-friendlier/,en,True,35,12,18,sow-editor+sow-editor+sow-editor+sow-editor+skoda-offset+skoda-offset+sow-editor+sow-editor+sow-editor+sow-editor+sow-editor+sow-editor+sow-editor+sow-editor+sow-editor+sow-editor+sow-editor+sow-editor,,no
https://www.skoda-storyboard.com/en/lifestyle/up-and-down-pedal-and-recuperate/,en,True,23,16,1,sow-editor,,no
https://www.skoda-storyboard.com/en/skoda-world/bold-or-traditional-how-cars-choose-their-colours/,en,True,30,15,16,sow-editor+sow-editor+skoda-offset+skoda-offset+sow-editor+sow-editor+sow-editor+sow-editor+sow-editor+sow-editor+sow-editor+sow-editor+sow-editor+sow-editor+sow-editor+sow-editor,,no
https://www.skoda-storyboard.com/en/skoda-world/skoda-octavia-combi-25-years-of-its-modern-career/,en,True,28,18,12,sow-editor+sow-editor+sow-editor+sow-editor+sow-editor+sow-editor+skoda-offset+skoda-offset+sow-editor+sow-editor+sow-editor+sow-editor,,no
https://www.skoda-storyboard.com/en/skoda-world/skoda-classic-tour-is-an-awesome-experience/,en,True,33,21,19,sow-editor+sow-editor+skoda-carousel-widget+skoda-carousel-widget+sow-editor+sow-editor+sow-editor+sow-editor+sow-editor+sow-editor+sow-editor+sow-editor+skoda-carousel-widget+skoda-carousel-widget+skoda-carousel-widget+skoda-carousel-widget+skoda-carousel-widget+skoda-carousel-widget+skoda-carousel-widget,,no
https://www.skoda-storyboard.com/en/skoda-world/design/stop-reset-start-how-vision-7s-was-designed/,en,True,84,44,46,sow-editor+sow-editor+skoda-offset+skoda-offset+sow-editor+sow-editor+sow-editor+sow-editor+sow-editor+sow-editor+sow-editor+sow-editor+sow-editor+sow-editor+sow-editor+sow-editor+sow-editor+sow-editor+sow-editor+sow-editor+sow-editor+sow-editor+sow-editor+sow-editor+sow-editor+sow-editor+sow-editor+sow-editor+skoda-offset+skoda-offset+sow-editor+sow-editor+sow-editor+sow-editor+sow-editor+sow-editor+sow-editor+sow-editor+sow-editor+sow-editor+sow-editor+sow-editor+sow-editor+sow-editor+sow-editor+sow-editor,,no
https://www.skoda-storyboard.com/en/skoda-world/its-a-revolution-but-our-rules-remain/,en,True,19,6,1,sow-editor,,no
https://www.skoda-storyboard.com/en/skoda-world/skoda-vision-7s-reveals-the-future/,en,True,35,16,7,sow-editor+sow-editor+skoda-offset+sow-editor+skoda-newsletter-widget+skoda-offset+sow-editor,skoda-newsletter-widget,yes
https://www.skoda-storyboard.com/en/skoda-world/skoda-unveils-its-new-logo-colours-and-future-identity/,en,True,41,21,26,sow-editor+sow-editor+sow-editor+sow-editor+sow-editor+sow-editor+sow-editor+sow-editor+sow-editor+sow-editor+sow-editor+sow-editor+skoda-offset+skoda-offset+sow-editor+sow-editor+sow-editor+sow-editor+skoda-offset+skoda-offset+sow-editor+sow-editor+sow-editor+sow-editor+sow-editor+sow-editor,,no
https://www.skoda-storyboard.com/en/skoda-world/how-taxis-gave-prague-the-feel-of-a-big-city/,en,True,23,12,10,sow-editor+sow-editor+sow-editor+sow-editor+sow-editor+sow-editor+skoda-offset+skoda-offset+sow-editor+sow-editor,,no
https://www.skoda-storyboard.com/en/classic-cars/grand-de-luxe-super/,en,True,18,10,2,skoda-carousel-widget+skoda-offset,,no
https://www.skoda-storyboard.com/en/skoda-world/enyaq-iv-getting-a-software-upgrade/,en,True,33,27,2,sow-editor+skoda-offset,,no
https://www.skoda-storyboard.com/en/emobility/all-you-need-to-know-about-electric-car-charging/,en,True,34,16,1,ys-so-widget-k2tools-charge-map,ys-so-widget-k2tools-charge-map,yes
https://www.skoda-storyboard.com/en/skoda-world/the-approach-of-the-keyless-age/,en,True,38,27,1,skoda-carousel-widget,,no
https://www.skoda-storyboard.com/en/skoda-world/shake-it-and-listen/,en,True,8,2,1,skoda-carousel-widget,,no
https://www.skoda-storyboard.com/en/skoda-world/skoda-cars-reporting-for-duty/,en,True,18,10,6,sow-editor+sow-editor+sow-editor+sow-editor+sow-editor+sow-editor,,no
https://www.skoda-storyboard.com/en/emobility/how-is-an-electric-cars-range-measured/,en,True,28,19,1,sow-editor,,no
https://www.skoda-storyboard.com/en/skoda-world/hidden-figures-of-design-nice-idea-but-can-it-be-made/,en,True,18,6,15,sow-editor+sow-editor+sow-editor+sow-editor+sow-editor+sow-editor+skoda-carousel-widget+skoda-carousel-widget+skoda-carousel-widget+skoda-carousel-widget+skoda-carousel-widget+skoda-carousel-widget+skoda-carousel-widget+skoda-carousel-widget+skoda-carousel-widget,,no
https://www.skoda-storyboard.com/en/lifestyle/nft-posters-to-celebrate-women-on-the-tour-de-france/,en,True,44,32,5,sow-editor+sow-editor+skoda-carousel-widget+skoda-offset+skoda-offset,,no
https://www.skoda-storyboard.com/en/skoda-world/perfectly-proven-electronics/,en,True,35,20,4,sow-editor+skoda-carousel-widget+sow-editor+skoda-quote,,no
https://www.skoda-storyboard.com/en/lifestyle/tough-test-for-car-drivers-as-well-as-the-riders-of-the-tour/,en,True,68,48,50,sow-editor+sow-editor+sow-editor+sow-editor+sow-editor+sow-editor+skoda-offset+skoda-offset+sow-editor+sow-editor+sow-editor+sow-editor+sow-editor+sow-editor+skoda-offset+skoda-offset+sow-editor+sow-editor+sow-editor+sow-editor+sow-editor+sow-editor+sow-editor+sow-editor+skoda-offset+skoda-offset+sow-editor+sow-editor+sow-editor+sow-editor+sow-editor+sow-editor+skoda-offset+skoda-offset+sow-editor+sow-editor+sow-editor+sow-editor+sow-editor+sow-editor+sow-editor+sow-editor+skoda-offset+skoda-offset+sow-editor+sow-editor+sow-editor+sow-editor+sow-editor+sow-editor,,no
https://www.skoda-storyboard.com/en/skoda-world/how-laurin-klement-manufactured-cars-and-drivers/,en,True,28,18,12,sow-editor+sow-editor+sow-editor+sow-editor+sow-editor+sow-editor+skoda-offset+skoda-offset+sow-editor+sow-editor+sow-editor+sow-editor,,no
https://www.skoda-storyboard.com/en/skoda-world/monte-carlo-in-monte-carlo/,en,True,8,2,1,sow-editor,,no
https://www.skoda-storyboard.com/en/skoda-world/a-lovely-return-to-le-mans/,en,True,28,19,21,sow-editor+sow-editor+sow-editor+sow-editor+skoda-offset+skoda-offset+sow-editor+sow-editor+sow-editor+sow-editor+skoda-carousel-widget+skoda-carousel-widget+sow-editor+sow-editor+skoda-carousel-widget+skoda-carousel-widget+skoda-carousel-widget+skoda-carousel-widget+skoda-carousel-widget+skoda-carousel-widget+skoda-carousel-widget,,no
https://www.skoda-storyboard.com/en/skoda-world/pro-tips-for-reaching-your-summer-destination-safe-and-sound/,en,True,19,10,5,sow-editor+sow-editor+sow-editor+sow-editor+sow-editor,,no
https://www.skoda-storyboard.com/en/skoda-world/klaus-zellmer-in-the-driving-seat-at-skoda/,en,True,13,8,1,sow-editor,,no
https://www.skoda-storyboard.com/en/skoda-world/monte-carlo-models-with-a-sporting-spirit/,en,True,54,30,2,sow-editor+skoda-carousel-widget,,no
https://www.skoda-storyboard.com/en/emobility/skoda-enyaq-coupe-iv-will-get-you-in-60-seconds/,en,True,8,2,3,skoda-carousel-widget+sow-editor+skoda-carousel-widget,,no
https://www.skoda-storyboard.com/en/skoda-world/innovation-and-technology/how-are-cars-set-up-for-music-and-phone-calls/,en,True,44,30,1,skoda-quote,,no
https://www.skoda-storyboard.com/en/skoda-world/instead-of-computer-science-i-now-teach-the-alphabet/,en,True,28,18,1,skoda-carousel-widget,,no
https://www.skoda-storyboard.com/en/lifestyle/motorsport/live-presentation-of-the-new-skoda-fabia-rs-rally2/,en,True,28,18,1,skoda-carousel-widget,,no
https://www.skoda-storyboard.com/en/emobility/my-enyaq-iv-people-only-focus-on-the-range-of-electric-cars/,en,True,28,18,3,sow-editor+ys-so-widget-k2tools-charge-map+skoda-offset,ys-so-widget-k2tools-charge-map,yes
https://www.skoda-storyboard.com/en/skoda-world/heritage/50-years-of-skoda-crash-tests/,en,True,28,14,12,sow-editor+sow-editor+sow-editor+sow-editor+sow-editor+sow-editor+skoda-offset+skoda-offset+sow-editor+sow-editor+sow-editor+sow-editor,,no
https://www.skoda-storyboard.com/en/lifestyle/sports/cycling/enyaq-iv-takes-on-the-skoda-titan-desert-in-the-sahara/,en,True,46,32,31,sow-editor+sow-editor+sow-editor+sow-editor+sow-editor+sow-editor+sow-editor+sow-editor+sow-editor+sow-editor+sow-editor+sow-editor+skoda-carousel-widget+skoda-carousel-widget+sow-editor+sow-editor+sow-editor+sow-editor+sow-editor+sow-editor+sow-editor+sow-editor+sow-editor+sow-editor+skoda-carousel-widget+skoda-carousel-widget+skoda-carousel-widget+skoda-carousel-widget+skoda-carousel-widget+skoda-carousel-widget+skoda-carousel-widget,,no
https://www.skoda-storyboard.com/en/skoda-world/innovation-and-technology/the-same-yet-different-production-fabia-vs-rally-fabia/,en,True,13,6,4,sow-editor+sow-editor+sow-editor+sow-editor,,no
https://www.skoda-storyboard.com/en/models/how-to-safely-earn-five-stars-from-euro-ncap/,en,True,57,40,1,skoda-offset,,no
https://www.skoda-storyboard.com/en/lifestyle/sports/hockey/favorit-went-to-the-ice-hockey-a-camera-behind-the-scenes/,en,True,39,17,2,sow-editor+skoda-offset,,no
https://www.skoda-storyboard.com/en/skoda-world/skoda-afriq-student-dream-car-for-dakar/,en,True,28,14,5,sow-editor+skoda-carousel-widget+skoda-carousel-widget+sow-editor+skoda-carousel-widget,,no
https://www.skoda-storyboard.com/en/lifestyle/be-yourself-the-new-fabia-allows-you-to-do-just-that/,en,True,35,28,2,sow-editor+sow-editor,,no
https://www.skoda-storyboard.com/en/emobility/before-an-electric-car-starts-up-for-the-first-time/,en,True,30,10,16,sow-editor+sow-editor+sow-editor+sow-editor+skoda-offset+skoda-offset+sow-editor+sow-editor+sow-editor+sow-editor+sow-editor+sow-editor+sow-editor+sow-editor+sow-editor+sow-editor,,no
https://www.skoda-storyboard.com/en/lifestyle/motorsport/developing-a-racing-car-fun-but-also-hard-work-for-drivers/,en,True,57,20,34,sow-editor+sow-editor+sow-editor+sow-editor+sow-editor+sow-editor+skoda-offset+skoda-offset+sow-editor+sow-editor+sow-editor+sow-editor+sow-editor+sow-editor+sow-editor+sow-editor+sow-editor+sow-editor+sow-editor+sow-editor+skoda-offset+skoda-offset+sow-editor+sow-editor+sow-editor+sow-editor+sow-editor+sow-editor+skoda-offset+skoda-offset+sow-editor+sow-editor+sow-editor+sow-editor,,no
https://www.skoda-storyboard.com/en/models/the-skoda-slavia-through-the-eyes-of-its-chief-designer/,en,True,8,2,3,sow-editor+skoda-carousel-widget+sow-editor,,no
https://www.skoda-storyboard.com/en/lifestyle/sports/hockey/skoda-and-the-ice-hockey-championship-30-years-together/,en,True,19,10,3,skoda-carousel-widget+sow-editor+sow-editor,,no
https://www.skoda-storyboard.com/en/lifestyle/road-trip-in-asturias-from-beaches-to-high-peaks/,en,True,33,24,16,sow-editor+sow-editor+sow-editor+sow-editor+skoda-offset+skoda-offset+sow-editor+sow-editor+sow-editor+sow-editor+skoda-offset+skoda-offset+sow-editor+sow-editor+sow-editor+sow-editor,,no
https://www.skoda-storyboard.com/en/skoda-world/how-an-ukrainian-car-plant-helps-people-during-wartime/,en,True,44,23,22,sow-editor+sow-editor+sow-editor+sow-editor+sow-editor+sow-editor+skoda-offset+skoda-offset+sow-editor+sow-editor+sow-editor+sow-editor+sow-editor+sow-editor+sow-editor+sow-editor+skoda-offset+skoda-offset+sow-editor+sow-editor+sow-editor+sow-editor,,no
https://www.skoda-storyboard.com/en/classic-cars/7-castles-trial-2022-beautiful-cars-in-countryside/,en,True,63,32,28,sow-editor+sow-editor+sow-editor+sow-editor+sow-editor+sow-editor+sow-editor+sow-editor+sow-editor+sow-editor+sow-editor+sow-editor+skoda-offset+skoda-offset+sow-editor+sow-editor+sow-editor+sow-editor+sow-editor+sow-editor+sow-editor+sow-editor+skoda-offset+skoda-offset+sow-editor+sow-editor+sow-editor+sow-editor,,no
https://www.skoda-storyboard.com/en/skoda-world/pandemic-chips-war-challenges-for-all-including-skoda/,en,True,29,11,1,skoda-quote,,no
https://www.skoda-storyboard.com/en/classic-cars/40-years-ago-the-skoda-garde-headed-to-bratislava/,en,True,28,18,3,skoda-offset+sow-editor+skoda-carousel-widget,,no
https://www.skoda-storyboard.com/en/models/enyaq/how-our-skoda-enyaq-iv-saw-the-sea/,en,True,52,34,3,ys-so-widget-k2tools-charge-map+skoda-offset+sow-editor,ys-so-widget-k2tools-charge-map,yes
https://www.skoda-storyboard.com/en/skoda-world/responsibility/project1hour-the-environment-needs-everyones-help/,en,True,13,9,1,sow-editor,,no
https://www.skoda-storyboard.com/en/models/karoq/the-new-skoda-karoq-will-get-you-in-60-seconds/,en,True,18,6,1,sow-editor,,no
https://www.skoda-storyboard.com/en/skoda-world/hidden-figures-of-design-linchpins-of-the-car-development/,en,True,13,8,1,sow-editor,,no
https://www.skoda-storyboard.com/en/lifestyle/how-to-take-the-best-picture-of-a-car-follow-a-pros-advice/,en,True,34,20,4,sow-editor+sow-editor+sow-editor+sow-editor,,no
https://www.skoda-storyboard.com/en/lifestyle/fabia-first-hand-experience-clever-safe-funky/,en,True,23,17,3,sow-editor+sow-editor+skoda-carousel-widget,,no
https://www.skoda-storyboard.com/en/skoda-world/innovation-and-technology/how-do-brakes-learn-how-to-brake/,en,True,55,32,34,sow-editor+sow-editor+sow-editor+sow-editor+sow-editor+sow-editor+sow-editor+sow-editor+sow-editor+sow-editor+skoda-offset+skoda-offset+sow-editor+sow-editor+sow-editor+sow-editor+skoda-offset+skoda-offset+sow-editor+sow-editor+sow-editor+sow-editor+sow-editor+sow-editor+skoda-offset+skoda-offset+sow-editor+sow-editor+sow-editor+sow-editor+skoda-offset+skoda-offset+sow-editor+sow-editor,,no
https://www.skoda-storyboard.com/en/emobility/road-trip-through-the-port-country/,en,True,23,16,1,skoda-offset,,no
https://www.skoda-storyboard.com/en/emobility/my-enyaq-iv-the-range-no-problem-at-all/,en,True,18,10,5,sow-editor+ys-so-widget-k2tools-charge-map+skoda-offset+sow-editor+skoda-carousel-widget,ys-so-widget-k2tools-charge-map,yes
https://www.skoda-storyboard.com/en/skoda-world/the-future-is-modern-solid/,en,True,30,10,16,sow-editor+sow-editor+sow-editor+sow-editor+skoda-offset+skoda-offset+sow-editor+sow-editor+sow-editor+sow-editor+sow-editor+sow-editor+sow-editor+sow-editor+sow-editor+sow-editor,,no
https://www.skoda-storyboard.com/en/skoda-world/heritage/take-a-look-inside-a-unique-cars-depository/,en,True,23,17,1,skoda-carousel-widget,,no
https://www.skoda-storyboard.com/en/models/enyaq/quiz-enyaq-iv-leading-the-peloton-at-the-tour-de-france/,en,True,16,9,4,sow-editor+sow-editor+sow-editor+sow-editor,,no
https://www.skoda-storyboard.com/en/media/annual-reports/live-skoda-annual-press-conference-2/,en,True,8,2,2,skoda-offset+sow-editor,,no
https://www.skoda-storyboard.com/en/skoda-world/hidden-figures-of-design-transport-of-top-secret-and-unique-cargoes/,en,True,35,18,16,sow-editor+sow-editor+sow-editor+sow-editor+sow-editor+sow-editor+sow-editor+sow-editor+sow-editor+sow-editor+sow-editor+sow-editor+sow-editor+sow-editor+sow-editor+sow-editor,,no
https://www.skoda-storyboard.com/en/lifestyle/road-trip-from-a-portuguese-palace-to-a-surfers-paradise/,en,True,45,28,26,sow-editor+sow-editor+sow-editor+sow-editor+skoda-offset+skoda-offset+sow-editor+sow-editor+sow-editor+sow-editor+sow-editor+sow-editor+sow-editor+sow-editor+skoda-offset+skoda-offset+sow-editor+sow-editor+sow-editor+sow-editor+sow-editor+sow-editor+skoda-offset+skoda-offset+sow-editor+sow-editor,,no
https://www.skoda-storyboard.com/en/lifestyle/motorsport/testing-in-the-land-of-snow-and-ice/,en,True,24,20,2,skoda-carousel-widget+sow-editor,,no
https://www.skoda-storyboard.com/en/models/fabia/the-new-fabia-monte-carlo-continuing-the-tradition/,en,True,19,6,3,sow-editor+skoda-carousel-widget+sow-editor,,no
https://www.skoda-storyboard.com/en/emobility/my-enyaq-iv-it-turns-heads-wherever-we-go/,en,True,13,8,8,sow-editor+skoda-carousel-widget+skoda-quote+sow-editor+ys-so-widget-k2tools-charge-map+skoda-offset+sow-editor+skoda-carousel-widget,ys-so-widget-k2tools-charge-map,yes
https://www.skoda-storyboard.com/en/skoda-world/heritage/skoda-1100-ohc-coupe-restored-to-its-former-glory/,en,True,23,17,4,sow-editor+skoda-carousel-widget+sow-editor+sow-editor,,no
https://www.skoda-storyboard.com/en/skoda-world/your-skoda-passed-through-here-too-explore-the-test-polygon/,en,True,8,2,1,sow-editor,,no
https://www.skoda-storyboard.com/en/models/enyaq/new-skoda-enyaq-coupe-rs-iv/,en,True,35,15,5,sow-editor+skoda-carousel-widget+sow-editor+skoda-carousel-widget+sow-editor,,no
https://www.skoda-storyboard.com/en/classic-cars/360-tour-inside-the-legend-that-triumphed-in-monte-carlo/,en,True,13,8,6,sow-editor+sow-editor+sow-editor+sow-editor+sow-editor+sow-editor,,no
https://www.skoda-storyboard.com/en/skoda-world/innovation-and-technology/this-is-your-car-can-you-hear-me/,en,True,38,26,22,sow-editor+sow-editor+sow-editor+sow-editor+sow-editor+sow-editor+skoda-offset+skoda-offset+sow-editor+sow-editor+sow-editor+sow-editor+skoda-offset+skoda-offset+sow-editor+sow-editor+sow-editor+sow-editor+skoda-offset+skoda-offset+sow-editor+sow-editor,,no
https://www.skoda-storyboard.com/en/lifestyle/the-incredible-travels-of-a-dane-and-his-trusty-skoda/,en,True,49,23,22,sow-editor+sow-editor+sow-editor+sow-editor+sow-editor+sow-editor+sow-editor+sow-editor+sow-editor+sow-editor+sow-editor+sow-editor+skoda-offset+skoda-offset+sow-editor+sow-editor+sow-editor+sow-editor+sow-editor+sow-editor+sow-editor+sow-editor,,no
https://www.skoda-storyboard.com/en/models/enyaq/my-enyaq-iv-i-went-all-electric-and-i-wont-go-back-now/,en,True,8,2,5,ys-so-widget-k2tools-charge-map+skoda-offset+sow-editor+ys-so-widget-k2tools-charging-calculator+skoda-offset,ys-so-widget-k2tools-charge-map;ys-so-widget-k2tools-charging-calculator,yes
https://www.skoda-storyboard.com/en/skoda-world/innovation-and-technology/smart-technology-ensures-the-production-line-never-stops/,en,True,23,12,1,skoda-offset,,no
https://www.skoda-storyboard.com/en/models/enyaq/first-sketches-of-the-enyaq-coupe-iv-elegance-with-tradition/,en,True,13,4,4,sow-editor+sow-editor+sow-editor+sow-editor,,no
https://www.skoda-storyboard.com/en/skoda-world/innovation-and-technology/lights-seat-belts-radio-abs-where-can-you-find-chips-in-a-car/,en,True,8,2,2,skoda-carousel-widget+sow-editor,,no
https://www.skoda-storyboard.com/en/emobility/emobility-and-servicing-less-hassle-for-drivers/,en,True,19,7,1,sow-editor,,no
https://www.skoda-storyboard.com/en/skoda-world/design/hidden-figures-of-design-car-sculptors/,en,True,13,8,1,sow-editor,,no
https://www.skoda-storyboard.com/en/skoda-world/skoda-storyboard-in-2021-new-possibilities/,en,True,13,5,3,skoda-carousel-widget+sow-editor+skoda-carousel-widget,,no
https://www.skoda-storyboard.com/en/skoda-world/skoda-storyboard-in-2021-powerful-stories/,en,True,13,5,1,sow-editor,,no
https://www.skoda-storyboard.com/en/lifestyle/motorsport/120-years-of-skoda-motorsport/quiz-how-well-do-you-know-the-history-of-skoda-motorsport/,en,True,16,10,2,sow-editor+sow-editor,,no
https://www.skoda-storyboard.com/en/emobility/8-tips-for-getting-the-most-out-of-electric-car-batteries/,en,True,8,2,4,sow-editor+sow-editor+sow-editor+sow-editor,,no
https://www.skoda-storyboard.com/en/models/enyaq/skoda-enyaq-coupe-iv-aerodynamics-champion/,en,True,8,2,1,sow-editor,,no
https://www.skoda-storyboard.com/en/concepts/creator-of-famous-prototypes/,en,True,29,14,23,sow-editor+sow-editor+sow-editor+sow-editor+sow-editor+sow-editor+sow-editor+sow-editor+skoda-carousel-widget+skoda-carousel-widget+sow-editor+sow-editor+skoda-offset+skoda-offset+sow-editor+sow-editor+skoda-carousel-widget+skoda-carousel-widget+skoda-carousel-widget+skoda-carousel-widget+skoda-carousel-widget+skoda-carousel-widget+skoda-carousel-widget,,no
https://www.skoda-storyboard.com/en/skoda-world/hidden-figures-of-design-modellers-in-the-digital-age/,en,True,13,8,4,sow-editor+skoda-carousel-widget+sow-editor+skoda-carousel-widget,,no
https://www.skoda-storyboard.com/en/lifestyle/christmas-inspiration-with-the-skoda-logo/,en,True,8,2,4,sow-editor+sow-editor+sow-editor+sow-editor,,no
https://www.skoda-storyboard.com/en/models/karoq/the-new-skoda-karoq-is-being-unveiled-watch-the-digital-presentation/,en,True,28,13,2,skoda-carousel-widget+skoda-carousel-widget,,no
https://www.skoda-storyboard.com/en/emobility/my-enyaq-iv-trips-on-a-single-charge/,en,True,8,2,6,skoda-quote+sow-editor+skoda-carousel-widget+sow-editor+skoda-quote+sow-editor,,no
https://www.skoda-storyboard.com/en/models/karoq/video-taster-the-new-skoda-karoq/,en,True,8,5,2,sow-editor+sow-editor,,no
https://www.skoda-storyboard.com/en/models/slavia/watch-the-premiere-of-the-new-skoda-slavia/,en,True,23,11,2,skoda-carousel-widget+sow-editor,,no
https://www.skoda-storyboard.com/en/models/karoq/first-sketches-of-the-new-skoda-karoq/,en,True,20,6,10,sow-editor+sow-editor+sow-editor+sow-editor+sow-editor+sow-editor+sow-editor+sow-editor+sow-editor+sow-editor,,no
https://www.skoda-storyboard.com/en/lifestyle/motorsport/hear-the-glorious-history-and-present-of-skoda-motorsport/,en,True,13,4,4,sow-editor+sow-editor+sow-editor+sow-editor,,no
https://www.skoda-storyboard.com/en/skoda-world/hidden-figures-of-design-lights-as-designer-jewellery/,en,True,33,16,21,sow-editor+sow-editor+sow-editor+sow-editor+sow-editor+sow-editor+sow-editor+sow-editor+sow-editor+sow-editor+sow-editor+sow-editor+skoda-carousel-widget+skoda-carousel-widget+skoda-carousel-widget+skoda-carousel-widget+skoda-carousel-widget+skoda-carousel-widget+skoda-carousel-widget+skoda-carousel-widget+skoda-carousel-widget,,no
https://www.skoda-storyboard.com/en/skoda-world/car-and-driver-preparing-for-winter-how-to-put-on-chains/,en,True,55,23,1,skoda-offset,,no
https://www.skoda-storyboard.com/en/models/slavia/first-sketches-of-the-skoda-slavia-sedan-for-india/,en,True,24,9,12,sow-editor+sow-editor+sow-editor+sow-editor+sow-editor+sow-editor+sow-editor+sow-editor+sow-editor+sow-editor+sow-editor+sow-editor,,no
https://www.skoda-storyboard.com/en/skoda-world/heritage/photo-stories-the-tudor-conquers-alpine-passes/,en,True,13,9,4,sow-editor+sow-editor+sow-editor+sow-editor,,no
https://www.skoda-storyboard.com/en/skoda-world/innovation-and-technology/5-helpers-for-stress-free-parking/,en,True,13,8,4,sow-editor+sow-editor+sow-editor+sow-editor,,no
https://www.skoda-storyboard.com/en/concepts/student-car-for-desert-rallies/,en,True,19,8,19,sow-editor+sow-editor+sow-editor+sow-editor+sow-editor+sow-editor+sow-editor+sow-editor+sow-editor+sow-editor+skoda-carousel-widget+skoda-carousel-widget+skoda-carousel-widget+skoda-carousel-widget+skoda-carousel-widget+skoda-carousel-widget+skoda-carousel-widget+skoda-carousel-widget+skoda-carousel-widget,,no
https://www.skoda-storyboard.com/en/skoda-world/design/icons-get-a-makeover-a-sporting-legend-for-the-21st-century/,en,True,25,16,1,sow-editor,,no
https://www.skoda-storyboard.com/en/emobility/visiting-the-emobility-development-unit/,en,True,87,35,2,sow-editor+skoda-offset,,no
https://www.skoda-storyboard.com/en/lifestyle/motorsport/120-years-of-skoda-motorsport/exhibition-showcasing-speed-and-victory/,en,True,18,10,2,sow-editor+skoda-carousel-widget,,no
https://www.skoda-storyboard.com/en/skoda-world/the-hidden-figures-of-design-making-your-car-feel-like-home/,en,True,23,12,1,skoda-carousel-widget,,no
https://www.skoda-storyboard.com/en/skoda-world/the-cleanest-energy-is-energy-that-doesnt-need-to-be-made/,en,True,13,8,3,skoda-offset+sow-editor+sow-editor,,no
https://www.skoda-storyboard.com/en/models/fabia/the-new-skoda-fabia-will-get-you-in-60-seconds/,en,True,8,2,4,sow-editor+sow-editor+sow-editor+sow-editor,,no
https://www.skoda-storyboard.com/en/models/superb/skoda-superb-20-years-of-luxury/,en,True,23,17,2,sow-editor+skoda-carousel-widget,,no
https://www.skoda-storyboard.com/en/classic-cars/will-the-trekka-have-its-own-lego-set-vote/,en,True,19,14,2,sow-editor+sow-editor,,no
https://www.skoda-storyboard.com/en/models/kodiaq/kodiaq-with-a-helicopter-on-the-roof/,en,True,19,6,12,sow-editor+sow-editor+sow-editor+sow-editor+skoda-offset+skoda-offset+sow-editor+sow-editor+sow-editor+sow-editor+sow-editor+sow-editor,,no
https://www.skoda-storyboard.com/en/models/enyaq/welcome-to-our-live-broadcast-from-a-skoda-enyaq-iv/,en,True,19,6,2,skoda-offset+sow-editor,,no
https://www.skoda-storyboard.com/en/skoda-world/innovation-and-technology/raw-materials-recycling-and-reuse/,en,True,49,35,22,sow-editor+sow-editor+sow-editor+sow-editor+skoda-offset+skoda-offset+sow-editor+sow-editor+sow-editor+sow-editor+skoda-offset+skoda-offset+skoda-quote+skoda-quote+sow-editor+sow-editor+sow-editor+sow-editor+sow-editor+sow-editor+sow-editor+sow-editor,,no
https://www.skoda-storyboard.com/en/skoda-world/innovation-and-technology/shock-absorbers-its-a-hard-life/,en,True,44,24,26,sow-editor+sow-editor+sow-editor+sow-editor+sow-editor+sow-editor+sow-editor+sow-editor+skoda-offset+skoda-offset+sow-editor+sow-editor+sow-editor+sow-editor+skoda-offset+skoda-offset+sow-editor+sow-editor+sow-editor+sow-editor+sow-editor+sow-editor+skoda-offset+skoda-offset+sow-editor+sow-editor,,no
https://www.skoda-storyboard.com/en/skoda-world/driving-school-alone-is-not-enough-young-drivers-need-to-drive/,en,True,55,34,3,sow-editor+sow-editor+skoda-offset,,no
https://www.skoda-storyboard.com/en/classic-cars/skoda-classic-tour-driven-by-a-love-of-vintage-cars/,en,True,13,4,1,sow-editor,,no
https://www.skoda-storyboard.com/en/models/enyaq/skoda-enyaq-coupe-iv-whats-beneath-the-camouflage/,en,True,13,4,1,skoda-carousel-widget,,no
https://www.skoda-storyboard.com/en/models/octavia/skoda-octavia-25-years-at-the-top/,en,True,23,8,1,skoda-carousel-widget,,no
https://www.skoda-storyboard.com/en/models/fabia/new-skoda-fabia-what-do-its-co-authors-have-to-say-about-it/,en,True,38,26,5,skoda-carousel-widget+sow-editor+sow-editor+sow-editor+sow-editor,,no
https://www.skoda-storyboard.com/en/lifestyle/motorsport/sachsen-classic-in-mlada-boleslav/,en,True,8,2,3,skoda-carousel-widget+sow-editor+skoda-carousel-widget,,no
https://www.skoda-storyboard.com/en/skoda-world/innovation-and-technology/order-your-parcel-straight-into-your-car/,en,True,45,24,24,sow-editor+sow-editor+sow-editor+sow-editor+skoda-offset+skoda-offset+sow-editor+sow-editor+sow-editor+sow-editor+sow-editor+sow-editor+skoda-offset+skoda-offset+sow-editor+sow-editor+sow-editor+sow-editor+sow-editor+sow-editor+sow-editor+sow-editor+sow-editor+sow-editor,,no
https://www.skoda-storyboard.com/en/skoda-world/design/icons-get-a-makeover-the-ferat-vampire-mobile-comes-back-to-life/,en,True,30,18,20,sow-editor+sow-editor+sow-editor+sow-editor+sow-editor+sow-editor+skoda-offset+skoda-offset+sow-editor+sow-editor+skoda-offset+skoda-offset+sow-editor+sow-editor+sow-editor+sow-editor+skoda-offset+skoda-offset+sow-editor+sow-editor,,no
https://www.skoda-storyboard.com/en/skoda-world/heritage/the-story-behind-the-photo-the-lawyer-who-drove-a-unique-car/,en,True,13,8,4,sow-editor+sow-editor+sow-editor+sow-editor,,no
https://www.skoda-storyboard.com/en/skoda-world/skoda-cars-in-police-livery/,en,True,98,38,2,skoda-carousel-widget+skoda-carousel-widget,,no
https://www.skoda-storyboard.com/en/models/kushaq/the-skoda-kushaq-through-the-eyes-of-its-chief-designer/,en,True,8,2,2,sow-editor+skoda-carousel-widget,,no
https://www.skoda-storyboard.com/en/classic-cars/a-historic-moment-the-first-motorised-cart-is-made-in-mlada-boleslav/,en,True,45,29,35,sow-editor+sow-editor+sow-editor+sow-editor+sow-editor+sow-editor+sow-editor+sow-editor+skoda-offset+skoda-offset+sow-editor+sow-editor+skoda-offset+skoda-offset+sow-editor+sow-editor+skoda-carousel-widget+skoda-carousel-widget+sow-editor+sow-editor+skoda-offset+skoda-offset+sow-editor+sow-editor+sow-editor+sow-editor+sow-editor+sow-editor+skoda-carousel-widget+skoda-carousel-widget+skoda-carousel-widget+skoda-carousel-widget+skoda-carousel-widget+skoda-carousel-widget+skoda-carousel-widget,,no
https://www.skoda-storyboard.com/en/skoda-world/design/the-hidden-faces-of-design-help-you-get-along-with-your-car/,en,True,66,58,1,skoda-carousel-widget,,no
https://www.skoda-storyboard.com/en/emobility/skoda-enyaq-iv-a-car-with-carbon-neutral-balance/,en,True,28,20,1,sow-editor,,no
https://www.skoda-storyboard.com/en/skoda-world/making-sure-cargo-is-not-a-threat/,en,True,56,25,28,sow-editor+sow-editor+sow-editor+sow-editor+sow-editor+sow-editor+sow-editor+sow-editor+sow-editor+sow-editor+sow-editor+sow-editor+sow-editor+sow-editor+sow-editor+sow-editor+sow-editor+sow-editor+skoda-offset+skoda-offset+sow-editor+sow-editor+sow-editor+sow-editor+sow-editor+sow-editor+sow-editor+sow-editor,,no
https://www.skoda-storyboard.com/en/skoda-world/heritage/whats-behind-the-photo-triumph-of-travelling-blacksmith/,en,True,13,9,4,sow-editor+sow-editor+sow-editor+sow-editor,,no
https://www.skoda-storyboard.com/en/skoda-world/design/the-quest-for-sustainability-in-skoda-cars/,en,True,69,25,3,sow-editor+skoda-carousel-widget+sow-editor,,no
https://www.skoda-storyboard.com/en/lifestyle/motorsport/electric-premiere-in-rally/,en,True,48,27,27,sow-editor+sow-editor+sow-editor+sow-editor+sow-editor+sow-editor+sow-editor+sow-editor+skoda-carousel-widget+skoda-carousel-widget+sow-editor+sow-editor+sow-editor+sow-editor+sow-editor+sow-editor+skoda-carousel-widget+skoda-carousel-widget+sow-editor+sow-editor+skoda-carousel-widget+skoda-carousel-widget+skoda-carousel-widget+skoda-carousel-widget+skoda-carousel-widget+skoda-carousel-widget+skoda-carousel-widget,,no
https://www.skoda-storyboard.com/en/lifestyle/people/i-drive-my-veteran-to-the-shops-i-dont-need-another-car/,en,True,43,22,23,sow-editor+sow-editor+sow-editor+sow-editor+sow-editor+sow-editor+skoda-carousel-widget+skoda-carousel-widget+sow-editor+sow-editor+sow-editor+sow-editor+sow-editor+sow-editor+sow-editor+sow-editor+skoda-carousel-widget+skoda-carousel-widget+skoda-carousel-widget+skoda-carousel-widget+skoda-carousel-widget+skoda-carousel-widget+skoda-carousel-widget,,no
https://www.skoda-storyboard.com/en/skoda-world/we-keep-working-till-theres-nothing-left-to-do/,en,True,19,15,4,skoda-carousel-widget+sow-editor+skoda-carousel-widget+sow-editor,,no
https://www.skoda-storyboard.com/en/models/kodiaq/the-new-skoda-kodiaq-will-get-you-in-60-seconds/,en,True,8,2,1,sow-editor,,no
https://www.skoda-storyboard.com/en/skoda-world/showrooms-go-digital/,en,True,71,36,36,sow-editor+sow-editor+sow-editor+sow-editor+skoda-offset+skoda-offset+sow-editor+sow-editor+sow-editor+sow-editor+sow-editor+sow-editor+sow-editor+sow-editor+sow-editor+sow-editor+skoda-offset+skoda-offset+sow-editor+sow-editor+sow-editor+sow-editor+sow-editor+sow-editor+sow-editor+sow-editor+sow-editor+sow-editor+sow-editor+sow-editor+sow-editor+sow-editor+sow-editor+sow-editor+sow-editor+sow-editor,,no
https://www.skoda-storyboard.com/en/skoda-world/design/evoiturette-an-icon-that-got-a-makeover-has-come-to-life/,en,True,61,30,37,sow-editor+sow-editor+sow-editor+sow-editor+sow-editor+sow-editor+sow-editor+sow-editor+skoda-carousel-widget+skoda-carousel-widget+sow-editor+sow-editor+skoda-offset+skoda-offset+sow-editor+sow-editor+sow-editor+sow-editor+sow-editor+sow-editor+sow-editor+sow-editor+sow-editor+sow-editor+sow-editor+sow-editor+sow-editor+sow-editor+sow-editor+sow-editor+skoda-carousel-widget+skoda-carousel-widget+skoda-carousel-widget+skoda-carousel-widget+skoda-carousel-widget+skoda-carousel-widget+skoda-carousel-widget,,no
https://www.skoda-storyboard.com/en/lifestyle/motorsport/120-years-of-skoda-motorsport/120-years-behind-the-wheel-of-racing-legends/,en,True,13,9,3,sow-editor+sow-editor+skoda-carousel-widget,,no
https://www.skoda-storyboard.com/en/skoda-world/staying-safe-wherever-you-sit/,en,True,45,21,26,sow-editor+sow-editor+skoda-offset+skoda-offset+sow-editor+sow-editor+sow-editor+sow-editor+skoda-offset+skoda-offset+sow-editor+sow-editor+skoda-offset+skoda-offset+sow-editor+sow-editor+sow-editor+sow-editor+sow-editor+sow-editor+sow-editor+sow-editor+sow-editor+sow-editor+sow-editor+sow-editor,,no
https://www.skoda-storyboard.com/en/skoda-world/next-level-strategy-2030/,en,True,8,2,3,skoda-offset+sow-editor+sow-editor,,no
https://www.skoda-storyboard.com/en/skoda-world/are-you-sitting-comfortably-what-about-safely/,en,True,29,10,12,sow-editor+sow-editor+sow-editor+sow-editor+sow-editor+sow-editor+sow-editor+sow-editor+sow-editor+sow-editor+sow-editor+sow-editor,,no
https://www.skoda-storyboard.com/en/classic-cars/the-first-octavia-combi-a-huge-boot-and-a-comfortable-bed/,en,True,34,21,1,skoda-carousel-widget,,no
https://www.skoda-storyboard.com/en/skoda-world/finding-talented-youngsters-in-the-time-of-pandemic/,en,True,24,13,8,sow-editor+sow-editor+sow-editor+sow-editor+sow-editor+sow-editor+sow-editor+sow-editor,,no
https://www.skoda-storyboard.com/en/skoda-world/skoda-cars-tailor-made-for-local-customers/,en,True,23,8,8,sow-editor+sow-editor+sow-editor+sow-editor+sow-editor+sow-editor+sow-editor+sow-editor,,no
https://www.skoda-storyboard.com/en/skoda-world/purchasing-and-logistics-sprint-to-help-india/,en,True,46,16,28,sow-editor+sow-editor+sow-editor+sow-editor+skoda-offset+skoda-offset+sow-editor+sow-editor+sow-editor+sow-editor+sow-editor+sow-editor+skoda-offset+skoda-offset+sow-editor+sow-editor+sow-editor+sow-editor+sow-editor+sow-editor+sow-editor+sow-editor+skoda-offset+skoda-offset+sow-editor+sow-editor+sow-editor+sow-editor,,no
https://www.skoda-storyboard.com/en/emobility/over-a-hundred-years-of-emobility/,en,True,23,16,1,sow-editor,,no
https://www.skoda-storyboard.com/en/lifestyle/sports/hockey/15000-figures-of-hockey-fans-to-fill-the-stands-in-riga/,en,True,50,26,24,sow-editor+sow-editor+sow-editor+sow-editor+sow-editor+sow-editor+sow-editor+sow-editor+sow-editor+sow-editor+skoda-offset+skoda-offset+sow-editor+sow-editor+sow-editor+sow-editor+sow-editor+sow-editor+sow-editor+sow-editor+sow-editor+sow-editor+sow-editor+sow-editor,,no
https://www.skoda-storyboard.com/en/emobility/dont-fear-voltage/,en,True,30,12,21,sow-editor+sow-editor+skoda-quote+skoda-quote+skoda-offset+skoda-offset+sow-editor+sow-editor+sow-editor+sow-editor+k2tools-charge-map+ys-so-widget-k2tools-charge-map+ys-so-widget-k2tools-charge-map+skoda-offset+skoda-offset+skoda-quote+skoda-quote+sow-editor+sow-editor+sow-editor+sow-editor,k2tools-charge-map;ys-so-widget-k2tools-charge-map,yes
https://www.skoda-storyboard.com/en/models/kushaq/tough-indian-testing-mission-accomplished/,en,True,46,21,1,skoda-offset,,no
https://www.skoda-storyboard.com/en/skoda-world/design/quiz-whats-that-car-in-front-of-me/,en,True,16,8,2,sow-editor+sow-editor,,no
https://www.skoda-storyboard.com/en/corporate-life/behind-the-curtain-how-a-world-premiere-is-prepared/,en,True,51,23,26,sow-editor+sow-editor+sow-editor+sow-editor+sow-editor+sow-editor+sow-editor+sow-editor+sow-editor+sow-editor+skoda-offset+skoda-offset+sow-editor+sow-editor+sow-editor+sow-editor+sow-editor+sow-editor+sow-editor+sow-editor+sow-editor+sow-editor+sow-editor+sow-editor+sow-editor+sow-editor,,no
https://www.skoda-storyboard.com/en/models/enyaq/enyaq-iv-fleet-to-electrify-the-ice-hockey-championship/,en,True,46,17,2,skoda-offset+sow-editor,,no
https://www.skoda-storyboard.com/en/skoda-world/skoda-and-the-czech-philharmonic-helping-through-music/,en,True,8,2,4,sow-editor+sow-editor+sow-editor+sow-editor,,no
https://www.skoda-storyboard.com/en/skoda-world/design/when-designers-get-stuck-into-sticky-tape/,en,True,19,8,10,sow-editor+sow-editor+sow-editor+sow-editor+skoda-offset+skoda-offset+sow-editor+sow-editor+sow-editor+sow-editor,,no
https://www.skoda-storyboard.com/en/models/fabia/the-new-skoda-fabia-seen-through-its-designers-eyes/,en,True,8,2,2,skoda-offset+sow-editor,,no
https://www.skoda-storyboard.com/en/models/fabia/the-new-skoda-fabia-is-here-watch-the-premiere/,en,True,28,10,2,skoda-carousel-widget+skoda-carousel-widget,,no
https://www.skoda-storyboard.com/en/models/fabia/the-new-fabia-reveals-its-interior-its-been-transformed/,en,True,18,6,6,sow-editor+sow-editor+sow-editor+sow-editor+sow-editor+sow-editor,,no
https://www.skoda-storyboard.com/en/skoda-world/watch-out-on-a-bike-in-a-car-and-on-foot/,en,True,44,25,5,sow-editor+sow-editor+sow-editor+sow-editor+sow-editor,,no
https://www.skoda-storyboard.com/en/skoda-world/responsibility/project1hour-you-can-reduce-your-environmental-footprint/,en,True,84,39,50,sow-editor+sow-editor+sow-editor+sow-editor+sow-editor+sow-editor+sow-editor+sow-editor+sow-editor+sow-editor+sow-editor+sow-editor+sow-editor+sow-editor+sow-editor+sow-editor+sow-editor+sow-editor+sow-editor+sow-editor+skoda-offset+skoda-offset+sow-editor+sow-editor+sow-editor+sow-editor+skoda-offset+skoda-offset+sow-editor+sow-editor+sow-editor+sow-editor+sow-editor+sow-editor+sow-editor+sow-editor+sow-editor+sow-editor+skoda-offset+skoda-offset+sow-editor+sow-editor+sow-editor+sow-editor+sow-editor+sow-editor+skoda-offset+skoda-offset+sow-editor+sow-editor,,no
https://www.skoda-storyboard.com/en/skoda-world/design/the-new-skoda-fabia-is-a-modern-take-on-tradition/,en,True,18,6,4,skoda-carousel-widget+sow-editor+skoda-carousel-widget+skoda-carousel-widget,,no
https://www.skoda-storyboard.com/en/models/enyaq/we-are-designing-the-future/,en,True,57,21,42,sow-editor+sow-editor+sow-editor+sow-editor+sow-editor+sow-editor+sow-editor+sow-editor+sow-editor+sow-editor+sow-editor+sow-editor+sow-slider+sow-slider+skoda-offset+skoda-offset+sow-editor+sow-editor+skoda-offset+skoda-offset+sow-editor+sow-editor+sow-slider+sow-slider+skoda-offset+skoda-offset+sow-editor+sow-editor+sow-editor+sow-editor+sow-slider+sow-slider+sow-editor+sow-editor+sow-slider+sow-slider+sow-slider+sow-slider+sow-slider+sow-slider+sow-slider+sow-slider,,no
https://www.skoda-storyboard.com/en/skoda-world/skoda-and-volkswagen-three-decades-of-partnership/,en,True,35,28,2,sow-slider+skoda-offset,,no
https://www.skoda-storyboard.com/en/models/kodiaq/the-rejuvenated-skoda-kodiaq-is-here-watch-its-premiere/,en,True,50,18,1,skoda-carousel-widget,,no
https://www.skoda-storyboard.com/en/lifestyle/motorsport/ken-block-behind-the-wheel-of-the-beast-the-skoda-fabia-r5/,en,True,29,15,2,sow-slider+skoda-offset,,no
https://www.skoda-storyboard.com/en/models/enyaq/spotlight-on-the-design-of-the-skoda-enyaq-iv/,en,True,18,10,6,sow-editor+sow-editor+sow-editor+sow-editor+sow-editor+sow-editor,,no
https://www.skoda-storyboard.com/en/models/kodiaq/the-skoda-kodiaq-sets-off-on-more-adventures/,en,True,43,16,4,sow-editor+sow-slider+skoda-offset+sow-editor,,no
https://www.skoda-storyboard.com/en/skoda-world/can-you-see-the-hidden-image/,en,True,46,28,28,sow-editor+sow-editor+sow-editor+sow-editor+sow-editor+sow-editor+sow-editor+sow-editor+skoda-offset+skoda-offset+sow-editor+sow-editor+skoda-offset+skoda-offset+sow-editor+sow-editor+skoda-offset+skoda-offset+sow-editor+sow-editor+sow-editor+sow-editor+sow-editor+sow-editor+skoda-offset+skoda-offset+sow-editor+sow-editor,,no
https://www.skoda-storyboard.com/en/models/enyaq/alex-kersten-takes-a-close-look-at-the-skoda-enyaq-iv/,en,True,18,10,8,sow-editor+sow-editor+sow-editor+sow-editor+sow-editor+sow-editor+sow-editor+sow-editor,,no
https://www.skoda-storyboard.com/en/models/enyaq/the-new-skoda-enyaq-iv-will-get-you-in-60-seconds/,en,True,18,10,6,sow-editor+sow-editor+sow-editor+sow-editor+sow-editor+sow-editor,,no
https://www.skoda-storyboard.com/en/skoda-world/live-skoda-annual-press-conference/,en,True,8,2,4,sow-editor+sow-editor+sow-editor+sow-editor,,no
https://www.skoda-storyboard.com/en/lifestyle/motorsport/120-years-of-skoda-motorsport/120-years-of-international-rally-trophies-for-skoda-cars/,en,True,129,48,72,sow-editor+sow-editor+sow-editor+sow-editor+sow-editor+sow-editor+skoda-offset+skoda-offset+sow-editor+sow-editor+sow-editor+sow-editor+sow-editor+sow-editor+sow-editor+sow-editor+sow-editor+sow-editor+sow-editor+sow-editor+sow-editor+sow-editor+sow-editor+sow-editor+sow-editor+sow-editor+sow-editor+sow-editor+sow-editor+sow-editor+sow-editor+sow-editor+skoda-offset+skoda-offset+sow-editor+sow-editor+sow-editor+sow-editor+sow-editor+sow-editor+sow-editor+sow-editor+sow-editor+sow-editor+sow-editor+sow-editor+sow-editor+sow-editor+sow-editor+sow-editor+sow-editor+sow-editor+sow-editor+sow-editor+sow-editor+sow-editor+sow-editor+sow-editor+sow-editor+sow-editor+sow-editor+sow-editor+sow-editor+sow-editor+sow-editor+sow-editor+sow-editor+sow-editor+sow-editor+sow-editor+sow-editor+sow-editor,,no
https://www.skoda-storyboard.com/en/models/watch-the-premiere-of-the-indian-skoda-kushaq-suv/,en,True,38,18,26,sow-editor+sow-editor+sow-editor+sow-editor+sow-slider+sow-slider+sow-editor+sow-editor+sow-editor+sow-editor+sow-editor+sow-editor+sow-editor+sow-editor+skoda-offset+skoda-offset+sow-editor+sow-editor+sow-slider+sow-slider+sow-slider+sow-slider+sow-slider+sow-slider+sow-slider+sow-slider,,no
https://www.skoda-storyboard.com/en/emobility/skoda-octavia-iv-recuperating-in-hundred-spired-prague/,en,True,34,21,2,sow-editor+sow-slider,,no
https://www.skoda-storyboard.com/en/lifestyle/motorsport/racing-legends-on-snow-and-ice/,en,True,41,14,24,sow-editor+sow-editor+skoda-offset+skoda-offset+sow-editor+sow-editor+sow-editor+sow-editor+sow-editor+sow-editor+sow-editor+sow-editor+sow-editor+sow-editor+sow-editor+sow-editor+skoda-offset+skoda-offset+sow-editor+sow-editor+sow-editor+sow-editor+sow-editor+sow-editor,,no
https://www.skoda-storyboard.com/en/models/octavia/skoda-octavia-pro-czech-bestseller-for-the-chinese-market/,en,True,13,4,13,sow-editor+sow-editor+skoda-carousel-widget+skoda-carousel-widget+sow-editor+sow-editor+skoda-carousel-widget+skoda-carousel-widget+skoda-carousel-widget+skoda-carousel-widget+skoda-carousel-widget+skoda-carousel-widget+skoda-carousel-widget,,no
https://www.skoda-storyboard.com/en/models/fabia/monsoon-and-crash-tests-are-no-match-for-the-new-fabia/,en,True,43,16,1,sow-editor,,no
https://www.skoda-storyboard.com/en/models/karoq/enjoy-your-freedom-on-your-bike-and-behind-the-wheel/,en,True,13,4,4,sow-editor+sow-editor+sow-editor+sow-editor,,no
https://www.skoda-storyboard.com/en/models/enyaq/the-skoda-enyaq-iv-recuperating-in-the-ore-mountains/,en,True,28,18,2,sow-editor+sow-slider,,no
https://www.skoda-storyboard.com/en/models/fabia/the-new-fabia-whats-hiding-beneath-the-camouflage/,en,True,53,24,30,sow-editor+sow-editor+sow-editor+sow-editor+sow-editor+sow-editor+sow-editor+sow-editor+sow-editor+sow-editor+sow-slider+sow-slider+sow-editor+sow-editor+sow-editor+sow-editor+sow-editor+sow-editor+sow-editor+sow-editor+sow-editor+sow-editor+sow-slider+sow-slider+sow-slider+sow-slider+sow-slider+sow-slider+sow-slider+sow-slider,,no
https://www.skoda-storyboard.com/en/skoda-world/innovation-and-technology/we-have-lots-more-simply-clever-ideas-in-store/,en,True,66,54,2,sow-editor+skoda-carousel-widget,,no
https://www.skoda-storyboard.com/en/emobility/skoda-superb-iv-recuperating-around-jested/,en,True,39,25,2,sow-editor+sow-slider,,no
https://www.skoda-storyboard.com/en/lifestyle/motorsport/how-a-veteran-conquered-dakar/,en,True,44,25,22,sow-editor+sow-editor+skoda-offset+skoda-offset+sow-editor+sow-editor+sow-editor+sow-editor+sow-editor+sow-editor+sow-editor+sow-editor+skoda-offset+skoda-offset+sow-editor+sow-editor+sow-editor+sow-editor+sow-editor+sow-editor+sow-editor+sow-editor,,no
https://www.skoda-storyboard.com/en/models/fabia/from-first-to-fourth-the-new-fabia-has-a-lot-to-live-up-to/,en,True,33,16,4,skoda-carousel-widget+sow-editor+skoda-carousel-widget+skoda-carousel-widget,,no
https://www.skoda-storyboard.com/en/skoda-world/like-castaways-in-a-hairdryer-skoda-goes-to-india/,en,True,66,33,1,skoda-carousel-widget,,no
https://www.skoda-storyboard.com/en/lifestyle/people/superb-iv-first-hand-experience-lets-keep-the-air-clean/,en,True,40,24,32,sow-editor+sow-editor+skoda-offset+skoda-offset+sow-editor+sow-editor+sow-editor+sow-editor+skoda-offset+skoda-offset+sow-editor+sow-editor+sow-editor+sow-editor+sow-editor+sow-editor+sow-editor+sow-editor+sow-slider+sow-slider+skoda-offset+skoda-offset+sow-editor+sow-editor+sow-slider+sow-slider+sow-slider+sow-slider+sow-slider+sow-slider+sow-slider+sow-slider,,no
https://www.skoda-storyboard.com/en/skoda-world/innovation-and-technology/icons-get-a-makeover-a-practical-camper-van/,en,True,30,18,20,sow-editor+sow-editor+sow-editor+sow-editor+sow-editor+sow-editor+skoda-offset+skoda-offset+sow-editor+sow-editor+skoda-offset+skoda-offset+sow-editor+sow-editor+sow-editor+sow-editor+skoda-offset+skoda-offset+sow-editor+sow-editor,,no
https://www.skoda-storyboard.com/en/skoda-world/innovation-and-technology/keeping-your-front-and-rear-windscreens-clear/,en,True,55,40,2,sow-editor+sow-editor,,no
https://www.skoda-storyboard.com/en/skoda-world/innovation-and-technology/top-secret-where-are-prototypes-made/,en,True,8,2,2,sow-editor+sow-editor,,no
https://www.skoda-storyboard.com/en/skoda-world/heritage/how-the-popular-avoided-an-elephant-at-the-monte-carlo-rally/,en,True,33,16,1,sow-slider,,no
https://www.skoda-storyboard.com/en/lifestyle/people/octavia-iv-first-hand-experience-i-drove-better-than-usual/,en,True,40,22,32,sow-editor+sow-editor+sow-editor+sow-editor+skoda-offset+skoda-offset+sow-editor+sow-editor+skoda-offset+skoda-offset+sow-editor+sow-editor+sow-editor+sow-editor+sow-editor+sow-editor+sow-editor+sow-editor+sow-slider+sow-slider+skoda-offset+skoda-offset+sow-editor+sow-editor+sow-slider+sow-slider+sow-slider+sow-slider+sow-slider+sow-slider+sow-slider+sow-slider,,no
https://www.skoda-storyboard.com/en/skoda-world/innovation-and-technology/first-aid-for-frosted-windows/,en,True,86,48,56,sow-editor+sow-editor+sow-editor+sow-editor+sow-editor+sow-editor+skoda-offset+skoda-offset+sow-editor+sow-editor+sow-editor+sow-editor+sow-editor+sow-editor+sow-editor+sow-editor+skoda-offset+skoda-offset+sow-editor+sow-editor+sow-editor+sow-editor+skoda-offset+skoda-offset+sow-editor+sow-editor+sow-editor+sow-editor+skoda-offset+skoda-offset+sow-editor+sow-editor+sow-editor+sow-editor+sow-editor+sow-editor+sow-editor+sow-editor+sow-editor+sow-editor+sow-editor+sow-editor+sow-editor+sow-editor+sow-editor+sow-editor+sow-editor+sow-editor+skoda-offset+skoda-offset+sow-editor+sow-editor+sow-editor+sow-editor+sow-editor+sow-editor,,no
https://www.skoda-storyboard.com/en/lifestyle/sports/120-years-of-motorsport-hear-how-it-all-began/,en,True,23,8,8,sow-editor+sow-editor+sow-editor+sow-editor+sow-editor+sow-editor+sow-editor+sow-editor,,no
https://www.skoda-storyboard.com/en/skoda-world/innovation-and-technology/icons-get-a-makeover-a-new-take-on-a-sporting-legend/,en,True,30,18,20,sow-editor+sow-editor+sow-editor+sow-editor+sow-editor+sow-editor+skoda-offset+skoda-offset+sow-editor+sow-editor+skoda-offset+skoda-offset+sow-editor+sow-editor+sow-editor+sow-editor+skoda-offset+skoda-offset+sow-editor+sow-editor,,no
https://www.skoda-storyboard.com/en/skoda-world/suv-for-india-gets-a-royal-name-kushaq/,en,True,13,4,4,sow-editor+sow-editor+sow-editor+sow-editor,,no
https://www.skoda-storyboard.com/en/skoda-world/innovation-and-technology/drive-safely-de-ice-properly-in-the-morning/,en,True,48,27,32,sow-editor+sow-editor+sow-editor+sow-editor+sow-slider+sow-slider+sow-editor+sow-editor+sow-editor+sow-editor+sow-slider+sow-slider+sow-editor+sow-editor+sow-editor+sow-editor+skoda-offset+skoda-offset+sow-editor+sow-editor+sow-editor+sow-editor+sow-editor+sow-editor+sow-slider+sow-slider+sow-slider+sow-slider+sow-slider+sow-slider+sow-slider+sow-slider,,no
https://www.skoda-storyboard.com/en/125-let-skode/125-years-of-skoda-a-lighter-look-at-the-past/,en,True,69,30,48,skoda-offset+skoda-offset+sow-editor+sow-editor+sow-editor+sow-editor+sow-editor+sow-editor+skoda-offset+skoda-offset+sow-editor+sow-editor+sow-editor+sow-editor+sow-editor+sow-editor+skoda-offset+skoda-offset+sow-editor+sow-editor+sow-editor+sow-editor+sow-editor+sow-editor+skoda-offset+skoda-offset+sow-editor+sow-editor+sow-editor+sow-editor+sow-editor+sow-editor+skoda-offset+skoda-offset+sow-editor+sow-editor+sow-editor+sow-editor+sow-editor+sow-editor+skoda-offset+skoda-offset+sow-editor+sow-editor+sow-editor+sow-editor+sow-editor+sow-editor,,no
https://www.skoda-storyboard.com/en/skoda-world/2020-an-electric-year/,en,True,28,10,19,sow-editor+sow-editor+skoda-carousel-widget+skoda-carousel-widget+sow-editor+sow-editor+sow-editor+sow-editor+sow-editor+sow-editor+sow-editor+sow-editor+skoda-carousel-widget+skoda-carousel-widget+skoda-carousel-widget+skoda-carousel-widget+skoda-carousel-widget+skoda-carousel-widget+skoda-carousel-widget,,no
https://www.skoda-storyboard.com/en/skoda-world/2020-a-year-like-no-other/,en,True,43,16,25,sow-editor+sow-editor+sow-editor+sow-editor+sow-editor+sow-editor+sow-editor+sow-editor+sow-editor+sow-editor+sow-editor+sow-editor+sow-editor+sow-editor+skoda-carousel-widget+skoda-carousel-widget+sow-editor+sow-editor+skoda-carousel-widget+skoda-carousel-widget+skoda-carousel-widget+skoda-carousel-widget+skoda-carousel-widget+skoda-carousel-widget+skoda-carousel-widget,,no
https://www.skoda-storyboard.com/en/skoda-world/responsibility/how-skoda-helps-others-to-help/,en,True,94,58,56,sow-editor+sow-editor+sow-editor+sow-editor+sow-editor+sow-editor+skoda-offset+skoda-offset+sow-editor+sow-editor+sow-slider+sow-slider+sow-editor+sow-editor+sow-editor+sow-editor+skoda-offset+skoda-offset+sow-editor+sow-editor+sow-slider+sow-slider+sow-editor+sow-editor+sow-editor+sow-editor+skoda-offset+skoda-offset+sow-editor+sow-editor+sow-editor+sow-editor+sow-slider+sow-slider+sow-editor+sow-editor+sow-editor+sow-editor+skoda-offset+skoda-offset+sow-editor+sow-editor+sow-editor+sow-editor+skoda-offset+skoda-offset+sow-editor+sow-editor+sow-slider+sow-slider+sow-slider+sow-slider+sow-slider+sow-slider+sow-slider+sow-slider,,no
https://www.skoda-storyboard.com/en/models/everywhere-skoda-is-at-home/,en,True,8,3,4,sow-editor+sow-editor+sow-editor+sow-editor,,no
https://www.skoda-storyboard.com/en/skoda-world/measuring-boot-space-a-process-a-bit-like-tetris/,en,True,40,16,22,sow-editor+sow-editor+sow-editor+sow-editor+sow-editor+sow-editor+skoda-offset+skoda-offset+sow-editor+sow-editor+sow-editor+sow-editor+sow-editor+sow-editor+sow-editor+sow-editor+skoda-offset+skoda-offset+sow-editor+sow-editor+sow-editor+sow-editor,,no
https://www.skoda-storyboard.com/en/skoda-world/quality-must-be-felt/,en,True,41,17,24,sow-editor+sow-editor+sow-editor+sow-editor+skoda-offset+skoda-offset+sow-editor+sow-editor+sow-editor+sow-editor+sow-editor+sow-editor+skoda-offset+skoda-offset+sow-editor+sow-editor+sow-editor+sow-editor+sow-editor+sow-editor+sow-editor+sow-editor+sow-editor+sow-editor,,no
https://www.skoda-storyboard.com/en/skoda-world/innovation-and-technology/skoda-enyaq-iv-and-octavia-on-the-same-line/,en,True,35,15,20,sow-editor+sow-editor+skoda-offset+skoda-offset+sow-editor+sow-editor+sow-editor+sow-editor+sow-editor+sow-editor+skoda-offset+skoda-offset+sow-editor+sow-editor+sow-editor+sow-editor+sow-editor+sow-editor+sow-editor+sow-editor,,no
https://www.skoda-storyboard.com/en/skoda-world/innovation-and-technology/icons-get-a-makeover-a-divinely-airy-skoda-felicia/,en,True,35,20,20,sow-editor+sow-editor+sow-editor+sow-editor+skoda-offset+skoda-offset+sow-editor+sow-editor+sow-editor+sow-editor+sow-editor+sow-editor+sow-editor+sow-editor+sow-editor+sow-editor+skoda-offset+skoda-offset+sow-editor+sow-editor,,no
https://www.skoda-storyboard.com/en/models/octavia/the-new-skoda-octavia-rs-will-get-you-in-60-seconds/,en,True,18,6,14,sow-editor+sow-editor+sow-editor+sow-editor+sow-slider+sow-slider+sow-slider+sow-slider+sow-slider+sow-slider+sow-slider+sow-slider+sow-slider+sow-slider,,no
https://www.skoda-storyboard.com/en/models/octavia/the-new-skoda-octavia-scout-will-get-you-in-60-seconds/,en,True,18,6,14,sow-editor+sow-editor+sow-editor+sow-editor+sow-slider+sow-slider+sow-slider+sow-slider+sow-slider+sow-slider+sow-slider+sow-slider+sow-slider+sow-slider,,no
https://www.skoda-storyboard.com/en/models/enyaq/listen-to-the-enyaq-iv/,en,True,24,9,10,sow-editor+sow-editor+sow-editor+sow-editor+sow-editor+sow-editor+sow-editor+sow-editor+sow-editor+sow-editor,,no
https://www.skoda-storyboard.com/en/125-let-skode/125-years-of-skoda-clever-ideas-have-a-long-tradition/,en,True,101,48,68,sow-editor+sow-editor+skoda-offset+skoda-offset+sow-editor+sow-editor+sow-editor+sow-editor+sow-editor+sow-editor+skoda-offset+skoda-offset+sow-editor+sow-editor+sow-editor+sow-editor+sow-editor+sow-editor+skoda-offset+skoda-offset+sow-editor+sow-editor+sow-editor+sow-editor+sow-editor+sow-editor+skoda-offset+skoda-offset+sow-editor+sow-editor+sow-editor+sow-editor+sow-editor+sow-editor+skoda-offset+skoda-offset+sow-editor+sow-editor+sow-editor+sow-editor+sow-editor+sow-editor+skoda-offset+skoda-offset+sow-editor+sow-editor+sow-editor+sow-editor+sow-editor+sow-editor+skoda-offset+skoda-offset+sow-editor+sow-editor+sow-editor+sow-editor+sow-editor+sow-editor+skoda-offset+skoda-offset+sow-editor+sow-editor+sow-editor+sow-editor+sow-editor+sow-editor+sow-editor+sow-editor,,no
https://www.skoda-storyboard.com/en/skoda-world/innovation-and-technology/tips-tricks-windscreen-wipers-and-sprays-deserve-care-and-attention/,en,True,68,41,42,sow-editor+sow-editor+skoda-offset+skoda-offset+sow-editor+sow-editor+sow-editor+sow-editor+sow-editor+sow-editor+skoda-offset+skoda-offset+sow-editor+sow-editor+sow-editor+sow-editor+skoda-offset+skoda-offset+sow-editor+sow-editor+sow-editor+sow-editor+sow-editor+sow-editor+sow-editor+sow-editor+skoda-offset+skoda-offset+sow-editor+sow-editor+sow-editor+sow-editor+skoda-offset+skoda-offset+sow-editor+sow-editor+skoda-offset+skoda-offset+sow-editor+sow-editor+sow-editor+sow-editor,,no
https://www.skoda-storyboard.com/en/lifestyle/the-new-interiors-concept-feels-like-home/,en,True,40,16,20,sow-editor+sow-editor+sow-editor+sow-editor+skoda-offset+skoda-offset+sow-editor+sow-editor+sow-editor+sow-editor+sow-editor+sow-editor+sow-editor+sow-editor+sow-editor+sow-editor+sow-editor+sow-editor+sow-editor+sow-editor,,no
https://www.skoda-storyboard.com/en/skoda-world/innovation-and-technology/modern-car-seats-whats-under-the-cover/,en,True,45,17,22,sow-editor+sow-editor+sow-editor+sow-editor+sow-editor+sow-editor+skoda-offset+skoda-offset+sow-editor+sow-editor+sow-editor+sow-editor+sow-editor+sow-editor+sow-editor+sow-editor+sow-editor+sow-editor+sow-editor+sow-editor+sow-editor+sow-editor,,no
https://www.skoda-storyboard.com/en/skoda-world/design/quiz-identify-the-skoda-models-by-their-lights/,en,True,16,8,2,sow-editor+sow-editor,,no
https://www.skoda-storyboard.com/en/models/enyaq/la-vuelta-a-skoda-enyaq-iv-leads-the-riders-into-the-spanish-hills/,en,True,18,11,8,sow-editor+sow-editor+sow-editor+sow-editor+skoda-offset+skoda-offset+sow-editor+sow-editor,,no
https://www.skoda-storyboard.com/en/skoda-world/innovation-and-technology/icons-get-a-makeover-skoda-popular-monte-carlo/,en,True,30,18,18,sow-editor+sow-editor+sow-editor+sow-editor+sow-editor+sow-editor+sow-editor+sow-editor+skoda-offset+skoda-offset+sow-editor+sow-editor+sow-editor+sow-editor+skoda-offset+skoda-offset+sow-editor+sow-editor,,no
https://www.skoda-storyboard.com/en/emobility/a-chamber-that-turns-up-the-heat-on-electric-cars/,en,True,23,12,8,sow-editor+sow-editor+sow-editor+sow-editor+sow-editor+sow-editor+sow-editor+sow-editor,,no
https://www.skoda-storyboard.com/en/skoda-world/innovation-and-technology/industry-4-0-manufacturing-can-also-be-simply-clever/,en,True,60,31,34,sow-editor+sow-editor+sow-editor+sow-editor+skoda-offset+skoda-offset+sow-editor+sow-editor+sow-editor+sow-editor+skoda-offset+skoda-offset+sow-editor+sow-editor+sow-editor+sow-editor+sow-editor+sow-editor+sow-editor+sow-editor+skoda-offset+skoda-offset+sow-editor+sow-editor+sow-editor+sow-editor+skoda-offset+skoda-offset+sow-editor+sow-editor+sow-editor+sow-editor+sow-editor+sow-editor,,no
https://www.skoda-storyboard.com/en/skoda-world/innovation-and-technology/the-skoda-octavia-g-tec-runs-on-carrots-and-onions/,en,True,29,11,12,sow-editor+sow-editor+sow-editor+sow-editor+sow-editor+sow-editor+sow-editor+sow-editor+sow-editor+sow-editor+sow-editor+sow-editor,,no
https://www.skoda-storyboard.com/en/skoda-world/innovation-and-technology/eyes-that-see-in-the-rain-in-the-dark-in-bright-sunlight/,en,True,38,27,16,sow-editor+sow-editor+sow-editor+sow-editor+sow-editor+sow-editor+sow-editor+sow-editor+sow-editor+sow-editor+skoda-offset+skoda-offset+sow-editor+sow-editor+sow-editor+sow-editor,,no
https://www.skoda-storyboard.com/en/skoda-world/innovation-and-technology/new-two-spoke-steering-wheel-a-complex-development-project/,en,True,61,36,30,sow-editor+sow-editor+skoda-offset+skoda-offset+sow-editor+sow-editor+sow-editor+sow-editor+sow-editor+sow-editor+sow-editor+sow-editor+sow-editor+sow-editor+sow-editor+sow-editor+sow-editor+sow-editor+sow-editor+sow-editor+sow-editor+sow-editor+sow-editor+sow-editor+sow-editor+sow-editor+sow-editor+sow-editor+sow-editor+sow-editor,,no
https://www.skoda-storyboard.com/en/125-let-skode/125-years-of-skoda-one-big-family-for-generations/,en,True,68,30,42,sow-editor+sow-editor+sow-editor+sow-editor+sow-editor+sow-editor+sow-editor+sow-editor+sow-editor+sow-editor+sow-editor+sow-editor+sow-editor+sow-editor+sow-editor+sow-editor+skoda-offset+skoda-offset+sow-editor+sow-editor+sow-editor+sow-editor+sow-editor+sow-editor+sow-editor+sow-editor+skoda-offset+skoda-offset+sow-editor+sow-editor+sow-editor+sow-editor+skoda-offset+skoda-offset+sow-editor+sow-editor+sow-editor+sow-editor+skoda-offset+skoda-offset+sow-editor+sow-editor,,no
https://www.skoda-storyboard.com/en/models/enyaq/get-to-know-the-meb-platform-the-base-of-the-skoda-enyaq-iv/,en,True,44,16,20,sow-editor+sow-editor+skoda-offset+skoda-offset+sow-editor+sow-editor+sow-editor+sow-editor+sow-editor+sow-editor+sow-editor+sow-editor+sow-editor+sow-editor+sow-editor+sow-editor+sow-editor+sow-editor+sow-editor+sow-editor,,no
https://www.skoda-storyboard.com/en/skoda-world/innovation-and-technology/technology/dont-have-a-leak-what-the-watertightness-tests-for-skoda-cars-entail/,en,True,118,62,3,sow-editor+sow-editor+sow-editor,,no
https://www.skoda-storyboard.com/en/skoda-world/innovation-and-technology/icons-get-a-makeover-the-voiturette-a-as-an-autonomous-carriage/,en,True,35,21,18,sow-editor+sow-editor+sow-editor+sow-editor+sow-editor+sow-editor+sow-editor+sow-editor+skoda-offset+skoda-offset+sow-editor+sow-editor+skoda-offset+skoda-offset+sow-editor+sow-editor+sow-editor+sow-editor,,no
https://www.skoda-storyboard.com/en/emobility/three-pillars-of-charging-powerpass-wallboxes-and-new-ideas/,en,True,61,26,38,sow-editor+sow-editor+sow-editor+sow-editor+sow-editor+sow-editor+sow-editor+sow-editor+sow-editor+sow-editor+sow-editor+sow-editor+sow-editor+sow-editor+sow-editor+sow-editor+skoda-offset+skoda-offset+sow-editor+sow-editor+sow-editor+sow-editor+sow-editor+sow-editor+skoda-offset+skoda-offset+sow-editor+sow-editor+sow-editor+sow-editor+sow-image+sow-image+image+sow-image+sow-image+sow-image+sow-image+image,image;sow-image,yes
https://www.skoda-storyboard.com/en/corporate-life/schafer-skodas-successful-story-will-go-on/,en,True,19,8,6,sow-editor+sow-editor+sow-editor+sow-editor+sow-editor+sow-editor,,no
https://www.skoda-storyboard.com/en/125-let-skode/a-drive-through-125-years-of-history-at-the-skoda-museum/,en,True,18,10,6,sow-editor+sow-editor+sow-editor+sow-editor+sow-editor+sow-editor,,no
https://www.skoda-storyboard.com/en/models/enyaq/skoda-enyaq-iv-conquered-the-iconic-peak-of-the-tour-de-france/,en,True,29,18,16,sow-editor+sow-editor+sow-editor+sow-editor+sow-editor+sow-editor+skoda-offset+skoda-offset+sow-editor+sow-editor+skoda-offset+skoda-offset+sow-editor+sow-editor+sow-editor+sow-editor,,no
https://www.skoda-storyboard.com/en/skoda-world/innovation-and-technology/emobility-can-you-tell-the-difference-between-iv-and-e-tec/,en,True,23,8,8,sow-editor+sow-editor+sow-editor+sow-editor+sow-editor+sow-editor+sow-editor+sow-editor,,no
https://www.skoda-storyboard.com/en/skoda-world/a-legend-and-an-inspiration-jan-kopecky-behind-the-wheel-of-a-skoda-slavia-and-a-1100-ohc/,en,True,24,8,22,sow-editor+sow-editor+sow-editor+sow-editor+skoda-offset+skoda-offset+sow-editor+sow-editor+sow-editor+sow-editor+sow-editor+sow-editor+sow-slider+sow-slider+sow-slider+sow-slider+sow-slider+sow-slider+sow-slider+sow-slider+sow-slider+sow-slider,,no
https://www.skoda-storyboard.com/en/skoda-world/innovation-and-technology/how-it-works-lights-that-switch-themselves-on-and-off/,en,True,40,26,20,sow-editor+sow-editor+sow-editor+sow-editor+skoda-offset+skoda-offset+sow-editor+sow-editor+sow-editor+sow-editor+sow-editor+sow-editor+sow-editor+sow-editor+sow-editor+sow-editor+sow-editor+sow-editor+sow-editor+sow-editor,,no
https://www.skoda-storyboard.com/en/models/enyaq/skoda-enyaq-iv-gets-ready-for-tour-de-france/,en,True,29,16,20,sow-editor+sow-editor+sow-editor+sow-editor+sow-slider+sow-slider+sow-editor+sow-editor+sow-editor+sow-editor+sow-editor+sow-editor+sow-slider+sow-slider+sow-slider+sow-slider+sow-slider+sow-slider+sow-slider+sow-slider,,no
https://www.skoda-storyboard.com/en/models/enyaq/world-premiere-skoda-to-unveil-the-electric-enyaq-iv-suv/,en,True,48,19,18,sow-editor+sow-editor+sow-editor+sow-editor+sow-editor+sow-editor+sow-editor+sow-editor+sow-editor+sow-editor+sow-editor+sow-editor+sow-editor+sow-editor+sow-editor+sow-editor+sow-editor+sow-editor,,no
https://www.skoda-storyboard.com/en/skoda-world/heritage/skoda-sport-fast-at-le-mans/,en,True,68,30,34,sow-editor+sow-editor+sow-editor+sow-editor+skoda-quote+skoda-quote+sow-editor+sow-editor+sow-editor+sow-editor+sow-editor+sow-editor+skoda-quote+skoda-quote+sow-editor+sow-editor+sow-editor+sow-editor+sow-editor+sow-editor+sow-editor+sow-editor+sow-editor+sow-editor+sow-slider+sow-slider+sow-slider+sow-slider+sow-slider+sow-slider+sow-slider+sow-slider+sow-slider+sow-slider,,no
https://www.skoda-storyboard.com/en/skoda-world/innovation-and-technology/technology/battery-production-how-the-heart-of-an-electric-car-is-made/,en,True,40,18,22,sow-editor+sow-editor+sow-editor+sow-editor+sow-editor+sow-editor+skoda-offset+skoda-offset+sow-editor+sow-editor+sow-editor+sow-editor+sow-editor+sow-editor+sow-editor+sow-editor+sow-editor+sow-editor+skoda-offset+skoda-offset+sow-editor+sow-editor,,no
https://www.skoda-storyboard.com/en/skoda-world/unknown-history-octavia-cars-were-made-in-chile-50-years-ago/,en,True,55,33,26,sow-editor+sow-editor+sow-editor+sow-editor+sow-editor+sow-editor+sow-editor+sow-editor+sow-editor+sow-editor+sow-editor+sow-editor+sow-editor+sow-editor+sow-editor+sow-editor+sow-editor+sow-editor+sow-editor+sow-editor+sow-editor+sow-editor+skoda-offset+skoda-offset+sow-editor+sow-editor,,no
https://www.skoda-storyboard.com/en/skoda-world/design/design-of-the-electric-enyaq-iv-suv-progressive-balanced-and-self-confident/,en,True,29,16,24,sow-editor+sow-editor+sow-editor+sow-editor+skoda-offset+skoda-offset+sow-editor+sow-editor+sow-editor+sow-editor+sow-slider+sow-slider+skoda-offset+skoda-offset+sow-editor+sow-editor+sow-slider+sow-slider+sow-slider+sow-slider+sow-slider+sow-slider+sow-slider+sow-slider,,no
https://www.skoda-storyboard.com/en/skoda-world/innovation-and-technology/colourful-and-bold-car-design-tailor-fitted-for-india/,en,True,34,17,16,sow-editor+sow-editor+sow-editor+sow-editor+sow-editor+sow-editor+sow-editor+sow-editor+sow-editor+sow-editor+sow-editor+sow-editor+skoda-offset+skoda-offset+sow-editor+sow-editor,,no
https://www.skoda-storyboard.com/en/125-let-skode/125-years-of-history-and-a-herald-of-the-future/,en,True,80,39,56,sow-editor+sow-editor+sow-editor+sow-editor+sow-editor+sow-editor+sow-editor+sow-editor+sow-editor+sow-editor+sow-editor+sow-editor+skoda-offset+skoda-offset+sow-editor+sow-editor+sow-editor+sow-editor+sow-editor+sow-editor+sow-editor+sow-editor+sow-editor+sow-editor+sow-editor+sow-editor+skoda-offset+skoda-offset+sow-editor+sow-editor+sow-editor+sow-editor+sow-editor+sow-editor+sow-editor+sow-editor+sow-editor+sow-editor+sow-editor+sow-editor+sow-editor+sow-editor+sow-editor+sow-editor+sow-editor+sow-editor+sow-editor+sow-editor+sow-editor+sow-editor+sow-editor+sow-editor+skoda-offset+skoda-offset+sow-editor+sow-editor,,no
https://www.skoda-storyboard.com/en/skoda-world/innovation-and-technology/dashboard-cameras-where-its-advisable-to-put-them-away/,en,True,110,59,60,sow-editor+sow-editor+sow-editor+sow-editor+sow-editor+sow-editor+sow-editor+sow-editor+sow-editor+sow-editor+sow-editor+sow-editor+sow-editor+sow-editor+sow-editor+sow-editor+skoda-offset+skoda-offset+sow-editor+sow-editor+sow-editor+sow-editor+sow-editor+sow-editor+sow-editor+sow-editor+sow-editor+sow-editor+sow-editor+sow-editor+sow-editor+sow-editor+sow-editor+sow-editor+sow-editor+sow-editor+sow-editor+sow-editor+sow-editor+sow-editor+sow-editor+sow-editor+sow-editor+sow-editor+sow-editor+sow-editor+sow-editor+sow-editor+sow-editor+sow-editor+sow-editor+sow-editor+sow-editor+sow-editor+sow-editor+sow-editor+sow-editor+sow-editor+sow-editor+sow-editor,,no
https://www.skoda-storyboard.com/en/skoda-world/design/interior-of-the-skoda-enyaq-iv-suv-airy-roomy-and-comfy/,en,True,25,13,12,sow-editor+sow-editor+sow-editor+sow-editor+sow-editor+sow-editor+sow-editor+sow-editor+sow-editor+sow-editor+sow-editor+sow-editor,,no
https://www.skoda-storyboard.com/en/models/enyaq/skoda-enyaq-iv-in-3-2-1/,en,True,21,12,4,sow-editor+sow-editor+sow-editor+sow-editor,,no
https://www.skoda-storyboard.com/en/skoda-world/innovation-and-technology/skoda-slavia-a-student-spider-inspired-by-history/,en,True,38,15,22,sow-editor+sow-editor+sow-editor+sow-editor+ys-embed-share+ys-embed-share+sow-editor+sow-editor+sow-editor+sow-editor+sow-slider+sow-slider+sow-editor+sow-editor+sow-slider+sow-slider+sow-slider+sow-slider+sow-slider+sow-slider+sow-slider+sow-slider,ys-embed-share,yes
https://www.skoda-storyboard.com/en/125-let-skode/125-years-of-skoda-two-and-more-heads-are-better-than-one/,en,True,141,62,100,skoda-offset+skoda-offset+sow-editor+sow-editor+sow-editor+sow-editor+sow-editor+sow-editor+sow-editor+sow-editor+skoda-offset+skoda-offset+sow-editor+sow-editor+sow-editor+sow-editor+sow-editor+sow-editor+skoda-offset+skoda-offset+sow-editor+sow-editor+sow-editor+sow-editor+sow-editor+sow-editor+skoda-offset+skoda-offset+sow-editor+sow-editor+sow-editor+sow-editor+sow-editor+sow-editor+skoda-offset+skoda-offset+sow-editor+sow-editor+sow-editor+sow-editor+sow-editor+sow-editor+skoda-offset+skoda-offset+sow-editor+sow-editor+sow-editor+sow-editor+sow-editor+sow-editor+skoda-offset+skoda-offset+sow-editor+sow-editor+sow-editor+sow-editor+sow-editor+sow-editor+skoda-offset+skoda-offset+sow-editor+sow-editor+sow-editor+sow-editor+sow-editor+sow-editor+skoda-offset+skoda-offset+sow-editor+sow-editor+sow-editor+sow-editor+sow-editor+sow-editor+skoda-offset+skoda-offset+sow-editor+sow-editor+sow-editor+sow-editor+sow-editor+sow-editor+skoda-offset+skoda-offset+sow-editor+sow-editor+sow-editor+sow-editor+sow-editor+sow-editor+skoda-offset+skoda-offset+sow-editor+sow-editor+sow-editor+sow-editor+sow-editor+sow-editor+sow-editor+sow-editor,,no
https://www.skoda-storyboard.com/en/skoda-world/innovation-and-technology/the-perfectly-aerodynamic-skoda-octavia/,en,True,81,49,40,sow-editor+sow-editor+sow-editor+sow-editor+skoda-offset+skoda-offset+sow-editor+sow-editor+skoda-offset+skoda-offset+sow-editor+sow-editor+sow-editor+sow-editor+sow-editor+sow-editor+sow-editor+sow-editor+sow-editor+sow-editor+skoda-offset+skoda-offset+sow-editor+sow-editor+sow-editor+sow-editor+skoda-offset+skoda-offset+sow-editor+sow-editor+sow-editor+sow-editor+sow-editor+sow-editor+sow-editor+sow-editor+skoda-offset+skoda-offset+sow-editor+sow-editor,,no
https://www.skoda-storyboard.com/en/skoda-world/student-dream-cars-slavia-celebrates-the-carmakers-jubilee-year/,en,True,61,30,37,sow-editor+sow-editor+sow-editor+sow-editor+skoda-offset+skoda-offset+sow-editor+sow-editor+sow-editor+sow-editor+sow-editor+sow-editor+sow-editor+sow-editor+sow-editor+sow-editor+sow-editor+sow-editor+sow-editor+sow-editor+sow-editor+sow-editor+sow-editor+sow-editor+sow-editor+sow-editor+sow-editor+sow-editor+skoda-carousel-widget+skoda-carousel-widget+skoda-carousel-widget+skoda-carousel-widget+skoda-carousel-widget+skoda-carousel-widget+skoda-carousel-widget+skoda-carousel-widget+skoda-carousel-widget,,no
https://www.skoda-storyboard.com/en/lifestyle/interior-cleaning-from-top-to-bottom-coarse-to-fine/,en,True,98,53,52,sow-editor+sow-editor+sow-editor+sow-editor+skoda-quote+skoda-quote+sow-editor+sow-editor+sow-editor+sow-editor+sow-editor+sow-editor+sow-editor+sow-editor+sow-editor+sow-editor+skoda-offset+skoda-offset+sow-editor+sow-editor+sow-editor+sow-editor+skoda-quote+skoda-quote+sow-editor+sow-editor+sow-editor+sow-editor+sow-editor+sow-editor+sow-editor+sow-editor+sow-editor+sow-editor+skoda-offset+skoda-offset+sow-editor+sow-editor+sow-editor+sow-editor+sow-editor+sow-editor+skoda-offset+skoda-offset+sow-editor+sow-editor+sow-editor+sow-editor+sow-editor+sow-editor+sow-editor+sow-editor,,no
https://www.skoda-storyboard.com/en/skoda-world/meet-the-whole-octavia-family/,en,True,43,16,24,sow-editor+sow-editor+sow-editor+sow-editor+sow-editor+sow-editor+sow-editor+sow-editor+sow-editor+sow-editor+sow-editor+sow-editor+sow-slider+sow-slider+sow-editor+sow-editor+sow-slider+sow-slider+sow-slider+sow-slider+sow-slider+sow-slider+sow-slider+sow-slider,,no
https://www.skoda-storyboard.com/en/skoda-world/how-to-be-safe-on-long-journeys-dont-rely-on-assist-functions/,en,True,49,19,20,sow-editor+sow-editor+sow-editor+sow-editor+sow-editor+sow-editor+sow-editor+sow-editor+sow-editor+sow-editor+sow-editor+sow-editor+sow-editor+sow-editor+sow-editor+sow-editor+sow-editor+sow-editor+sow-editor+sow-editor,,no
https://www.skoda-storyboard.com/en/skoda-world/innovation-and-technology/a-behind-the-scenes-look-masked-enyaq-iv-in-ireland/,en,True,45,16,28,sow-editor+sow-editor+sow-editor+sow-editor+sow-editor+sow-editor+sow-editor+sow-editor+sow-editor+sow-editor+sow-editor+sow-editor+sow-editor+sow-editor+sow-editor+sow-editor+sow-editor+sow-editor+sow-slider+sow-slider+sow-slider+sow-slider+sow-slider+sow-slider+sow-slider+sow-slider+sow-slider+sow-slider,,no
https://www.skoda-storyboard.com/en/125-let-skode/125-years-of-skoda-important-places/,en,True,145,64,100,sow-editor+sow-editor+skoda-offset+skoda-offset+sow-editor+sow-editor+sow-editor+sow-editor+sow-editor+sow-editor+skoda-offset+skoda-offset+sow-editor+sow-editor+sow-editor+sow-editor+sow-editor+sow-editor+skoda-offset+skoda-offset+sow-editor+sow-editor+sow-editor+sow-editor+sow-editor+sow-editor+skoda-offset+skoda-offset+sow-editor+sow-editor+sow-editor+sow-editor+sow-editor+sow-editor+skoda-offset+skoda-offset+sow-editor+sow-editor+sow-editor+sow-editor+sow-editor+sow-editor+skoda-offset+skoda-offset+sow-editor+sow-editor+sow-editor+sow-editor+sow-editor+sow-editor+skoda-offset+skoda-offset+sow-editor+sow-editor+sow-editor+sow-editor+sow-editor+sow-editor+skoda-offset+skoda-offset+sow-editor+sow-editor+sow-editor+sow-editor+sow-editor+sow-editor+skoda-offset+skoda-offset+sow-editor+sow-editor+sow-editor+sow-editor+sow-editor+sow-editor+skoda-offset+skoda-offset+sow-editor+sow-editor+sow-editor+sow-editor+sow-editor+sow-editor+skoda-offset+skoda-offset+sow-editor+sow-editor+sow-editor+sow-editor+sow-editor+sow-editor+skoda-offset+skoda-offset+sow-editor+sow-editor+sow-editor+sow-editor+sow-editor+sow-editor+sow-editor+sow-editor,,no
https://www.skoda-storyboard.com/en/lifestyle/training-and-gardening-athletes-did-not-waste-time-during-lockdown/,en,True,190,87,106,sow-editor+sow-editor+sow-editor+sow-editor+skoda-offset+skoda-offset+skoda-quote+skoda-quote+sow-editor+sow-editor+sow-editor+sow-editor+sow-editor+sow-editor+sow-editor+sow-editor+sow-editor+sow-editor+sow-editor+sow-editor+sow-editor+sow-editor+sow-editor+sow-editor+sow-editor+sow-editor+sow-editor+sow-editor+skoda-offset+skoda-offset+skoda-quote+skoda-quote+sow-editor+sow-editor+sow-editor+sow-editor+sow-editor+sow-editor+sow-editor+sow-editor+sow-editor+sow-editor+sow-editor+sow-editor+sow-editor+sow-editor+sow-editor+sow-editor+sow-editor+sow-editor+skoda-offset+skoda-offset+skoda-quote+skoda-quote+sow-editor+sow-editor+sow-editor+sow-editor+sow-editor+sow-editor+sow-editor+sow-editor+sow-editor+sow-editor+sow-editor+sow-editor+sow-editor+sow-editor+skoda-offset+skoda-offset+skoda-quote+skoda-quote+sow-editor+sow-editor+sow-editor+sow-editor+sow-editor+sow-editor+sow-editor+sow-editor+sow-editor+sow-editor+sow-editor+sow-editor+sow-editor+sow-editor+skoda-offset+skoda-offset+skoda-quote+skoda-quote+sow-editor+sow-editor+sow-editor+sow-editor+skoda-offset+skoda-offset+skoda-quote+skoda-quote+sow-editor+sow-editor+sow-editor+sow-editor+skoda-offset+skoda-offset+sow-editor+sow-editor,,no
https://www.skoda-storyboard.com/en/lifestyle/fast-and-safe-what-protects-the-crew-of-the-works-fabia-rally2-evo/,en,True,50,27,24,sow-editor+sow-editor+sow-editor+sow-editor+sow-editor+sow-editor+sow-editor+sow-editor+sow-editor+sow-editor+sow-editor+sow-editor+sow-editor+sow-editor+sow-editor+sow-editor+skoda-offset+skoda-offset+sow-editor+sow-editor+sow-editor+sow-editor+sow-editor+sow-editor,,no
https://www.skoda-storyboard.com/en/skoda-world/the-history-of-customer-care-from-elka-to-emobility/,en,True,34,12,14,sow-editor+sow-editor+sow-editor+sow-editor+sow-editor+sow-editor+sow-editor+sow-editor+sow-editor+sow-editor+sow-editor+sow-editor+sow-editor+sow-editor,,no
https://www.skoda-storyboard.com/en/skoda-world/the-all-new-octavia-scout-ideal-for-active-lifestyles/,en,True,23,8,8,sow-editor+sow-editor+sow-editor+sow-editor+sow-editor+sow-editor+sow-editor+sow-editor,,no
https://www.skoda-storyboard.com/en/lifestyle/ride2unite-a-unique-project-bringing-together-fans-and-pro-cyclists/,en,True,23,8,9,sow-editor+sow-editor+sow-editor+sow-editor+highlights+ys-so-widget-highlights+ys-so-widget-highlights+sow-editor+sow-editor,highlights;ys-so-widget-highlights,yes
https://www.skoda-storyboard.com/en/skoda-world/innovation-and-technology/how-do-electric-cars-protect-pedestrians-listen-to-it/,en,True,39,14,16,sow-editor+sow-editor+sow-editor+sow-editor+skoda-offset+skoda-offset+sow-editor+sow-editor+sow-editor+sow-editor+sow-editor+sow-editor+sow-editor+sow-editor+sow-editor+sow-editor,,no
https://www.skoda-storyboard.com/en/skoda-world/innovation-and-technology/use-of-recycled-materials-in-skoda-cars-no-plastic-waste-at-all/,en,True,45,23,28,sow-editor+sow-editor+skoda-offset+skoda-offset+sow-editor+sow-editor+sow-editor+sow-editor+sow-editor+sow-editor+sow-editor+sow-editor+skoda-offset+skoda-offset+sow-editor+sow-editor+sow-editor+sow-editor+skoda-quote+skoda-quote+sow-editor+sow-editor+sow-editor+sow-editor+sow-editor+sow-editor+sow-editor+sow-editor,,no
https://www.skoda-storyboard.com/en/skoda-world/heavy-traffic-safely-and-stress-free/,en,True,39,17,20,sow-editor+sow-editor+sow-editor+sow-editor+sow-editor+sow-editor+sow-editor+sow-editor+sow-editor+sow-editor+skoda-offset+skoda-offset+sow-editor+sow-editor+sow-editor+sow-editor+sow-editor+sow-editor+sow-editor+sow-editor,,no
https://www.skoda-storyboard.com/en/skoda-world/innovation-and-technology/the-secrets-of-camouflage/,en,True,13,4,4,sow-editor+sow-editor+sow-editor+sow-editor,,no
https://www.skoda-storyboard.com/en/skoda-world/innovation-and-technology/8-biggest-myths-about-emobility/,en,True,48,19,18,sow-editor+sow-editor+sow-editor+sow-editor+sow-editor+sow-editor+sow-editor+sow-editor+sow-editor+sow-editor+sow-editor+sow-editor+sow-editor+sow-editor+sow-editor+sow-editor+sow-editor+sow-editor,,no
https://www.skoda-storyboard.com/en/skoda-world/shooting-an-suv-commercial-in-the-living-room/,en,True,56,32,39,sow-editor+sow-editor+sow-editor+sow-editor+sow-editor+sow-editor+sow-editor+sow-editor+sow-editor+sow-editor+skoda-carousel-widget+skoda-carousel-widget+skoda-offset+skoda-offset+sow-editor+sow-editor+sow-editor+sow-editor+skoda-offset+skoda-offset+skoda-offset+skoda-offset+sow-editor+sow-editor+sow-editor+sow-editor+skoda-offset+skoda-offset+sow-editor+sow-editor+sow-editor+sow-editor+skoda-carousel-widget+skoda-carousel-widget+skoda-carousel-widget+skoda-carousel-widget+skoda-carousel-widget+skoda-carousel-widget+skoda-carousel-widget,,no
https://www.skoda-storyboard.com/en/125-let-skode/125-years-of-skoda-from-motorcycles-to-victories-in-the-skoda-fabia-rally2-evo/,en,True,124,51,88,skoda-offset+skoda-offset+sow-editor+sow-editor+sow-editor+sow-editor+sow-editor+sow-editor+skoda-offset+skoda-offset+sow-editor+sow-editor+sow-editor+sow-editor+sow-editor+sow-editor+skoda-offset+skoda-offset+sow-editor+sow-editor+sow-editor+sow-editor+sow-editor+sow-editor+skoda-offset+skoda-offset+sow-editor+sow-editor+sow-editor+sow-editor+sow-editor+sow-editor+skoda-offset+skoda-offset+sow-editor+sow-editor+sow-editor+sow-editor+sow-editor+sow-editor+skoda-offset+skoda-offset+sow-editor+sow-editor+sow-editor+sow-editor+sow-editor+sow-editor+skoda-offset+skoda-offset+sow-editor+sow-editor+sow-editor+sow-editor+sow-editor+sow-editor+skoda-offset+skoda-offset+sow-editor+sow-editor+sow-editor+sow-editor+sow-editor+sow-editor+skoda-offset+skoda-offset+sow-editor+sow-editor+sow-editor+sow-editor+sow-editor+sow-editor+skoda-offset+skoda-offset+sow-editor+sow-editor+sow-editor+sow-editor+sow-editor+sow-editor+skoda-offset+skoda-offset+sow-editor+sow-editor+sow-editor+sow-editor+sow-editor+sow-editor,,no
https://www.skoda-storyboard.com/en/skoda-world/innovation-and-technology/skoda-kamiq-scoutline-for-city-life-and-out-of-town-adventures/,en,True,65,32,38,sow-editor+sow-editor+sow-editor+sow-editor+sow-editor+sow-editor+skoda-offset+skoda-offset+sow-editor+sow-editor+sow-editor+sow-editor+sow-editor+sow-editor+sow-editor+sow-editor+sow-editor+sow-editor+sow-editor+sow-editor+sow-editor+sow-editor+sow-editor+sow-editor+sow-editor+sow-editor+sow-editor+sow-editor+sow-slider+sow-slider+sow-slider+sow-slider+sow-slider+sow-slider+sow-slider+sow-slider+sow-slider+sow-slider,,no
https://www.skoda-storyboard.com/en/lifestyle/sports/hockey/ice-hockey-quiz-now-with-all-games-cancelled-take-part-on-your-own-tournament/,en,True,16,8,2,sow-editor+sow-editor,,no
https://www.skoda-storyboard.com/en/skoda-world/innovation-and-technology/a-glimpse-of-the-skoda-enyaq-iv-rear-wheel-drive-five-levels-of-performance/,en,True,18,6,14,sow-editor+sow-editor+sow-slider+sow-slider+sow-editor+sow-editor+sow-slider+sow-slider+sow-slider+sow-slider+sow-slider+sow-slider+sow-slider+sow-slider,,no
https://www.skoda-storyboard.com/en/skoda-world/back-on-the-road-heres-what-to-keep-in-mind/,en,True,61,23,32,sow-editor+sow-editor+sow-editor+sow-editor+skoda-offset+skoda-offset+sow-editor+sow-editor+sow-editor+sow-editor+sow-editor+sow-editor+sow-editor+sow-editor+sow-editor+sow-editor+sow-editor+sow-editor+skoda-offset+skoda-offset+sow-editor+sow-editor+sow-editor+sow-editor+sow-editor+sow-editor+sow-editor+sow-editor+sow-editor+sow-editor+sow-editor+sow-editor,,no
https://www.skoda-storyboard.com/en/lifestyle/wellness-for-your-car/,en,True,71,37,43,sow-editor+sow-editor+skoda-carousel-widget+skoda-carousel-widget+skoda-offset+skoda-offset+sow-editor+sow-editor+sow-editor+sow-editor+sow-editor+sow-editor+sow-editor+sow-editor+sow-editor+sow-editor+sow-editor+sow-editor+sow-editor+sow-editor+sow-editor+sow-editor+sow-editor+sow-editor+sow-editor+sow-editor+skoda-offset+skoda-offset+sow-editor+sow-editor+sow-editor+sow-editor+skoda-offset+skoda-offset+sow-editor+sow-editor+skoda-carousel-widget+skoda-carousel-widget+skoda-carousel-widget+skoda-carousel-widget+skoda-carousel-widget+skoda-carousel-widget+skoda-carousel-widget,,no
https://www.skoda-storyboard.com/en/skoda-world/innovation-and-technology/strube-combustion-engines-are-not-outdated/,en,True,28,15,10,sow-editor+sow-editor+sow-editor+sow-editor+sow-editor+sow-editor+sow-editor+sow-editor+sow-editor+sow-editor,,no
https://www.skoda-storyboard.com/en/skoda-world/innovation-and-technology/chief-designer-reveals-the-magic-of-the-new-generation-skoda-octavia/,en,True,23,10,15,sow-editor+sow-editor+sow-editor+sow-editor+skoda-carousel-widget+skoda-carousel-widget+sow-editor+sow-editor+skoda-carousel-widget+skoda-carousel-widget+skoda-carousel-widget+skoda-carousel-widget+skoda-carousel-widget+skoda-carousel-widget+skoda-carousel-widget,,no
https://www.skoda-storyboard.com/en/lifestyle/fans-take-on-rally-drivers-in-the-skoda-motorsport-echallenge/,en,True,23,13,8,sow-editor+sow-editor+sow-editor+sow-editor+sow-editor+sow-editor+sow-editor+sow-editor,,no
https://www.skoda-storyboard.com/en/skoda-world/the-all-new-skoda-octavia-will-get-you-in-60-seconds/,en,True,33,13,12,sow-editor+sow-editor+sow-editor+sow-editor+sow-editor+sow-editor+sow-editor+sow-editor+sow-editor+sow-editor+sow-editor+sow-editor,,no
https://www.skoda-storyboard.com/en/125-let-skode/quiz-test-your-knowledge-of-skoda-history/,en,True,16,6,2,sow-editor+sow-editor,,no
https://www.skoda-storyboard.com/en/skoda-world/innovation-and-technology/electricity-stored-in-a-flywheel/,en,True,23,13,8,sow-editor+sow-editor+sow-editor+sow-editor+sow-editor+sow-editor+sow-editor+sow-editor,,no
https://www.skoda-storyboard.com/en/skoda-world/how-to-keep-having-fun-when-its-better-to-stay-at-home/,en,True,55,27,38,sow-editor+sow-editor+sow-editor+sow-editor+sow-button+sow-button-wire-8477ed2eaa84-154139+sow-button+sow-button-wire-8477ed2eaa84-154139+sow-button+sow-button-wire-8477ed2eaa84-154139+sow-button+sow-button-wire-8477ed2eaa84-154139+sow-editor+sow-editor+sow-editor+sow-editor+sow-editor+sow-editor+sow-editor+sow-editor+skoda-offset+skoda-offset+sow-editor+sow-editor+sow-button-wire-8477ed2eaa84-154139+sow-button-wire-8477ed2eaa84-154139+sow-button-wire-8477ed2eaa84-154139+sow-button-wire-8477ed2eaa84-154139+sow-button-wire-8477ed2eaa84-154139+sow-button-wire-8477ed2eaa84-154139+sow-button-wire-8477ed2eaa84-154139+sow-button-wire-8477ed2eaa84-154139+sow-button-wire-8477ed2eaa84-154139+sow-button-wire-8477ed2eaa84-154139+sow-button-wire-8477ed2eaa84-154139+sow-button-wire-8477ed2eaa84-154139+sow-button-wire-8477ed2eaa84-154139+sow-button-wire-8477ed2eaa84-154139,sow-button;sow-button-wire-8477ed2eaa84-154139,yes
https://www.skoda-storyboard.com/en/corporate-life/maier-there-will-be-a-time-after-coronavirus/,en,True,18,7,6,sow-editor+sow-editor+sow-editor+sow-editor+sow-editor+sow-editor,,no
https://www.skoda-storyboard.com/en/skoda-world/innovation-and-technology/sustainable-mobility-is-a-joint-project/,en,True,23,9,8,sow-editor+sow-editor+sow-editor+sow-editor+sow-editor+sow-editor+sow-editor+sow-editor,,no
https://www.skoda-storyboard.com/en/skoda-world/responsibility/printing-respirators-instead-of-secret-prototypes-skoda-helps/,en,True,80,32,46,sow-editor+sow-editor+sow-editor+sow-editor+skoda-offset+skoda-offset+sow-editor+sow-editor+sow-editor+sow-editor+sow-editor+sow-editor+sow-editor+sow-editor+sow-editor+sow-editor+sow-editor+sow-editor+sow-editor+sow-editor+sow-editor+sow-editor+sow-editor+sow-editor+skoda-offset+skoda-offset+sow-editor+sow-editor+sow-editor+sow-editor+sow-editor+sow-editor+sow-editor+sow-editor+sow-slider+sow-slider+sow-editor+sow-editor+sow-slider+sow-slider+sow-slider+sow-slider+sow-slider+sow-slider+sow-slider+sow-slider,,no
https://www.skoda-storyboard.com/en/lifestyle/i-carry-the-family-torch-we-have-always-had-a-skoda-vehicle/,en,True,28,15,10,sow-editor+sow-editor+sow-editor+sow-editor+sow-editor+sow-editor+sow-editor+sow-editor+sow-editor+sow-editor,,no
https://www.skoda-storyboard.com/en/skoda-world/responsibility/how-to-have-fun-when-its-better-to-stay-at-home/,en,True,64,25,38,sow-editor+sow-editor+sow-editor+sow-editor+sow-editor+sow-editor+sow-editor+sow-editor+sow-editor+sow-editor+sow-editor+sow-editor+sow-editor+sow-editor+sow-editor+sow-editor+sow-editor+sow-editor+sow-button+sow-button-wire-d79a8a60fa91-153208+sow-button+sow-button-wire-d79a8a60fa91-153208+skoda-offset+skoda-offset+sow-button-wire-d79a8a60fa91-153208+sow-button-wire-d79a8a60fa91-153208+sow-button-wire-d79a8a60fa91-153208+sow-button-wire-d79a8a60fa91-153208+sow-button-wire-d79a8a60fa91-153208+sow-button-wire-d79a8a60fa91-153208+sow-button-wire-d79a8a60fa91-153208+sow-button-wire-d79a8a60fa91-153208+sow-button-wire-d79a8a60fa91-153208+sow-button-wire-d79a8a60fa91-153208+sow-button-wire-d79a8a60fa91-153208+sow-button-wire-d79a8a60fa91-153208+sow-button-wire-d79a8a60fa91-153208+sow-button-wire-d79a8a60fa91-153208,sow-button;sow-button-wire-d79a8a60fa91-153208,yes
https://www.skoda-storyboard.com/en/lifestyle/people/student-dream-car-a-career-springboard/,en,True,85,39,57,sow-editor+sow-editor+sow-editor+sow-editor+sow-editor+sow-editor+sow-editor+sow-editor+skoda-offset+skoda-offset+sow-editor+sow-editor+sow-editor+sow-editor+sow-editor+sow-editor+sow-editor+sow-editor+skoda-offset+skoda-offset+sow-editor+sow-editor+sow-editor+sow-editor+sow-editor+sow-editor+sow-editor+sow-editor+sow-editor+sow-editor+sow-editor+sow-editor+sow-editor+sow-editor+skoda-offset+skoda-offset+sow-editor+sow-editor+sow-editor+sow-editor+sow-editor+sow-editor+sow-editor+sow-editor+sow-editor+sow-editor+skoda-carousel-widget+skoda-carousel-widget+sow-editor+sow-editor+skoda-carousel-widget+skoda-carousel-widget+skoda-carousel-widget+skoda-carousel-widget+skoda-carousel-widget+skoda-carousel-widget+skoda-carousel-widget,,no
https://www.skoda-storyboard.com/en/lifestyle/how-to-stay-safe-when-travelling-by-car-during-the-coronavirus-pandemic/,en,True,34,12,14,sow-editor+sow-editor+sow-editor+sow-editor+sow-editor+sow-editor+sow-editor+sow-editor+sow-editor+sow-editor+sow-editor+sow-editor+sow-editor+sow-editor,,no
https://www.skoda-storyboard.com/en/125-let-skode/125-years-of-skoda-hall-of-fame/,en,True,169,64,120,skoda-offset+skoda-offset+sow-editor+sow-editor+sow-editor+sow-editor+sow-editor+sow-editor+sow-editor+sow-editor+skoda-offset+skoda-offset+sow-editor+sow-editor+sow-editor+sow-editor+sow-editor+sow-editor+skoda-offset+skoda-offset+sow-editor+sow-editor+sow-editor+sow-editor+sow-editor+sow-editor+skoda-offset+skoda-offset+sow-editor+sow-editor+sow-editor+sow-editor+sow-editor+sow-editor+skoda-offset+skoda-offset+sow-editor+sow-editor+sow-editor+sow-editor+sow-editor+sow-editor+skoda-offset+skoda-offset+sow-editor+sow-editor+sow-editor+sow-editor+sow-editor+sow-editor+skoda-offset+skoda-offset+sow-editor+sow-editor+sow-editor+sow-editor+sow-editor+sow-editor+sow-editor+sow-editor+sow-editor+sow-editor+sow-editor+sow-editor+skoda-offset+skoda-offset+sow-editor+sow-editor+sow-editor+sow-editor+sow-editor+sow-editor+skoda-offset+skoda-offset+sow-editor+sow-editor+sow-editor+sow-editor+sow-editor+sow-editor+skoda-offset+skoda-offset+sow-editor+sow-editor+sow-editor+sow-editor+sow-editor+sow-editor+skoda-offset+skoda-offset+sow-editor+sow-editor+sow-editor+sow-editor+sow-editor+sow-editor+skoda-offset+skoda-offset+sow-editor+sow-editor+sow-editor+sow-editor+sow-editor+sow-editor+skoda-offset+skoda-offset+sow-editor+sow-editor+sow-editor+sow-editor+sow-editor+sow-editor+skoda-offset+skoda-offset+sow-editor+sow-editor+sow-editor+sow-editor+sow-editor+sow-editor,,no
https://www.skoda-storyboard.com/en/skoda-world/number-of-the-month-93/,en,True,28,11,10,sow-editor+sow-editor+sow-editor+sow-editor+sow-editor+sow-editor+sow-editor+sow-editor+sow-editor+sow-editor,,no
https://www.skoda-storyboard.com/en/skoda-world/design/the-first-octavia-remains-rather-fetching-says-its-designer/,en,True,30,15,14,sow-editor+sow-editor+sow-editor+sow-editor+sow-editor+sow-editor+sow-editor+sow-editor+sow-editor+sow-editor+sow-editor+sow-editor+sow-editor+sow-editor,,no
https://www.skoda-storyboard.com/en/models/octavia/sporty-but-ecological-the-skoda-octavia-rs-iv-is-unveiled/,en,True,63,26,40,sow-editor+sow-editor+sow-editor+sow-editor+sow-editor+sow-editor+sow-editor+sow-editor+sow-editor+sow-editor+sow-editor+sow-editor+sow-editor+sow-editor+sow-editor+sow-editor+sow-editor+sow-editor+sow-editor+sow-editor+sow-editor+sow-editor+sow-editor+sow-editor+sow-editor+sow-editor+sow-editor+sow-editor+sow-editor+sow-editor+sow-slider+sow-slider+sow-slider+sow-slider+sow-slider+sow-slider+sow-slider+sow-slider+sow-slider+sow-slider,,no
https://www.skoda-storyboard.com/en/lifestyle/a-journey-that-will-not-burden-the-future/,en,True,65,54,28,sow-editor+sow-editor+skoda-image-box+skoda-image-box+sow-editor+sow-editor+skoda-image-box+skoda-image-box+sow-editor+sow-editor+skoda-image-box+skoda-image-box+sow-editor+sow-editor+skoda-image-box+skoda-image-box+sow-editor+sow-editor+sow-editor+sow-editor+sow-editor+sow-editor+skoda-offset+skoda-offset+sow-editor+sow-editor+sow-editor+sow-editor,skoda-image-box,yes
https://www.skoda-storyboard.com/en/125-let-skode/125-years-of-skoda-fundamental-changes/,en,True,152,81,138,sow-editor+sow-editor+sow-editor+sow-editor+skoda-offset+skoda-offset+sow-editor+sow-editor+sow-editor+sow-editor+sow-editor+sow-editor+sow-editor+sow-editor+skoda-offset+skoda-offset+sow-editor+sow-editor+sow-editor+sow-editor+sow-editor+sow-editor+sow-editor+sow-editor+skoda-offset+skoda-offset+sow-editor+sow-editor+sow-editor+sow-editor+sow-editor+sow-editor+sow-editor+sow-editor+skoda-offset+skoda-offset+sow-editor+sow-editor+sow-editor+sow-editor+sow-editor+sow-editor+sow-editor+sow-editor+skoda-offset+skoda-offset+sow-editor+sow-editor+sow-editor+sow-editor+sow-editor+sow-editor+sow-editor+sow-editor+skoda-offset+skoda-offset+sow-editor+sow-editor+sow-editor+sow-editor+sow-editor+sow-editor+sow-editor+sow-editor+skoda-offset+skoda-offset+sow-editor+sow-editor+sow-editor+sow-editor+sow-editor+sow-editor+sow-editor+sow-editor+skoda-offset+skoda-offset+sow-editor+sow-editor+sow-editor+sow-editor+sow-editor+sow-editor+sow-editor+sow-editor+skoda-offset+skoda-offset+sow-editor+sow-editor+sow-editor+sow-editor+sow-editor+sow-editor+sow-editor+sow-editor+skoda-offset+skoda-offset+sow-editor+sow-editor+sow-editor+sow-editor+sow-editor+sow-editor+sow-editor+sow-editor+skoda-offset+skoda-offset+sow-editor+sow-editor+sow-editor+sow-editor+sow-editor+sow-editor+sow-editor+sow-editor+skoda-offset+skoda-offset+sow-editor+sow-editor+sow-editor+sow-editor+sow-editor+sow-editor+sow-editor+sow-editor+skoda-offset+skoda-offset+sow-editor+sow-editor+sow-editor+sow-editor+sow-editor+sow-editor+sow-editor+sow-editor+skoda-offset+skoda-offset+sow-editor+sow-editor,,no
https://www.skoda-storyboard.com/en/models/octavia/number-of-the-month-7000000/,en,True,45,24,20,sow-editor+sow-editor+sow-editor+sow-editor+sow-editor+sow-editor+sow-editor+sow-editor+sow-editor+sow-editor+sow-editor+sow-editor+sow-editor+sow-editor+sow-editor+sow-editor+sow-editor+sow-editor+sow-editor+sow-editor,,no
https://www.skoda-storyboard.com/en/lifestyle/set-off-to-the-south-with-kitesurfers-in-skoda-citigo%e1%b5%89-iv/,en,True,45,27,28,sow-editor+sow-editor+sow-editor+sow-editor+sow-editor+sow-editor+sow-editor+sow-editor+sow-editor+sow-editor+sow-slider+sow-slider+sow-editor+sow-editor+sow-editor+sow-editor+sow-editor+sow-editor+sow-editor+sow-editor+sow-slider+sow-slider+sow-slider+sow-slider+sow-slider+sow-slider+sow-slider+sow-slider,,no
https://www.skoda-storyboard.com/en/skoda-world/enyaq-expresses-both-power-and-efficiency-whats-the-story-behind-the-new-suvs-name/,en,True,24,21,10,sow-editor+sow-editor+sow-editor+sow-editor+sow-editor+sow-editor+sow-editor+sow-editor+sow-editor+sow-editor,,no
https://www.skoda-storyboard.com/en/lifestyle/people/martina-sablikova-i-turn-the-warm-ventilation-on-my-feet/,en,True,51,30,24,sow-editor+sow-editor+sow-editor+sow-editor+sow-editor+sow-editor+sow-editor+sow-editor+sow-editor+sow-editor+sow-editor+sow-editor+sow-editor+sow-editor+sow-editor+sow-editor+sow-editor+sow-editor+sow-editor+sow-editor+sow-editor+sow-editor+sow-editor+sow-editor,,no
https://www.skoda-storyboard.com/en/lifestyle/motorsport/360-video-winter-battle-of-champions-with-fabia-rally2-evo/,en,True,34,18,24,sow-editor+sow-editor+sow-editor+sow-editor+skoda-offset+skoda-offset+sow-editor+sow-editor+sow-editor+sow-editor+sow-editor+sow-editor+sow-slider+sow-slider+sow-editor+sow-editor+sow-slider+sow-slider+sow-slider+sow-slider+sow-slider+sow-slider+sow-slider+sow-slider,,no
https://www.skoda-storyboard.com/en/skoda-world/skoda-vision-in-introduced/,en,True,45,24,20,sow-editor+sow-editor+sow-editor+sow-editor+sow-editor+sow-editor+skoda-quote+skoda-quote+sow-editor+sow-editor+sow-editor+sow-editor+sow-editor+sow-editor+skoda-quote+skoda-quote+sow-editor+sow-editor+sow-editor+sow-editor,,no
https://www.skoda-storyboard.com/en/skoda-world/dangerous-microsleep-useful-tips-how-to-stay-alert/,en,True,61,32,28,sow-editor+sow-editor+sow-editor+sow-editor+skoda-quote+skoda-quote+sow-editor+sow-editor+skoda-quote+skoda-quote+sow-editor+sow-editor+sow-editor+sow-editor+sow-editor+sow-editor+sow-editor+sow-editor+sow-editor+sow-editor+sow-editor+sow-editor+sow-editor+sow-editor+sow-editor+sow-editor+sow-editor+sow-editor,,no
https://www.skoda-storyboard.com/en/skoda-world/innovation-and-technology/technology/top-e-questions-and-e-answers/,en,True,83,66,32,sow-editor+sow-editor+sow-editor+sow-editor+sow-editor+sow-editor+sow-editor+sow-editor+sow-editor+sow-editor+sow-editor+sow-editor+sow-editor+sow-editor+sow-editor+sow-editor+sow-editor+sow-editor+sow-editor+sow-editor+sow-editor+sow-editor+sow-editor+sow-editor+sow-editor+sow-editor+sow-editor+sow-editor+sow-editor+sow-editor+sow-editor+sow-editor,,no
https://www.skoda-storyboard.com/en/lifestyle/motorsport/faithful-friends-of-an-experienced-rally-driver/,en,True,60,33,28,sow-editor+sow-editor+sow-editor+sow-editor+sow-editor+sow-editor+sow-editor+sow-editor+sow-editor+sow-editor+sow-editor+sow-editor+sow-editor+sow-editor+sow-editor+sow-editor+sow-editor+sow-editor+sow-editor+sow-editor+skoda-offset+skoda-offset+sow-editor+sow-editor+sow-editor+sow-editor+sow-editor+sow-editor,,no
https://www.skoda-storyboard.com/en/125-let-skode/125-years-of-skoda-iconic-cars/,en,True,13,6,4,sow-editor+sow-editor+ys-milestones+ys-milestones,ys-milestones,yes
https://www.skoda-storyboard.com/en/skoda-world/design/how-wheels-are-born/,en,True,41,19,20,sow-editor+sow-editor+sow-editor+sow-editor+sow-editor+sow-editor+sow-editor+sow-editor+sow-editor+sow-editor+sow-editor+sow-editor+sow-editor+sow-editor+sow-editor+sow-editor+sow-editor+sow-editor+sow-editor+sow-editor,,no
https://www.skoda-storyboard.com/en/skoda-world/innovation-and-technology/technology/number-of-the-month-5-3/,en,True,29,15,12,sow-editor+sow-editor+sow-editor+sow-editor+sow-editor+sow-editor+sow-editor+sow-editor+sow-editor+sow-editor+sow-editor+sow-editor,,no
https://www.skoda-storyboard.com/en/skoda-world/treasures-from-the-garage-top-5-skoda-veterans/,en,True,61,36,2,sow-editor+sow-editor,,no
https://www.skoda-storyboard.com/en/skoda-world/innovation-and-technology/technology/the-secret-of-heating-the-warm-hug-of-a-car/,en,True,44,24,6,sow-editor+sow-editor+sow-editor+sow-editor+sow-editor+sow-editor,,no
https://www.skoda-storyboard.com/en/skoda-world/design/home-comforts-in-your-car/,en,True,41,18,1,sow-editor,,no
https://www.skoda-storyboard.com/en/skoda-world/a-wild-fun-ride-through-2019/,en,True,28,15,10,sow-editor+sow-editor+sow-editor+sow-editor+sow-editor+sow-editor+sow-editor+sow-editor+sow-editor+sow-editor,,no
https://www.skoda-storyboard.com/en/125-let-skode/number-of-the-month-125/,en,True,13,6,4,sow-editor+sow-editor+sow-editor+sow-editor,,no
https://www.skoda-storyboard.com/en/skoda-world/innovation-and-technology/2019-the-year-that-kick-started-the-future/,en,True,28,15,12,sow-editor+sow-editor+sow-editor+sow-editor+sow-editor+sow-editor+sow-editor+sow-editor+sow-editor+sow-editor+sow-editor+sow-editor,,no
https://www.skoda-storyboard.com/en/models/fabia/how-to-fly-a-rally-car/,en,True,24,12,12,sow-editor+sow-editor+sow-editor+sow-editor+sow-editor+sow-editor+sow-editor+sow-editor+sow-editor+sow-editor+sow-editor+sow-editor,,no
https://www.skoda-storyboard.com/en/lifestyle/chasing-the-best-drone-shot-ever/,en,True,35,15,20,sow-editor+sow-editor+sow-editor+sow-editor+sow-editor+sow-editor+sow-editor+sow-editor+sow-editor+sow-editor+sow-editor+sow-editor+sow-editor+sow-editor+sow-editor+sow-editor+sow-editor+sow-editor+sow-editor+sow-editor,,no
https://www.skoda-storyboard.com/en/concepts/the-skoda-joyster-lemon-joy/,en,True,39,15,9,sow-editor+sow-editor+sow-editor+sow-editor+sow-editor+sow-editor+sow-editor+sow-editor+sow-editor,,no
https://www.skoda-storyboard.com/en/models/highlights-from-the-world-of-number-plates/,en,True,8,3,2,sow-editor+sow-editor,,no
https://www.skoda-storyboard.com/en/skoda-world/innovation-and-technology/quiz-are-you-ready-for-the-cars-of-the-future/,en,True,16,9,2,sow-editor+sow-editor,,no
https://www.skoda-storyboard.com/en/lifestyle/motorsport/skoda-motorsport-and-its-devotion-to-victory/,en,True,43,24,26,sow-editor+sow-editor+sow-editor+sow-editor+sow-editor+sow-editor+sow-editor+sow-editor+sow-editor+sow-editor+sow-editor+sow-editor+sow-editor+sow-editor+sow-editor+sow-editor+sow-editor+sow-editor+sow-editor+sow-editor+sow-editor+sow-editor+sow-editor+sow-editor+sow-editor+sow-editor,,no
https://www.skoda-storyboard.com/en/skoda-world/a-secret-department-shaping-the-future/,en,True,30,12,14,sow-editor+sow-editor+sow-editor+sow-editor+sow-editor+sow-editor+sow-editor+sow-editor+sow-editor+sow-editor+sow-editor+sow-editor+sow-editor+sow-editor,,no
https://www.skoda-storyboard.com/en/skoda-world/design/number-of-the-month-373/,en,True,19,7,8,sow-editor+sow-editor+sow-editor+sow-editor+sow-editor+sow-editor+sow-editor+sow-editor,,no
https://www.skoda-storyboard.com/en/emobility/electrically-on-land-on-water-and-in-the-air/,en,True,77,33,36,sow-editor+sow-editor+sow-editor+sow-editor+sow-editor+sow-editor+sow-editor+sow-editor+sow-editor+sow-editor+sow-editor+sow-editor+sow-editor+sow-editor+sow-editor+sow-editor+sow-editor+sow-editor+sow-editor+sow-editor+sow-editor+sow-editor+sow-editor+sow-editor+sow-editor+sow-editor+sow-editor+sow-editor+sow-editor+sow-editor+sow-editor+sow-editor+sow-editor+sow-editor+sow-editor+sow-editor,,no
https://www.skoda-storyboard.com/en/skoda-world/four-in-one-how-to-pack-a-car-for-overseas-travel/,en,True,55,24,7,sow-editor+sow-editor+sow-editor+sow-editor+sow-editor+sow-editor+sow-editor,,no
https://www.skoda-storyboard.com/en/models/deciphering-number-plates-switzerland/,en,True,29,13,6,sow-editor+sow-editor+sow-editor+sow-editor+sow-editor+sow-editor,,no
https://www.skoda-storyboard.com/en/models/octavia/the-all-new-skoda-octavia-through-the-eyes-of-its-chief-designer/,en,True,35,14,16,sow-editor+sow-editor+sow-editor+sow-editor+sow-editor+sow-editor+sow-editor+sow-editor+sow-editor+sow-editor+sow-editor+sow-editor+sow-editor+sow-editor+sow-editor+sow-editor,,no
https://www.skoda-storyboard.com/en/models/octavia/new-octavia-ive-been-driving-it-for-a-year-and-a-half/,en,True,19,8,7,sow-editor+sow-editor+sow-editor+sow-editor+sow-editor+sow-editor+sow-editor,,no
https://www.skoda-storyboard.com/en/models/octavia/my-octavia-scout-is-as-adventurous-as-i-am/,en,True,19,8,16,sow-editor+sow-editor+sow-editor+sow-editor+sow-editor+sow-editor+sow-editor+sow-editor+sow-editor+sow-editor+sow-editor+sow-editor+sow-editor+sow-editor+sow-editor+sow-editor,,no
https://www.skoda-storyboard.com/en/models/octavia/our-octavia-went-through-the-biggest-moments-of-our-lives-with-us/,en,True,19,8,8,sow-editor+sow-editor+sow-editor+sow-editor+sow-editor+sow-editor+sow-editor+sow-editor,,no
https://www.skoda-storyboard.com/en/models/where-other-cars-fail-the-octavia-wrc-keeps-going/,en,True,19,8,8,sow-editor+sow-editor+sow-editor+sow-editor+sow-editor+sow-editor+sow-editor+sow-editor,,no
https://www.skoda-storyboard.com/en/classic-cars/the-first-octavia-took-a-family-to-the-sea/,en,True,19,8,15,sow-editor+sow-editor+sow-editor+sow-editor+sow-editor+sow-editor+sow-editor+sow-editor+sow-editor+sow-editor+sow-editor+sow-editor+sow-editor+sow-editor+sow-editor,,no
https://www.skoda-storyboard.com/en/models/octavia/the-all-new-skoda-octavia-has-arrived/,en,True,7,0,1,sow-editor,,no
https://www.skoda-storyboard.com/en/models/octavia/the-all-new-skoda-octavia-and-its-travels-through-time/,en,True,8,3,8,sow-editor+skoda-offset+sow-editor+skoda-offset+sow-editor+skoda-offset+sow-editor+skoda-offset,,no
https://www.skoda-storyboard.com/en/models/octavia/the-all-new-skoda-octavia-take-a-look-inside/,en,True,20,8,10,sow-editor+sow-editor+sow-editor+sow-editor+sow-editor+sow-editor+sow-editor+sow-editor+sow-editor+sow-editor,,no
https://www.skoda-storyboard.com/en/models/octavia/sneaking-a-peek-of-the-all-new-skoda-octavia/,en,True,24,9,2,sow-editor+sow-editor,,no
https://www.skoda-storyboard.com/en/skoda-world/innovation-and-technology/technology/from-calculator-to-supercomputer/,en,True,28,13,14,sow-editor+sow-editor+sow-editor+sow-editor+sow-editor+sow-editor+sow-editor+sow-editor+sow-editor+sow-editor+sow-editor+sow-editor+sow-editor+sow-editor,,no
https://www.skoda-storyboard.com/en/lifestyle/sports/picture-gallery-relive-the-2019-championship-rally-season/,en,True,24,10,20,sow-editor+sow-editor+sow-editor+sow-editor+sow-editor+sow-editor+sow-editor+sow-editor+sow-editor+sow-editor+sow-editor+sow-editor+sow-editor+sow-editor+sow-editor+sow-editor+sow-editor+sow-editor+sow-editor+sow-editor,,no
https://www.skoda-storyboard.com/en/models/octavia/the-all-new-skoda-octavia-is-an-inspiration-for-artists/,en,True,41,24,14,sow-editor+sow-editor+sow-editor+sow-editor+sow-editor+sow-editor+sow-editor+sow-editor+sow-editor+sow-editor+sow-editor+sow-editor+sow-editor+sow-editor,,no
https://www.skoda-storyboard.com/en/skoda-world/innovation-and-technology/why-be-convoluted-when-it-can-be-simply-clever/,en,True,24,10,1,sow-editor,,no
https://www.skoda-storyboard.com/en/models/number-of-the-month-1401500/,en,True,13,6,5,sow-editor+sow-editor+sow-editor+sow-editor+sow-editor,,no
https://www.skoda-storyboard.com/en/models/skoda-lifts-the-veil-on-the-all-new-octavia/,en,True,18,8,10,sow-editor+sow-editor+sow-editor+sow-editor+sow-editor+sow-editor+sow-editor+sow-editor+sow-editor+sow-editor,,no
https://www.skoda-storyboard.com/en/emobility/skodas-electrified-cars-what-will-they-offer-customers/,en,True,24,11,6,sow-editor+sow-editor+sow-editor+sow-editor+sow-editor+sow-editor,,no
https://www.skoda-storyboard.com/en/models/india-from-a-nation-of-mopeds-to-a-nation-of-cars/,en,True,29,12,10,sow-editor+sow-editor+sow-editor+skoda-offset+sow-editor+sow-editor+sow-editor+sow-editor+sow-editor+sow-editor,,no
https://www.skoda-storyboard.com/en/models/deciphering-number-plates-poland/,en,True,29,12,5,sow-editor+sow-editor+sow-editor+sow-editor+sow-editor,,no
https://www.skoda-storyboard.com/en/lifestyle/cooking-in-the-wild-with-skoda-and-almazan-kitchen-cottage/,en,True,13,4,9,sow-editor+sow-editor+sow-editor+sow-editor+sow-editor+sow-editor+sow-editor+sow-editor+sow-editor,,no
https://www.skoda-storyboard.com/en/models/a-unique-look-at-how-skoda-model-cars-are-made/,en,True,23,10,12,sow-editor+sow-editor+sow-editor+sow-editor+sow-editor+sow-editor+sow-editor+sow-editor+sow-editor+sow-editor+sow-editor+sow-editor,,no
https://www.skoda-storyboard.com/en/lifestyle/cooking-in-the-wild-with-skoda-and-almazan-kitchen-lake/,en,True,18,7,6,sow-editor+sow-editor+sow-editor+sow-editor+sow-editor+sow-editor,,no
https://www.skoda-storyboard.com/en/skoda-world/innovation-and-technology/okay-laura-lets-talk/,en,True,13,5,3,sow-editor+sow-editor+sow-editor,,no
https://www.skoda-storyboard.com/en/models/deciphering-number-plates-spain/,en,True,29,14,7,sow-editor+sow-editor+sow-editor+sow-editor+sow-editor+sow-editor+sow-editor,,no
https://www.skoda-storyboard.com/en/lifestyle/cooking-in-the-wild-with-skoda-and-almazan-kitchen-forest/,en,True,13,5,8,sow-editor+sow-editor+sow-editor+sow-editor+sow-editor+sow-editor+sow-editor+sow-editor,,no
https://www.skoda-storyboard.com/en/emobility/learning-how-to-breathe-life-into-a-hybrid-car/,en,True,35,15,4,sow-editor+sow-editor+sow-editor+sow-editor,,no
https://www.skoda-storyboard.com/en/classic-cars/number-of-the-month-132/,en,True,13,5,5,sow-editor+sow-editor+sow-editor+sow-editor+sow-editor,,no
https://www.skoda-storyboard.com/en/models/skoda-at-the-2019-frankfurt-motor-show/,en,True,19,7,10,sow-editor+sow-editor+sow-editor+sow-editor+sow-editor+sow-editor+sow-editor+sow-editor+sow-editor+sow-editor,,no
https://www.skoda-storyboard.com/en/models/the-iv-and-g-tec-green-alternatives/,en,True,24,10,13,sow-editor+sow-editor+sow-editor+sow-editor+sow-editor+sow-editor+sow-editor+sow-editor+sow-editor+sow-editor+sow-editor+sow-editor+sow-editor,,no
https://www.skoda-storyboard.com/en/models/take-a-look-at-skodas-electric-future/,en,True,19,7,5,sow-editor+sow-editor+sow-editor+sow-editor+sow-editor,,no
https://www.skoda-storyboard.com/en/models/the-scala-and-the-kamiq-put-on-the-monte-carlo-coat/,en,True,19,7,19,sow-editor+sow-editor+sow-editor+sow-editor+sow-editor+sow-editor+sow-editor+sow-editor+sow-editor+sow-editor+sow-editor+sow-editor+sow-editor+sow-editor+sow-editor+sow-editor+sow-editor+sow-editor+skoda-offset,,no
https://www.skoda-storyboard.com/en/models/kamiq/the-skoda-kamiq-meets-the-press/,en,True,30,13,9,sow-editor+sow-editor+sow-editor+sow-editor+sow-editor+sow-editor+sow-editor+sow-editor+sow-editor,,no
https://www.skoda-storyboard.com/en/skoda-world/a-train-is-arriving-at-platform-one/,en,True,39,16,7,sow-editor+sow-editor+sow-editor+sow-editor+sow-editor+sow-editor+sow-editor,,no
https://www.skoda-storyboard.com/en/skoda-world/design/a-snowman-in-two-colours/,en,True,30,12,13,sow-editor+sow-editor+sow-editor+sow-editor+sow-editor+sow-editor+sow-editor+sow-editor+sow-editor+sow-editor+sow-editor+sow-editor+sow-editor,,no
https://www.skoda-storyboard.com/en/skoda-world/innovation-and-technology/electricity-cng-or-perhaps-hydrogen-judge-for-yourselves/,en,True,268,95,208,sow-editor+sow-editor+sow-editor+sow-editor+sow-editor+sow-editor+sow-editor+sow-editor+sow-editor+sow-editor+sow-editor+sow-editor+sow-editor+sow-editor+sow-editor+sow-editor+sow-editor+sow-editor+sow-editor+sow-editor+sow-editor+sow-editor+sow-editor+sow-editor+sow-editor+sow-editor+sow-editor+sow-editor+sow-editor+sow-editor+sow-editor+sow-editor+sow-editor+sow-editor+sow-editor+sow-editor+sow-editor+sow-editor+sow-editor+sow-editor+sow-editor+sow-editor+sow-editor+sow-editor+sow-editor+sow-editor+sow-editor+sow-editor+sow-editor+sow-editor+sow-editor+sow-editor+sow-editor+sow-editor+sow-editor+sow-editor+sow-editor+sow-editor+sow-editor+sow-editor+sow-editor+sow-editor+sow-editor+sow-editor+sow-editor+sow-editor+sow-editor+sow-editor+sow-editor+sow-editor+sow-editor+sow-editor+sow-editor+sow-editor+sow-editor+sow-editor+sow-editor+sow-editor+sow-editor+sow-editor+sow-editor+sow-editor+sow-editor+sow-editor+sow-editor+sow-editor+sow-editor+sow-editor+sow-editor+sow-editor+sow-editor+sow-editor+sow-editor+sow-editor+sow-editor+sow-editor+sow-editor+sow-editor+sow-editor+sow-editor+sow-editor+sow-editor+sow-editor+sow-editor+sow-editor+sow-editor+sow-editor+sow-editor+sow-editor+sow-editor+sow-editor+sow-editor+sow-editor+sow-editor+sow-editor+sow-editor+sow-editor+sow-editor+sow-editor+sow-editor+sow-editor+sow-editor+sow-editor+sow-editor+sow-editor+sow-editor+sow-editor+sow-editor+sow-editor+sow-editor+sow-editor+sow-editor+sow-editor+sow-editor+sow-editor+sow-editor+sow-editor+sow-editor+sow-editor+sow-editor+sow-editor+sow-editor+sow-editor+sow-editor+sow-editor+sow-editor+sow-editor+sow-editor+sow-editor+sow-editor+sow-editor+sow-editor+sow-editor+sow-editor+sow-editor+sow-editor+sow-editor+sow-editor+sow-editor+sow-editor+sow-editor+sow-editor+sow-editor+sow-editor+sow-editor+sow-editor+sow-editor+sow-editor+sow-editor+sow-editor+sow-editor+sow-editor+sow-editor+sow-editor+sow-editor+sow-editor+sow-editor+sow-editor+sow-editor+sow-editor+sow-editor+sow-editor+sow-editor+sow-editor+sow-editor+sow-editor+sow-editor+sow-editor+sow-editor+sow-editor+sow-editor+sow-editor+sow-editor+sow-editor+sow-editor+sow-editor+sow-editor+sow-editor+sow-editor+sow-editor+sow-editor+sow-editor+sow-editor+sow-editor+sow-editor+sow-editor+sow-editor+sow-editor,,no
https://www.skoda-storyboard.com/en/skoda-world/innovation-and-technology/step-by-step-through-skodas-state-of-the-art-paint-shop/,en,True,18,7,32,sow-editor+sow-editor+sow-editor+sow-editor+sow-editor+sow-editor+sow-editor+sow-editor+sow-editor+sow-editor+sow-editor+sow-editor+sow-editor+sow-editor+sow-editor+sow-editor+sow-editor+sow-editor+sow-editor+sow-editor+sow-editor+sow-editor+sow-editor+sow-editor+sow-editor+sow-editor+sow-editor+sow-editor+sow-editor+sow-editor+sow-editor+sow-editor,,no
https://www.skoda-storyboard.com/en/models/kamiq/the-skoda-kamiq-your-travel-buddy-for-urban-adventuring/,en,True,73,29,28,sow-editor+sow-editor+sow-editor+sow-editor+sow-editor+sow-editor+sow-editor+sow-editor+sow-editor+sow-editor+sow-editor+sow-editor+sow-editor+sow-editor+sow-editor+sow-editor+sow-editor+sow-editor+sow-editor+sow-editor+sow-editor+sow-editor+sow-editor+sow-editor+sow-editor+sow-editor+sow-editor+sow-editor,,no
https://www.skoda-storyboard.com/en/emobility/number-of-the-month-13000/,en,True,8,3,3,sow-editor+sow-editor+sow-editor,,no
https://www.skoda-storyboard.com/en/lifestyle/sports/buying-a-rally-car-in-7-steps/,en,True,106,48,70,sow-editor+sow-editor+sow-editor+sow-editor+sow-editor+sow-editor+sow-editor+sow-editor+sow-editor+sow-editor+sow-editor+sow-editor+sow-editor+sow-editor+sow-editor+sow-editor+sow-editor+sow-editor+sow-editor+sow-editor+sow-editor+sow-editor+sow-editor+sow-editor+sow-editor+sow-editor+sow-editor+sow-editor+sow-editor+sow-editor+sow-editor+sow-editor+sow-editor+sow-editor+sow-editor+sow-editor+sow-editor+sow-editor+sow-editor+sow-editor+sow-editor+sow-editor+sow-editor+sow-editor+sow-editor+sow-editor+sow-editor+sow-editor+sow-editor+sow-editor+sow-editor+sow-editor+sow-editor+sow-editor+sow-editor+sow-editor+sow-editor+sow-editor+sow-editor+sow-editor+sow-editor+sow-editor+sow-editor+sow-editor+sow-editor+sow-editor+sow-editor+sow-editor+sow-editor+sow-editor,,no
https://www.skoda-storyboard.com/en/models/deciphering-number-plates-france/,en,True,29,12,7,sow-editor+sow-editor+sow-editor+sow-editor+sow-editor+sow-editor+sow-editor,,no
https://www.skoda-storyboard.com/en/corporate-life/a-peek-behind-the-curtains-how-emissions-are-measured/,en,True,24,10,10,sow-editor+sow-editor+sow-editor+sow-editor+sow-editor+sow-editor+sow-editor+sow-editor+sow-editor+sow-editor,,no
https://www.skoda-storyboard.com/en/skoda-world/innovation-and-technology/new-ways-to-get-electricity/,en,True,51,22,1,sow-editor,,no
https://www.skoda-storyboard.com/en/lifestyle/sports/slavia-on-the-letape-iron-will-and-an-unplanned-marathon/,en,True,29,14,10,sow-editor+sow-editor+sow-editor+sow-editor+sow-editor+sow-editor+sow-editor+sow-editor+sow-editor+sow-editor,,no
https://www.skoda-storyboard.com/en/skoda-world/innovation-and-technology/250-year-quest-for-the-ideal-drive/,en,True,24,10,23,sow-editor+sow-editor+sow-editor+sow-editor+sow-editor+sow-editor+sow-editor+sow-editor+sow-editor+sow-editor+sow-editor+sow-editor+sow-editor+sow-editor+sow-editor+sow-editor+sow-editor+sow-editor+sow-editor+sow-editor+sow-editor+sow-editor+sow-editor,,no
https://www.skoda-storyboard.com/en/skoda-world/innovation-and-technology/90-years-on-the-production-line/,en,True,49,20,14,ys-embed-share+skoda-offset+ys-embed-share+skoda-offset+ys-embed-share+skoda-offset+ys-embed-share+skoda-offset+ys-embed-share+skoda-offset+ys-embed-share+skoda-offset+sow-editor+skoda-offset,ys-embed-share,yes
https://www.skoda-storyboard.com/en/lifestyle/sports/number-of-the-month-5-2/,en,True,13,4,2,sow-editor+sow-editor,,no
https://www.skoda-storyboard.com/en/skoda-world/design/the-designer-light-breathes-life-into-glass-we-breathe-life-into-lights/,en,True,35,14,7,sow-editor+sow-editor+sow-editor+sow-editor+sow-editor+sow-editor+sow-editor,,no
https://www.skoda-storyboard.com/en/lifestyle/sports/slavia-versus-festka-scalatore-120-years-of-cycling-evolution/,en,True,33,12,24,sow-editor+sow-editor+sow-editor+sow-editor+sow-editor+sow-editor+sow-editor+sow-editor+sow-editor+sow-editor+sow-editor+sow-editor+sow-editor+sow-editor+sow-editor+sow-editor+sow-editor+sow-editor+sow-editor+sow-editor+sow-editor+sow-editor+sow-editor+sow-editor,,no
https://www.skoda-storyboard.com/en/models/superb/new-skoda-superb-and-the-best-city-in-the-world/,en,True,8,3,16,sow-editor+sow-editor+sow-editor+sow-editor+sow-editor+sow-editor+sow-editor+sow-editor+sow-editor+sow-editor+sow-editor+sow-editor+sow-editor+sow-editor+sow-editor+sow-editor,,no
https://www.skoda-storyboard.com/en/models/deciphering-number-plates-italy/,en,True,18,9,7,sow-editor+sow-editor+sow-editor+sow-editor+sow-editor+sow-editor+sow-editor,,no
https://www.skoda-storyboard.com/en/skoda-world/innovation-and-technology/technology/manual-or-automatic-keep-an-open-mind/,en,True,8,3,14,sow-editor+sow-editor+sow-editor+sow-editor+sow-editor+skoda-offset+sow-editor+sow-editor+skoda-offset+sow-editor+sow-editor+skoda-offset+sow-editor+sow-editor,,no
https://www.skoda-storyboard.com/en/lifestyle/sports/a-legend-embarks-on-the-route-of-a-tour-de-france-stage/,en,True,19,8,12,sow-editor+sow-editor+sow-editor+sow-editor+sow-editor+sow-editor+sow-editor+sow-editor+sow-editor+sow-editor+sow-editor+sow-editor,,no
https://www.skoda-storyboard.com/en/models/superb/when-lights-are-controlled-by-camera-and-gps/,en,True,14,5,7,sow-editor+sow-editor+sow-editor+sow-editor+sow-editor+sow-editor+sow-editor,,no
https://www.skoda-storyboard.com/en/skoda-world/innovation-and-technology/technology/10-tips-on-how-to-use-air-conditioning-properly/,en,True,124,56,70,sow-editor+sow-editor+sow-editor+sow-editor+sow-editor+sow-editor+sow-editor+sow-editor+sow-editor+sow-editor+sow-editor+sow-editor+sow-editor+sow-editor+sow-editor+sow-editor+sow-editor+sow-editor+sow-editor+sow-editor+sow-editor+sow-editor+sow-editor+sow-editor+sow-editor+sow-editor+sow-editor+sow-editor+sow-editor+sow-editor+sow-editor+sow-editor+sow-editor+sow-editor+sow-editor+sow-editor+sow-editor+sow-editor+sow-editor+sow-editor+sow-editor+sow-editor+sow-editor+sow-editor+sow-editor+sow-editor+sow-editor+sow-editor+sow-editor+sow-editor+sow-editor+sow-editor+sow-editor+sow-editor+sow-editor+sow-editor+sow-editor+sow-editor+sow-editor+sow-editor+sow-editor+sow-editor+sow-editor+sow-editor+sow-editor+sow-editor+sow-editor+sow-editor+sow-editor+sow-editor,,no
https://www.skoda-storyboard.com/en/models/deciphering-number-plates-china/,en,True,8,3,11,sow-editor+sow-editor+sow-editor+sow-editor+sow-editor+sow-editor+skoda-offset+sow-editor+sow-editor+skoda-offset+sow-editor,,no
https://www.skoda-storyboard.com/en/skoda-world/number-of-the-month-48/,en,True,24,10,10,sow-editor+sow-editor+sow-editor+sow-editor+sow-editor+sow-editor+sow-editor+sow-editor+sow-editor+sow-editor,,no
https://www.skoda-storyboard.com/en/lifestyle/people/driving-through-a-beautiful-landscape-is-inspiring/,en,True,19,8,1,sow-editor,,no
https://www.skoda-storyboard.com/en/lifestyle/sports/5-tips-for-cyclists-and-drivers-to-coexist-in-safety/,en,True,41,16,9,sow-editor+sow-editor+sow-editor+sow-editor+sow-editor+sow-editor+sow-editor+sow-editor+sow-editor,,no
https://www.skoda-storyboard.com/en/skoda-world/innovation-and-technology/technology/air-conditioning-hot-facts-about-cooling/,en,True,35,17,10,sow-editor+sow-editor+sow-editor+sow-editor+sow-editor+sow-editor+sow-editor+sow-editor+sow-editor+sow-editor,,no
https://www.skoda-storyboard.com/en/emobility/300-charging-points/,en,True,54,27,22,sow-editor+sow-editor+sow-editor+sow-editor+sow-editor+sow-editor+sow-editor+sow-editor+sow-editor+sow-editor+sow-editor+sow-editor+sow-editor+sow-editor+sow-editor+sow-editor+sow-editor+sow-editor+sow-editor+sow-editor+sow-editor+sow-editor,,no
https://www.skoda-storyboard.com/en/concepts/meet-the-skoda-mountiaq-the-new-student-concept-car/,en,True,22,8,25,sow-editor+sow-editor+sow-editor+sow-editor+sow-editor+sow-editor+sow-editor+sow-editor+sow-editor+skoda-offset+sow-editor+sow-editor+sow-editor+sow-editor+sow-editor+sow-editor+sow-editor+sow-editor+sow-editor+sow-editor+sow-editor+sow-editor+sow-editor+sow-editor+sow-editor,,no
https://www.skoda-storyboard.com/en/lifestyle/sports/the-new-fabia-r5-evo-excels-in-portuguese-survival-course/,en,True,52,22,4,sow-editor+sow-editor+sow-editor+sow-editor,,no
https://www.skoda-storyboard.com/en/lifestyle/sports/the-skoda-fabia-r5-evo-takes-its-world-rally-bow/,en,True,83,34,15,sow-editor+sow-editor+sow-editor+sow-editor+sow-editor+sow-editor+sow-editor+sow-editor+sow-editor+sow-editor+sow-editor+sow-editor+sow-editor+sow-editor+sow-editor,,no
https://www.skoda-storyboard.com/en/corporate-life/skoda-fire-brigade-equipment-drone-robot-60-m-platform/,en,True,110,51,4,sow-editor+sow-editor+sow-editor+sow-editor,,no
https://www.skoda-storyboard.com/en/concepts/how-students-make-their-dream-car/,en,True,82,33,16,sow-editor+sow-editor+sow-editor+sow-editor+sow-editor+sow-editor+sow-editor+sow-editor+sow-editor+sow-editor+sow-editor+sow-editor+sow-editor+sow-editor+sow-editor+sow-editor,,no
https://www.skoda-storyboard.com/en/lifestyle/people/alain-favey-the-future-lies-in-offering-a-wide-range-of-electric-vehicles/,en,True,19,8,21,sow-editor+sow-editor+sow-editor+sow-editor+sow-editor+sow-editor+sow-editor+sow-editor+sow-editor+sow-editor+sow-editor+sow-editor+sow-editor+sow-editor+sow-editor+sow-editor+sow-editor+sow-editor+sow-editor+sow-editor+sow-editor,,no
https://www.skoda-storyboard.com/en/models/the-electrified-superb-iv-and-citigoe-iv-are-here/,en,True,29,12,16,sow-editor+sow-editor+sow-editor+sow-editor+sow-editor+sow-editor+sow-editor+sow-editor+sow-editor+sow-editor+sow-editor+sow-editor+sow-editor+sow-editor+sow-editor+sow-editor,,no
https://www.skoda-storyboard.com/en/models/superb/take-a-look-under-the-bonnet-of-the-superb-iv/,en,True,13,6,13,sow-editor+sow-editor+sow-editor+sow-editor+sow-editor+sow-editor+sow-editor+sow-editor+sow-editor+sow-editor+sow-editor+sow-editor+sow-editor,,no
https://www.skoda-storyboard.com/en/models/citigo/the-skoda-citigo%e1%b5%89-iv-is-here-whats-hidden-inside/,en,True,13,6,8,sow-editor+sow-editor+sow-editor+sow-editor+sow-editor+sow-editor+sow-editor+sow-editor,,no
https://www.skoda-storyboard.com/en/lifestyle/sports/bratislava-graced-with-an-original-sculpture-made-of-ice-hockey-pucks/,en,True,19,8,6,sow-editor+sow-editor+sow-editor+sow-editor+sow-editor+sow-editor,,no
https://www.skoda-storyboard.com/en/models/number-of-the-month-27/,en,True,27,8,1,sow-editor,,no
https://www.skoda-storyboard.com/en/models/superb/revised-superb-introduces-full-led-matrix-headlights/,en,True,19,7,12,sow-editor+sow-editor+sow-editor+sow-editor+sow-editor+sow-editor+sow-editor+sow-editor+sow-editor+sow-editor+sow-editor+sow-editor,,no
https://www.skoda-storyboard.com/en/lifestyle/sports/nomads-on-bikes-conquer-the-sahara/,en,True,30,14,3,sow-editor+sow-editor+sow-editor,,no
https://www.skoda-storyboard.com/en/lifestyle/sports/will-it-fit-the-skoda-karoq-scout-versus-2000-pucks/,en,True,38,13,16,sow-editor+sow-editor+sow-editor+sow-editor+sow-editor+sow-editor+sow-editor+sow-editor+sow-editor+sow-editor+sow-editor+sow-editor+sow-editor+sow-editor+sow-editor+sow-editor,,no
https://www.skoda-storyboard.com/en/models/superb/modernised-superb-reveals-its-lines/,en,True,13,6,15,sow-editor+sow-editor+sow-editor+sow-editor+sow-editor+sow-editor+sow-editor+sow-editor+sow-editor+sow-editor+sow-editor+sow-editor+sow-editor+sow-editor+sow-editor,,no
https://www.skoda-storyboard.com/en/models/deciphering-number-plates-russia/,en,True,19,8,12,sow-editor+sow-editor+sow-editor+sow-editor+sow-editor+sow-editor+sow-editor+sow-editor+sow-editor+sow-editor+sow-editor+sow-editor,,no
https://www.skoda-storyboard.com/en/lifestyle/sports/dragon-boats-when-the-team-becomes-your-second-family/,en,True,52,21,4,sow-editor+sow-editor+sow-editor+sow-editor,,no
https://www.skoda-storyboard.com/en/skoda-world/design/skoda-tudor-a-car-that-still-has-a-lot-to-offer/,en,True,19,8,7,sow-editor+sow-editor+sow-editor+sow-editor+sow-editor+sow-editor+sow-editor,,no
https://www.skoda-storyboard.com/en/skoda-world/innovation-and-technology/technology/your-old-winter-tyres-will-see-you-through-the-summer-and-other-dangerous-myths/,en,True,69,31,1,sow-editor,,no
https://www.skoda-storyboard.com/en/skoda-world/innovation-and-technology/in-prague-the-whole-world-thought-up-future-travel/,en,True,19,7,8,sow-editor+sow-editor+sow-editor+sow-editor+sow-editor+sow-editor+sow-editor+sow-editor,,no
https://www.skoda-storyboard.com/en/models/scala/number-of-the-month-40/,en,True,13,5,5,sow-editor+sow-editor+sow-editor+sow-editor+sow-editor,,no
https://www.skoda-storyboard.com/en/models/deciphering-number-plates-germany/,en,True,24,11,9,sow-editor+sow-editor+sow-editor+sow-editor+sow-editor+sow-editor+sow-editor+sow-editor+sow-editor,,no
https://www.skoda-storyboard.com/en/lifestyle/stay-on-the-safe-side/,en,True,19,8,3,sow-editor+sow-editor+sow-editor,,no
https://www.skoda-storyboard.com/en/emobility/purchase-subsidies-zero-rate-tax-and-toll-free-travel-how-to-incentivise-emobility/,en,True,56,24,18,sow-editor+sow-editor+sow-editor+sow-editor+sow-editor+sow-editor+sow-editor+sow-editor+sow-editor+sow-editor+sow-editor+sow-editor+sow-editor+sow-editor+sow-editor+sow-editor+sow-editor+sow-editor,,no
https://www.skoda-storyboard.com/en/skoda-world/heritage/engine-starting-systems-decades-of-transformation/,en,True,8,3,2,ys-milestones+ys-milestones,ys-milestones,yes
https://www.skoda-storyboard.com/en/skoda-world/innovation-and-technology/technology/tyres-black-rubber-magic/,en,True,19,7,13,sow-editor+sow-editor+sow-editor+sow-editor+sow-editor+sow-editor+sow-editor+sow-editor+sow-editor+sow-editor+sow-editor+sow-editor+sow-editor,,no
https://www.skoda-storyboard.com/en/lifestyle/motorsport/adrenaline-in-the-service-park-the-mechanics-rally-experience/,en,True,8,3,18,sow-editor+sow-editor+sow-editor+sow-editor+sow-editor+sow-editor+sow-editor+sow-editor+sow-editor+sow-editor+sow-editor+sow-editor+sow-editor+sow-editor+sow-editor+sow-editor+sow-editor+sow-editor,,no
https://www.skoda-storyboard.com/en/models/student-car-grabs-attention-with-big-wheels-and-sharp-cut-edges/,en,True,22,8,16,sow-editor+sow-editor+sow-editor+sow-editor+sow-editor+sow-editor+sow-editor+sow-editor+sow-editor+sow-editor+sow-editor+sow-editor+sow-editor+sow-editor+sow-editor+sow-editor,,no
https://www.skoda-storyboard.com/en/emobility/types-of-electric-vehicles-do-you-know-them-all/,en,True,16,9,6,sow-editor+sow-editor+sow-editor+sow-editor+sow-editor+sow-editor,,no
https://www.skoda-storyboard.com/en/skoda-world/skoda-annual-press-conference/,en,True,8,2,8,sow-editor+sow-editor+sow-editor+sow-editor+sow-editor+sow-editor+sow-editor+sow-editor,,no
https://www.skoda-storyboard.com/en/models/number-of-the-month-140/,en,True,8,2,6,sow-editor+sow-editor+sow-editor+sow-editor+sow-editor+sow-editor,,no
https://www.skoda-storyboard.com/en/models/kodiaq/ice-challenge-the-skoda-kodiaq-rs-and-the-arctic-circle/,en,True,8,3,8,sow-editor+sow-editor+sow-editor+sow-editor+sow-editor+sow-editor+sow-editor+sow-editor,,no
https://www.skoda-storyboard.com/en/models/quiz-test-your-knowledge-of-the-2019-geneva-motor-show/,en,True,14,6,2,sow-editor+sow-editor,,no
https://www.skoda-storyboard.com/en/models/deciphering-number-plates-india/,en,True,19,8,8,sow-editor+sow-editor+sow-editor+sow-editor+sow-editor+sow-editor+sow-editor+sow-editor,,no
https://www.skoda-storyboard.com/en/skoda-world/explore-whats-new-at-skoda-in-geneva/,en,True,8,3,13,sow-editor+sow-editor+sow-editor+sow-editor+sow-editor+sow-editor+sow-editor+sow-editor+sow-editor+sow-editor+sow-editor+sow-editor+sow-editor,,no
https://www.skoda-storyboard.com/en/models/scala/meet-the-skoda-scala/,en,True,19,8,10,sow-editor+sow-editor+sow-editor+sow-editor+sow-editor+sow-editor+sow-editor+sow-editor+sow-editor+sow-editor,,no
https://www.skoda-storyboard.com/en/concepts/meet-the-skoda-vision-iv/,en,True,19,8,18,sow-editor+sow-editor+sow-editor+sow-editor+sow-editor+sow-editor+sow-editor+sow-editor+sow-editor+sow-editor+sow-editor+sow-editor+sow-editor+sow-editor+sow-editor+sow-editor+sow-editor+sow-editor,,no
https://www.skoda-storyboard.com/en/models/kamiq/meet-the-skoda-kamiq/,en,True,19,8,11,sow-editor+sow-editor+sow-editor+sow-editor+sow-editor+sow-editor+sow-editor+sow-editor+sow-editor+sow-editor+sow-editor,,no
https://www.skoda-storyboard.com/en/skoda-world/live-skoda-at-the-2019-geneva-motor-show/,en,True,8,3,6,sow-editor+sow-editor+sow-editor+sow-editor+sow-editor+sow-editor,,no
https://www.skoda-storyboard.com/en/concepts/the-klement-our-vision-of-future-urban-mobility/,en,True,8,3,13,sow-editor+sow-editor+sow-editor+sow-editor+sow-editor+sow-editor+sow-editor+sow-editor+sow-editor+sow-editor+sow-editor+sow-editor+sow-editor,,no
https://www.skoda-storyboard.com/en/concepts/the-skoda-vision-iv-is-here/,en,True,8,3,5,sow-editor+sow-editor+sow-editor+sow-editor+sow-editor,,no
https://www.skoda-storyboard.com/en/lifestyle/people/bernhard-maier-shaping-the-industrys-future/,en,True,8,3,9,sow-editor+sow-editor+sow-editor+sow-editor+sow-editor+sow-editor+sow-editor+sow-editor+sow-editor,,no
https://www.skoda-storyboard.com/en/models/kamiq/how-did-the-skoda-kamiq-influence-the-influencers/,en,True,30,13,3,sow-editor+sow-editor+sow-editor,,no
https://www.skoda-storyboard.com/en/models/kamiq/skoda-kamiq-exclusive-unveiling/,en,True,41,18,6,sow-editor+sow-editor+sow-editor+sow-editor+sow-editor+sow-editor,,no
https://www.skoda-storyboard.com/en/emobility/smart-city-the-quest-for-smart-solutions/,en,True,27,14,10,sow-editor+sow-editor+sow-editor+sow-editor+sow-editor+sow-editor+sow-editor+sow-editor+sow-editor+sow-editor,,no
https://www.skoda-storyboard.com/en/lifestyle/motorsport/battle-of-the-generations-kalle-versus-harri-rovanpera/,en,True,19,7,13,sow-editor+sow-editor+sow-editor+sow-editor+sow-editor+sow-editor+sow-editor+sow-editor+sow-editor+sow-editor+sow-editor+sow-editor+skoda-offset,,no
https://www.skoda-storyboard.com/en/concepts/a-glimpse-of-the-vision-ivs-interior/,en,True,19,8,10,sow-editor+sow-editor+sow-editor+sow-editor+sow-editor+sow-editor+sow-editor+sow-editor+sow-editor+sow-editor,,no
https://www.skoda-storyboard.com/en/models/deciphering-number-plates-united-kingdom/,en,True,8,3,12,sow-editor+sow-editor+sow-editor+sow-editor+sow-editor+sow-editor+sow-editor+sow-editor+sow-editor+sow-editor+sow-editor+sow-editor,,no
https://www.skoda-storyboard.com/en/concepts/another-snapshot-of-our-electric-future/,en,True,19,8,1,sow-editor,,no
https://www.skoda-storyboard.com/en/models/simply-clever-history/,en,True,8,2,24,sow-editor+sow-editor+sow-editor+sow-editor+sow-editor+sow-editor+sow-editor+sow-editor+sow-editor+sow-editor+skoda-quote+sow-editor+sow-editor+sow-editor+sow-editor+sow-editor+sow-editor+sow-editor+sow-editor+sow-editor+sow-editor+sow-editor+sow-editor+sow-editor,,no
https://www.skoda-storyboard.com/en/emobility/recharging-instead-of-refuelling-how-is-life-going-to-change/,en,True,27,13,17,skoda-offset+sow-editor+sow-editor+sow-editor+sow-editor+sow-editor+sow-editor+sow-editor+sow-editor+sow-slider+skoda-offset+sow-editor+skoda-offset+sow-editor+sow-editor+sow-editor+sow-editor,,no
https://www.skoda-storyboard.com/en/skoda-world/innovation-and-technology/connectivity/new-generation-connectivity-takes-to-the-stage/,en,True,30,11,8,sow-editor+sow-editor+sow-editor+sow-editor+sow-editor+sow-editor+sow-editor+sow-editor,,no
https://www.skoda-storyboard.com/en/models/a-steering-wheel-on-the-left-why/,en,True,8,3,10,ys-embed-share+sow-editor+sow-editor+sow-editor+sow-editor+sow-editor+sow-editor+sow-editor+sow-editor+sow-editor,ys-embed-share,yes
https://www.skoda-storyboard.com/en/models/octavia/number-of-the-month-60/,en,True,8,3,10,sow-editor+sow-editor+sow-editor+sow-editor+sow-editor+sow-editor+sow-editor+sow-editor+sow-editor+sow-editor,,no
https://www.skoda-storyboard.com/en/models/kamiq/first-sketches-of-the-skoda-kamiq/,en,True,19,8,5,sow-editor+sow-editor+sow-editor+sow-editor+sow-editor,,no
https://www.skoda-storyboard.com/en/models/kamiq/skodas-new-suv-christened-the-kamiq/,en,True,8,3,8,sow-editor+sow-editor+sow-editor+sow-editor+sow-editor+sow-editor+sow-editor+sow-editor,,no
https://www.skoda-storyboard.com/en/emobility/an-introduction-to-the-world-of-batteries/,en,True,16,9,14,sow-editor+sow-editor+sow-editor+sow-editor+sow-editor+sow-editor+sow-editor+sow-editor+sow-editor+sow-editor+sow-editor+sow-editor+sow-editor+sow-editor,,no
https://www.skoda-storyboard.com/en/models/number-of-the-month-5/,en,True,8,3,3,sow-editor+sow-editor+sow-editor,,no
https://www.skoda-storyboard.com/en/models/first-glimpse-of-skodas-new-suv/,en,True,19,8,1,sow-editor,,no
https://www.skoda-storyboard.com/en/skoda-world/heritage/watch-out-im-changing-direction/,en,True,8,3,4,ys-milestones+ys-milestones+sow-editor+sow-editor,ys-milestones,yes
https://www.skoda-storyboard.com/en/models/kodiaq/rally-world-champion-tests-the-kodiaq-rs/,en,True,19,8,8,sow-editor+sow-editor+sow-editor+sow-editor+sow-editor+sow-editor+sow-editor+sow-editor,,no
https://www.skoda-storyboard.com/en/emobility/carsharing-drive-a-car-without-having-to-own-it/,en,True,27,12,5,sow-editor+sow-editor+sow-editor+siteorigin-panels-builder+sow-editor,siteorigin-panels-builder,yes
https://www.skoda-storyboard.com/en/models/deciphering-number-plates-czech-republic/,en,True,19,7,10,sow-editor+sow-editor+sow-editor+sow-editor+sow-editor+sow-editor+sow-editor+sow-editor+sow-editor+sow-editor,,no
https://www.skoda-storyboard.com/en/lifestyle/the-best-of-storyboard-pucks-wheels-seconds/,en,True,8,3,13,sow-editor+sow-editor+sow-editor+sow-editor+sow-editor+sow-editor+sow-editor+sow-editor+sow-editor+sow-editor+sow-editor+sow-editor+sow-editor,,no
https://www.skoda-storyboard.com/en/models/the-best-of-storyboard-past-present-and-future/,en,True,8,3,12,sow-editor+sow-editor+sow-editor+sow-editor+sow-editor+sow-editor+sow-editor+sow-editor+sow-editor+sow-editor+sow-editor+sow-editor,,no
https://www.skoda-storyboard.com/en/skoda-world/make-a-skoda-wish-last-minute-present-christmas-greeting/,en,True,23,9,14,sow-editor+sow-editor+sow-editor+sow-editor+sow-editor+sow-editor+sow-editor+sow-editor+sow-editor+sow-editor+sow-editor+sow-editor+sow-editor+sow-editor,,no
https://www.skoda-storyboard.com/en/lifestyle/people/my-life-my-car-eleven-lives-eleven-cars/,en,True,293,138,138,sow-editor+sow-editor+sow-editor+sow-editor+sow-editor+sow-editor+sow-editor+sow-editor+sow-editor+sow-editor+sow-editor+sow-editor+sow-editor+sow-editor+sow-editor+sow-editor+sow-editor+sow-editor+sow-editor+sow-editor+sow-editor+sow-editor+sow-editor+sow-editor+sow-editor+sow-editor+sow-editor+sow-editor+sow-editor+sow-editor+sow-editor+sow-editor+sow-editor+sow-editor+sow-editor+sow-editor+sow-editor+sow-editor+sow-editor+sow-editor+sow-editor+sow-editor+sow-editor+sow-editor+sow-editor+sow-editor+sow-editor+sow-editor+sow-editor+sow-editor+sow-editor+sow-editor+sow-editor+sow-editor+sow-editor+sow-editor+sow-editor+sow-editor+sow-editor+sow-editor+sow-editor+sow-editor+sow-editor+sow-editor+sow-editor+sow-editor+sow-editor+sow-editor+sow-editor+sow-editor+sow-editor+sow-editor+sow-editor+sow-editor+sow-editor+sow-editor+sow-editor+sow-editor+sow-editor+sow-editor+sow-editor+sow-editor+sow-editor+sow-editor+sow-editor+sow-editor+sow-editor+sow-editor+sow-editor+sow-editor+sow-editor+sow-editor+sow-editor+sow-editor+sow-editor+sow-editor+sow-editor+sow-editor+sow-editor+sow-editor+sow-editor+sow-editor+sow-editor+sow-editor+sow-editor+sow-editor+sow-editor+sow-editor+sow-editor+sow-editor+sow-editor+sow-editor+sow-editor+sow-editor+sow-editor+sow-editor+sow-editor+sow-editor+sow-editor+sow-editor+sow-editor+sow-editor+sow-editor+sow-editor+sow-editor+sow-editor+sow-editor+sow-editor+sow-editor+sow-editor+sow-editor+sow-editor+sow-editor+sow-editor+sow-editor+sow-editor+sow-editor+sow-editor,,no
https://www.skoda-storyboard.com/en/lifestyle/sports/fabia-r5-and-unusual-challenges/,en,True,8,3,9,sow-editor+sow-editor+sow-editor+sow-editor+sow-editor+sow-editor+sow-editor+sow-editor+sow-editor,,no
https://www.skoda-storyboard.com/en/lifestyle/the-best-gifts-for-motorists/,en,True,73,39,50,sow-editor+sow-editor+sow-editor+sow-editor+sow-editor+sow-editor+sow-editor+sow-editor+sow-editor+sow-editor+sow-editor+sow-editor+sow-editor+sow-editor+sow-editor+sow-editor+sow-editor+sow-editor+sow-editor+sow-editor+sow-editor+sow-editor+sow-editor+sow-editor+sow-editor+sow-editor+sow-editor+sow-editor+sow-editor+sow-editor+sow-editor+sow-editor+sow-editor+sow-editor+sow-editor+sow-editor+sow-editor+sow-editor+sow-editor+sow-editor+sow-editor+sow-editor+sow-editor+sow-editor+sow-editor+sow-editor+sow-editor+sow-editor+sow-editor+sow-editor,,no
https://www.skoda-storyboard.com/en/emobility/the-best-of-storyboard-emobility/,en,True,31,18,4,sow-editor+sow-editor+sow-editor+sow-editor,,no
https://www.skoda-storyboard.com/en/models/kodiaq/skoda-kodiaq-rs-through-a-designers-eyes/,en,True,24,10,9,sow-editor+sow-editor+sow-editor+sow-editor+sow-editor+sow-editor+sow-editor+sow-editor+sow-editor,,no
https://www.skoda-storyboard.com/en/skoda-world/heritage/czech-influences-on-world-music/,en,True,38,20,24,sow-editor+sow-editor+sow-editor+sow-editor+sow-editor+sow-editor+sow-editor+sow-editor+sow-editor+sow-editor+sow-editor+sow-editor+sow-editor+sow-editor+sow-editor+sow-editor+sow-editor+sow-editor+sow-editor+sow-editor+sow-editor+sow-editor+sow-editor+sow-editor,,no
https://www.skoda-storyboard.com/en/lifestyle/people/nora-egri-eleven-year-old-girl-heading-into-the-world-of-professional-ice-hockey/,en,True,34,15,1,sow-editor,,no
https://www.skoda-storyboard.com/en/lifestyle/people/priscilia-le-foll-every-millisecond-in-life-counts/,en,True,34,15,4,sow-editor+sow-editor+sow-editor+sow-editor,,no
https://www.skoda-storyboard.com/en/lifestyle/people/davor-rostuhar-everybody-has-talent-but-it-depends-on-determination/,en,True,34,15,2,sow-editor+sow-editor,,no
https://www.skoda-storyboard.com/en/lifestyle/people/zuzana-habanova-the-world-is-as-colourful-as-you-make-it/,en,True,39,20,3,sow-editor+sow-editor+sow-editor,,no
https://www.skoda-storyboard.com/en/lifestyle/people/kalle-rovanpera-i-race-to-win/,en,True,39,17,1,sow-editor,,no
https://www.skoda-storyboard.com/en/models/scala/world-premiere-of-the-all-new-skoda-scala/,en,True,18,7,4,sow-editor+sow-editor+sow-editor+sow-editor,,no
https://www.skoda-storyboard.com/en/lifestyle/people/isabelle-beckers-my-next-goal-is-the-olympics/,en,True,39,18,2,sow-editor+sow-editor,,no
https://www.skoda-storyboard.com/en/lifestyle/people/skoda-scalas-world-premiere-read-stories-brimming-with-courage/,en,True,8,3,5,sow-editor+sow-editor+sow-editor+sow-editor+sow-editor,,no
https://www.skoda-storyboard.com/en/lifestyle/motorsport/wrc-2-season-from-the-point-of-view-of-jan-kopecky/,en,True,38,15,8,sow-editor+sow-editor+sow-editor+sow-editor+sow-editor+sow-editor+skoda-offset+sow-editor,,no
https://www.skoda-storyboard.com/en/models/scala/the-all-new-skoda-scala-what-makes-it-unique/,en,True,51,24,26,sow-editor+sow-editor+sow-editor+sow-editor+sow-editor+sow-editor+sow-editor+sow-editor+sow-editor+sow-editor+sow-editor+sow-editor+sow-editor+sow-editor+sow-editor+sow-editor+sow-editor+sow-editor+sow-editor+sow-editor+sow-editor+sow-editor+skoda-offset+skoda-offset+sow-editor+sow-editor,,no
https://www.skoda-storyboard.com/en/models/scala/skoda-scala-surprises-with-unique-camouflaging-at-the-lennon-wall/,en,True,70,34,42,sow-editor+sow-editor+sow-editor+sow-editor+sow-editor+sow-editor+sow-editor+sow-editor+sow-editor+sow-editor+sow-editor+sow-editor+sow-editor+sow-editor+sow-editor+sow-editor+sow-editor+sow-editor+sow-editor+sow-editor+sow-editor+sow-editor+sow-editor+sow-editor+sow-editor+sow-editor+sow-editor+sow-editor+sow-editor+sow-editor+sow-editor+sow-editor+sow-editor+sow-editor+sow-editor+sow-editor+sow-editor+sow-editor+sow-editor+sow-editor+sow-editor+sow-editor,,no
https://www.skoda-storyboard.com/en/skoda-world/heritage/czech-footprint-ferdinand-porsche/,en,True,48,24,1,skoda-offset,,no
https://www.skoda-storyboard.com/en/skoda-world/heritage/czech-footprint-czech-tweaks/,en,True,48,25,28,sow-editor+sow-editor+sow-editor+sow-editor+sow-editor+sow-editor+sow-editor+sow-editor+sow-editor+sow-editor+sow-editor+sow-editor+sow-editor+sow-editor+sow-editor+sow-editor+sow-editor+sow-editor+sow-editor+sow-editor+sow-editor+sow-editor+sow-editor+sow-editor+sow-editor+sow-editor+sow-editor+sow-editor,,no
https://www.skoda-storyboard.com/en/models/whats-behind-a-cars-colour/,en,True,8,3,17,sow-editor+sow-editor+sow-editor+sow-editor+ys-embed-share+skoda-offset+sow-editor+sow-editor+sow-editor+sow-editor+skoda-offset+sow-editor+sow-editor+sow-editor+sow-editor+sow-editor+sow-editor,ys-embed-share,yes
https://www.skoda-storyboard.com/en/skoda-world/innovation-and-technology/technology/360-tour-how-engines-are-tested/,en,True,29,14,15,sow-editor+sow-editor+ys-embed-share+sow-button+skoda-offset+sow-editor+sow-editor+sow-editor+ys-embed-share+sow-button+skoda-offset+sow-editor+sow-editor+sow-editor+sow-editor,sow-button;ys-embed-share,yes
https://www.skoda-storyboard.com/en/skoda-world/heritage/czech-footprint-inventions-and-inventors/,en,True,53,21,20,sow-editor+sow-editor+sow-editor+sow-editor+sow-editor+sow-editor+sow-editor+sow-editor+sow-editor+sow-editor+sow-editor+sow-editor+sow-editor+sow-editor+sow-editor+sow-editor+sow-editor+sow-editor+sow-editor+sow-editor,,no
https://www.skoda-storyboard.com/en/models/kodiaq/the-skoda-kodiaq-gt-a-new-flagship-for-china/,en,True,63,25,26,sow-editor+sow-editor+sow-editor+sow-editor+sow-editor+sow-editor+sow-editor+sow-editor+sow-editor+sow-editor+sow-editor+sow-editor+sow-editor+sow-editor+sow-editor+sow-editor+sow-editor+sow-editor+sow-editor+sow-editor+sow-editor+sow-editor+sow-editor+sow-editor+sow-editor+sow-editor,,no
https://www.skoda-storyboard.com/en/emobility/the-five-priorities-of-skodas-emobility/,en,True,56,36,1,sow-editor,,no
https://www.skoda-storyboard.com/en/models/skoda-4x4-your-best-bet-in-the-snow/,en,True,38,18,20,sow-editor+sow-editor+sow-editor+sow-editor+sow-editor+sow-editor+sow-editor+sow-editor+sow-editor+sow-editor+sow-editor+sow-editor+sow-editor+sow-editor+sow-editor+sow-editor+sow-editor+sow-editor+sow-editor+sow-editor,,no
https://www.skoda-storyboard.com/en/lifestyle/people/my-life-my-car-when-im-in-my-truck-i-am-the-master-of-my-time/,en,True,152,63,58,sow-editor+sow-editor+sow-editor+sow-editor+sow-editor+sow-editor+sow-editor+sow-editor+sow-editor+sow-editor+sow-editor+sow-editor+sow-editor+sow-editor+sow-editor+sow-editor+sow-editor+sow-editor+sow-editor+sow-editor+sow-editor+sow-editor+sow-editor+sow-editor+sow-editor+sow-editor+sow-editor+sow-editor+sow-editor+sow-editor+sow-editor+sow-editor+sow-editor+sow-editor+sow-editor+sow-editor+sow-editor+sow-editor+sow-editor+sow-editor+sow-editor+sow-editor+sow-editor+sow-editor+sow-editor+sow-editor+sow-editor+sow-editor+sow-editor+sow-editor+sow-editor+sow-editor+sow-editor+sow-editor+sow-editor+sow-editor+sow-editor+sow-editor,,no
https://www.skoda-storyboard.com/en/models/scala/skoda-scala-first-glimpse-inside/,en,True,19,10,1,sow-editor,,no
https://www.skoda-storyboard.com/en/lifestyle/sports/full-tilt-through-a-skoda-factory/,en,True,8,3,8,sow-editor+sow-editor+sow-editor+sow-editor+sow-editor+sow-editor+sow-editor+sow-editor,,no
https://www.skoda-storyboard.com/en/skoda-world/winters-coming-prepare-your-car/,en,True,14,5,5,sow-editor+sow-editor+sow-editor+sow-editor+sow-editor,,no
https://www.skoda-storyboard.com/en/skoda-world/heritage/czech-footprint-crystal-for-the-whole-world/,en,True,53,26,1,sow-editor,,no
https://www.skoda-storyboard.com/en/skoda-world/innovation-and-technology/virtual-night-time-drive/,en,True,52,27,24,sow-editor+sow-editor+sow-editor+sow-editor+sow-editor+sow-editor+sow-editor+sow-editor+sow-editor+sow-editor+sow-editor+sow-editor+sow-editor+sow-editor+sow-editor+sow-editor+sow-editor+sow-editor+sow-editor+sow-editor+sow-editor+sow-editor+sow-editor+sow-editor,,no
https://www.skoda-storyboard.com/en/skoda-world/how-skoda-attracts-young-talent/,en,True,8,3,11,sow-editor+sow-editor+sow-editor+sow-editor+sow-editor+sow-editor+sow-editor+sow-editor+sow-editor+sow-editor+sow-editor,,no
https://www.skoda-storyboard.com/en/skoda-world/innovation-and-technology/technology/can-you-recognise-these-parts-part-3/,en,True,43,24,2,sow-editor+sow-editor,,no
https://www.skoda-storyboard.com/en/skoda-world/innovation-and-technology/connectivity/from-hands-free-to-always-online/,en,True,8,3,2,ys-milestones+ys-milestones,ys-milestones,yes
https://www.skoda-storyboard.com/en/lifestyle/people/my-life-my-car-thanks-to-my-car-i-can-move-freely-again/,en,True,77,33,9,sow-editor+sow-editor+sow-editor+sow-editor+sow-editor+sow-editor+sow-editor+sow-editor+sow-editor,,no
https://www.skoda-storyboard.com/en/models/scala/welcome-the-skoda-scala/,en,True,8,3,2,sow-editor+sow-editor,,no
https://www.skoda-storyboard.com/en/lifestyle/people/an-unforgettable-trip-with-skoda-vision-rs/,en,True,40,18,1,sow-editor,,no
https://www.skoda-storyboard.com/en/skoda-world/quiz-test-your-knowledge-of-the-paris-motor-show/,en,True,14,6,2,sow-editor+sow-editor,,no
https://www.skoda-storyboard.com/en/models/scala/first-glimpse-of-skodas-future-compact-model/,en,True,24,12,10,sow-editor+sow-editor+sow-editor+sow-editor+sow-editor+sow-editor+sow-editor+sow-editor+sow-editor+sow-editor,,no
https://www.skoda-storyboard.com/en/models/fabia/can-you-recognise-these-parts-part-2/,en,True,58,31,40,sow-editor+sow-editor+sow-editor+sow-editor+sow-editor+sow-editor+sow-editor+sow-editor+sow-editor+sow-editor+sow-editor+sow-editor+sow-editor+sow-editor+sow-editor+sow-editor+sow-editor+sow-editor+sow-editor+sow-editor+sow-editor+sow-editor+sow-editor+sow-editor+sow-editor+sow-editor+sow-editor+sow-editor+sow-editor+sow-editor+sow-editor+sow-editor+sow-editor+sow-editor+sow-editor+sow-editor+sow-editor+sow-editor+sow-editor+sow-editor,,no
https://www.skoda-storyboard.com/en/skoda-world/the-skoda-stand-in-paris-360-tour/,en,True,8,3,12,sow-editor+sow-editor+sow-editor+sow-editor+sow-editor+sow-editor+sow-editor+sow-editor+sow-editor+sow-editor+sow-editor+sow-editor,,no
https://www.skoda-storyboard.com/en/models/karoq/the-skoda-karoq-scout-versus-the-sportline-how-to-tell-them-apart/,en,True,39,21,2,sow-editor+sow-editor,,no
https://www.skoda-storyboard.com/en/models/kodiaq/meet-the-skoda-kodiaq-rs/,en,True,14,4,10,sow-editor+sow-editor+sow-editor+sow-editor+sow-editor+sow-editor+sow-editor+sow-editor+sow-editor+sow-editor,,no
https://www.skoda-storyboard.com/en/concepts/meet-the-skoda-vision-rs/,en,True,80,31,34,sow-editor+sow-editor+sow-editor+sow-editor+sow-editor+sow-editor+sow-editor+sow-editor+sow-editor+sow-editor+sow-editor+sow-editor+sow-editor+sow-editor+sow-editor+sow-editor+sow-editor+sow-editor+sow-editor+sow-editor+sow-editor+sow-editor+sow-editor+sow-editor+sow-editor+sow-editor+sow-editor+sow-editor+sow-editor+sow-editor+sow-editor+sow-editor+sow-editor+sow-editor,,no
https://www.skoda-storyboard.com/en/media/livestream/from-paris-straight-to-the-future/,en,True,16,9,4,sow-editor+sow-editor+sow-editor+sow-editor,,no
https://www.skoda-storyboard.com/en/media/livestream/sneak-preview-of-the-skoda-vision-rs-and-the-kodiaq-rs/,en,True,16,9,3,sow-editor+sow-editor+sow-editor,,no
https://www.skoda-storyboard.com/en/lifestyle/motorsport/secrets-of-a-rally-navigator/,en,True,22,8,13,sow-editor+sow-editor+sow-editor+sow-editor+sow-editor+sow-editor+sow-editor+sow-editor+sow-editor+sow-editor+sow-editor+sow-editor+sow-editor,,no
https://www.skoda-storyboard.com/en/concepts/the-skoda-vision-rs-an-eco-friendly-athlete/,en,True,46,22,24,sow-editor+sow-editor+sow-editor+sow-editor+sow-editor+sow-editor+sow-editor+sow-editor+sow-editor+sow-editor+sow-editor+sow-editor+sow-editor+sow-editor+sow-editor+sow-editor+sow-editor+sow-editor+sow-editor+sow-editor+sow-editor+sow-editor+sow-editor+sow-editor,,no
https://www.skoda-storyboard.com/en/models/kodiaq/a-kodiaq-on-kodiak-island/,en,True,18,7,2,sow-editor+sow-editor,,no
https://www.skoda-storyboard.com/en/emobility/quiz-how-much-do-you-know-about-e-mobility/,en,True,22,11,6,sow-editor+sow-editor+sow-editor+sow-editor+sow-editor+sow-editor,,no
https://www.skoda-storyboard.com/en/lifestyle/sports/miss-peaches-on-the-road-surfing-in-san-sebastian/,en,True,42,24,18,sow-editor+sow-editor+sow-editor+sow-editor+sow-editor+sow-editor+sow-editor+sow-editor+sow-editor+sow-editor+sow-editor+sow-editor+sow-editor+sow-editor+sow-editor+sow-editor+sow-editor+sow-editor,,no
https://www.skoda-storyboard.com/en/models/the-skoda-kodiaq-rs-whets-the-appetite/,en,True,28,12,11,sow-editor+sow-editor+sow-editor+sow-editor+sow-editor+sow-editor+sow-editor+sow-editor+sow-editor+sow-editor+sow-editor,,no
https://www.skoda-storyboard.com/en/models/fabia/can-you-recognise-these-parts-part-1/,en,True,58,31,40,sow-editor+sow-editor+sow-editor+sow-editor+sow-editor+sow-editor+sow-editor+sow-editor+sow-editor+sow-editor+sow-editor+sow-editor+sow-editor+sow-editor+sow-editor+sow-editor+sow-editor+sow-editor+sow-editor+sow-editor+sow-editor+sow-editor+sow-editor+sow-editor+sow-editor+sow-editor+sow-editor+sow-editor+sow-editor+sow-editor+sow-editor+sow-editor+sow-editor+sow-editor+sow-editor+sow-editor+sow-editor+sow-editor+sow-editor+sow-editor,,no
https://www.skoda-storyboard.com/en/lifestyle/sports/cycling/miss-peaches-on-the-road-enduro-in-barcelona/,en,True,42,24,22,sow-editor+sow-editor+sow-editor+sow-editor+sow-editor+sow-editor+sow-editor+sow-editor+sow-editor+sow-editor+sow-editor+sow-editor+sow-editor+sow-editor+sow-editor+sow-editor+sow-editor+sow-editor+sow-editor+sow-editor+sow-editor+sow-editor,,no
https://www.skoda-storyboard.com/en/classic-cars/my-life-my-car-there-are-no-problems-only-solutions/,en,True,142,59,54,sow-editor+sow-editor+sow-editor+sow-editor+sow-editor+sow-editor+sow-editor+sow-editor+sow-editor+sow-editor+sow-editor+sow-editor+sow-editor+sow-editor+sow-editor+sow-editor+sow-editor+sow-editor+sow-editor+sow-editor+sow-editor+sow-editor+sow-editor+sow-editor+sow-editor+sow-editor+sow-editor+sow-editor+sow-editor+sow-editor+sow-editor+sow-editor+sow-editor+sow-editor+sow-editor+sow-editor+sow-editor+sow-editor+sow-editor+sow-editor+sow-editor+sow-editor+sow-editor+sow-editor+sow-editor+sow-editor+sow-editor+sow-editor+sow-editor+sow-editor+sow-editor+sow-editor+sow-editor+sow-editor,,no
https://www.skoda-storyboard.com/en/models/octavia/catch-the-arrow-documentary-of-a-world-record/,en,True,43,20,22,sow-editor+sow-editor+sow-editor+sow-editor+sow-editor+sow-editor+sow-editor+sow-editor+sow-editor+sow-editor+sow-editor+sow-editor+sow-editor+sow-editor+sow-editor+sow-editor+sow-editor+sow-editor+sow-editor+sow-editor+sow-editor+sow-editor,,no
https://www.skoda-storyboard.com/en/concepts/the-future-of-the-rs-genetic-code-the-view-from-within/,en,True,43,25,2,sow-editor+sow-editor,,no
https://www.skoda-storyboard.com/en/lifestyle/sports/cycling/miss-peaches-on-the-road-skatepark-tricks-in-marseille/,en,True,37,22,18,sow-editor+sow-editor+sow-editor+sow-editor+sow-editor+sow-editor+sow-editor+sow-editor+sow-editor+sow-editor+sow-editor+sow-editor+sow-editor+sow-editor+sow-editor+sow-editor+sow-editor+sow-editor,,no
https://www.skoda-storyboard.com/en/skoda-world/safely-back-to-school/,en,True,19,10,4,sow-editor+sow-editor+sow-editor+sow-editor,,no
https://www.skoda-storyboard.com/en/concepts/the-future-of-the-rs-genetic-code/,en,True,57,31,22,skoda-offset+skoda-offset+sow-editor+sow-editor+sow-editor+sow-editor+sow-editor+sow-editor+sow-editor+sow-editor+skoda-quote+skoda-quote+sow-editor+sow-editor+sow-editor+sow-editor+sow-editor+sow-editor+sow-editor+sow-editor+sow-editor+sow-editor,,no
https://www.skoda-storyboard.com/en/models/rapid/skoda-rapid-spaceback-in-papal-service/,en,True,8,3,5,sow-editor+sow-editor+sow-editor+sow-editor+sow-editor,,no
https://www.skoda-storyboard.com/en/lifestyle/sports/miss-peaches-on-the-road-downhill-biking-in-champery-switzerland/,en,True,37,21,20,skoda-offset+skoda-offset+sow-editor+sow-editor+sow-editor+sow-editor+sow-editor+sow-editor+sow-editor+sow-editor+sow-editor+sow-editor+sow-editor+sow-editor+sow-editor+sow-editor+sow-editor+sow-editor+sow-editor+sow-editor,,no
https://www.skoda-storyboard.com/en/models/fabia/the-era-of-influencers-i-think-i-like-this-car/,en,True,43,18,20,sow-editor+sow-editor+sow-editor+sow-editor+sow-editor+sow-editor+sow-editor+sow-editor+sow-editor+sow-editor+sow-editor+sow-editor+sow-editor+sow-editor+sow-editor+sow-editor+sow-editor+sow-editor+sow-editor+sow-editor,,no
https://www.skoda-storyboard.com/en/models/kodiaq/skoda-kodiaq-rs-served-up-with-a-new-logo/,en,True,13,12,8,sow-editor+sow-editor+sow-editor+sow-editor+sow-editor+sow-editor+sow-editor+sow-editor,,no
https://www.skoda-storyboard.com/en/skoda-world/heritage/from-radio-to-the-internet-the-history-of-audio-systems/,en,True,18,7,6,sow-editor+sow-editor+sow-editor+sow-editor+ys-milestones+ys-milestones,ys-milestones,yes
https://www.skoda-storyboard.com/en/models/millionth-skoda-suv/,en,True,61,61,40,skoda-offset+skoda-offset+sow-editor+sow-editor+sow-editor+sow-editor+skoda-offset+skoda-offset+sow-editor+sow-editor+skoda-offset+skoda-offset+sow-editor+sow-editor+sow-editor+sow-editor+sow-editor+sow-editor+skoda-offset+skoda-offset+sow-editor+sow-editor+skoda-offset+skoda-offset+sow-editor+sow-editor+sow-editor+sow-editor+skoda-offset+skoda-offset+sow-editor+sow-editor+sow-editor+sow-editor+sow-editor+sow-editor+sow-editor+sow-editor+sow-editor+sow-editor,,no
https://www.skoda-storyboard.com/en/lifestyle/sports/cycling/miss-peaches-on-the-road-whitewater-in-switzerland/,en,True,42,24,18,sow-editor+sow-editor+sow-editor+sow-editor+sow-editor+sow-editor+sow-editor+sow-editor+sow-editor+sow-editor+sow-editor+sow-editor+sow-editor+sow-editor+sow-editor+sow-editor+sow-editor+sow-editor,,no
https://www.skoda-storyboard.com/en/emobility/how-will-customers-benefit-from-electric-cars/,en,True,47,25,1,sow-editor,,no
https://www.skoda-storyboard.com/en/skoda-world/innovation-and-technology/technology/my-machine-ultrasonic-testing-of-welds/,en,True,8,7,4,skoda-offset+skoda-offset+sow-editor+sow-editor,,no
https://www.skoda-storyboard.com/en/models/octavia/the-arrow-in-flight-versus-octavia-rs/,en,True,45,28,22,sow-editor+sow-editor+sow-editor+sow-editor+sow-editor+sow-editor+sow-editor+sow-editor+sow-editor+sow-editor+sow-editor+sow-editor+sow-editor+sow-editor+sow-editor+sow-editor+sow-editor+sow-editor+sow-editor+sow-editor+sow-editor+sow-editor,,no
https://www.skoda-storyboard.com/en/lifestyle/sports/miss-peaches-on-the-road-canyoning-in-switzerland/,en,True,37,21,14,sow-editor+sow-editor+sow-editor+sow-editor+sow-editor+sow-editor+sow-editor+sow-editor+sow-editor+sow-editor+sow-editor+sow-editor+sow-editor+sow-editor,,no
https://www.skoda-storyboard.com/en/lifestyle/people/my-life-my-car-two-sets-of-pedals/,en,True,112,48,54,sow-editor+sow-editor+sow-editor+sow-editor+skoda-offset+skoda-offset+sow-editor+sow-editor+sow-editor+sow-editor+sow-editor+sow-editor+sow-editor+sow-editor+sow-editor+sow-editor+sow-editor+sow-editor+sow-editor+sow-editor+sow-editor+sow-editor+sow-editor+sow-editor+sow-editor+sow-editor+sow-editor+sow-editor+sow-editor+sow-editor+sow-editor+sow-editor+sow-editor+sow-editor+sow-editor+sow-editor+skoda-offset+skoda-offset+sow-editor+sow-editor+sow-editor+sow-editor+sow-editor+sow-editor+sow-editor+sow-editor+sow-editor+sow-editor+sow-editor+sow-editor+sow-editor+sow-editor+sow-editor+sow-editor,,no
https://www.skoda-storyboard.com/en/models/fabia/the-skoda-fabia-a-brushed-up-design-and-new-technology/,en,True,38,17,1,sow-editor,,no
https://www.skoda-storyboard.com/en/lifestyle/motorsport/big-brother-check-out-the-service-truck/,en,True,29,16,4,sow-editor+sow-editor+sow-editor+sow-editor,,no
https://www.skoda-storyboard.com/en/lifestyle/sports/cycling/miss-peaches-on-the-road-helen-soars-above-the-stubaital-valley/,en,True,43,27,20,sow-editor+sow-editor+sow-editor+sow-editor+sow-editor+sow-editor+sow-editor+sow-editor+sow-editor+sow-editor+sow-editor+sow-editor+sow-editor+sow-editor+sow-editor+sow-editor+sow-editor+sow-editor+sow-editor+sow-editor,,no
https://www.skoda-storyboard.com/en/classic-cars/an-alpine-rendezvous/,en,True,24,10,10,sow-editor+sow-editor+sow-editor+sow-editor+skoda-quote+skoda-quote+sow-editor+sow-editor+sow-editor+sow-editor,,no
https://www.skoda-storyboard.com/en/skoda-world/heritage/a-trip-into-the-past/,en,True,44,24,10,sow-editor+skoda-quote+sow-editor+sow-editor+sow-editor+sow-editor+sow-editor+sow-editor+sow-editor+sow-editor,,no
https://www.skoda-storyboard.com/en/lifestyle/sports/cycling/miss-peaches-on-the-road-viola-in-stuttgart/,en,True,32,18,18,skoda-offset+skoda-offset+sow-editor+sow-editor+sow-editor+sow-editor+sow-editor+sow-editor+sow-editor+sow-editor+sow-editor+sow-editor+sow-editor+sow-editor+sow-editor+sow-editor+sow-editor+sow-editor,,no
https://www.skoda-storyboard.com/en/lifestyle/sports/the-tour-de-france-at-first-hand/,en,True,19,8,10,sow-editor+sow-editor+sow-editor+sow-editor+sow-editor+sow-editor+skoda-quote+skoda-quote+sow-editor+sow-editor,,no
https://www.skoda-storyboard.com/en/lifestyle/people/the-mile-chasers-argentinian-adventure/,en,True,22,12,11,sow-editor+sow-editor+sow-editor+sow-editor+sow-editor+sow-editor+sow-editor+sow-editor+sow-editor+sow-editor+sow-editor,,no
https://www.skoda-storyboard.com/en/lifestyle/sports/cycling/test-your-knowledge-of-tour-de-france/,en,True,52,46,24,skoda-offset+skoda-offset+sow-editor+sow-editor+skoda-offset+skoda-offset+sow-editor+sow-editor+sow-editor+sow-editor+sow-editor+sow-editor+skoda-offset+skoda-offset+sow-editor+sow-editor+sow-editor+sow-editor+sow-editor+sow-editor+sow-editor+sow-editor+sow-editor+sow-editor,,no
https://www.skoda-storyboard.com/en/skoda-world/innovation-and-technology/technology/make-way-robot-coming-through/,en,True,13,5,8,sow-editor+sow-editor+sow-editor+sow-editor+sow-editor+sow-editor+sow-editor+sow-editor,,no
https://www.skoda-storyboard.com/en/lifestyle/people/fredrik-ahlin-never-forget-to-have-fun/,en,True,34,15,10,sow-editor+sow-editor+sow-editor+sow-editor+sow-editor+skoda-quote+sow-editor+sow-editor+skoda-quote+sow-editor,,no
https://www.skoda-storyboard.com/en/lifestyle/sports/cycling/the-opening-act/,en,True,128,128,2,sow-editor+sow-editor,,no
https://www.skoda-storyboard.com/en/lifestyle/people/my-life-my-car-i-like-to-floor-the-gas/,en,True,127,55,50,sow-editor+sow-editor+sow-editor+sow-editor+sow-editor+sow-editor+sow-editor+sow-editor+skoda-quote+skoda-quote+sow-editor+sow-editor+sow-editor+sow-editor+sow-editor+sow-editor+skoda-quote+skoda-quote+sow-editor+sow-editor+sow-editor+sow-editor+sow-editor+sow-editor+sow-editor+sow-editor+sow-editor+sow-editor+sow-editor+sow-editor+sow-editor+sow-editor+sow-editor+sow-editor+sow-editor+sow-editor+sow-editor+sow-editor+skoda-quote+skoda-quote+sow-editor+sow-editor+sow-editor+sow-editor+sow-editor+sow-editor+skoda-quote+skoda-quote+sow-editor+sow-editor,,no
https://www.skoda-storyboard.com/en/lifestyle/sports/team-command-vehicle/,en,True,82,56,38,sow-editor+sow-editor+sow-editor+sow-editor+sow-editor+sow-editor+sow-editor+sow-editor+sow-editor+sow-editor+sow-editor+sow-editor+sow-editor+sow-editor+skoda-quote+skoda-quote+sow-editor+sow-editor+skoda-offset+skoda-offset+sow-editor+sow-editor+sow-editor+sow-editor+sow-editor+sow-editor+skoda-offset+skoda-offset+sow-editor+sow-editor+sow-editor+sow-editor+sow-editor+sow-editor+sow-editor+sow-editor+sow-editor+sow-editor,,no
https://www.skoda-storyboard.com/en/emobility/the-future-of-emobility/,en,True,56,30,2,sow-editor+sow-editor,,no
https://www.skoda-storyboard.com/en/classic-cars/1000-czechoslovak-miles/,en,True,39,26,3,sow-editor+sow-editor+sow-editor,,no
https://www.skoda-storyboard.com/en/lifestyle/sports/10-things-you-should-know-about-the-tour-de-france/,en,True,140,93,80,sow-editor+sow-editor+sow-editor+sow-editor+sow-editor+sow-editor+sow-editor+sow-editor+sow-editor+sow-editor+sow-editor+sow-editor+sow-editor+sow-editor+sow-editor+sow-editor+sow-editor+sow-editor+sow-editor+sow-editor+sow-editor+sow-editor+sow-editor+sow-editor+sow-editor+sow-editor+sow-editor+sow-editor+sow-editor+sow-editor+sow-editor+sow-editor+sow-editor+sow-editor+sow-editor+sow-editor+sow-editor+sow-editor+sow-editor+sow-editor+sow-editor+sow-editor+sow-editor+sow-editor+sow-editor+sow-editor+sow-editor+sow-editor+sow-editor+sow-editor+sow-editor+sow-editor+sow-editor+sow-editor+sow-editor+sow-editor+sow-editor+sow-editor+sow-editor+sow-editor+skoda-offset+skoda-offset+sow-editor+sow-editor+sow-editor+sow-editor+sow-editor+sow-editor+skoda-offset+skoda-offset+sow-editor+sow-editor+sow-editor+sow-editor+sow-editor+sow-editor+sow-editor+sow-editor+sow-editor+sow-editor,,no
https://www.skoda-storyboard.com/en/lifestyle/sports/cycling/cars-and-bikes-two-bikers-share-their-tips-for-getting-the-best-of-both/,en,True,25,15,7,sow-editor+sow-editor+sow-editor+sow-editor+sow-editor+sow-editor+sow-editor,,no
https://www.skoda-storyboard.com/en/skoda-world/the-holidays-are-here/,en,True,68,34,42,sow-editor+sow-editor+sow-editor+sow-editor+sow-editor+sow-editor+sow-editor+sow-editor+sow-editor+sow-editor+sow-editor+sow-editor+sow-editor+sow-editor+sow-editor+sow-editor+sow-editor+sow-editor+sow-editor+sow-editor+sow-editor+sow-editor+sow-editor+sow-editor+sow-editor+sow-editor+sow-editor+sow-editor+sow-editor+sow-editor+sow-editor+sow-editor+sow-editor+sow-editor+sow-editor+sow-editor+sow-editor+sow-editor+sow-editor+sow-editor+sow-editor+sow-editor,,no
https://www.skoda-storyboard.com/en/skoda-world/travelling-coins-celebrate-skoda-heritage/,en,True,91,46,52,sow-editor+sow-editor+sow-editor+sow-editor+sow-editor+sow-editor+sow-editor+sow-editor+sow-editor+sow-editor+sow-editor+sow-editor+sow-editor+sow-editor+sow-editor+sow-editor+sow-editor+sow-editor+sow-editor+sow-editor+sow-editor+sow-editor+sow-editor+sow-editor+skoda-offset+skoda-offset+sow-editor+sow-editor+sow-editor+sow-editor+sow-editor+sow-editor+sow-editor+sow-editor+sow-editor+sow-editor+skoda-offset+skoda-offset+sow-editor+sow-editor+sow-editor+sow-editor+sow-editor+sow-editor+sow-editor+sow-editor+sow-editor+sow-editor+sow-editor+sow-editor+sow-editor+sow-editor,,no
https://www.skoda-storyboard.com/en/skoda-world/10-tips-on-selling-your-car-well/,en,True,29,16,3,sow-editor+sow-editor+sow-editor,,no
https://www.skoda-storyboard.com/en/lifestyle/people/my-life-my-car-id-never-eat-in-my-car/,en,True,142,60,56,sow-editor+sow-editor+sow-editor+sow-editor+sow-editor+sow-editor+sow-editor+sow-editor+sow-editor+sow-editor+sow-editor+sow-editor+sow-editor+sow-editor+sow-editor+sow-editor+sow-editor+sow-editor+sow-editor+sow-editor+sow-editor+sow-editor+sow-editor+sow-editor+sow-editor+sow-editor+sow-editor+sow-editor+sow-editor+sow-editor+sow-editor+sow-editor+sow-editor+sow-editor+sow-editor+sow-editor+sow-editor+sow-editor+skoda-offset+skoda-offset+sow-editor+sow-editor+sow-editor+sow-editor+sow-editor+sow-editor+sow-editor+sow-editor+sow-editor+sow-editor+sow-editor+sow-editor+sow-editor+sow-editor+sow-editor+sow-editor,,no
https://www.skoda-storyboard.com/en/skoda-world/innovation-and-technology/skoda-launches-its-start-up-story-in-israel/,en,True,60,29,1,sow-editor,,no
https://www.skoda-storyboard.com/en/skoda-world/wheels-decades-of-transformation/,en,True,8,3,2,ys-milestones+ys-milestones,ys-milestones,yes
https://www.skoda-storyboard.com/en/skoda-world/behind-the-scenes-into-the-sun-with-a-smile/,en,True,97,38,14,sow-editor+sow-editor+sow-editor+sow-editor+skoda-quote+sow-editor+sow-editor+sow-editor+sow-editor+skoda-quote+sow-editor+sow-editor+sow-editor+sow-editor,,no
https://www.skoda-storyboard.com/en/models/kodiaq/kodiaq-rs-sets-nurburgring-record/,en,True,60,37,5,sow-editor+sow-editor+sow-editor+sow-editor+sow-editor,,no
https://www.skoda-storyboard.com/en/models/kodiaq/the-record-breaking-kodiaq-rs-crew-interview/,en,True,49,23,9,sow-editor+sow-editor+sow-editor+sow-editor+sow-editor+sow-editor+sow-editor+sow-editor+sow-editor,,no
https://www.skoda-storyboard.com/en/models/the-kodiaq-rs-on-the-starting-line/,en,True,23,12,3,sow-editor+sow-editor+sow-editor,,no
https://www.skoda-storyboard.com/en/concepts/a-summer-afternoon-by-a-lake-inspired-the-name-sunroq/,en,True,39,18,20,sow-editor+sow-editor+sow-editor+sow-editor+sow-editor+sow-editor+sow-editor+sow-editor+sow-editor+sow-editor+sow-editor+sow-editor+sow-editor+sow-editor+sow-editor+sow-editor+sow-editor+sow-editor+sow-editor+sow-editor,,no
https://www.skoda-storyboard.com/en/lifestyle/people/from-noisy-mumbai-to-open-skies/,en,True,19,9,8,sow-editor+sow-editor+skoda-offset+sow-editor+sow-editor+sow-editor+sow-editor+sow-editor,,no
https://www.skoda-storyboard.com/en/models/the-sun-is-rising/,en,True,34,15,17,sow-editor+sow-editor+sow-editor+sow-editor+sow-editor+sow-editor+sow-editor+sow-editor+sow-editor+sow-editor+sow-editor+sow-editor+sow-editor+sow-editor+sow-editor+sow-editor+sow-editor,,no
https://www.skoda-storyboard.com/en/skoda-world/the-international-childrens-day-of-joy/,en,True,55,26,26,skoda-offset+skoda-offset+sow-editor+sow-editor+sow-editor+sow-editor+sow-editor+sow-editor+sow-editor+sow-editor+sow-editor+sow-editor+sow-editor+sow-editor+sow-editor+sow-editor+sow-editor+sow-editor+sow-editor+sow-editor+sow-editor+sow-editor+sow-editor+sow-editor+sow-editor+sow-editor,,no
https://www.skoda-storyboard.com/en/lifestyle/sports/the-lion-trail-whos-forrest/,en,True,44,20,8,sow-editor+sow-editor+sow-editor+sow-editor+sow-editor+sow-editor+sow-editor+sow-editor,,no
https://www.skoda-storyboard.com/en/skoda-world/innovation-and-technology/technology/decoding-the-mystery-of-warning-lights/,en,True,8,3,4,sow-editor+sow-editor+sow-editor+sow-editor,,no
https://www.skoda-storyboard.com/en/skoda-world/skoda-celebrates-100-years-of-czechoslovakia/,en,True,25,9,1,sow-editor,,no
https://www.skoda-storyboard.com/en/lifestyle/people/my-life-my-car-id-never-go-to-a-car-wash/,en,True,137,58,54,sow-editor+sow-editor+sow-editor+sow-editor+sow-editor+sow-editor+sow-editor+sow-editor+sow-editor+sow-editor+sow-editor+sow-editor+sow-editor+sow-editor+sow-editor+sow-editor+sow-editor+sow-editor+sow-editor+sow-editor+sow-editor+sow-editor+sow-editor+sow-editor+sow-editor+sow-editor+sow-editor+sow-editor+sow-editor+sow-editor+sow-editor+sow-editor+sow-editor+sow-editor+sow-editor+sow-editor+sow-editor+sow-editor+sow-editor+sow-editor+skoda-offset+skoda-offset+sow-editor+sow-editor+sow-editor+sow-editor+sow-editor+sow-editor+sow-editor+sow-editor+sow-editor+sow-editor+sow-editor+sow-editor,,no
https://www.skoda-storyboard.com/en/models/fabia/down-to-the-very-last-bolt/,en,True,8,5,3,sow-editor+sow-editor+sow-editor,,no
https://www.skoda-storyboard.com/en/skoda-world/design/design-creates-emotion/,en,True,19,10,11,sow-editor+sow-editor+sow-editor+sow-editor+sow-editor+sow-editor+sow-editor+sow-editor+sow-editor+sow-editor+skoda-quote,,no
https://www.skoda-storyboard.com/en/emobility/how-does-an-electric-motor-work-10-questions-and-answers/,en,True,76,43,46,skoda-offset+skoda-offset+sow-editor+sow-editor+sow-editor+sow-editor+sow-editor+sow-editor+sow-editor+sow-editor+sow-editor+sow-editor+sow-editor+sow-editor+sow-editor+sow-editor+sow-editor+sow-editor+sow-editor+sow-editor+sow-editor+sow-editor+sow-editor+sow-editor+sow-editor+sow-editor+sow-editor+sow-editor+sow-editor+sow-editor+sow-editor+sow-editor+sow-editor+sow-editor+sow-editor+sow-editor+sow-editor+sow-editor+sow-editor+sow-editor+sow-editor+sow-editor+sow-editor+sow-editor+sow-editor+sow-editor,,no
https://www.skoda-storyboard.com/en/lifestyle/sports/test-your-knowledge-of-sport-and-more-in-this-ice-hockey-quiz/,en,True,26,12,6,sow-editor+sow-editor+sow-editor+sow-editor+sow-editor+sow-editor,,no
https://www.skoda-storyboard.com/en/classic-cars/at-the-wheel-of-a-unique-wonder/,en,True,46,25,22,sow-editor+sow-editor+sow-editor+sow-editor+sow-editor+sow-editor+sow-editor+sow-editor+sow-editor+sow-editor+sow-editor+sow-editor+sow-editor+sow-editor+sow-editor+sow-editor+sow-editor+sow-editor+sow-editor+sow-editor+sow-editor+sow-editor,,no
https://www.skoda-storyboard.com/en/lifestyle/sports/types-of-fans-youll-see-at-an-ice-hockey-game/,en,True,116,51,50,skoda-offset+skoda-offset+sow-editor+sow-editor+sow-editor+sow-editor+sow-editor+sow-editor+sow-editor+sow-editor+sow-editor+sow-editor+sow-editor+sow-editor+sow-editor+sow-editor+sow-editor+sow-editor+sow-editor+sow-editor+sow-editor+sow-editor+sow-editor+sow-editor+sow-editor+sow-editor+sow-editor+sow-editor+sow-editor+sow-editor+sow-editor+sow-editor+sow-editor+sow-editor+sow-editor+sow-editor+sow-editor+sow-editor+sow-editor+sow-editor+sow-editor+sow-editor+sow-editor+sow-editor+sow-editor+sow-editor+sow-editor+sow-editor+sow-editor+sow-editor,,no
https://www.skoda-storyboard.com/en/skoda-world/360-tour-of-the-huge-skoda-parts-warehouse/,en,True,39,25,8,sow-editor+sow-editor+sow-editor+sow-editor+sow-editor+sow-editor+sow-editor+sow-editor,,no
https://www.skoda-storyboard.com/en/skoda-world/the-ice-hockey-fairy-tales-of-herning/,en,True,83,44,40,sow-editor+sow-editor+sow-editor+sow-editor+sow-editor+sow-editor+sow-editor+sow-editor+sow-editor+sow-editor+sow-editor+sow-editor+sow-editor+sow-editor+sow-editor+sow-editor+sow-editor+sow-editor+sow-editor+sow-editor+sow-editor+sow-editor+sow-editor+sow-editor+sow-editor+sow-editor+sow-editor+sow-editor+sow-editor+sow-editor+sow-editor+sow-editor+sow-editor+sow-editor+sow-editor+sow-editor+sow-editor+sow-editor+sow-editor+sow-editor,,no
https://www.skoda-storyboard.com/en/skoda-world/ice-hockey-smorrebrod-and-copenhagen/,en,True,78,43,1,sow-editor,,no
https://www.skoda-storyboard.com/en/lifestyle/sports/czechia-home-of-world-famous-ice-hockey-pucks/,en,True,44,18,28,sow-editor+sow-editor+sow-editor+sow-editor+sow-editor+sow-editor+sow-editor+sow-editor+sow-editor+sow-editor+sow-editor+sow-editor+siteorigin-panels-builder+sow-editor+sow-editor+sow-editor+sow-editor+sow-editor+sow-editor+sow-editor+sow-editor+sow-editor+sow-editor+sow-editor+sow-editor+sow-editor+sow-editor+sow-editor,siteorigin-panels-builder,yes
https://www.skoda-storyboard.com/en/models/my-life-my-car-for-love-of-driving-and-people/,en,True,157,65,60,sow-editor+sow-editor+sow-editor+sow-editor+sow-editor+sow-editor+sow-editor+sow-editor+sow-editor+sow-editor+sow-editor+sow-editor+sow-editor+sow-editor+sow-editor+sow-editor+sow-editor+sow-editor+sow-editor+sow-editor+sow-editor+sow-editor+sow-editor+sow-editor+skoda-quote+skoda-quote+sow-editor+sow-editor+sow-editor+sow-editor+sow-editor+sow-editor+sow-editor+sow-editor+sow-editor+sow-editor+sow-editor+sow-editor+sow-editor+sow-editor+sow-editor+sow-editor+sow-editor+sow-editor+sow-editor+sow-editor+sow-editor+sow-editor+skoda-quote+skoda-quote+sow-editor+sow-editor+sow-editor+sow-editor+sow-editor+sow-editor+sow-editor+sow-editor+sow-editor+sow-editor,,no
https://www.skoda-storyboard.com/en/skoda-world/innovation-and-technology/skodas-electric-future/,en,True,67,40,34,sow-editor+sow-editor+sow-editor+sow-editor+sow-editor+sow-editor+sow-editor+sow-editor+sow-editor+sow-editor+sow-editor+sow-editor+skoda-offset+skoda-offset+sow-editor+sow-editor+sow-editor+sow-editor+sow-editor+sow-editor+skoda-offset+skoda-offset+sow-editor+sow-editor+sow-editor+sow-editor+sow-editor+sow-editor+sow-editor+sow-editor+skoda-offset+skoda-offset+sow-editor+sow-editor,,no
https://www.skoda-storyboard.com/en/lifestyle/sports/cycling/why-we-ride-from-punk-to-biker/,en,True,39,21,4,skoda-offset+sow-editor+skoda-offset+sow-editor,,no
https://www.skoda-storyboard.com/en/models/a-new-skoda-for-china/,en,True,64,35,28,sow-editor+sow-editor+sow-editor+sow-editor+sow-editor+sow-editor+sow-editor+sow-editor+sow-editor+sow-editor+sow-editor+sow-editor+sow-editor+sow-editor+sow-editor+sow-editor+sow-editor+sow-editor+sow-editor+sow-editor+sow-editor+sow-editor+sow-editor+sow-editor+sow-editor+sow-editor+sow-editor+sow-editor,,no
https://www.skoda-storyboard.com/en/models/dangerously-beautiful-highway/,en,True,19,9,12,sow-editor+sow-editor+sow-editor+sow-editor+sow-editor+sow-editor+sow-editor+sow-editor+sow-editor+sow-editor+sow-editor+sow-editor,,no
https://www.skoda-storyboard.com/en/skoda-world/innovation-and-technology/a-supercomputer-equal-to-60000-pcs/,en,True,80,33,12,sow-editor+sow-editor+sow-editor+siteorigin-panels-builder+sow-editor+sow-editor+skoda-quote+sow-editor+sow-editor+sow-editor+sow-editor+sow-editor,siteorigin-panels-builder,yes
https://www.skoda-storyboard.com/en/models/introducing-the-students-number-five/,en,True,65,31,17,sow-editor+sow-editor+sow-editor+sow-editor+sow-editor+sow-editor+sow-editor+sow-editor+sow-editor+sow-editor+sow-editor+sow-editor+sow-editor+sow-editor+sow-editor+sow-editor+sow-editor,,no
https://www.skoda-storyboard.com/en/skoda-world/caredriver-mobility-with-a-heart/,en,True,23,8,8,sow-editor+sow-editor+sow-editor+sow-editor+sow-editor+skoda-quote+sow-editor+sow-editor,,no
https://www.skoda-storyboard.com/en/models/headlamps-decades-of-transformation/,en,True,8,3,2,ys-milestones+ys-milestones,ys-milestones,yes
https://www.skoda-storyboard.com/en/skoda-world/extreme-polar-circle-challenge/,en,True,24,9,11,sow-editor+sow-editor+sow-editor+sow-editor+sow-editor+sow-editor+sow-editor+sow-editor+sow-editor+sow-editor+sow-editor,,no
https://www.skoda-storyboard.com/en/concepts/skoda-vision-x-in-motion-for-the-first-time/,en,True,19,7,5,sow-editor+sow-editor+sow-editor+sow-editor+sow-editor,,no
https://www.skoda-storyboard.com/en/classic-cars/teardrop-cars/,en,True,53,25,1,sow-editor,,no
https://www.skoda-storyboard.com/en/lifestyle/people/my-life-my-car-the-smiles-on-customers-faces-make-me-happy/,en,True,122,47,46,sow-editor+sow-editor+sow-editor+sow-editor+sow-editor+sow-editor+sow-editor+sow-editor+sow-editor+sow-editor+skoda-quote+skoda-quote+sow-editor+sow-editor+sow-editor+sow-editor+sow-editor+sow-editor+sow-editor+sow-editor+sow-editor+sow-editor+sow-editor+sow-editor+sow-editor+sow-editor+sow-editor+sow-editor+sow-editor+sow-editor+sow-editor+sow-editor+sow-editor+sow-editor+sow-editor+sow-editor+sow-editor+sow-editor+sow-editor+sow-editor+sow-editor+sow-editor+sow-editor+sow-editor+sow-editor+sow-editor,,no
https://www.skoda-storyboard.com/en/classic-cars/trekka-precursor-of-the-skoda-suv/,en,True,13,6,6,sow-editor+sow-editor+sow-editor+sow-editor+sow-editor+sow-editor,,no
https://www.skoda-storyboard.com/en/media/livestream/skoda-auto-annual-press-conference/,en,True,18,7,2,sow-editor+sow-editor,,no
https://www.skoda-storyboard.com/en/skoda-world/innovation-and-technology/10-car-things-to-check-for-in-spring/,en,True,103,40,1,sow-editor,,no
https://www.skoda-storyboard.com/en/models/test-your-knowledge-in-our-geneva-quiz/,en,True,33,15,14,skoda-offset+skoda-offset+sow-editor+sow-editor+sow-editor+sow-editor+sow-editor+sow-editor+sow-editor+sow-editor+sow-editor+sow-editor+sow-editor+sow-editor,,no
https://www.skoda-storyboard.com/en/skoda-world/digital-news-from-geneva/,en,True,62,25,11,sow-editor+sow-editor+sow-editor+sow-editor+sow-editor+skoda-offset+sow-editor+sow-editor+sow-editor+sow-editor+sow-editor,,no
https://www.skoda-storyboard.com/en/models/meet-the-skoda-kodiaq-laurin-klement/,en,True,103,43,60,sow-editor+sow-editor+sow-editor+sow-editor+sow-editor+sow-editor+sow-editor+sow-editor+sow-editor+sow-editor+sow-editor+sow-editor+sow-editor+sow-editor+sow-editor+sow-editor+sow-editor+sow-editor+sow-editor+sow-editor+skoda-offset+skoda-offset+sow-editor+sow-editor+sow-editor+sow-editor+sow-editor+sow-editor+sow-editor+sow-editor+sow-editor+sow-editor+sow-editor+sow-editor+sow-editor+sow-editor+sow-editor+sow-editor+sow-editor+sow-editor+sow-editor+sow-editor+sow-editor+sow-editor+sow-editor+sow-editor+sow-editor+sow-editor+sow-editor+sow-editor+skoda-offset+skoda-offset+sow-editor+sow-editor+sow-editor+sow-editor+sow-editor+sow-editor+sow-editor+sow-editor,,no
https://www.skoda-storyboard.com/en/skoda-world/skoda-in-geneva/,en,True,75,36,48,sow-editor+sow-editor+sow-editor+sow-editor+sow-editor+sow-editor+sow-editor+sow-editor+sow-editor+sow-editor+sow-editor+sow-editor+sow-editor+sow-editor+sow-editor+sow-editor+sow-editor+sow-editor+sow-editor+sow-editor+sow-editor+sow-editor+sow-editor+sow-editor+sow-editor+sow-editor+sow-editor+sow-editor+sow-editor+sow-editor+sow-editor+sow-editor+sow-editor+sow-editor+sow-editor+sow-editor+sow-editor+sow-editor+sow-editor+sow-editor+sow-editor+sow-editor+sow-editor+sow-editor+sow-editor+sow-editor+sow-editor+sow-editor,,no
https://www.skoda-storyboard.com/en/models/meet-the-new-skoda-fabia-2/,en,True,80,40,52,sow-editor+sow-editor+sow-editor+sow-editor+sow-editor+sow-editor+sow-editor+sow-editor+sow-editor+sow-editor+sow-editor+sow-editor+sow-editor+sow-editor+sow-editor+sow-editor+sow-editor+sow-editor+sow-editor+sow-editor+sow-editor+sow-editor+sow-editor+sow-editor+sow-editor+sow-editor+sow-editor+sow-editor+sow-editor+sow-editor+sow-editor+sow-editor+sow-editor+sow-editor+sow-editor+sow-editor+sow-editor+sow-editor+skoda-offset+skoda-offset+sow-editor+sow-editor+sow-editor+sow-editor+sow-editor+sow-editor+sow-editor+sow-editor+sow-editor+sow-editor+sow-editor+sow-editor,,no
https://www.skoda-storyboard.com/en/models/meet-the-skoda-vision-x/,en,True,81,35,46,sow-editor+sow-editor+skoda-offset+skoda-offset+sow-editor+sow-editor+sow-editor+sow-editor+sow-editor+sow-editor+sow-editor+sow-editor+sow-editor+sow-editor+sow-editor+sow-editor+sow-editor+sow-editor+sow-editor+sow-editor+sow-editor+sow-editor+sow-editor+sow-editor+sow-editor+sow-editor+sow-editor+sow-editor+sow-editor+sow-editor+sow-editor+sow-editor+sow-editor+sow-editor+sow-editor+sow-editor+sow-editor+sow-editor+sow-editor+sow-editor+sow-editor+sow-editor+sow-editor+sow-editor+sow-editor+sow-editor,,no
https://www.skoda-storyboard.com/en/concepts/skoda-vision-x-is-here/,en,True,62,33,26,sow-editor+sow-editor+sow-editor+sow-editor+sow-editor+sow-editor+sow-editor+sow-editor+sow-editor+sow-editor+sow-editor+sow-editor+skoda-offset+skoda-offset+skoda-offset+skoda-offset+sow-editor+sow-editor+sow-editor+sow-editor+sow-editor+sow-editor+skoda-offset+skoda-offset+sow-editor+sow-editor,,no
https://www.skoda-storyboard.com/en/models/a-school-of-driving-on-ice-and-snow-karoq-and-kodiaq-wont-let-you-down/,en,True,85,45,56,sow-editor+sow-editor+sow-editor+sow-editor+sow-editor+sow-editor+sow-editor+sow-editor+sow-editor+sow-editor+sow-editor+sow-editor+sow-editor+sow-editor+sow-editor+sow-editor+sow-editor+sow-editor+sow-editor+sow-editor+sow-editor+sow-editor+sow-editor+sow-editor+sow-editor+sow-editor+sow-editor+sow-editor+sow-editor+sow-editor+sow-editor+sow-editor+sow-editor+sow-editor+sow-editor+sow-editor+sow-editor+sow-editor+sow-editor+sow-editor+sow-editor+sow-editor+sow-editor+sow-editor+sow-editor+sow-editor+sow-editor+sow-editor+sow-editor+sow-editor+sow-editor+sow-editor+sow-editor+sow-editor+sow-editor+sow-editor,,no
https://www.skoda-storyboard.com/en/models/13-challenging-questions-kids-ask-in-the-car/,en,True,71,42,24,skoda-offset+skoda-offset+sow-editor+sow-editor+sow-editor+sow-editor+sow-editor+sow-editor+sow-editor+sow-editor+sow-editor+sow-editor+sow-editor+sow-editor+sow-editor+sow-editor+sow-editor+sow-editor+sow-editor+sow-editor+sow-editor+sow-editor+sow-editor+sow-editor,,no
https://www.skoda-storyboard.com/en/models/the-school-of-snow-and-ice-driving/,en,True,108,37,66,sow-editor+sow-editor+sow-editor+sow-editor+sow-editor+sow-editor+sow-editor+sow-editor+sow-editor+sow-editor+sow-editor+sow-editor+sow-editor+sow-editor+sow-editor+sow-editor+sow-editor+sow-editor+sow-editor+sow-editor+sow-editor+sow-editor+sow-editor+sow-editor+sow-editor+sow-editor+sow-editor+sow-editor+sow-editor+sow-editor+sow-editor+sow-editor+sow-editor+sow-editor+sow-editor+sow-editor+sow-editor+sow-editor+sow-editor+sow-editor+sow-editor+sow-editor+sow-editor+sow-editor+sow-editor+sow-editor+sow-editor+sow-editor+sow-editor+sow-editor+sow-editor+sow-editor+sow-editor+sow-editor+sow-editor+sow-editor+sow-editor+sow-editor+sow-editor+sow-editor+sow-editor+sow-editor+sow-editor+sow-editor+sow-editor+sow-editor,,no
https://www.skoda-storyboard.com/en/skoda-world/when-keeping-score-becomes-secondary/,en,True,68,36,6,sow-editor+sow-editor+sow-editor+sow-editor+sow-editor+sow-editor,,no
https://www.skoda-storyboard.com/en/skoda-world/innovation-and-technology/five-levels-of-autonomous-driving/,en,True,64,27,1,sow-editor,,no
https://www.skoda-storyboard.com/en/models/park-a-karoq-in-front-of-your-house-or-on-your-shelf/,en,True,34,15,1,sow-editor,,no
https://www.skoda-storyboard.com/en/models/discovering-the-full-power-of-a-skoda-4x4/,en,True,41,17,5,sow-editor+sow-editor+sow-editor+sow-editor+sow-editor,,no
https://www.skoda-storyboard.com/en/models/vision-x-a-sketch-from-silhouette-to-details/,en,True,23,10,8,sow-editor+sow-editor+sow-editor+sow-editor+sow-editor+sow-editor+sow-editor+sow-editor,,no
https://www.skoda-storyboard.com/en/lifestyle/people/my-life-my-car-you-have-to-learn-to-walk-before-you-run/,en,True,147,61,56,sow-editor+sow-editor+sow-editor+sow-editor+sow-editor+sow-editor+sow-editor+sow-editor+sow-editor+sow-editor+sow-editor+sow-editor+sow-editor+sow-editor+sow-editor+sow-editor+sow-editor+sow-editor+sow-editor+sow-editor+sow-editor+sow-editor+skoda-quote+skoda-quote+sow-editor+sow-editor+sow-editor+sow-editor+sow-editor+sow-editor+sow-editor+sow-editor+sow-editor+sow-editor+sow-editor+sow-editor+sow-editor+sow-editor+skoda-quote+skoda-quote+sow-editor+sow-editor+sow-editor+sow-editor+sow-editor+sow-editor+sow-editor+sow-editor+sow-editor+sow-editor+sow-editor+sow-editor+sow-editor+sow-editor+sow-editor+sow-editor,,no
https://www.skoda-storyboard.com/en/skoda-world/innovation-and-technology/gear-stick-decades-of-transformation/,en,True,8,3,2,ys-milestones+ys-milestones,ys-milestones,yes
https://www.skoda-storyboard.com/en/models/superb/skoda-mission-to-mars/,en,True,31,14,10,skoda-offset+skoda-offset+sow-editor+sow-editor+sow-editor+sow-editor+sow-editor+sow-editor+sow-editor+sow-editor,,no
https://www.skoda-storyboard.com/en/models/sporty-spirit-from-rapid-to-rapid/,en,True,8,3,14,sow-editor+sow-editor+sow-editor+sow-editor+sow-editor+sow-editor+sow-editor+sow-editor+sow-editor+sow-editor+sow-editor+sow-editor+sow-editor+sow-editor,,no
https://www.skoda-storyboard.com/en/skoda-world/5-valentine-tips-for-love-on-four-wheels/,en,True,122,58,46,sow-editor+sow-editor+sow-editor+sow-editor+sow-editor+sow-editor+sow-editor+sow-editor+sow-editor+sow-editor+sow-editor+sow-editor+sow-editor+sow-editor+sow-editor+sow-editor+sow-editor+sow-editor+sow-editor+sow-editor+sow-editor+sow-editor+sow-editor+sow-editor+sow-editor+sow-editor+sow-editor+sow-editor+sow-editor+sow-editor+sow-editor+sow-editor+sow-editor+sow-editor+sow-editor+sow-editor+sow-editor+sow-editor+sow-editor+sow-editor+sow-editor+sow-editor+sow-editor+sow-editor+sow-editor+sow-editor,,no
https://www.skoda-storyboard.com/en/models/meet-the-new-skoda-fabia/,en,True,89,46,2,sow-editor+sow-editor,,no
https://www.skoda-storyboard.com/en/skoda-world/innovation-and-technology/360-tour-of-the-digital-heart-of-skoda/,en,True,29,13,14,sow-editor+sow-editor+sow-editor+ys-embed-share+sow-button+skoda-offset+sow-editor+ys-embed-share+ys-embed-share+ys-embed-share+sow-button+skoda-offset+sow-editor+sow-editor,sow-button;ys-embed-share,yes
https://www.skoda-storyboard.com/en/skoda-world/winter-tips-4-simply-clever-tips-and-accessories/,en,True,23,11,4,sow-editor+sow-editor+sow-editor+sow-editor,,no
https://www.skoda-storyboard.com/en/models/skoda-introduces-urban-crossover-vision-x/,en,True,18,8,10,sow-editor+sow-editor+sow-editor+sow-editor+sow-editor+sow-editor+sow-editor+sow-editor+sow-editor+sow-editor,,no
https://www.skoda-storyboard.com/en/models/skoda-karoq-as-the-perfect-playground/,en,True,8,3,9,sow-editor+sow-editor+sow-editor+sow-editor+sow-editor+sow-editor+sow-editor+sow-editor+sow-editor,,no
https://www.skoda-storyboard.com/en/lifestyle/motorsport/fabia-r5-taxi-behind-the-scenes/,en,True,8,3,5,sow-editor+sow-editor+sow-editor+sow-editor+sow-editor,,no
https://www.skoda-storyboard.com/en/models/my-life-my-car-i-get-a-charge-out-of-seeing-how-my-work-helps-people/,en,True,37,17,14,sow-editor+sow-editor+sow-editor+sow-editor+sow-editor+sow-editor+sow-editor+sow-editor+sow-editor+sow-editor+sow-editor+sow-editor+sow-editor+sow-editor,,no
https://www.skoda-storyboard.com/en/models/kodiaq-is-first-skoda-to-complete-the-dakar-rally/,en,True,8,3,9,sow-editor+sow-editor+sow-editor+sow-editor+sow-editor+sow-editor+sow-editor+sow-editor+sow-editor,,no
https://www.skoda-storyboard.com/en/skoda-world/winter-tips-3-do-not-let-snow-and-ice-catch-you-by-surprise/,en,True,8,3,15,sow-editor+sow-editor+sow-editor+sow-editor+sow-editor+sow-editor+sow-editor+sow-editor+sow-editor+sow-editor+sow-editor+sow-editor+sow-editor+sow-editor+sow-editor,,no
https://www.skoda-storyboard.com/en/models/take-a-look-at-rejuvenated-skoda-fabia/,en,True,8,2,2,sow-editor+sow-editor,,no
https://www.skoda-storyboard.com/en/models/quiz-recognize-the-skoda-models-by-their-lights/,en,True,16,10,2,sow-editor+sow-editor,,no
https://www.skoda-storyboard.com/en/skoda-world/innovation-and-technology/10-questions-and-answers-about-electric-cars/,en,True,149,75,1,sow-editor,,no
https://www.skoda-storyboard.com/en/skoda-world/from-austro-hungarian-empire-to-virtual-reality/,en,True,23,9,8,sow-editor+sow-editor+sow-editor+sow-editor+sow-editor+sow-editor+sow-editor+sow-editor,,no
https://www.skoda-storyboard.com/en/skoda-world/winter-tips-2-prepare-your-car-for-a-frosty-night/,en,True,8,3,9,sow-editor+sow-editor+sow-editor+sow-editor+sow-editor+sow-editor+sow-editor+sow-editor+sow-editor,,no
https://www.skoda-storyboard.com/en/skoda-world/innovation-and-technology/between-carbon-and-sulphur/,en,True,13,6,12,sow-editor+sow-editor+sow-editor+sow-editor+sow-editor+sow-editor+sow-editor+sow-editor+sow-editor+sow-editor+sow-editor+sow-editor,,no
https://www.skoda-storyboard.com/en/skoda-world/motoring-to-winter-fun-in-italy-france-and-slovenia/,en,True,207,109,122,sow-editor+sow-editor+sow-editor+sow-editor+sow-editor+sow-editor+sow-editor+sow-editor+sow-editor+sow-editor+sow-editor+sow-editor+sow-editor+sow-editor+sow-editor+sow-editor+sow-editor+sow-editor+sow-editor+sow-editor+sow-editor+sow-editor+sow-editor+sow-editor+sow-editor+sow-editor+sow-editor+sow-editor+sow-editor+sow-editor+sow-editor+sow-editor+sow-editor+sow-editor+sow-editor+sow-editor+sow-editor+sow-editor+sow-editor+sow-editor+sow-editor+sow-editor+sow-editor+sow-editor+sow-editor+sow-editor+sow-editor+sow-editor+sow-editor+sow-editor+sow-editor+sow-editor+sow-editor+sow-editor+sow-editor+sow-editor+sow-editor+sow-editor+sow-editor+sow-editor+sow-editor+sow-editor+sow-editor+sow-editor+sow-editor+sow-editor+sow-editor+sow-editor+sow-editor+sow-editor+sow-editor+sow-editor+sow-editor+sow-editor+sow-editor+sow-editor+sow-editor+sow-editor+sow-editor+sow-editor+sow-editor+sow-editor+sow-editor+sow-editor+sow-editor+sow-editor+sow-editor+sow-editor+sow-editor+sow-editor+sow-editor+sow-editor+sow-editor+sow-editor+sow-editor+sow-editor+sow-editor+sow-editor+sow-editor+sow-editor+sow-editor+sow-editor+sow-editor+sow-editor+sow-editor+sow-editor+sow-editor+sow-editor+sow-editor+sow-editor+sow-editor+sow-editor+sow-editor+sow-editor+sow-editor+sow-editor+sow-editor+sow-editor+sow-editor+sow-editor+sow-editor+sow-editor,,no
https://www.skoda-storyboard.com/en/lifestyle/sports/taxi-taxi-the-zesty-fabia-r5-raced-passengers-through-prague/,en,True,26,14,3,sow-editor+sow-editor+sow-editor,,no
https://www.skoda-storyboard.com/en/models/karoq/last-minute-gift-download-your-own-karoq/,en,True,54,37,1,sow-editor,,no
https://www.skoda-storyboard.com/en/lifestyle/last-minute-gift-holiday-greetings/,en,True,33,18,12,sow-editor+sow-editor+sow-editor+sow-editor+sow-editor+sow-editor+sow-editor+sow-editor+sow-editor+sow-editor+sow-editor+sow-editor,,no
https://www.skoda-storyboard.com/en/skoda-world/champion-at-work-fabia-r5-racing-through-factory/,en,True,8,3,2,sow-editor+sow-editor,,no
https://www.skoda-storyboard.com/en/skoda-world/winter-tips-1-prepare-for-winter/,en,True,63,35,30,sow-editor+sow-editor+sow-editor+sow-editor+sow-editor+sow-editor+sow-editor+sow-editor+sow-editor+sow-editor+sow-editor+sow-editor+sow-editor+sow-editor+sow-editor+sow-editor+sow-editor+sow-editor+sow-editor+sow-editor+sow-editor+sow-editor+sow-editor+sow-editor+sow-editor+sow-editor+sow-editor+sow-editor+sow-editor+sow-editor,,no
https://www.skoda-storyboard.com/en/skoda-world/motoring-to-winter-fun-in-austria-and-switzerland/,en,True,154,86,2,sow-editor+sow-editor,,no
https://www.skoda-storyboard.com/en/skoda-world/the-best-of-storyboard-exploration-in-2017/,en,True,13,4,12,sow-editor+sow-editor+sow-editor+sow-editor+sow-editor+sow-editor+sow-editor+sow-editor+sow-editor+sow-editor+sow-editor+sow-editor,,no
https://www.skoda-storyboard.com/en/skoda-world/the-best-of-storyboard-a-drive-through-2017/,en,True,23,24,8,sow-editor+sow-editor+sow-editor+sow-editor+sow-editor+sow-editor+sow-editor+sow-editor,,no
https://www.skoda-storyboard.com/en/skoda-world/santas-honorary-helpers-3/,en,True,8,3,11,sow-editor+sow-editor+sow-editor+sow-editor+sow-editor+sow-editor+sow-editor+sow-editor+sow-editor+sow-editor+sow-editor,,no
https://www.skoda-storyboard.com/en/models/skoda-octavia-eye-to-eye/,en,True,41,29,20,sow-editor+sow-editor+sow-editor+sow-editor+sow-editor+sow-editor+sow-editor+sow-editor+sow-editor+sow-editor+sow-editor+sow-editor+sow-editor+sow-editor+sow-editor+sow-editor+sow-editor+sow-editor+sow-editor+sow-editor,,no
https://www.skoda-storyboard.com/en/skoda-world/motoring-to-winter-fun/,en,True,85,30,2,skoda-offset+skoda-offset,,no
https://www.skoda-storyboard.com/en/lifestyle/sports/catching-breath-the-himalayan-challenge/,en,True,8,5,4,sow-editor+sow-editor+sow-editor+sow-editor,,no
https://www.skoda-storyboard.com/en/models/the-magic-of-santas-village/,en,True,8,3,12,sow-editor+sow-editor+sow-editor+sow-editor+sow-editor+sow-editor+sow-editor+sow-editor+sow-editor+sow-editor+sow-editor+sow-editor,,no
https://www.skoda-storyboard.com/en/skoda-world/a-racing-car-born-for-victory/,en,True,8,5,2,sow-editor+sow-editor,,no
https://www.skoda-storyboard.com/en/lifestyle/people/10-tips-on-how-to-photograph-cars-with-your-smartphone/,en,True,19,7,16,sow-editor+sow-editor+sow-editor+sow-editor+sow-editor+sow-editor+sow-editor+sow-editor+sow-editor+sow-editor+sow-editor+sow-editor+sow-editor+sow-editor+sow-editor+sow-editor,,no
https://www.skoda-storyboard.com/en/skoda-world/innovation-and-technology/close-up-through-the-microscope-part-2/,en,True,97,64,54,sow-editor+sow-editor+sow-editor+sow-editor+sow-editor+sow-editor+sow-editor+sow-editor+sow-editor+sow-editor+sow-editor+sow-editor+sow-editor+sow-editor+sow-editor+sow-editor+sow-editor+sow-editor+sow-editor+sow-editor+sow-editor+sow-editor+sow-editor+sow-editor+sow-editor+sow-editor+sow-editor+sow-editor+sow-editor+sow-editor+sow-editor+sow-editor+sow-editor+sow-editor+sow-editor+sow-editor+sow-editor+sow-editor+sow-editor+sow-editor+sow-editor+sow-editor+sow-editor+sow-editor+sow-editor+sow-editor+sow-editor+sow-editor+sow-editor+sow-editor+sow-editor+sow-editor+sow-editor+sow-editor,,no
https://www.skoda-storyboard.com/en/skoda-world/the-christmas-letter-carriers-journey/,en,True,13,6,17,sow-editor+sow-editor+sow-editor+sow-editor+skoda-offset+sow-editor+sow-editor+sow-editor+sow-editor+sow-editor+sow-editor+sow-editor+sow-editor+sow-editor+sow-editor+sow-editor+sow-editor,,no
https://www.skoda-storyboard.com/en/skoda-world/steering-wheel-decades-of-changes/,en,True,13,4,4,sow-editor+sow-editor+ys-milestones+ys-milestones,ys-milestones,yes
https://www.skoda-storyboard.com/en/models/connect-yourself-with-the-karoq/,en,True,33,19,8,sow-editor+sow-editor+skoda-offset+sow-editor+sow-editor+sow-editor+sow-editor+sow-editor,,no
https://www.skoda-storyboard.com/en/skoda-world/topsy-turvy-christmas/,en,True,13,6,14,sow-editor+sow-editor+sow-editor+sow-editor+sow-editor+sow-editor+sow-editor+sow-editor+sow-editor+sow-editor+sow-editor+sow-editor+sow-editor+skoda-offset,,no
https://www.skoda-storyboard.com/en/skoda-world/eight-decades-of-4x4-at-skoda/,en,True,8,2,16,sow-editor+sow-editor+sow-editor+sow-editor+sow-editor+sow-editor+sow-editor+sow-editor+sow-editor+sow-editor+sow-editor+sow-editor+sow-editor+sow-editor+sow-editor+sow-editor,,no
https://www.skoda-storyboard.com/en/lifestyle/sports/11-steps-to-victory/,en,True,137,51,82,sow-editor+sow-editor+skoda-offset+skoda-offset+sow-editor+sow-editor+sow-editor+sow-editor+sow-editor+sow-editor+sow-editor+sow-editor+skoda-offset+skoda-offset+sow-editor+sow-editor+sow-editor+sow-editor+sow-editor+sow-editor+skoda-offset+skoda-offset+sow-editor+sow-editor+sow-editor+sow-editor+sow-editor+sow-editor+sow-editor+sow-editor+sow-editor+sow-editor+sow-editor+sow-editor+sow-editor+sow-editor+sow-editor+sow-editor+sow-editor+sow-editor+skoda-offset+skoda-offset+sow-editor+sow-editor+sow-editor+sow-editor+sow-editor+sow-editor+skoda-offset+skoda-offset+sow-editor+sow-editor+sow-editor+sow-editor+sow-editor+sow-editor+skoda-offset+skoda-offset+sow-editor+sow-editor+sow-editor+sow-editor+sow-editor+sow-editor+sow-editor+sow-editor+sow-editor+sow-editor+sow-editor+sow-editor+skoda-offset+skoda-offset+sow-editor+sow-editor+sow-editor+sow-editor+sow-editor+sow-editor+sow-editor+sow-editor+sow-editor+sow-editor,,no
https://www.skoda-storyboard.com/en/lifestyle/people/adventure-in-the-shadow-of-mount-etna/,en,True,28,16,12,sow-editor+sow-editor+sow-editor+sow-editor+sow-editor+sow-editor+sow-editor+sow-editor+sow-editor+sow-editor+sow-editor+sow-editor,,no
https://www.skoda-storyboard.com/en/models/skoda-karoq-takes-the-prestigious-golden-steering-wheel/,en,True,38,24,1,sow-editor,,no
https://www.skoda-storyboard.com/en/skoda-world/innovation-and-technology/10-tips-that-may-help-you-save-fuel/,en,True,138,93,70,sow-editor+sow-editor+sow-editor+sow-editor+sow-editor+sow-editor+sow-editor+sow-editor+sow-editor+sow-editor+sow-editor+sow-editor+sow-editor+sow-editor+sow-editor+sow-editor+sow-editor+sow-editor+sow-editor+sow-editor+sow-editor+sow-editor+sow-editor+sow-editor+sow-editor+sow-editor+sow-editor+sow-editor+sow-editor+sow-editor+sow-editor+sow-editor+sow-editor+sow-editor+sow-editor+sow-editor+sow-editor+sow-editor+sow-editor+sow-editor+sow-editor+sow-editor+sow-editor+sow-editor+sow-editor+sow-editor+sow-editor+sow-editor+sow-editor+sow-editor+sow-editor+sow-editor+sow-editor+sow-editor+sow-editor+sow-editor+sow-editor+sow-editor+sow-editor+sow-editor+sow-editor+sow-editor+sow-editor+sow-editor+sow-editor+sow-editor+sow-editor+sow-editor+sow-editor+sow-editor,,no
https://www.skoda-storyboard.com/en/skoda-world/a-different-halloween-awaken-your-inner-child/,en,True,31,16,1,sow-editor,,no
https://www.skoda-storyboard.com/en/skoda-world/innovation-and-technology/meet-the-style-skoda-color-trim-design-team/,en,True,85,43,44,sow-editor+sow-editor+sow-editor+sow-editor+sow-editor+sow-editor+sow-editor+sow-editor+sow-editor+sow-editor+sow-editor+sow-editor+sow-editor+sow-editor+sow-editor+sow-editor+sow-editor+sow-editor+sow-editor+sow-editor+sow-editor+sow-editor+sow-editor+sow-editor+sow-editor+sow-editor+sow-editor+sow-editor+sow-editor+sow-editor+sow-editor+sow-editor+sow-editor+sow-editor+sow-editor+sow-editor+sow-editor+sow-editor+sow-editor+sow-editor+sow-editor+sow-editor+sow-editor+sow-editor,,no
https://www.skoda-storyboard.com/en/skoda-world/skoda-on-the-way-to-customers/,en,True,49,24,8,sow-editor+sow-editor+sow-editor+sow-editor+sow-editor+sow-editor+sow-editor+sow-editor,,no
https://www.skoda-storyboard.com/en/skoda-world/virtual-walk-through-historical-prague/,en,True,34,27,9,sow-editor+sow-editor+sow-editor+sow-editor+sow-editor+sow-editor+sow-editor+sow-editor+sow-editor,,no
https://www.skoda-storyboard.com/en/skoda-world/70-years-in-kvasiny/,en,True,28,14,1,sow-editor,,no
https://www.skoda-storyboard.com/en/lifestyle/people/how-skoda-helps/,en,True,64,42,44,sow-editor+sow-editor+sow-editor+sow-editor+sow-editor+sow-editor+sow-editor+sow-editor+sow-editor+sow-editor+sow-editor+sow-editor+sow-editor+sow-editor+sow-editor+sow-editor+sow-editor+sow-editor+sow-editor+sow-editor+sow-editor+sow-editor+sow-editor+sow-editor+sow-editor+sow-editor+skoda-quote+skoda-quote+sow-editor+sow-editor+sow-editor+sow-editor+sow-editor+sow-editor+sow-editor+sow-editor+sow-editor+sow-editor+sow-editor+sow-editor+sow-editor+sow-editor+sow-editor+sow-editor,,no
https://www.skoda-storyboard.com/en/skoda-world/90-years-of-vocational-training/,en,True,58,33,22,sow-editor+sow-editor+sow-editor+sow-editor+sow-editor+sow-editor+sow-editor+sow-editor+sow-editor+sow-editor+sow-editor+sow-editor+sow-editor+sow-editor+sow-editor+sow-editor+sow-editor+sow-editor+sow-editor+sow-editor+sow-editor+sow-editor,,no
https://www.skoda-storyboard.com/en/skoda-world/innovation-and-technology/skodas-new-live-tour/,en,True,34,16,2,sow-editor+sow-editor,,no
https://www.skoda-storyboard.com/en/models/parking-challenge-citigo-in-action/,en,True,61,30,20,sow-editor+sow-editor+sow-editor+sow-editor+sow-editor+sow-editor+sow-editor+sow-editor+sow-editor+sow-editor+sow-editor+sow-editor+sow-editor+sow-editor+sow-editor+sow-editor+sow-editor+sow-editor+sow-editor+sow-editor,,no
https://www.skoda-storyboard.com/en/skoda-world/innovation-and-technology/it-girls-are-changing-the-car-of-the-future/,en,True,39,26,10,sow-editor+sow-editor+skoda-offset+sow-editor+sow-editor+sow-editor+sow-editor+sow-editor+sow-editor+sow-editor,,no
https://www.skoda-storyboard.com/en/lifestyle/people/skoda-cars-on-postage-stamps/,en,True,26,12,6,sow-editor+sow-editor+sow-editor+sow-editor+sow-editor+sow-editor,,no
https://www.skoda-storyboard.com/en/skoda-world/innovation-and-technology/creating-art-for-skoda-showrooms/,en,True,18,7,31,sow-editor+sow-editor+sow-editor+sow-editor+sow-editor+sow-editor+sow-editor+sow-editor+sow-editor+sow-editor+sow-editor+sow-editor+sow-editor+sow-editor+sow-editor+sow-editor+sow-editor+sow-editor+sow-editor+sow-editor+sow-editor+sow-editor+sow-editor+sow-editor+sow-editor+sow-editor+sow-editor+sow-editor+sow-editor+sow-editor+sow-editor,,no
https://www.skoda-storyboard.com/en/skoda-world/20-million-reasons-to-celebrate/,en,True,176,131,144,sow-editor+sow-editor+sow-editor+sow-editor+sow-editor+sow-editor+sow-editor+sow-editor+sow-editor+sow-editor+sow-editor+sow-editor+sow-editor+sow-editor+sow-editor+sow-editor+sow-editor+sow-editor+sow-editor+sow-editor+sow-editor+sow-editor+sow-editor+sow-editor+sow-editor+sow-editor+sow-editor+sow-editor+sow-editor+sow-editor+sow-editor+sow-editor+sow-editor+sow-editor+sow-editor+sow-editor+sow-editor+sow-editor+sow-editor+sow-editor+sow-editor+sow-editor+sow-editor+sow-editor+sow-editor+sow-editor+sow-editor+sow-editor+sow-editor+sow-editor+sow-editor+sow-editor+sow-editor+sow-editor+sow-editor+sow-editor+sow-editor+sow-editor+sow-editor+sow-editor+sow-editor+sow-editor+sow-editor+sow-editor+sow-editor+sow-editor+sow-editor+sow-editor+sow-editor+sow-editor+sow-editor+sow-editor+sow-editor+sow-editor+sow-editor+sow-editor+sow-editor+sow-editor+sow-editor+sow-editor+sow-editor+sow-editor+sow-editor+sow-editor+sow-editor+sow-editor+sow-editor+sow-editor+sow-editor+sow-editor+sow-editor+sow-editor+sow-editor+sow-editor+sow-editor+sow-editor+sow-editor+sow-editor+sow-editor+sow-editor+sow-editor+sow-editor+sow-editor+sow-editor+sow-editor+sow-editor+sow-editor+sow-editor+sow-editor+sow-editor+sow-editor+sow-editor+sow-editor+sow-editor+sow-editor+sow-editor+sow-editor+sow-editor+sow-editor+sow-editor+sow-editor+sow-editor+sow-editor+sow-editor+sow-editor+sow-editor+sow-editor+sow-editor+sow-editor+sow-editor+sow-editor+sow-editor+sow-editor+sow-editor+sow-editor+sow-editor+sow-editor+sow-editor+sow-editor+sow-editor+sow-editor+sow-editor+sow-editor+sow-editor,,no
https://www.skoda-storyboard.com/en/skoda-world/making-of-video-behind-the-skoda-logo-story/,en,True,8,3,9,sow-editor+sow-editor+sow-editor+sow-editor+sow-editor+sow-editor+sow-editor+sow-editor+sow-editor,,no
https://www.skoda-storyboard.com/en/models/the-art-of-speed-pontus-tidemand-and-octavia-rs-245/,en,True,50,34,12,sow-editor+sow-editor+sow-editor+sow-editor+sow-editor+sow-editor+sow-editor+sow-editor+sow-editor+sow-editor+sow-editor+sow-editor,,no
https://www.skoda-storyboard.com/en/models/the-new-skoda-karoq-introduced-check-it-out/,en,True,32,16,1,skoda-quote,,no
https://www.skoda-storyboard.com/en/models/meet-skoda-kodiaq-scout/,en,True,58,32,22,sow-editor+sow-editor+sow-editor+sow-editor+sow-editor+sow-editor+sow-editor+sow-editor+sow-editor+sow-editor+sow-editor+sow-editor+sow-editor+sow-editor+sow-editor+sow-editor+sow-editor+sow-editor+sow-editor+sow-editor+sow-editor+sow-editor,,no
https://www.skoda-storyboard.com/en/skoda-world/marathon-runners-helping-children/,en,True,75,48,3,skoda-quote+sow-editor+sow-editor,,no
https://www.skoda-storyboard.com/en/skoda-world/enter-the-world-of-skoda-in-frankfurt/,en,True,28,15,10,sow-editor+sow-editor+sow-editor+sow-editor+sow-editor+sow-editor+sow-editor+sow-editor+sow-editor+sow-editor,,no
https://www.skoda-storyboard.com/en/models/meet-the-skoda-kodiaq-sportline/,en,True,58,35,22,sow-editor+sow-editor+sow-editor+sow-editor+sow-editor+sow-editor+sow-editor+sow-editor+sow-editor+sow-editor+sow-editor+sow-editor+sow-editor+sow-editor+sow-editor+sow-editor+sow-editor+sow-editor+sow-editor+sow-editor+sow-editor+sow-editor,,no
https://www.skoda-storyboard.com/en/concepts/take-a-close-look-at-the-vision-e-concept/,en,True,8,2,9,sow-editor+sow-editor+sow-editor+sow-editor+sow-slider+skoda-offset+sow-editor+sow-editor+sow-editor,,no
https://www.skoda-storyboard.com/en/media/livestream/skoda-in-frankfurt/,en,True,28,14,10,sow-editor+sow-editor+sow-editor+sow-editor+sow-editor+sow-editor+sow-editor+sow-editor+sow-editor+sow-editor,,no
https://www.skoda-storyboard.com/en/skoda-world/innovation-and-technology/powerful-and-efficient/,en,True,79,56,48,sow-editor+sow-editor+sow-editor+sow-editor+sow-editor+sow-editor+sow-editor+sow-editor+sow-editor+sow-editor+sow-editor+sow-editor+sow-editor+sow-editor+sow-editor+sow-editor+sow-editor+sow-editor+sow-editor+sow-editor+sow-editor+sow-editor+sow-editor+sow-editor+sow-editor+sow-editor+sow-editor+sow-editor+sow-editor+sow-editor+sow-editor+sow-editor+sow-editor+sow-editor+sow-editor+sow-editor+sow-editor+sow-editor+sow-editor+sow-editor+sow-editor+sow-editor+sow-editor+sow-editor+sow-editor+sow-editor+sow-editor+sow-editor,,no
https://www.skoda-storyboard.com/en/skoda-world/heritage/happy-birthday-dear-favorit/,en,True,55,43,16,sow-editor+sow-editor+sow-editor+sow-editor+sow-editor+sow-editor+sow-editor+sow-editor+sow-editor+sow-editor+skoda-quote+sow-editor+sow-editor+sow-editor+sow-editor+sow-editor,,no
https://www.skoda-storyboard.com/en/models/kodiaq/to-alaska-with-kodiaq/,en,True,23,12,16,sow-editor+sow-editor+sow-editor+sow-editor+sow-editor+sow-editor+sow-editor+sow-editor+skoda-quote+sow-editor+sow-editor+sow-editor+sow-editor+sow-editor+sow-editor+skoda-offset,,no
https://www.skoda-storyboard.com/en/models/citigo/visit-czechia-hidden-places-in-prague/,en,True,43,29,26,sow-editor+sow-editor+sow-editor+sow-editor+sow-editor+sow-editor+sow-editor+sow-editor+sow-editor+sow-editor+sow-editor+sow-editor+sow-editor+sow-editor+sow-editor+sow-editor+sow-editor+sow-editor+sow-editor+sow-editor+sow-editor+sow-editor+sow-editor+sow-editor+sow-editor+sow-editor,,no
https://www.skoda-storyboard.com/en/lifestyle/motorsport/world-champions-once-again/,en,True,8,3,15,sow-editor+sow-editor+sow-editor+sow-editor+skoda-quote+sow-editor+sow-editor+sow-editor+skoda-quote+sow-editor+sow-editor+sow-editor+sow-editor+skoda-quote+sow-editor,,no
https://www.skoda-storyboard.com/en/skoda-world/first-hand-classic-rally-experience/,en,True,62,47,11,sow-editor+sow-editor+sow-editor+sow-editor+sow-editor+sow-editor+sow-editor+sow-editor+sow-editor+sow-editor+sow-editor,,no
https://www.skoda-storyboard.com/en/skoda-world/driving-through-slovakia/,en,True,68,44,40,sow-editor+sow-editor+sow-editor+sow-editor+sow-editor+sow-editor+sow-editor+sow-editor+sow-editor+sow-editor+sow-editor+sow-editor+sow-editor+sow-editor+sow-editor+sow-editor+sow-editor+sow-editor+sow-editor+sow-editor+sow-editor+sow-editor+sow-editor+sow-editor+sow-editor+sow-editor+sow-editor+sow-editor+sow-editor+sow-editor+sow-editor+sow-editor+sow-editor+sow-editor+sow-editor+sow-editor+sow-editor+sow-editor+sow-editor+sow-editor,,no
https://www.skoda-storyboard.com/en/lifestyle/motorsport/remarkable-story-skoda-130-lr/,en,True,67,47,14,sow-editor+sow-editor+sow-editor+sow-editor+sow-editor+sow-editor+sow-editor+sow-editor+sow-editor+sow-editor+sow-editor+sow-editor+sow-editor+sow-editor,,no
https://www.skoda-storyboard.com/en/skoda-world/driving-through-austria/,en,True,66,30,38,sow-editor+sow-editor+sow-editor+sow-editor+sow-editor+sow-editor+sow-editor+sow-editor+sow-editor+sow-editor+sow-editor+sow-editor+sow-editor+sow-editor+sow-editor+sow-editor+sow-editor+sow-editor+sow-editor+sow-editor+sow-editor+sow-editor+sow-editor+sow-editor+sow-editor+sow-editor+sow-editor+sow-editor+sow-editor+sow-editor+sow-editor+sow-editor+sow-editor+sow-editor+sow-editor+sow-editor+sow-editor+sow-editor,,no
https://www.skoda-storyboard.com/en/models/discover-the-dna-of-the-skoda-suv-family/,en,True,13,6,18,sow-editor+sow-editor+sow-editor+sow-editor+sow-editor+sow-editor+sow-editor+sow-editor+sow-editor+sow-editor+sow-editor+sow-editor+sow-editor+sow-editor+sow-editor+sow-editor+sow-editor+sow-editor,,no
https://www.skoda-storyboard.com/en/skoda-world/driving-through-poland/,en,True,55,25,2,sow-editor+sow-editor,,no
https://www.skoda-storyboard.com/en/skoda-world/innovation-and-technology/childishly-simple-skoda-assistance-systems-part-3/,en,True,48,22,24,sow-editor+sow-editor+sow-editor+sow-editor+sow-editor+sow-editor+sow-editor+sow-editor+sow-editor+sow-editor+sow-editor+sow-editor+sow-editor+sow-editor+sow-editor+sow-editor+sow-editor+sow-editor+sow-editor+sow-editor+sow-editor+sow-editor+sow-editor+sow-editor,,no
https://www.skoda-storyboard.com/en/skoda-world/carefully-attended-jewels/,en,True,19,9,12,sow-editor+sow-editor+sow-editor+sow-editor+sow-editor+sow-editor+sow-editor+sow-editor+sow-editor+sow-editor+sow-editor+sow-editor,,no
https://www.skoda-storyboard.com/en/skoda-world/driving-through-germany/,en,True,55,25,2,sow-editor+sow-editor,,no
https://www.skoda-storyboard.com/en/lifestyle/people/recipe-for-success/,en,True,90,44,48,sow-editor+sow-editor+sow-editor+sow-editor+sow-editor+sow-editor+sow-editor+sow-editor+sow-editor+sow-editor+sow-editor+sow-editor+sow-editor+sow-editor+sow-editor+sow-editor+sow-editor+sow-editor+skoda-quote+skoda-quote+sow-editor+sow-editor+sow-editor+sow-editor+sow-editor+sow-editor+sow-editor+sow-editor+sow-editor+sow-editor+sow-editor+sow-editor+sow-editor+sow-editor+sow-editor+sow-editor+sow-editor+sow-editor+sow-editor+sow-editor+sow-editor+sow-editor+sow-editor+sow-editor+skoda-quote+skoda-quote+sow-editor+sow-editor,,no
https://www.skoda-storyboard.com/en/models/how-the-karoq-is-born/,en,True,82,36,1,skoda-quote,,no
https://www.skoda-storyboard.com/en/skoda-world/desert-cowboys-help-to-revitalize-tabernas/,en,True,59,36,3,sow-editor+sow-editor+sow-editor,,no
https://www.skoda-storyboard.com/en/skoda-world/driving-through-italy/,en,True,63,39,40,sow-editor+sow-editor+sow-editor+sow-editor+sow-editor+sow-editor+sow-editor+sow-editor+sow-editor+sow-editor+sow-editor+sow-editor+sow-editor+sow-editor+sow-editor+sow-editor+sow-editor+sow-editor+sow-editor+sow-editor+sow-editor+sow-editor+sow-editor+sow-editor+sow-editor+sow-editor+sow-editor+sow-editor+sow-editor+sow-editor+sow-editor+sow-editor+sow-editor+sow-editor+sow-editor+sow-editor+sow-editor+sow-editor+sow-editor+sow-editor,,no
https://www.skoda-storyboard.com/en/skoda-world/imagine-all-smiles-upon-us/,en,True,8,3,8,sow-editor+sow-editor+sow-editor+sow-editor+sow-editor+sow-editor+sow-editor+sow-editor,,no
https://www.skoda-storyboard.com/en/skoda-world/driving-through-croatia/,en,True,82,34,48,sow-editor+sow-editor+sow-editor+sow-editor+sow-editor+sow-editor+sow-editor+sow-editor+sow-editor+sow-editor+sow-editor+sow-editor+sow-editor+sow-editor+sow-editor+sow-editor+sow-editor+sow-editor+sow-editor+sow-editor+sow-editor+sow-editor+sow-editor+sow-editor+sow-editor+sow-editor+sow-editor+sow-editor+sow-editor+sow-editor+sow-editor+sow-editor+sow-editor+sow-editor+sow-editor+sow-editor+sow-editor+sow-editor+sow-editor+sow-editor+sow-editor+sow-editor+sow-editor+sow-editor+sow-editor+sow-editor+sow-editor+sow-editor,,no
https://www.skoda-storyboard.com/en/models/will-it-fit-karoq-versus-1000-bidons/,en,True,21,10,8,sow-editor+sow-editor+sow-editor+sow-editor+sow-editor+sow-editor+sow-editor+sow-editor,,no
https://www.skoda-storyboard.com/en/lifestyle/sports/cycling/crystal-gems-of-tour-de-france/,en,True,99,57,1,skoda-quote,,no
https://www.skoda-storyboard.com/en/skoda-world/driving-through-czech-republic/,en,True,93,40,52,sow-editor+sow-editor+sow-editor+sow-editor+sow-editor+sow-editor+sow-editor+sow-editor+sow-editor+sow-editor+sow-editor+sow-editor+sow-editor+sow-editor+sow-editor+sow-editor+sow-editor+sow-editor+sow-editor+sow-editor+sow-editor+sow-editor+sow-editor+sow-editor+sow-editor+sow-editor+sow-editor+sow-editor+sow-editor+sow-editor+sow-editor+sow-editor+sow-editor+sow-editor+sow-editor+sow-editor+sow-editor+sow-editor+sow-editor+sow-editor+sow-editor+sow-editor+sow-editor+sow-editor+sow-editor+sow-editor+sow-editor+sow-editor+sow-editor+sow-editor+sow-editor+sow-editor,,no
https://www.skoda-storyboard.com/en/lifestyle/motorsport/skoda-motorsport-success-built-on-tradition/,en,True,8,2,22,sow-editor+sow-editor+sow-editor+sow-editor+sow-editor+sow-editor+sow-editor+sow-editor+sow-editor+sow-editor+sow-editor+sow-editor+sow-editor+sow-editor+sow-editor+sow-editor+sow-editor+sow-editor+sow-editor+sow-editor+sow-editor+sow-editor,,no
https://www.skoda-storyboard.com/en/skoda-world/tour-de-france-with-skoda-karoq/,en,True,37,28,8,sow-editor+sow-editor+sow-editor+sow-editor+sow-editor+sow-editor+sow-editor+sow-editor,,no
https://www.skoda-storyboard.com/en/skoda-world/driving-through-europe/,en,True,109,43,62,sow-editor+sow-editor+sow-editor+sow-editor+sow-editor+sow-editor+sow-editor+sow-editor+sow-editor+sow-editor+sow-editor+sow-editor+sow-editor+sow-editor+sow-editor+sow-editor+sow-editor+sow-editor+sow-editor+sow-editor+sow-editor+sow-editor+sow-editor+sow-editor+sow-editor+sow-editor+sow-editor+sow-editor+sow-editor+sow-editor+sow-editor+sow-editor+sow-editor+sow-editor+sow-editor+sow-editor+sow-editor+sow-editor+sow-editor+sow-editor+sow-editor+sow-editor+sow-editor+sow-editor+sow-editor+sow-editor+sow-editor+sow-editor+sow-editor+sow-editor+sow-editor+sow-editor+sow-editor+sow-editor+sow-editor+sow-editor+sow-editor+sow-editor+sow-editor+sow-editor+sow-editor+sow-editor,,no
https://www.skoda-storyboard.com/en/skoda-world/streamlined-tear-drop/,en,True,8,2,10,sow-editor+sow-editor+sow-editor+sow-editor+sow-editor+sow-editor+sow-editor+sow-editor+sow-editor+sow-editor,,no
https://www.skoda-storyboard.com/en/lifestyle/sports/cycling/tour-de-other-countries/,en,True,8,4,2,sow-editor+sow-editor,,no
https://www.skoda-storyboard.com/en/skoda-world/innovation-and-technology/childishly-simple-skoda-assistance-systems-part-2/,en,True,43,19,22,sow-editor+sow-editor+sow-editor+sow-editor+sow-editor+sow-editor+sow-editor+sow-editor+sow-editor+sow-editor+sow-editor+sow-editor+sow-editor+sow-editor+sow-editor+sow-editor+sow-editor+sow-editor+sow-editor+sow-editor+sow-editor+sow-editor,,no
https://www.skoda-storyboard.com/en/skoda-world/15-million-cars-since-1991/,en,True,61,50,34,sow-editor+sow-editor+sow-editor+sow-editor+sow-editor+sow-editor+sow-editor+sow-editor+sow-editor+sow-editor+sow-editor+sow-editor+sow-editor+sow-editor+sow-editor+sow-editor+sow-editor+sow-editor+sow-editor+sow-editor+sow-editor+sow-editor+sow-editor+sow-editor+sow-editor+sow-editor+sow-editor+sow-editor+sow-editor+sow-editor+sow-editor+sow-editor+sow-editor+sow-editor,,no
https://www.skoda-storyboard.com/en/models/a-new-student-car-the-skoda-element/,en,True,93,50,10,sow-editor+sow-editor+sow-editor+sow-editor+sow-editor+sow-editor+sow-editor+sow-editor+sow-editor+sow-editor,,no
https://www.skoda-storyboard.com/en/models/kodiaq/100-years-of-tradition-skoda-ambulances/,en,True,8,5,14,sow-editor+sow-editor+sow-editor+sow-editor+sow-editor+sow-editor+sow-editor+sow-editor+sow-editor+sow-editor+sow-editor+sow-editor+sow-editor+sow-editor,,no
https://www.skoda-storyboard.com/en/models/octavia/yoga-it/,en,True,114,61,2,sow-editor+sow-editor,,no
https://www.skoda-storyboard.com/en/models/frankfurt-vertical/,en,True,53,30,26,sow-editor+sow-editor+sow-editor+sow-editor+sow-editor+sow-editor+sow-editor+sow-editor+sow-editor+sow-editor+sow-editor+sow-editor+sow-editor+sow-editor+sow-editor+sow-editor+sow-editor+sow-editor+sow-editor+sow-editor+sow-editor+sow-editor+sow-editor+sow-editor+sow-editor+sow-editor,,no
https://www.skoda-storyboard.com/en/skoda-world/innovation-and-technology/close-up-through-the-microscope/,en,True,140,76,74,sow-editor+sow-editor+sow-editor+sow-editor+sow-editor+sow-editor+sow-editor+sow-editor+sow-editor+sow-editor+sow-editor+sow-editor+sow-editor+sow-editor+sow-editor+sow-editor+sow-editor+sow-editor+sow-editor+sow-editor+sow-editor+sow-editor+sow-editor+sow-editor+sow-editor+sow-editor+sow-editor+sow-editor+sow-editor+sow-editor+sow-editor+sow-editor+sow-editor+sow-editor+sow-editor+sow-editor+sow-editor+sow-editor+sow-editor+sow-editor+sow-editor+sow-editor+sow-editor+sow-editor+sow-editor+sow-editor+sow-editor+sow-editor+sow-editor+sow-editor+sow-editor+sow-editor+sow-editor+sow-editor+sow-editor+sow-editor+sow-editor+sow-editor+sow-editor+sow-editor+sow-editor+sow-editor+sow-editor+sow-editor+sow-editor+sow-editor+sow-editor+sow-editor+sow-editor+sow-editor+sow-editor+sow-editor+skoda-offset+skoda-offset,,no
https://www.skoda-storyboard.com/en/models/kodiaq/stargazing-with-the-kodiaq/,en,True,74,44,30,sow-editor+sow-editor+sow-editor+sow-editor+sow-editor+sow-editor+sow-editor+sow-editor+sow-editor+sow-editor+sow-editor+sow-editor+sow-editor+sow-editor+sow-editor+sow-editor+sow-editor+sow-editor+sow-editor+sow-editor+sow-editor+sow-editor+sow-editor+sow-editor+sow-editor+sow-editor+sow-editor+sow-editor+sow-editor+sow-editor,,no
https://www.skoda-storyboard.com/en/skoda-world/innovation-and-technology/life-in-the-lab/,en,True,49,22,20,sow-editor+sow-editor+sow-editor+sow-editor+sow-editor+sow-editor+sow-editor+sow-editor+sow-editor+sow-editor+sow-editor+sow-editor+sow-editor+sow-editor+sow-editor+sow-editor+sow-editor+sow-editor+sow-editor+sow-editor,,no
https://www.skoda-storyboard.com/en/skoda-world/18-cents-a-spin/,en,True,29,14,2,sow-editor+sow-editor,,no
https://www.skoda-storyboard.com/en/lifestyle/sports/ice-hockey-and-skoda-go-together/,en,True,52,30,32,sow-editor+sow-editor+sow-editor+sow-editor+sow-editor+sow-editor+sow-editor+sow-editor+skoda-quote+skoda-quote+sow-editor+sow-editor+sow-editor+sow-editor+sow-editor+sow-editor+skoda-quote+skoda-quote+sow-editor+sow-editor+skoda-quote+skoda-quote+sow-editor+sow-editor+sow-editor+sow-editor+sow-editor+sow-editor+skoda-quote+skoda-quote+sow-editor+sow-editor,,no
https://www.skoda-storyboard.com/en/skoda-world/letape-du-tour/,en,True,85,54,70,sow-editor+sow-editor+sow-editor+sow-editor+sow-editor+sow-editor+sow-editor+sow-editor+sow-editor+sow-editor+sow-editor+sow-editor+sow-editor+sow-editor+skoda-offset+skoda-offset+sow-editor+sow-editor+skoda-offset+skoda-offset+sow-editor+sow-editor+sow-editor+sow-editor+sow-editor+sow-editor+sow-editor+sow-editor+skoda-offset+skoda-offset+sow-editor+sow-editor+skoda-offset+skoda-offset+sow-editor+sow-editor+skoda-offset+skoda-offset+sow-editor+sow-editor+skoda-offset+skoda-offset+sow-editor+sow-editor+skoda-offset+skoda-offset+sow-editor+sow-editor+skoda-offset+skoda-offset+sow-editor+sow-editor+skoda-offset+skoda-offset+sow-editor+sow-editor+sow-editor+sow-editor+sow-editor+sow-editor+sow-editor+sow-editor+sow-editor+sow-editor+sow-editor+sow-editor+skoda-offset+skoda-offset+sow-editor+sow-editor,,no
https://www.skoda-storyboard.com/en/models/the-karoq-naming-story/,en,True,38,32,18,sow-editor+sow-editor+sow-editor+sow-editor+sow-editor+sow-editor+sow-editor+sow-editor+sow-editor+sow-editor+sow-editor+sow-editor+sow-editor+sow-editor+sow-editor+sow-editor+sow-editor+sow-editor,,no
https://www.skoda-storyboard.com/en/models/skoda-karoq-no-more-secrets/,en,True,74,43,44,sow-editor+sow-editor+sow-editor+sow-editor+sow-editor+sow-editor+sow-editor+sow-editor+skoda-quote+skoda-quote+sow-editor+sow-editor+sow-editor+sow-editor+sow-editor+sow-editor+sow-editor+sow-editor+sow-editor+sow-editor+sow-editor+sow-editor+sow-editor+sow-editor+sow-editor+sow-editor+sow-editor+sow-editor+sow-editor+sow-editor+sow-editor+sow-editor+sow-editor+sow-editor+sow-editor+sow-editor+sow-editor+sow-editor+sow-editor+sow-editor+sow-editor+sow-editor+sow-editor+sow-editor,,no
https://www.skoda-storyboard.com/en/media/livestream/skoda-karoq-world-premiere/,en,True,8,4,2,sow-editor+sow-editor,,no
https://www.skoda-storyboard.com/en/models/road-to-stockholm-with-the-karoq-part-3-sweden/,en,True,128,87,1,skoda-quote,,no
https://www.skoda-storyboard.com/en/models/road-to-stockholm-with-the-karoq-part-2-germany/,en,True,211,145,1,skoda-quote,,no
https://www.skoda-storyboard.com/en/models/road-to-stockholm-with-the-karoq-part-1-czechia/,en,True,125,95,4,sow-editor+sow-editor+sow-editor+sow-editor,,no
https://www.skoda-storyboard.com/en/lifestyle/sports/dream-rink-how-to-make-perfect-ice/,en,True,43,23,3,sow-editor+sow-editor+skoda-quote,,no
https://www.skoda-storyboard.com/en/skoda-world/innovation-and-technology/what-drives-you-berlin-skoda/,en,True,23,9,8,sow-editor+sow-editor+sow-editor+sow-editor+sow-editor+sow-editor+sow-editor+sow-editor,,no
https://www.skoda-storyboard.com/en/models/million-kilometres-in-a-fabia/,en,True,43,21,18,sow-editor+sow-editor+sow-editor+sow-editor+sow-editor+sow-editor+sow-editor+sow-editor+sow-editor+sow-editor+sow-editor+sow-editor+sow-editor+sow-editor+sow-editor+sow-editor+sow-editor+sow-editor,,no
https://www.skoda-storyboard.com/en/models/tracking-karoq-in-the-wild/,en,True,18,8,6,sow-editor+sow-editor+sow-editor+sow-editor+sow-editor+sow-editor,,no
https://www.skoda-storyboard.com/en/skoda-world/the-first-european-referee-in-nhl/,en,True,40,24,1,sow-editor,,no
https://www.skoda-storyboard.com/en/skoda-world/25-years-with-hockey/,en,True,33,18,12,sow-editor+sow-editor+sow-editor+sow-editor+sow-editor+sow-editor+sow-editor+sow-editor+sow-editor+sow-editor+sow-editor+sow-editor,,no
https://www.skoda-storyboard.com/en/skoda-world/innovation-and-technology/vision-of-a-digital-future/,en,True,29,15,12,sow-editor+sow-editor+sow-editor+sow-editor+sow-editor+sow-editor+sow-editor+sow-editor+sow-editor+sow-editor+sow-editor+sow-editor,,no
https://www.skoda-storyboard.com/en/models/fabia/visit-czechia-most-romantic-places/,en,True,68,32,30,sow-editor+sow-editor+sow-editor+sow-editor+sow-editor+sow-editor+sow-editor+sow-editor+sow-editor+sow-editor+sow-editor+sow-editor+sow-editor+sow-editor+sow-editor+sow-editor+sow-editor+sow-editor+sow-editor+sow-editor+sow-editor+sow-editor+sow-editor+sow-editor+sow-editor+sow-editor+sow-editor+sow-editor+sow-editor+sow-editor,,no
https://www.skoda-storyboard.com/en/models/karoq/the-karoq-story/,en,True,35,20,16,sow-editor+sow-editor+sow-editor+sow-editor+sow-editor+sow-editor+sow-editor+sow-editor+sow-editor+sow-editor+sow-editor+sow-editor+sow-editor+sow-editor+sow-editor+sow-editor,,no
https://www.skoda-storyboard.com/en/skoda-world/innovation-and-technology/experts-behind-the-vision-e/,en,True,48,42,10,sow-editor+sow-editor+sow-editor+sow-editor+sow-editor+sow-editor+sow-editor+sow-editor+sow-editor+sow-editor,,no
https://www.skoda-storyboard.com/en/models/kodiaq-off-road/,en,True,14,4,6,sow-editor+sow-editor+sow-editor+sow-editor+sow-editor+sow-editor,,no
https://www.skoda-storyboard.com/en/skoda-world/innovation-and-technology/8-steps-to-a-new-concept-car/,en,True,59,49,7,sow-editor+sow-editor+sow-editor+sow-editor+sow-editor+sow-editor+sow-editor,,no
https://www.skoda-storyboard.com/en/skoda-world/innovation-and-technology/vision-e-premiere-in-shanghai/,en,True,18,12,6,sow-editor+sow-editor+sow-editor+sow-editor+sow-editor+sow-editor,,no
https://www.skoda-storyboard.com/en/models/visit-czechia-jeseniky-mountains/,en,True,42,23,22,sow-editor+sow-editor+sow-editor+sow-editor+sow-editor+sow-editor+sow-editor+sow-editor+sow-editor+sow-editor+sow-editor+sow-editor+sow-editor+sow-editor+sow-editor+sow-editor+sow-editor+sow-editor+sow-editor+sow-editor+sow-editor+sow-editor,,no
https://www.skoda-storyboard.com/en/skoda-world/my-excellent-dog-life/,en,True,85,62,48,sow-editor+sow-editor+sow-editor+sow-editor+sow-editor+sow-editor+sow-editor+sow-editor+sow-editor+sow-editor+sow-editor+sow-editor+sow-editor+sow-editor+sow-editor+sow-editor+sow-editor+sow-editor+sow-editor+sow-editor+sow-editor+sow-editor+sow-editor+sow-editor+sow-editor+sow-editor+sow-editor+sow-editor+sow-editor+sow-editor+sow-editor+sow-editor+sow-editor+sow-editor+sow-editor+sow-editor+sow-editor+sow-editor+sow-editor+sow-editor+sow-editor+sow-editor+sow-editor+sow-editor+sow-editor+sow-editor+sow-editor+sow-editor,,no
https://www.skoda-storyboard.com/en/models/kodiaq-soars-over-the-swiss-alps/,en,True,8,2,2,sow-editor+sow-editor,,no
https://www.skoda-storyboard.com/en/skoda-world/innovation-and-technology/keeping-germs-away-from-your-car/,en,True,8,2,2,sow-editor+sow-editor,,no
https://www.skoda-storyboard.com/en/models/kodiaq-road-trip/,en,True,8,2,2,sow-editor+sow-editor,,no
https://www.skoda-storyboard.com/en/models/will-it-fit-kodiaq-vs-rugby-team/,en,True,8,4,2,sow-editor+sow-editor,,no
https://www.skoda-storyboard.com/en/skoda-world/innovation-and-technology/vision-e-skodas-charged-future/,en,True,38,27,5,sow-editor+sow-editor+sow-editor+sow-editor+sow-editor,,no
https://www.skoda-storyboard.com/en/models/the-highest-level-of-comfort-for-seated-giants/,en,True,25,18,1,skoda-quote,,no
https://www.skoda-storyboard.com/en/skoda-world/innovation-and-technology/skoda-design-dna/,en,True,23,16,8,sow-editor+sow-editor+sow-editor+sow-editor+sow-editor+sow-editor+sow-editor+sow-editor,,no
https://www.skoda-storyboard.com/en/skoda-world/innovation-and-technology/10-tips-for-travelling-with-pets/,en,True,35,16,16,sow-editor+sow-editor+sow-editor+sow-editor+sow-editor+sow-editor+sow-editor+sow-editor+sow-editor+sow-editor+sow-editor+sow-editor+sow-editor+sow-editor+sow-editor+sow-editor,,no
https://www.skoda-storyboard.com/en/skoda-world/innovation-and-technology/simply-clever-simply-quick/,en,True,33,12,12,sow-editor+sow-editor+sow-editor+sow-editor+sow-editor+sow-editor+sow-editor+sow-editor+sow-editor+sow-editor+sow-editor+sow-editor,,no
https://www.skoda-storyboard.com/en/skoda-world/giant-construction-the-skoda-stand-in-geneva/,en,True,18,10,10,sow-editor+sow-editor+sow-editor+sow-editor+sow-editor+sow-editor+sow-editor+sow-editor+sow-editor+sow-editor,,no
https://www.skoda-storyboard.com/en/models/skoda-not-only-cars-for-grown-ups/,en,True,13,5,6,sow-editor+sow-editor+sow-editor+sow-editor+sow-editor+sow-editor,,no
https://www.skoda-storyboard.com/en/lifestyle/sports/a-new-predator-in-the-world-rally-championship/,en,True,8,4,2,sow-editor+sow-editor,,no
https://www.skoda-storyboard.com/en/skoda-world/engine-indulgence/,en,True,133,82,74,sow-editor+sow-editor+sow-editor+sow-editor+sow-editor+sow-editor+sow-editor+sow-editor+sow-editor+sow-editor+sow-editor+sow-editor+sow-editor+sow-editor+sow-editor+sow-editor+sow-editor+sow-editor+sow-editor+sow-editor+sow-editor+sow-editor+sow-editor+sow-editor+sow-editor+sow-editor+sow-editor+sow-editor+sow-editor+sow-editor+sow-editor+sow-editor+sow-editor+sow-editor+sow-editor+sow-editor+sow-editor+sow-editor+sow-editor+sow-editor+sow-editor+sow-editor+sow-editor+sow-editor+sow-editor+sow-editor+sow-editor+sow-editor+sow-editor+sow-editor+sow-editor+sow-editor+sow-editor+sow-editor+sow-editor+sow-editor+sow-editor+sow-editor+sow-editor+sow-editor+sow-editor+sow-editor+sow-editor+sow-editor+sow-editor+sow-editor+sow-editor+sow-editor+sow-editor+sow-editor+sow-editor+sow-editor+sow-editor+sow-editor,,no
https://www.skoda-storyboard.com/en/skoda-world/is-your-bike-really-safe/,en,True,18,9,6,sow-editor+sow-editor+sow-editor+sow-editor+sow-editor+sow-editor,,no
https://www.skoda-storyboard.com/en/lifestyle/people/an-international-womens-day-surprise/,en,True,24,10,10,sow-editor+sow-editor+sow-editor+sow-editor+sow-editor+sow-editor+sow-editor+sow-editor+sow-editor+sow-editor,,no
https://www.skoda-storyboard.com/en/models/walk-through-the-skoda-booth-in-geneva/,en,True,8,2,2,sow-editor+sow-editor,,no
https://www.skoda-storyboard.com/en/models/skoda-world-premieres-in-geneva/,en,True,8,2,2,sow-editor+sow-editor,,no
https://www.skoda-storyboard.com/en/skoda-world/innovation-and-technology/childishly-simple-skoda-assistance-systems/,en,True,43,19,22,sow-editor+sow-editor+sow-editor+sow-editor+sow-editor+sow-editor+sow-editor+sow-editor+sow-editor+sow-editor+sow-editor+sow-editor+sow-editor+sow-editor+sow-editor+sow-editor+sow-editor+sow-editor+sow-editor+sow-editor+sow-editor+sow-editor,,no
https://www.skoda-storyboard.com/en/models/the-cliff-whisperer/,en,True,42,29,15,sow-editor+sow-editor+sow-editor+sow-editor+sow-editor+skoda-quote+sow-editor+sow-editor+sow-editor+sow-editor+sow-editor+sow-editor+sow-editor+sow-editor+sow-editor,,no
https://www.skoda-storyboard.com/en/models/kodiaq-skinned-to-the-bone/,en,True,62,34,8,sow-editor+sow-editor+sow-editor+sow-editor+sow-editor+sow-editor+sow-editor+sow-editor,,no
https://www.skoda-storyboard.com/en/lifestyle/sports/cycling/mumbai-the-ultimate-bike-challenge/,en,True,13,6,6,sow-editor+sow-editor+sow-editor+sow-editor+sow-editor+sow-editor,,no
https://www.skoda-storyboard.com/en/lifestyle/people/a-skoda-love-story/,en,True,37,16,26,sow-editor+sow-editor+sow-editor+sow-editor+sow-editor+sow-editor+sow-editor+sow-editor+skoda-quote+skoda-quote+sow-editor+sow-editor+sow-editor+sow-editor+sow-editor+sow-editor+sow-editor+sow-editor+skoda-quote+skoda-quote+sow-editor+sow-editor+sow-editor+sow-editor+sow-editor+sow-editor,,no
https://www.skoda-storyboard.com/en/skoda-world/new-record-kodiaq-and-275-people-in-a-bubble/,en,True,51,34,2,sow-editor+skoda-quote,,no
https://www.skoda-storyboard.com/en/lifestyle/people/skodas-vintage-car-workshop-in-the-ore-mountains/,en,True,39,23,4,sow-editor+sow-editor+skoda-quote+sow-editor,,no
https://www.skoda-storyboard.com/en/skoda-world/responsibility/laughter-is-indeed-the-best-medicine/,en,True,83,54,5,sow-editor+skoda-quote+skoda-quote+sow-editor+sow-editor,,no
https://www.skoda-storyboard.com/en/models/discover-bilbao/,en,True,8,5,2,sow-editor+sow-editor,,no
https://www.skoda-storyboard.com/en/models/the-glowing-trademark/,en,True,99,51,48,sow-editor+sow-editor+sow-editor+sow-editor+sow-editor+sow-editor+sow-editor+sow-editor+sow-editor+sow-editor+sow-editor+sow-editor+sow-editor+sow-editor+sow-editor+sow-editor+sow-editor+sow-editor+sow-editor+sow-editor+sow-editor+sow-editor+sow-editor+sow-editor+sow-editor+sow-editor+sow-editor+sow-editor+sow-editor+sow-editor+sow-editor+sow-editor+sow-editor+sow-editor+sow-editor+sow-editor+sow-editor+sow-editor+sow-editor+sow-editor+sow-editor+sow-editor+sow-editor+sow-editor+sow-editor+sow-editor+sow-editor+sow-editor,,no
https://www.skoda-storyboard.com/en/lifestyle/motorsport/extraordinary-interview/,en,True,129,69,3,skoda-offset+skoda-offset+skoda-offset,,no
https://www.skoda-storyboard.com/en/skoda-world/heritage/skoda-advertising-through-the-ages/,en,True,113,58,13,sow-editor+sow-editor+sow-editor+sow-editor+sow-editor+sow-editor+sow-editor+sow-editor+sow-editor+sow-editor+sow-editor+sow-editor+sow-editor,,no
https://www.skoda-storyboard.com/en/models/new-skoda-octavia-its-own-way/,en,True,94,55,56,sow-editor+sow-editor+sow-editor+sow-editor+sow-editor+sow-editor+skoda-quote+skoda-quote+sow-editor+sow-editor+sow-editor+sow-editor+sow-editor+sow-editor+sow-editor+sow-editor+sow-editor+sow-editor+sow-editor+sow-editor+sow-editor+sow-editor+sow-editor+sow-editor+sow-editor+sow-editor+skoda-quote+skoda-quote+sow-editor+sow-editor+sow-editor+sow-editor+sow-editor+sow-editor+sow-editor+sow-editor+sow-editor+sow-editor+sow-editor+sow-editor+sow-editor+sow-editor+sow-editor+sow-editor+sow-editor+sow-editor+sow-editor+sow-editor+sow-editor+sow-editor+sow-editor+sow-editor+sow-editor+sow-editor+sow-editor+sow-editor,,no
https://www.skoda-storyboard.com/en/models/the-upgraded-skoda-octavia/,en,False,0,0,0,,,no
https://www.skoda-storyboard.com/en/models/hunting-the-yeti-in-the-clouds/,en,True,69,34,42,sow-editor+sow-editor+sow-editor+sow-editor+sow-editor+sow-editor+sow-editor+sow-editor+sow-editor+sow-editor+sow-editor+sow-editor+skoda-quote+skoda-quote+sow-editor+sow-editor+sow-editor+sow-editor+sow-editor+sow-editor+sow-editor+sow-editor+sow-editor+sow-editor+sow-editor+sow-editor+sow-editor+sow-editor+sow-editor+sow-editor+sow-editor+sow-editor+sow-editor+sow-editor+sow-editor+sow-editor+sow-editor+sow-editor+sow-editor+sow-editor+skoda-quote+skoda-quote,,no
https://www.skoda-storyboard.com/en/models/one-night-to-conquer-paris/,en,True,35,36,9,sow-editor+sow-editor+sow-editor+sow-editor+sow-editor+sow-editor+sow-editor+sow-editor+sow-editor,,no
https://www.skoda-storyboard.com/en/lifestyle/people/new-year-is-coming/,en,True,123,74,64,sow-editor+sow-editor+sow-editor+sow-editor+sow-editor+sow-editor+sow-editor+sow-editor+sow-editor+sow-editor+sow-editor+sow-editor+sow-editor+sow-editor+sow-editor+sow-editor+sow-editor+sow-editor+sow-editor+sow-editor+sow-editor+sow-editor+sow-editor+sow-editor+sow-editor+sow-editor+sow-editor+sow-editor+sow-editor+sow-editor+sow-editor+sow-editor+sow-editor+sow-editor+sow-editor+sow-editor+sow-editor+sow-editor+sow-editor+sow-editor+sow-editor+sow-editor+sow-editor+sow-editor+sow-editor+sow-editor+sow-editor+sow-editor+sow-editor+sow-editor+sow-editor+sow-editor+sow-editor+sow-editor+sow-editor+sow-editor+sow-editor+sow-editor+sow-editor+sow-editor+sow-editor+sow-editor+sow-editor+sow-editor,,no
https://www.skoda-storyboard.com/en/skoda-world/lets-play-a-game-2/,en,True,48,22,16,sow-editor+sow-editor+sow-editor+sow-editor+sow-editor+sow-editor+sow-editor+sow-editor+sow-editor+sow-editor+sow-editor+sow-editor+sow-editor+sow-editor+sow-editor+sow-editor,,no
https://www.skoda-storyboard.com/en/lifestyle/people/road-to-christmas-with-bernhard-maier/,en,True,25,14,1,skoda-quote,,no
https://www.skoda-storyboard.com/en/skoda-world/innovation-and-technology/christmas-playlist/,en,True,18,8,18,sow-editor+sow-editor+sow-editor+sow-editor+sow-editor+sow-editor+sow-editor+sow-editor+sow-editor+sow-editor+sow-editor+sow-editor+sow-editor+sow-editor+sow-editor+sow-editor+sow-editor+sow-editor,,no
https://www.skoda-storyboard.com/en/lifestyle/people/road-to-christmas-with-tereza-maxova/,en,True,37,16,1,skoda-quote,,no
https://www.skoda-storyboard.com/en/lifestyle/people/how-to-drawa-colourless-car/,en,True,48,25,28,sow-editor+sow-editor+sow-editor+sow-editor+skoda-quote+skoda-quote+sow-editor+sow-editor+sow-editor+sow-editor+sow-editor+sow-editor+sow-editor+sow-editor+sow-editor+sow-editor+skoda-quote+skoda-quote+sow-editor+sow-editor+sow-editor+sow-editor+sow-editor+sow-editor+sow-editor+sow-editor+sow-editor+sow-editor,,no
https://www.skoda-storyboard.com/en/models/superb/distinctive-as-christmas-that-new-car-smell/,en,True,53,26,1,skoda-quote,,no
https://www.skoda-storyboard.com/en/skoda-world/on-land-on-water-through-the-air/,en,True,34,17,1,skoda-quote,,no
https://www.skoda-storyboard.com/en/lifestyle/people/road-to-christmas-with-ondrej-synek/,en,True,42,20,1,sow-editor,,no
https://www.skoda-storyboard.com/en/lifestyle/people/the-future-of-fincas/,en,True,64,22,42,sow-editor+sow-editor+sow-editor+sow-editor+sow-editor+sow-editor+sow-editor+sow-editor+skoda-quote+skoda-quote+sow-editor+sow-editor+sow-editor+sow-editor+sow-editor+sow-editor+sow-editor+sow-editor+sow-editor+sow-editor+sow-editor+sow-editor+skoda-quote+skoda-quote+sow-editor+sow-editor+sow-editor+sow-editor+sow-editor+sow-editor+sow-editor+sow-editor+skoda-offset+skoda-offset+skoda-quote+skoda-quote+sow-editor+sow-editor+sow-editor+sow-editor+sow-editor+sow-editor,,no
https://www.skoda-storyboard.com/en/skoda-world/driven-by-desire/,en,True,15,11,16,sow-editor+sow-editor+sow-editor+sow-editor+sow-editor+sow-editor+sow-editor+sow-editor+sow-editor+sow-editor+sow-editor+sow-editor+sow-editor+sow-editor+sow-editor+sow-editor,,no
https://www.skoda-storyboard.com/en/lifestyle/people/road-to-christmas-with-jan-kopecky/,en,True,36,18,2,sow-editor+skoda-offset,,no
https://www.skoda-storyboard.com/en/lifestyle/motorsport/a-season-of-skoda-fabia-r5-success/,en,True,81,40,40,sow-editor+sow-editor+sow-editor+sow-editor+sow-editor+sow-editor+sow-editor+sow-editor+sow-editor+sow-editor+sow-editor+sow-editor+sow-editor+sow-editor+skoda-offset+skoda-offset+skoda-quote+skoda-quote+sow-editor+sow-editor+sow-editor+sow-editor+sow-editor+sow-editor+sow-editor+sow-editor+sow-editor+sow-editor+sow-editor+sow-editor+sow-editor+sow-editor+sow-editor+sow-editor+sow-editor+sow-editor+sow-editor+sow-editor+sow-editor+sow-editor,,no
https://www.skoda-storyboard.com/en/skoda-world/innovation-and-technology/completing-da-vinci-where-engineering-meets-ingenuity/,en,True,13,8,7,sow-editor+skoda-quote+sow-editor+sow-editor+sow-editor+sow-editor+sow-editor,,no
https://www.skoda-storyboard.com/en/models/over-hill-and-dale-to-the-first-lesson/,en,True,42,20,1,skoda-quote,,no
https://www.skoda-storyboard.com/en/lifestyle/people/road-to-christmas/,en,False,0,0,0,,,no
https://www.skoda-storyboard.com/en/concepts/prank-you-very-much/,en,True,36,29,4,skoda-captioned-image+sow-editor+sow-editor+skoda-captioned-image,skoda-captioned-image,yes
https://www.skoda-storyboard.com/en/models/the-millionth-one/,en,True,39,20,20,sow-editor+sow-editor+sow-editor+sow-editor+sow-editor+sow-editor+sow-editor+sow-editor+sow-editor+sow-editor+sow-editor+sow-editor+sow-editor+sow-editor+sow-editor+sow-editor+sow-editor+sow-editor+skoda-quote+skoda-quote,,no
https://www.skoda-storyboard.com/en/lifestyle/sports/world-champions/,en,True,36,16,18,sow-editor+sow-editor+sow-editor+sow-editor+sow-editor+sow-editor+sow-editor+sow-editor+sow-editor+sow-editor+sow-editor+sow-editor+sow-editor+sow-editor+sow-editor+sow-editor+sow-editor+sow-editor,,no
https://www.skoda-storyboard.com/en/skoda-world/innovation-and-technology/when-idea-becomes-reality/,en,True,53,20,15,sow-editor+sow-editor+sow-editor+sow-editor+sow-editor+sow-editor+sow-editor+sow-editor+sow-editor+sow-editor+sow-editor+sow-editor+sow-editor+sow-editor+sow-editor,,no
https://www.skoda-storyboard.com/en/lifestyle/sports/let-your-spirit-flow/,en,True,19,12,6,skoda-quote+sow-editor+skoda-quote+sow-editor+sow-editor+sow-editor,,no
https://www.skoda-storyboard.com/en/models/mission-unaccomplished/,en,True,18,6,22,sow-editor+sow-editor+skoda-quote+sow-editor+sow-editor+sow-editor+sow-editor+skoda-quote+sow-editor+sow-editor+sow-editor+sow-editor+sow-editor+sow-editor+sow-editor+sow-editor+sow-editor+sow-editor+sow-editor+sow-editor+sow-editor+skoda-quote,,no
https://www.skoda-storyboard.com/en/skoda-world/from-garlanded-wheel-to-winged-arrow/,en,True,50,16,34,sow-editor+sow-editor+sow-editor+sow-editor+sow-editor+sow-editor+sow-editor+sow-editor+sow-editor+sow-editor+sow-editor+sow-editor+sow-editor+sow-editor+sow-editor+sow-editor+sow-editor+sow-editor+sow-editor+sow-editor+sow-editor+sow-editor+sow-editor+sow-editor+sow-editor+sow-editor+sow-editor+sow-editor+sow-editor+sow-editor+sow-editor+sow-editor+sow-editor+sow-editor,,no
https://www.skoda-storyboard.com/en/lifestyle/sports/blood-in-the-fast-lane/,en,True,20,6,10,sow-editor+sow-editor+sow-editor+sow-editor+sow-editor+sow-editor+sow-editor+sow-editor+sow-editor+sow-editor,,no
https://www.skoda-storyboard.com/en/skoda-world/honzas-fairy-tales/,en,True,8,2,20,skoda-quote+sow-editor+sow-image+sow-editor+sow-image+sow-editor+sow-image+sow-editor+sow-editor+sow-image+sow-editor+sow-image+sow-editor+sow-image+sow-image+sow-editor+sow-editor+sow-editor+sow-editor+sow-image,sow-image,yes
https://www.skoda-storyboard.com/en/models/yeti/around-the-world-without-leaving-russia/,en,True,127,78,1,skoda-quote,,no
https://www.skoda-storyboard.com/en/lifestyle/people/a-life-full-of-music-and-sugar/,en,True,113,52,1,sow-editor,,no
https://www.skoda-storyboard.com/en/models/kodiaq/paris-motorshow-for-ever/,en,False,0,0,0,,,no
https://www.skoda-storyboard.com/en/models/kodiaq/the-adventures-of-the-q/,en,True,35,12,22,sow-editor+sow-editor+sow-editor+sow-editor+skoda-captioned-image+skoda-captioned-image+skoda-captioned-image+skoda-captioned-image+skoda-captioned-image+skoda-captioned-image+skoda-captioned-image+skoda-captioned-image+skoda-captioned-image+skoda-captioned-image+skoda-captioned-image+skoda-captioned-image+skoda-captioned-image+skoda-captioned-image+sow-editor+sow-editor+sow-editor+sow-editor,skoda-captioned-image,yes
https://www.skoda-storyboard.com/en/skoda-world/i-want-to-be-a-youtuber/,en,True,47,27,11,sow-editor+skoda-quote+skoda-captioned-image+sow-editor+sow-editor+skoda-captioned-image+sow-editor+skoda-captioned-image+sow-editor+sow-editor+skoda-quote,skoda-captioned-image,yes
https://www.skoda-storyboard.com/en/lifestyle/sports/the-one-spot/,en,True,47,24,1,skoda-captioned-image,skoda-captioned-image,yes
https://www.skoda-storyboard.com/en/models/kodiaq/i-packed-my-suitcase/,en,True,32,10,22,sow-editor+sow-editor+skoda-image-box+skoda-image-box+sow-editor+sow-editor+skoda-captioned-image+skoda-captioned-image+sow-editor+sow-editor+sow-editor+sow-editor+skoda-image-box+skoda-image-box+skoda-captioned-image+skoda-captioned-image+sow-editor+sow-editor+sow-editor+sow-editor+sow-editor+sow-editor,skoda-captioned-image;skoda-image-box,yes
https://www.skoda-storyboard.com/en/skoda-world/when-the-bear-helps/,en,True,23,17,42,skoda-captioned-image+sow-editor+skoda-captioned-image+sow-editor+skoda-captioned-image+sow-editor+skoda-captioned-image+sow-editor+skoda-captioned-image+sow-editor+skoda-captioned-image+sow-editor+skoda-captioned-image+sow-editor+sow-editor+skoda-captioned-image+sow-editor+skoda-captioned-image+sow-editor+skoda-captioned-image+sow-editor+skoda-captioned-image+sow-editor+skoda-captioned-image+sow-editor+skoda-captioned-image+sow-editor+skoda-captioned-image+sow-editor+skoda-captioned-image+sow-editor+skoda-captioned-image+sow-editor+skoda-captioned-image+sow-editor+skoda-captioned-image+sow-editor+skoda-captioned-image+sow-editor+skoda-captioned-image+sow-editor+sow-editor,skoda-captioned-image,yes
https://www.skoda-storyboard.com/en/skoda-world/design/colour-me-beautiful/,en,True,28,10,11,skoda-captioned-image+skoda-offset+sow-editor+skoda-captioned-image+skoda-quote+sow-editor+skoda-quote+skoda-quote+skoda-captioned-image+skoda-offset+sow-editor,skoda-captioned-image,yes
https://www.skoda-storyboard.com/en/models/put-to-the-acid-test/,en,True,119,63,3,skoda-quote+skoda-captioned-image+skoda-captioned-image,skoda-captioned-image,yes
https://www.skoda-storyboard.com/en/models/dream-driving/,en,True,56,29,11,sow-editor+skoda-captioned-image+skoda-quote+sow-editor+skoda-quote+sow-editor+skoda-quote+sow-editor+sow-editor+skoda-quote+sow-editor,skoda-captioned-image,yes
https://www.skoda-storyboard.com/en/skoda-world/vineyards-and-good-wine-on-the-vltava/,en,True,38,17,5,skoda-quote+skoda-captioned-image+skoda-quote+sow-editor+skoda-offset,skoda-captioned-image,yes
https://www.skoda-storyboard.com/en/models/skoda-euro-trek-2016-gravel-mud-and-scary-vampire-stories/,en,True,60,23,3,skoda-quote+skoda-captioned-image+sow-editor,skoda-captioned-image,yes
https://www.skoda-storyboard.com/en/skoda-world/innovation-and-technology/giving-the-off-roader-a-fresh-sparkle/,en,True,65,37,38,sow-editor+sow-editor+skoda-quote+skoda-quote+sow-editor+sow-editor+sow-editor+sow-editor+sow-editor+sow-editor+sow-editor+sow-editor+sow-editor+sow-editor+sow-editor+sow-editor+sow-editor+sow-editor+sow-editor+sow-editor+sow-editor+sow-editor+skoda-captioned-image+skoda-captioned-image+sow-editor+sow-editor+sow-editor+sow-editor+sow-editor+sow-editor+skoda-captioned-image+skoda-captioned-image+sow-editor+sow-editor+sow-editor+sow-editor+sow-editor+sow-editor,skoda-captioned-image,yes
https://www.skoda-storyboard.com/en/models/kodiaq/3-2-1-countdown-to-kodiaq-world-premiere/,en,True,165,112,15,sow-editor+skoda-quote+sow-editor+skoda-quote+sow-editor+skoda-quote+sow-editor+sow-editor+skoda-captioned-image+sow-editor+skoda-quote+sow-editor+sow-editor+sow-editor+sow-editor,skoda-captioned-image,yes
https://www.skoda-storyboard.com/en/models/the-all-new-skoda-kodiaq-unleashed-live-in-berlin/,en,False,0,0,0,,,no
https://www.skoda-storyboard.com/en/lifestyle/sports/success-starts-early/,en,True,42,14,22,sow-editor+sow-editor+skoda-captioned-image+skoda-captioned-image+sow-editor+sow-editor+sow-editor+sow-editor+skoda-captioned-image+skoda-captioned-image+sow-editor+sow-editor+skoda-captioned-image+skoda-captioned-image+sow-editor+sow-editor+skoda-captioned-image+skoda-captioned-image+sow-editor+sow-editor+sow-editor+sow-editor,skoda-captioned-image,yes
https://www.skoda-storyboard.com/en/models/fabia/kings-of-long-distance/,en,True,24,10,2,sow-editor+sow-editor,,no
https://www.skoda-storyboard.com/en/lifestyle/motorsport/anniversary-of-speed-115-years-of-skoda-motorsport/,en,True,20,6,10,sow-editor+sow-editor+sow-editor+sow-editor+sow-editor+sow-editor+sow-editor+sow-editor+sow-editor+sow-editor,,no
https://www.skoda-storyboard.com/en/lifestyle/sports/cycling/hunt-for-the-x-factor-is-science-going-to-make-pavel-kelemen-the-winner/,en,True,13,4,7,skoda-captioned-image+sow-editor+skoda-captioned-image+sow-editor+sow-editor+sow-editor+sow-editor,skoda-captioned-image,yes
https://www.skoda-storyboard.com/en/lifestyle/sports/the-glass-of-champions/,en,True,31,14,2,skoda-quote+skoda-quote,,no
https://www.skoda-storyboard.com/en/lifestyle/sports/cycling/the-unsung-heroes-of-the-tour-de-france/,en,True,18,8,1,sow-editor,,no
https://www.skoda-storyboard.com/en/models/the-mobile-command-center/,en,True,26,8,14,sow-editor+sow-editor+skoda-captioned-image+skoda-captioned-image+sow-editor+sow-editor+skoda-captioned-image+skoda-captioned-image+sow-editor+sow-editor+sow-editor+sow-editor+skoda-captioned-image+skoda-captioned-image,skoda-captioned-image,yes
https://www.skoda-storyboard.com/en/skoda-world/heritage/two-companies-write-one-history/,en,True,33,12,37,sow-editor+sow-editor+skoda-quote+sow-editor+skoda-captioned-image+sow-editor+sow-editor+sow-editor+sow-editor+sow-editor+skoda-quote+sow-editor+sow-editor+skoda-captioned-image+sow-editor+skoda-captioned-image+sow-editor+skoda-captioned-image+sow-editor+sow-editor+skoda-captioned-image+sow-editor+sow-editor+sow-editor+sow-editor+skoda-captioned-image+sow-editor+skoda-captioned-image+sow-editor+sow-editor+sow-editor+skoda-quote+sow-editor+skoda-captioned-image+sow-editor+skoda-captioned-image+sow-editor,skoda-captioned-image,yes
https://www.skoda-storyboard.com/en/models/kodiaq/the-story-of-the-q/,en,True,41,21,2,sow-editor+skoda-quote,,no
https://www.skoda-storyboard.com/en/lifestyle/sports/cycling/no-pain-no-gain-tracing-the-route-of-the-tour-de-france/,en,True,126,91,2,sow-editor+sow-editor,,no
https://www.skoda-storyboard.com/en/models/octavia/rs-means-motorsport/,en,True,74,54,10,skoda-image-box+skoda-offset+skoda-captioned-image+skoda-captioned-image+skoda-image-box+skoda-captioned-image+skoda-captioned-image+skoda-captioned-image+skoda-captioned-image+skoda-image-box,skoda-captioned-image;skoda-image-box,yes
https://www.skoda-storyboard.com/en/lifestyle/motorsport/around-the-world-in-14-rallies/,en,True,113,71,23,skoda-captioned-image+sow-editor+sow-editor+skoda-captioned-image+sow-editor+skoda-captioned-image+sow-editor+sow-editor+skoda-captioned-image+sow-editor+skoda-captioned-image+sow-editor+sow-editor+skoda-captioned-image+sow-editor+skoda-captioned-image+sow-editor+sow-editor+skoda-captioned-image+sow-editor+skoda-captioned-image+sow-editor+sow-editor,skoda-captioned-image,yes
https://www.skoda-storyboard.com/en/lifestyle/sports/hockey/cold-war-on-the-hockey-rink/,en,False,0,0,0,,,no
https://www.skoda-storyboard.com/en/concepts/for-your-eyes-only/,en,True,8,2,23,sow-editor+skoda-offset+sow-editor+sow-editor+sow-editor+sow-editor+sow-editor+sow-editor+sow-editor+skoda-offset+sow-editor+skoda-offset+sow-editor+sow-editor+sow-editor+sow-editor+sow-editor+sow-editor+sow-editor+sow-editor+sow-editor+sow-editor+skoda-offset,,no
https://www.skoda-storyboard.com/en/skoda-world/innovation-and-technology/technology/sociably-mobile/,en,False,0,0,0,,,no
https://www.skoda-storyboard.com/en/lifestyle/motorsport/czech-mates-are-winning-team/,en,False,0,0,0,,,no
https://www.skoda-storyboard.com/en/lifestyle/people/a-bohemian-on-the-riviera/,en,True,86,44,1,sow-editor,,no
https://www.skoda-storyboard.com/en/skoda-world/responsibility/evergreen-ambitions/,en,True,8,2,2,sow-editor+sow-editor,,no
https://www.skoda-storyboard.com/en/skoda-world/innovation-and-technology/connectivity/parking-made-easy/,en,True,8,3,2,sow-editor+sow-editor,,no
https://www.skoda-storyboard.com/en/lifestyle/sports/hockey/black-magic-everything-revolves-around-the-puck/,en,True,76,36,46,sow-editor+sow-editor+skoda-captioned-image+skoda-captioned-image+sow-editor+sow-editor+skoda-quote+skoda-quote+sow-editor+sow-editor+skoda-captioned-image+skoda-captioned-image+sow-editor+sow-editor+skoda-quote+skoda-quote+skoda-captioned-image+skoda-captioned-image+sow-editor+sow-editor+skoda-captioned-image+skoda-captioned-image+skoda-image-box+skoda-image-box+skoda-captioned-image+skoda-captioned-image+sow-editor+sow-editor+sow-editor+sow-editor+skoda-offset+skoda-offset+skoda-image-box+skoda-image-box+skoda-captioned-image+skoda-captioned-image+sow-editor+sow-editor+sow-editor+sow-editor+skoda-image-box+skoda-image-box+skoda-captioned-image+skoda-captioned-image+sow-editor+sow-editor,skoda-captioned-image;skoda-image-box,yes
https://www.skoda-storyboard.com/en/models/octavia/tiger-on-ice/,en,True,66,30,1,sow-editor,,no
https://www.skoda-storyboard.com/en/skoda-world/design/shaping-the-future-of-auto-design/,en,False,0,0,0,,,no
https://www.skoda-storyboard.com/en/lifestyle/people/progress-begins-in-peoples-minds/,en,True,37,18,3,sow-editor+skoda-quote+sow-editor,,no
https://www.skoda-storyboard.com/en/lifestyle/adventures/new-faces/,en,True,23,15,39,skoda-captioned-image+skoda-offset+sow-editor+skoda-captioned-image+skoda-offset+skoda-quote+skoda-offset+skoda-offset+skoda-quote+skoda-offset+sow-editor+skoda-captioned-image+skoda-offset+sow-editor+skoda-quote+skoda-captioned-image+skoda-offset+skoda-quote+skoda-offset+skoda-captioned-image+skoda-offset+sow-editor+skoda-captioned-image+skoda-offset+sow-editor+sow-editor+skoda-offset+skoda-quote+skoda-offset+skoda-captioned-image+skoda-offset+sow-editor+skoda-captioned-image+skoda-offset+sow-editor+skoda-quote+skoda-captioned-image+skoda-offset+skoda-image-box,skoda-captioned-image;skoda-image-box,yes
https://www.skoda-storyboard.com/en/skoda-world/innovation-and-technology/technology/quality-time/,en,True,33,21,18,skoda-image-box+skoda-offset+skoda-quote+sow-editor+skoda-captioned-image+skoda-offset+skoda-quote+sow-editor+skoda-quote+skoda-captioned-image+skoda-quote+skoda-offset+sow-editor+skoda-captioned-image+skoda-quote+sow-editor+skoda-quote+skoda-offset,skoda-captioned-image;skoda-image-box,yes
https://www.skoda-storyboard.com/en/emobility/the-self-driving-future/,en,True,8,2,2,sow-editor+sow-editor,,no
https://www.skoda-storyboard.com/en/skoda-world/innovation-and-technology/technology/how-3-d-is-your-car/,en,False,0,0,0,,,no
https://www.skoda-storyboard.com/en/lifestyle/sports/cycling/the-art-of-bicycle-performance/,en,False,0,0,0,,,no
https://www.skoda-storyboard.com/en/models/octavia/the-land-of-undiscovered-opportunity/,en,True,68,49,10,skoda-quote+skoda-image-box+skoda-quote+skoda-captioned-image+skoda-captioned-image+skoda-captioned-image+skoda-quote+sow-editor+skoda-image-box+skoda-captioned-image,skoda-captioned-image;skoda-image-box,yes
https://www.skoda-storyboard.com/en/skoda-world/design/skodas-suv-future-on-stage-in-switzerland/,en,False,0,0,0,,,no
https://www.skoda-storyboard.com/en/skoda-world/innovation-and-technology/connectivity/car-phones-with-a-difference/,en,True,8,2,2,sow-editor+sow-editor,,no
https://www.skoda-storyboard.com/en/lifestyle/motorsport/young-gifted-and-swedish/,en,False,0,0,0,,,no
https://www.skoda-storyboard.com/en/skoda-world/innovation-and-technology/connectivity/putting-the-ar-into-car/,en,True,8,2,2,sow-editor+sow-editor,,no
https://www.skoda-storyboard.com/en/lifestyle/motorsport/new-team-rallying-for-success/,en,False,0,0,0,,,no
https://www.skoda-storyboard.com/en/lifestyle/sports/cycling/six-of-the-best/,en,False,0,0,0,,,no
https://www.skoda-storyboard.com/en/lifestyle/motorsport/rally-rules-ok/,en,False,0,0,0,,,no
https://www.skoda-storyboard.com/en/skoda-world/innovation-and-technology/technology/simply-clever/,en,False,0,0,0,,,no
https://www.skoda-storyboard.com/en/skoda-world/innovation-and-technology/technology/new-robotic-workmate-on-the-factory-floor/,en,False,0,0,0,,,no
https://www.skoda-storyboard.com/en/models/octavia/simply-speedy/,en,False,0,0,0,,,no
https://www.skoda-storyboard.com/en/models/octavia/in-the-eye-of-the-beholder/,en,False,0,0,0,,,no
https://www.skoda-storyboard.com/en/models/octavia/inheriting-a-tradition/,en,False,0,0,0,,,no
https://www.skoda-storyboard.com/en/models/octavia/skoda-means-safety/,en,False,0,0,0,,,no
https://www.skoda-storyboard.com/en/models/octavia/explore-inner-space/,en,False,0,0,0,,,no
https://www.skoda-storyboard.com/en/lifestyle/sports/cycling/stealing-attention/,en,False,0,0,0,,,no
https://www.skoda-storyboard.com/en/lifestyle/motorsport/the-130-rs-turns-40/,en,False,0,0,0,,,no
https://www.skoda-storyboard.com/en/lifestyle/motorsport/best-of-british/,en,False,0,0,0,,,no
https://www.skoda-storyboard.com/en/lifestyle/motorsport/fast-car-to-china/,en,False,0,0,0,,,no
https://www.skoda-storyboard.com/en/models/superb/sprinkling-stardust-on-the-superb/,en,False,0,0,0,,,no
https://www.skoda-storyboard.com/en/models/superb/watch-this-space/,en,False,0,0,0,,,no
https://www.skoda-storyboard.com/en/skoda-world/innovation-and-technology/technology/keep-cool-and-carry-on/,en,False,0,0,0,,,no
https://www.skoda-storyboard.com/en/skoda-world/innovation-and-technology/little-backseat-drivers/,en,True,8,2,2,sow-editor+sow-editor,,no
https://www.skoda-storyboard.com/en/models/fabia/driving-ambition/,en,False,0,0,0,,,no
https://www.skoda-storyboard.com/en/lifestyle/sports/cycling/business-cycle/,en,False,0,0,0,,,no
https://www.skoda-storyboard.com/en/lifestyle/motorsport/czech-rally-champion-in-his-own-words/,en,False,0,0,0,,,no
https://www.skoda-storyboard.com/en/models/yeti/f1-driver-takes-the-yeti-off-the-beaten-track/,en,False,0,0,0,,,no
https://www.skoda-storyboard.com/en/models/citigo/five-reasons-to-love-smart-driving/,en,False,0,0,0,,,no
https://www.skoda-storyboard.com/en/models/superb/the-truth-is-out-there/,en,False,0,0,0,,,no
https://www.skoda-storyboard.com/en/classic-cars/bensberg-beauties/,en,False,0,0,0,,,no
https://www.skoda-storyboard.com/en/lifestyle/sports/cycling/skoda-at-the-tour-de-france/,en,False,0,0,0,,,no
https://www.skoda-storyboard.com/en/classic-cars/skoda-gems-on-display/,en,False,0,0,0,,,no
https://www.skoda-storyboard.com/en/skoda-world/innovation-and-technology/technology/seven-pillars-of-certainty/,en,False,0,0,0,,,no
https://www.skoda-storyboard.com/en/lifestyle/sports/cycling/a-touch-of-glass/,en,False,0,0,0,,,no
https://www.skoda-storyboard.com/en/classic-cars/one-of-a-kind/,en,False,0,0,0,,,no
https://www.skoda-storyboard.com/en/skoda-world/responsibility/building-to-reduce-emissions/,en,True,8,2,2,sow-editor+sow-editor,,no
https://www.skoda-storyboard.com/en/skoda-world/heritage/born-on-a-bike/,en,False,0,0,0,,,no
https://www.skoda-storyboard.com/en/lifestyle/people/dedicated-to-design/,en,False,0,0,0,,,no
https://www.skoda-storyboard.com/en/skoda-world/innovation-and-technology/technology/top-level-safety-for-skoda-superb/,en,False,0,0,0,,,no
https://www.skoda-storyboard.com/en/lifestyle/motorsport/third-win-jan-kopecky-victorious-after-pursuit-in-the-skoda-fabia-r5/,en,False,0,0,0,,,no
https://www.skoda-storyboard.com/en/lifestyle/adventures/bohemian-balance/,en,True,18,11,27,skoda-captioned-image+skoda-quote+skoda-image-box+sow-editor+skoda-offset+skoda-image-box+skoda-offset+skoda-image-box+sow-editor+skoda-quote+skoda-captioned-image+skoda-image-box+skoda-image-box+sow-editor+skoda-quote+skoda-captioned-image+skoda-image-box+skoda-image-box+sow-editor+skoda-quote+skoda-captioned-image+skoda-image-box+skoda-image-box+sow-editor+sow-editor+sow-editor+sow-editor,skoda-captioned-image;skoda-image-box,yes
https://www.skoda-storyboard.com/cs/e-mobilita-cs/jede-elektromobil-rika-registracni-znacka-ale-jen-nekde/,cs,True,13,9,10,skoda-offset+sow-editor+skoda-offset+sow-editor+skoda-offset+sow-editor+skoda-carousel-widget+skoda-offset+sow-editor+skoda-offset,,no
https://www.skoda-storyboard.com/cs/e-mobilita-cs/rekordni-peaq-ze-srdce-evropy-bez-nabijeni-az-k-mori/,cs,True,8,2,16,skoda-offset+sow-editor+sow-editor+sow-editor+skoda-carousel-widget+skoda-offset+sow-editor+skoda-carousel-widget+skoda-offset+sow-editor+skoda-carousel-widget+skoda-offset+sow-editor+skoda-carousel-widget+skoda-offset+sow-editor,,no
https://www.skoda-storyboard.com/cs/zivotni-styl/ouninpohja-aneb-horska-draha-ve-finsku/,cs,True,8,2,12,skoda-carousel-widget+skoda-offset+sow-editor+skoda-carousel-widget+skoda-offset+sow-editor+skoda-carousel-widget+skoda-offset+sow-editor+skoda-carousel-widget+skoda-offset+sow-editor,,no
https://www.skoda-storyboard.com/cs/e-mobilita-cs/prostorny-pohodlny-a-pohledny-5-duvodu-proc-chtit-peaq/,cs,True,8,2,13,skoda-carousel-widget+skoda-offset+sow-editor+skoda-offset+sow-editor+skoda-offset+sow-editor+skoda-carousel-widget+skoda-offset+sow-editor+skoda-offset+sow-editor+skoda-carousel-widget,,no
https://www.skoda-storyboard.com/cs/skoda-svet-cs/prozkoumejte-nove-modely-skoda-ve-smisene-realite/,cs,True,30,20,4,skoda-offset+sow-editor+skoda-carousel-widget+skoda-offset,,no
https://www.skoda-storyboard.com/cs/skoda-svet-cs/nova-skoda-slavia-prinasi-osvezeny-vzhled-i-exkluzivni-barvu/,cs,True,18,11,9,skoda-carousel-widget+skoda-offset+sow-editor+skoda-carousel-widget+sow-editor+skoda-offset+sow-editor+skoda-offset+sow-editor,,no
https://www.skoda-storyboard.com/cs/e-mobilita-cs/prakticky-zabavny-stylovy-5-duvodu-proc-chtit-epiq/,cs,True,8,2,12,skoda-offset+sow-editor+skoda-carousel-widget+skoda-offset+sow-editor+skoda-offset+sow-editor+skoda-offset+sow-editor+skoda-offset+sow-editor+skoda-carousel-widget,,no
https://www.skoda-storyboard.com/cs/skoda-svet-cs/jak-se-skoda-octavia-rozjela-na-365-km-h/,cs,True,8,2,13,skoda-carousel-widget+skoda-offset+sow-editor+skoda-carousel-widget+skoda-offset+sow-editor+skoda-carousel-widget+skoda-offset+sow-editor+skoda-carousel-widget+skoda-offset+sow-editor+skoda-carousel-widget,,no
https://www.skoda-storyboard.com/cs/zivotni-styl/od-nezadoucich-graffiti-k-odvazne-podpore-zenske-cyklistiky/,cs,True,24,14,2,skoda-offset+sow-editor,,no
https://www.skoda-storyboard.com/cs/e-mobilita-cs/peaq-uz-se-vyrabi-linku-sdili-i-s-octavii/,cs,True,18,11,6,sow-editor+skoda-carousel-widget+sow-editor+skoda-carousel-widget+skoda-offset+sow-editor,,no
https://www.skoda-storyboard.com/cs/skoda-svet-cs/kodiaq-z-papiru-modelar-ho-vyvijel-a-stavel-700-hodin/,cs,True,33,26,8,skoda-offset+sow-editor+skoda-offset+sow-editor+sow-editor+skoda-offset+sow-editor+skoda-carousel-widget,,no
https://www.skoda-storyboard.com/cs/zivotni-styl/la-dolce-vita-prozkoumejte-okoli-lago-di-como/,cs,True,13,5,8,sow-editor+skoda-offset+sow-editor+sow-editor+skoda-offset+skoda-carousel-widget+skoda-offset+sow-editor,,no
https://www.skoda-storyboard.com/cs/zivotni-styl/13-zemi-pres-19-000-kilometru-kylaq-prijel-z-pune-do-prahy/,cs,True,44,32,16,sow-editor+skoda-carousel-widget+skoda-offset+sow-editor+skoda-offset+sow-editor+skoda-offset+sow-editor+skoda-carousel-widget+skoda-offset+sow-editor+skoda-offset+sow-editor+skoda-carousel-widget+skoda-offset+sow-editor,,no
https://www.skoda-storyboard.com/cs/e-mobilita-cs/poznejte-peaq-pohodli-jako-doma/,cs,True,19,8,3,skoda-offset+sow-editor+skoda-carousel-widget,,no
https://www.skoda-storyboard.com/cs/zivotni-styl/motorove-pily-i-bengalske-ohne-objevte-tradice-fanousku-rally/,cs,True,8,2,12,skoda-offset+sow-editor+skoda-carousel-widget+skoda-offset+sow-editor+skoda-carousel-widget+skoda-offset+sow-editor+skoda-carousel-widget+skoda-offset+sow-editor+skoda-carousel-widget,,no
https://www.skoda-storyboard.com/cs/skoda-svet-cs/legenda-chris-froome-odhaluje-zakulisi-tour-de-france/,cs,True,18,11,8,skoda-offset+sow-editor+skoda-offset+sow-editor+sow-editor+skoda-offset+sow-editor+skoda-carousel-widget,,no
https://www.skoda-storyboard.com/cs/e-mobilita-cs/designeri-o-modelu-peaq-je-moderni-odolny-a-ucelny/,cs,True,18,11,3,skoda-offset+sow-editor+skoda-carousel-widget,,no
https://www.skoda-storyboard.com/cs/zivotni-styl/skoda-nabizi-chytrejsi-bezdratove-nabijeni-nejen-pro-telefony/,cs,True,19,14,5,sow-editor+skoda-carousel-widget+skoda-offset+sow-editor+sow-editor,,no
https://www.skoda-storyboard.com/cs/zivotni-styl/epicky-start-tour-de-france-skoda-rozhybala-barcelonu/,cs,True,23,17,8,sow-editor+skoda-carousel-widget+sow-editor+skoda-carousel-widget+sow-editor+skoda-carousel-widget+skoda-offset+sow-editor,,no
https://www.skoda-storyboard.com/cs/e-mobilita-cs/stresni-okno-na-miru-vysilacky-a-sampanske-skoda-peaq-na-tour-de-france/,cs,True,13,8,6,skoda-offset+sow-editor+skoda-carousel-widget+skoda-offset+sow-editor+sow-editor,,no
https://www.skoda-storyboard.com/cs/zivotni-styl/horko-vozy-skoda-ochladi-cestujici-i-jejich-svacinu/,cs,True,18,8,4,sow-editor+skoda-offset+sow-editor+skoda-offset,,no
https://www.skoda-storyboard.com/cs/e-mobilita-cs/jak-univerzalni-peaq-ovladl-horsky-vrchol/,cs,True,19,8,10,sow-editor+skoda-carousel-widget+skoda-carousel-widget+skoda-offset+sow-editor+skoda-carousel-widget+skoda-offset+sow-editor+skoda-offset+sow-editor,,no
https://www.skoda-storyboard.com/cs/e-mobilita-cs/teaser/,cs,True,38,29,14,skoda-offset+sow-editor+skoda-carousel-widget+skoda-offset+sow-editor+sow-editor+sow-editor+skoda-offset+sow-editor+sow-editor+skoda-offset+sow-editor+skoda-carousel-widget+skoda-offset,,no
https://www.skoda-storyboard.com/cs/skoda-svet-cs/rallyovy-sampion-a-unikatni-skoda-fabia-motorsport-edition/,cs,True,8,2,8,skoda-offset+sow-editor+skoda-carousel-widget+skoda-offset+sow-editor+skoda-carousel-widget+skoda-offset+sow-editor,,no
https://www.skoda-storyboard.com/cs/e-mobilita-cs/poznejte-peaq-bezpecny-a-pohodlny/,cs,True,8,2,8,skoda-offset+sow-editor+sow-editor+skoda-carousel-widget+skoda-offset+sow-editor+skoda-offset+sow-editor,,no
https://www.skoda-storyboard.com/cs/skoda-svet-cs/125-let-zavodni-historie-na-jednom-miste-pojdte-do-muzea/,cs,True,8,2,10,sow-editor+skoda-carousel-widget+skoda-offset+sow-editor+sow-editor+skoda-carousel-widget+skoda-offset+sow-editor+skoda-carousel-widget+sow-editor,,no
https://www.skoda-storyboard.com/cs/e-mobilita-cs/opravdovy-cech-ze-spanelska/,cs,True,13,9,12,skoda-carousel-widget+skoda-offset+sow-editor+skoda-offset+sow-editor+skoda-carousel-widget+skoda-offset+sow-editor+skoda-offset+sow-editor+skoda-carousel-widget+skoda-offset,,no
https://www.skoda-storyboard.com/cs/e-mobilita-cs/poznejte-peaq-velke-suv-se-spickovou-aerodynamikou/,cs,True,8,2,5,skoda-offset+sow-editor+sow-editor+sow-editor+sow-editor,,no
https://www.skoda-storyboard.com/cs/skoda-svet-cs/vybavte-sve-auto-na-leto-prislusenstvim-skoda/,cs,True,8,2,11,skoda-offset+sow-editor+skoda-offset+sow-editor+skoda-offset+sow-editor+skoda-offset+sow-editor+skoda-offset+sow-editor+skoda-carousel-widget,,no
https://www.skoda-storyboard.com/cs/e-mobilita-cs/epiq-a-design-kazda-linka-ma-svuj-duvod/,cs,True,13,8,2,sow-editor+skoda-offset,,no
https://www.skoda-storyboard.com/cs/skoda-svet-cs/pojdte-fandit-i-zpivat-seznamte-se-s-karaoke-car/,cs,True,23,16,2,skoda-carousel-widget+sow-editor,,no
https://www.skoda-storyboard.com/cs/e-mobilita-cs/tohle-je-epiq-pohled-do-zakulisi-premiery/,cs,True,18,11,14,sow-editor+skoda-carousel-widget+skoda-offset+sow-editor+skoda-offset+sow-editor+skoda-carousel-widget+skoda-offset+sow-editor+skoda-offset+sow-editor+sow-editor+skoda-carousel-widget+skoda-offset,,no
https://www.skoda-storyboard.com/cs/e-mobilita-cs/sledujte-premieru-elektromobilu-skoda-epiq-v-primem-prenosu/,cs,True,38,26,14,sow-editor+skoda-carousel-widget+sow-editor+skoda-offset+sow-editor+skoda-carousel-widget+skoda-offset+sow-editor+sow-editor+sow-editor+skoda-carousel-widget+skoda-offset+sow-editor+sow-editor,,no
https://www.skoda-storyboard.com/cs/skoda-svet-cs/vyvoj-hokejove-vystroje-po-boku-automobilu/,cs,True,8,2,13,skoda-carousel-widget+skoda-offset+sow-editor+skoda-carousel-widget+skoda-offset+sow-editor+skoda-carousel-widget+skoda-offset+sow-editor+skoda-carousel-widget+skoda-offset+sow-editor+skoda-carousel-widget,,no
https://www.skoda-storyboard.com/cs/e-mobilita-cs/poznejte-peaq-velky-zevnitr-i-zvenku/,cs,True,8,2,8,skoda-offset+sow-editor+skoda-carousel-widget+skoda-offset+sow-editor+skoda-carousel-widget+skoda-offset+sow-editor,,no
https://www.skoda-storyboard.com/cs/skoda-svet-cs/zivot-s-plug-in-hybridem-univerzalni-pomocnik/,cs,True,28,20,14,sow-editor+skoda-carousel-widget+skoda-offset+sow-editor+skoda-offset+sow-editor+skoda-carousel-widget+skoda-offset+sow-editor+skoda-carousel-widget+sow-editor+skoda-carousel-widget+skoda-offset+sow-editor,,no
https://www.skoda-storyboard.com/cs/zivotni-styl/ridicska-nirvana-nedaleko-valencie-a-ty-vyhledy/,cs,True,8,2,6,sow-editor+sow-editor+sow-editor+skoda-carousel-widget+skoda-offset+sow-editor,,no
https://www.skoda-storyboard.com/cs/skoda-svet-cs/inovace-a-technologie/technologie-cs/od-pohybu-dlane-az-na-asfalt-jak-funguje-rizeni-auta/,cs,True,23,14,6,sow-editor+skoda-offset+sow-editor+sow-editor+skoda-offset+sow-editor,,no
https://www.skoda-storyboard.com/cs/zivotni-styl/zelva-okenko-fontana-varovne-kontrolky-ktere-neznate/,cs,True,59,38,10,sow-editor+skoda-carousel-widget+skoda-offset+sow-editor+skoda-carousel-widget+skoda-offset+sow-editor+skoda-carousel-widget+sow-editor+sow-editor,,no
https://www.skoda-storyboard.com/cs/zivotni-styl/ikonicka-mista-rally-na-skok-do-portugalska/,cs,True,8,2,8,sow-editor+sow-editor+sow-editor+skoda-offset+sow-editor+sow-editor+sow-editor+skoda-carousel-widget,,no
https://www.skoda-storyboard.com/cs/e-mobilita-cs/modelina-joga-jednoduse-epiq-skoda-je-opet-v-milane/,cs,True,24,14,4,skoda-carousel-widget+skoda-offset+sow-editor+skoda-carousel-widget,,no
https://www.skoda-storyboard.com/cs/skoda-svet-cs/i-tisice-aut-najednou-jak-skoda-prodava-auta-firmam/,cs,True,28,20,6,sow-editor+skoda-offset+sow-editor+skoda-offset+sow-editor+sow-editor,,no
https://www.skoda-storyboard.com/cs/e-mobilita-cs/zapad-slunce-nad-horami-jak-vznikala-kamuflaz-pro-peaq/,cs,True,19,8,7,skoda-offset+sow-editor+skoda-carousel-widget+skoda-offset+sow-editor+skoda-offset+sow-editor,,no
https://www.skoda-storyboard.com/cs/skoda-svet-cs/testovani-nikdy-nekonci-nahlednete-do-kuchyne-mistru/,cs,True,8,2,8,skoda-offset+sow-editor+skoda-offset+sow-editor+skoda-offset+sow-editor+sow-editor+sow-editor,,no
https://www.skoda-storyboard.com/cs/e-mobilita-cs/prijdte-si-hrat-skoda-miri-do-milana/,cs,True,8,2,8,skoda-offset+sow-editor+sow-editor+skoda-offset+sow-editor+skoda-carousel-widget+skoda-offset+sow-editor,,no
https://www.skoda-storyboard.com/cs/skoda-svet-cs/skoda-duobell-zvonek-na-kolo-prelsti-i-chytra-sluchatka/,cs,True,50,32,9,sow-editor+skoda-carousel-widget+skoda-offset+sow-editor+skoda-carousel-widget+skoda-offset+sow-editor+skoda-carousel-widget+skoda-offset,,no
https://www.skoda-storyboard.com/cs/zivotni-styl/aby-pneumatika-vydrzela-dejte-pozor-na-skladovani/,cs,True,38,29,3,skoda-offset+sow-editor+skoda-offset,,no
https://www.skoda-storyboard.com/cs/e-mobilita-cs/skoda-peaq-vrcholny-prostor-i-pohodli/,cs,True,8,2,15,skoda-offset+sow-editor+skoda-carousel-widget+skoda-offset+sow-editor+skoda-offset+sow-editor+skoda-carousel-widget+skoda-offset+sow-editor+skoda-offset+sow-editor+skoda-carousel-widget+skoda-offset+sow-editor,,no
https://www.skoda-storyboard.com/cs/zivotni-styl/mesto-plne-barev-a-chuti-objevte-porto-2/,cs,True,8,2,10,sow-editor+sow-editor+sow-editor+sow-editor+sow-editor+skoda-carousel-widget+skoda-offset+sow-editor+skoda-carousel-widget+skoda-offset,,no
https://www.skoda-storyboard.com/cs/e-mobilita-cs/vyuzijte-frunk-odemknete-telefonem-nova-vylepseni-pro-elroq-a-enyaq/,cs,True,8,2,11,skoda-offset+sow-editor+skoda-carousel-widget+skoda-offset+sow-editor+skoda-offset+sow-editor+skoda-carousel-widget+skoda-offset+sow-editor+skoda-offset,,no
https://www.skoda-storyboard.com/cs/skoda-svet-cs/kohout-pumpa-klika-nastartujte-prvni-automobil-z-mlade-boleslavi/,cs,True,8,2,11,skoda-offset+sow-editor+skoda-carousel-widget+skoda-offset+sow-editor+skoda-carousel-widget+skoda-offset+sow-editor+skoda-carousel-widget+skoda-offset+sow-editor,,no
https://www.skoda-storyboard.com/cs/zivotni-styl/pisek-horko-a-velbloudi-enyaq-rs-objevuje-pocatky-lidstva/,cs,True,8,2,9,skoda-offset+sow-editor+skoda-carousel-widget+skoda-offset+sow-editor+skoda-offset+sow-editor+sow-editor+sow-editor,,no
https://www.skoda-storyboard.com/cs/skoda-svet-cs/rekordni-rok-znacky-skoda-i-diky-elektromobilum/,cs,True,8,2,2,skoda-offset+sow-editor,,no
https://www.skoda-storyboard.com/cs/skoda-svet-cs/aby-auto-dobre-jelo-hlidejte-si-tlak-v-pneumatikach/,cs,True,18,11,4,skoda-carousel-widget+skoda-offset+sow-editor+skoda-carousel-widget,,no
https://www.skoda-storyboard.com/cs/zivotni-styl/rs-ctyrikrat-jinak-ktere-si-vyberete/,cs,True,8,2,13,skoda-offset+sow-editor+skoda-carousel-widget+sow-editor+skoda-offset+sow-editor+skoda-carousel-widget+skoda-offset+sow-editor+skoda-carousel-widget+skoda-offset+sow-editor+skoda-carousel-widget,,no
https://www.skoda-storyboard.com/cs/skoda-svet-cs/posileny-superb-iv-privazi-vykon-200-kw/,cs,True,18,11,5,skoda-offset+sow-editor+skoda-carousel-widget+skoda-offset+sow-editor,,no
https://www.skoda-storyboard.com/cs/e-mobilita-cs/pres-1-100-denne-jak-skoda-vyrabi-baterie-pro-elektromobily/,cs,True,28,20,10,skoda-offset+sow-editor+skoda-carousel-widget+skoda-offset+sow-editor+skoda-carousel-widget+skoda-offset+sow-editor+skoda-carousel-widget+sow-editor,,no
https://www.skoda-storyboard.com/cs/skoda-svet-cs/pozor-jede-auto-s-majakem-upozorni-vas-vase-skoda/,cs,True,13,8,3,sow-editor+skoda-offset+sow-editor,,no
https://www.skoda-storyboard.com/cs/skoda-svet-cs/pohaneno-vasni-skoda-slavi-125-let-motorsportu/,cs,True,18,11,7,skoda-offset+sow-editor+skoda-offset+sow-editor+skoda-carousel-widget+skoda-offset+sow-editor,,no
https://www.skoda-storyboard.com/cs/skoda-svet-cs/cisla-papiry-zkousky-co-znamena-homologace/,cs,True,23,14,3,skoda-carousel-widget+sow-editor+skoda-offset,,no
https://www.skoda-storyboard.com/cs/e-mobilita-cs/enyaq-a-elroq-jsou-nove-i-herni-konzole-a-nejen-to/,cs,True,8,2,6,sow-editor+sow-editor+skoda-offset+sow-editor+skoda-carousel-widget+sow-editor,,no
https://www.skoda-storyboard.com/cs/e-mobilita-cs/velke-moznosti-v-malem-baleni-nova-skoda-epiq/,cs,True,8,2,10,skoda-offset+sow-editor+skoda-carousel-widget+sow-editor+skoda-offset+sow-editor+skoda-offset+sow-editor+skoda-offset+sow-editor,,no
https://www.skoda-storyboard.com/cs/zivotni-styl/obri-lazenske-veze-pernik-i-valentyn-objevte-romanticke-polsko/,cs,True,8,2,8,skoda-carousel-widget+sow-editor+skoda-offset+sow-editor+skoda-carousel-widget+sow-editor+skoda-carousel-widget+sow-editor,,no
https://www.skoda-storyboard.com/cs/skoda-svet-cs/tajemstvi-hraveho-podvozku-modelu-skoda-fabia-130/,cs,True,8,2,8,skoda-offset+sow-editor+sow-editor+sow-editor+skoda-carousel-widget+skoda-offset+sow-editor+sow-editor,,no
https://www.skoda-storyboard.com/cs/skoda-svet-cs/prvni-automobilovy-vavrin-ziskal-zakladatel-klement/,cs,True,23,17,10,sow-editor+sow-editor+sow-editor+sow-editor+skoda-offset+skoda-offset+sow-editor+sow-editor+sow-editor+sow-editor,,no
https://www.skoda-storyboard.com/cs/skoda-svet-cs/bezpeci-i-zabava-ctyri-vyhody-4x4/,cs,True,8,2,7,skoda-offset+sow-editor+skoda-carousel-widget+sow-editor+skoda-carousel-widget+sow-editor+skoda-carousel-widget,,no
https://www.skoda-storyboard.com/cs/skoda-svet-cs/od-fronty-na-felicie-k-hvezdickam-na-googlu/,cs,True,18,11,3,sow-editor+sow-editor+skoda-carousel-widget,,no
https://www.skoda-storyboard.com/cs/skoda-svet-cs/nova-skoda-kushaq-privazi-extra-porci-vybavy-i-sebevedomi/,cs,True,23,17,12,skoda-offset+sow-editor+skoda-carousel-widget+sow-editor+skoda-carousel-widget+skoda-offset+sow-editor+skoda-carousel-widget+skoda-offset+sow-editor+skoda-carousel-widget+skoda-carousel-widget,,no
https://www.skoda-storyboard.com/cs/skoda-svet-cs/muj-enyaq-elektromobilem-napric-evropou/,cs,True,23,17,7,sow-editor+skoda-offset+sow-editor+skoda-offset+sow-editor+skoda-carousel-widget+skoda-offset,,no
https://www.skoda-storyboard.com/cs/e-mobilita-cs/novy-vuz-skoda-ponese-jmeno-peaq/,cs,True,19,8,8,sow-editor+sow-editor+sow-editor+sow-editor+sow-editor+sow-editor+sow-editor+sow-editor,,no
https://www.skoda-storyboard.com/cs/zivotni-styl/5-hrejivych-pomocniku-kteri-pomuzou-prezit-zimu/,cs,True,30,17,7,skoda-offset+sow-editor+skoda-offset+sow-editor+skoda-offset+sow-editor+skoda-offset,,no
https://www.skoda-storyboard.com/cs/skoda-svet-cs/skoda-vision-o-nastupte-a-jedte/,cs,True,8,2,6,skoda-offset+sow-editor+skoda-carousel-widget+sow-editor+skoda-carousel-widget+sow-editor,,no
https://www.skoda-storyboard.com/cs/skoda-svet-cs/vitejte-v-roce-2026/,cs,True,8,2,2,sow-editor+sow-editor,,no
https://www.skoda-storyboard.com/cs/skoda-svet-cs/premiery-oslavy-i-zazitky-rok-2025-byla-poradna-jizda/,cs,True,8,2,9,skoda-offset+sow-editor+sow-editor+sow-editor+skoda-carousel-widget+skoda-offset+sow-editor+skoda-carousel-widget+sow-editor,,no
https://www.skoda-storyboard.com/cs/skoda-svet-cs/kviz-vyznate-se-v-historii-skoda-auto/,cs,True,8,2,1,sow-editor,,no
https://www.skoda-storyboard.com/cs/zivotni-styl/dvouspojka-pro-evropu-menic-do-extremu-manual-pro-zabavu/,cs,True,8,2,8,skoda-offset+sow-editor+skoda-offset+sow-editor+skoda-offset+sow-editor+skoda-offset+sow-editor,,no
https://www.skoda-storyboard.com/cs/skoda-svet-cs/kovarna-plna-pribehu/,cs,True,8,2,9,skoda-carousel-widget+sow-editor+skoda-carousel-widget+sow-editor+skoda-carousel-widget+sow-editor+skoda-carousel-widget+sow-editor+skoda-carousel-widget,,no
https://www.skoda-storyboard.com/cs/skoda-svet-cs/stastne-a-zelene/,cs,True,19,11,4,skoda-carousel-widget+skoda-offset+sow-editor+skoda-carousel-widget,,no
https://www.skoda-storyboard.com/cs/zivotni-styl/vylet-na-ktery-nezapomenete-monumentalni-route-napoleon/,cs,True,18,11,11,sow-editor+sow-editor+skoda-offset+sow-editor+skoda-offset+sow-editor+skoda-offset+sow-editor+skoda-carousel-widget+sow-editor+skoda-offset,,no
https://www.skoda-storyboard.com/cs/zivotni-styl/policejni-kodiaq-technika-z-rs-i-spionsky-rezim/,cs,True,13,8,8,skoda-carousel-widget+skoda-offset+sow-editor+sow-editor+sow-editor+sow-editor+sow-editor+skoda-carousel-widget,,no
https://www.skoda-storyboard.com/cs/skoda-svet-cs/ikona-v-moderni-podobe-elegantni-limuzina-skoda-100/,cs,True,23,17,6,sow-editor+skoda-offset+sow-editor+skoda-carousel-widget+sow-editor+skoda-offset,,no
https://www.skoda-storyboard.com/cs/skoda-svet-cs/znate-je-vsechny/,cs,True,28,20,2,sow-editor+skoda-offset,,no
https://www.skoda-storyboard.com/cs/e-mobilita-cs/enyaq-v-elektrickych-sluzbach/,cs,True,40,26,1,sow-editor,,no
https://www.skoda-storyboard.com/cs/skoda-svet-cs/drobnosti-hned-naraznik-do-par-dnu-3d-tisk-urychluje-vyvoj/,cs,True,34,20,4,sow-editor+sow-editor+skoda-offset+sow-editor,,no
https://www.skoda-storyboard.com/cs/130let/2025-sportovni-vseumel-cech-na-startu-letape-sni-o-velke-tour-v-cesku/,cs,True,19,8,8,sow-editor+sow-editor+sow-editor+sow-editor+sow-editor+sow-editor+sow-editor+sow-editor,,no
https://www.skoda-storyboard.com/cs/130let/2006-ja-piskle-ze-zdaru-nesu-vlajku-a-sledujeme-me-cely-svet/,cs,True,8,3,2,sow-editor+sow-editor,,no
https://www.skoda-storyboard.com/cs/130let/1908-vraci-se-nejstarsi-cyklisticka-klasika/,cs,True,8,3,2,sow-editor+sow-editor,,no
https://www.skoda-storyboard.com/cs/130let/2023-prvni-milionova-zavodnice-kterou-zradil-vlastni-tym/,cs,True,8,3,2,sow-editor+sow-editor,,no
https://www.skoda-storyboard.com/cs/130let/2022-nezlomna-sampionka-pecetila-karieru-pri-renesanci-tour/,cs,True,8,3,2,sow-editor+sow-editor,,no
https://www.skoda-storyboard.com/cs/130let/2000-zlaty-olympijsky-polibek-pro-hilgertovou/,cs,True,8,3,2,sow-editor+sow-editor,,no
https://www.skoda-storyboard.com/cs/130let/1996-stribrny-fotbalovy-vitr/,cs,True,8,3,2,sow-editor+sow-editor,,no
https://www.skoda-storyboard.com/cs/130let/1995-vazime-si-sve-historie-skoda-otevira-krasne-muzeum/,cs,True,13,5,4,sow-editor+sow-editor+sow-editor+sow-editor,,no
https://www.skoda-storyboard.com/cs/130let/1992-kde-jsou-kola-legendarni-nedomansky-opakovane-celil-zlodejum/,cs,True,8,3,2,sow-editor+sow-editor,,no
https://www.skoda-storyboard.com/cs/130let/1992-z-automechanika-skody-olympijskym-sampionem/,cs,True,8,3,2,sow-editor+sow-editor,,no
https://www.skoda-storyboard.com/cs/130let/1985-posledni-zadokolka-a-zase-uspesna/,cs,True,13,5,4,sow-editor+sow-editor+sow-editor+sow-editor,,no
https://www.skoda-storyboard.com/cs/130let/1984-peklo-zapadu-aneb-bretanska-zkouska-vyjimecnosti/,cs,True,8,3,2,sow-editor+sow-editor,,no
https://www.skoda-storyboard.com/cs/130let/1981-predzvest-nove-ery-skoda-ozdobila-cyklisticke-ms-v-ceskoslovensku/,cs,True,14,9,6,sow-editor+sow-editor+sow-editor+sow-editor+sow-editor+sow-editor,,no
https://www.skoda-storyboard.com/cs/130let/1981-prvni-ceskoslovenske-zlato-pro-fenomen-jmenem-cyklokros/,cs,True,13,5,4,sow-editor+sow-editor+sow-editor+sow-editor,,no
https://www.skoda-storyboard.com/cs/e-mobilita-cs/skoda-elroq-a-spokojena-rodina/,cs,True,8,2,4,sow-editor+sow-editor+sow-editor+sow-editor,,no
https://www.skoda-storyboard.com/cs/skoda-svet-cs/kviz-jak-dobre-znate-zakovske-vozy-skoda/,cs,True,8,2,2,sow-editor+sow-editor,,no
https://www.skoda-storyboard.com/cs/130let/1946-velka-heinzova-soutez-a-bezchybne-skody-1101/,cs,True,14,5,6,sow-editor+sow-editor+sow-editor+sow-editor+sow-editor+sow-editor,,no
https://www.skoda-storyboard.com/cs/130let/1939-valka-osvobozeni-znarodneni-temne-obdobi-ceskoslovenskych-dejin/,cs,True,13,5,4,sow-editor+sow-editor+sow-editor+sow-editor,,no
https://www.skoda-storyboard.com/cs/130let/1936-sip-co-meni-zivoty/,cs,True,25,9,12,sow-editor+sow-editor+sow-editor+sow-editor+sow-editor+sow-editor+sow-editor+sow-editor+sow-editor+sow-editor+sow-editor+sow-editor,,no
https://www.skoda-storyboard.com/cs/130let/1930-tour-ma-reklamni-karavanu-aneb-karneval-s-miliony-darku/,cs,True,19,8,8,sow-editor+sow-editor+sow-editor+sow-editor+sow-editor+sow-editor+sow-editor+sow-editor,,no
https://www.skoda-storyboard.com/cs/130let/1914-i-svetova-valka-zmenila-vyrobu-lk-pluhy-pomohly-zachranit-automobily/,cs,True,19,8,8,sow-editor+sow-editor+sow-editor+sow-editor+sow-editor+sow-editor+sow-editor+sow-editor,,no
https://www.skoda-storyboard.com/cs/130let/1903-potrebovali-zvysit-naklad-a-vytvorili-tour-de-france/,cs,True,8,3,2,sow-editor+sow-editor,,no
https://www.skoda-storyboard.com/cs/zivotni-styl/v-zime-si-v-aute-zatopte-ale-nevarte-se/,cs,True,23,17,3,skoda-offset+sow-editor+skoda-offset,,no
https://www.skoda-storyboard.com/cs/130let/2025-spoluprace-se-skoda-auto-je-unikatni-v-cesku-nema-obdoby-rika-mladoboleslavsky-primator/,cs,True,14,5,6,sow-editor+sow-editor+sow-editor+sow-editor+sow-editor+sow-editor,,no
https://www.skoda-storyboard.com/cs/130let/2018-vrchar-se-ctyrmi-zelenymi-dresy-z-vuelty/,cs,True,19,7,8,sow-editor+sow-editor+sow-editor+sow-editor+sow-editor+sow-editor+sow-editor+sow-editor,,no
https://www.skoda-storyboard.com/cs/130let/2016-zadna-bariera-neni-neprekonatelna/,cs,True,19,8,8,sow-editor+sow-editor+sow-editor+sow-editor+sow-editor+sow-editor+sow-editor+sow-editor,,no
https://www.skoda-storyboard.com/cs/130let/2015-kdyz-sprinterum-pod-dohledem-skoda-auto-vladnou-vrchari/,cs,True,19,7,8,sow-editor+sow-editor+sow-editor+sow-editor+sow-editor+sow-editor+sow-editor+sow-editor,,no
https://www.skoda-storyboard.com/cs/130let/2008-sampionat-v-kolebce-hokeje/,cs,True,8,3,2,sow-editor+sow-editor,,no
https://www.skoda-storyboard.com/cs/servis/zima-se-blizi-servisy-skoda-jsou-pripraveny-objednejte-se-on-line/,cs,True,8,2,1,sow-editor,,no
https://www.skoda-storyboard.com/cs/skoda-svet-cs/design-cs/originalne-a-udrzitelne-skoda-na-designbloku-zapusobila-vsestrannosti/,cs,True,42,20,32,sow-editor+sow-editor+sow-editor+sow-editor+sow-editor+sow-editor+sow-editor+sow-editor+sow-image+sow-image+image+sow-editor+sow-editor+sow-editor+sow-editor+sow-editor+sow-editor+sow-editor+sow-editor+sow-editor+sow-editor+sow-editor+sow-editor+sow-editor+sow-editor+sow-editor+sow-editor+sow-image+sow-image+sow-image+sow-image+image,image;sow-image,yes
https://www.skoda-storyboard.com/cs/e-mobilita-cs/jak-udrzet-baterii-elektromobilu-ve-forme-a-nabijet-efektivne/,cs,True,18,11,8,sow-editor+sow-editor+sow-editor+sow-editor+skoda-offset+skoda-offset+sow-editor+sow-editor,,no
https://www.skoda-storyboard.com/cs/skoda-svet-cs/vaclav-klement-jako-otec-muzejnich-sbirek-a-filantrop/,cs,True,18,11,5,skoda-offset+sow-editor+skoda-carousel-widget+sow-editor+skoda-offset,,no
https://www.skoda-storyboard.com/cs/130let/1997-dest-a-jen-60-vernych-divaku-na-finale-turnaje-wta/,cs,True,19,8,8,sow-editor+sow-editor+sow-editor+sow-editor+sow-editor+sow-editor+sow-editor+sow-editor,,no
https://www.skoda-storyboard.com/cs/130let/1994-skoda-podruhe-v-historii-vyhrava-sampionat-fia-favorit-nema-konkurenci/,cs,True,8,3,2,sow-editor+sow-editor,,no
https://www.skoda-storyboard.com/cs/130let/1993-slavne-tvare-na-tenise/,cs,True,8,3,2,sow-editor+sow-editor,,no
https://www.skoda-storyboard.com/cs/130let/1993-zakryjte-auta-zaveleli-v-praze-krasobruslarsti-sefove/,cs,True,8,3,2,sow-editor+sow-editor,,no
https://www.skoda-storyboard.com/cs/130let/1986-tezka-rana-pro-rezim-na-stvanici-se-fandi-emigrantce-navratilove/,cs,True,8,3,2,sow-editor+sow-editor,,no
https://www.skoda-storyboard.com/cs/130let/1991-caslavska-zatopek-a-dalsi-velikani-skoda-je-sponzorem-olympijskeho-vyboru/,cs,True,8,3,2,sow-editor+sow-editor,,no
https://www.skoda-storyboard.com/cs/130let/1984-soudruzi-vystavili-stopku-skodu-tak-vzala-na-tour-az-skoda/,cs,True,8,3,2,sow-editor+sow-editor,,no
https://www.skoda-storyboard.com/cs/130let/1970-ukol-splnil-naplneni-snu-o-tour-se-presto-dockal-az-po-desitkach-let/,cs,True,8,3,2,sow-editor+sow-editor,,no
https://www.skoda-storyboard.com/cs/130let/1976-havarie-pri-testu-a-odlozena-premiera-vozu-skoda-130-rs/,cs,True,13,6,4,sow-editor+sow-editor+sow-editor+sow-editor,,no
https://www.skoda-storyboard.com/cs/130let/1896-zvladla-by-slavia-tour-de-france-zvladla/,cs,True,13,5,4,sow-editor+sow-editor+sow-editor+sow-editor,,no
https://www.skoda-storyboard.com/cs/130let/2025-zlata-kanibalka/,cs,True,8,3,2,sow-editor+sow-editor,,no
https://www.skoda-storyboard.com/cs/130let/2025-skoda-jako-partner-chelsea-ktere-fandi-i-serena-williams/,cs,True,8,3,2,sow-editor+sow-editor,,no
https://www.skoda-storyboard.com/cs/skoda-svet-cs/ikona-v-moderni-podobe-futuristicka-i-prakticka-skoda-1000-mbx/,cs,True,38,29,4,sow-editor+skoda-offset+sow-editor+skoda-carousel-widget,,no
https://www.skoda-storyboard.com/cs/skoda-svet-cs/sampion-rally-rekordman-spotreby/,cs,True,38,29,6,skoda-offset+sow-editor+skoda-offset+sow-editor+skoda-offset+sow-editor,,no
https://www.skoda-storyboard.com/cs/130let/2025-michal-kamermeier-den-bez-kola-je-promarneny/,cs,True,19,12,1,sow-editor,,no
https://www.skoda-storyboard.com/cs/130let/2024-z-kralovny-druhych-mist-sampionkou-tour-de-france-femmes/,cs,True,8,2,2,sow-editor+sow-editor,,no
https://www.skoda-storyboard.com/cs/130let/2024-a-zase-ten-trinec-brutalni-pohadka-vedel-ruzicka/,cs,True,8,2,2,sow-editor+sow-editor,,no
https://www.skoda-storyboard.com/cs/130let/2023-cesko-se-poprve-v-historii-dockalo-svetove-rallye/,cs,True,8,2,2,sow-editor+sow-editor,,no
https://www.skoda-storyboard.com/cs/130let/2021-letape-jako-renesance-silnicni-cyklistiky-v-cesku/,cs,True,8,2,2,sow-editor+sow-editor,,no
https://www.skoda-storyboard.com/cs/modely-cs/enyaq-cs/lazne-doly-i-hotel-ve-vlaku-objevte-malebne-krusne-hory-a-sasko/,cs,True,8,2,1,sow-editor,,no
https://www.skoda-storyboard.com/cs/130let/2020-nejen-hokejova-pomoc-pro-hrdiny-z-nemocnic/,cs,True,8,2,2,sow-editor+sow-editor,,no
https://www.skoda-storyboard.com/cs/130let/2019-rallyeova-maturita-zazracneho-jezdce/,cs,True,8,2,2,sow-editor+sow-editor,,no
https://www.skoda-storyboard.com/cs/130let/2018-made-in-bolka/,cs,True,8,2,2,sow-editor+sow-editor,,no
https://www.skoda-storyboard.com/cs/130let/2015-ceska-radost-na-tour/,cs,True,8,2,2,sow-editor+sow-editor,,no
https://www.skoda-storyboard.com/cs/130let/2015-proste-jedinecny-mvdp/,cs,True,8,2,2,sow-editor+sow-editor,,no
https://www.skoda-storyboard.com/cs/130let/2015-jagrovo-louceni-s-reprezentaci/,cs,True,8,2,2,sow-editor+sow-editor,,no
https://www.skoda-storyboard.com/cs/130let/2013-vyjimecna-obojzivelnice/,cs,True,8,2,2,sow-editor+sow-editor,,no
https://www.skoda-storyboard.com/cs/130let/2010-osud-jmenem-tabor/,cs,True,14,6,6,sow-editor+sow-editor+sow-editor+sow-editor+sow-editor+sow-editor,,no
https://www.skoda-storyboard.com/cs/skoda-svet-cs/hodne-vykonu-za-malo-paliva-objevte-kouzla-motoru-1-5-tsi-evo2/,cs,True,89,63,1,sow-editor,,no
https://www.skoda-storyboard.com/cs/skoda-svet-cs/dedictvi-cs/v-archivu-porad-nachazim-nove-veci/,cs,True,28,20,5,sow-editor+skoda-offset+sow-editor+skoda-offset+sow-editor,,no
https://www.skoda-storyboard.com/cs/130let/2010-cesky-hokejovy-zazrak-na-lede/,cs,True,8,2,2,sow-editor+sow-editor,,no
https://www.skoda-storyboard.com/cs/130let/2008-kopecky-jako-predjezdec-aneb-fabia-super-2000-na-scene/,cs,True,19,6,8,sow-editor+sow-editor+sow-editor+sow-editor+sow-editor+sow-editor+sow-editor+sow-editor,,no
https://www.skoda-storyboard.com/cs/130let/2006-uhrin-vyradil-slavny-olympique-marseille-uz-zase/,cs,True,8,2,2,sow-editor+sow-editor,,no
https://www.skoda-storyboard.com/cs/130let/2005-kdo-neskace-neni-cech-ukazte-svuj-malicek/,cs,True,8,2,2,sow-editor+sow-editor,,no
https://www.skoda-storyboard.com/cs/130let/2004-nova-arena-ale-taky-turnaj-ktery-skoncil-predcasne/,cs,True,8,2,2,sow-editor+sow-editor,,no
https://www.skoda-storyboard.com/cs/130let/2003-z-formule-1-do-rallyeove-octavie/,cs,True,8,2,2,sow-editor+sow-editor,,no
https://www.skoda-storyboard.com/cs/130let/2002-mraziva-nehoda-nad-propasti/,cs,True,9,2,4,sow-editor+sow-editor+sow-editor+sow-editor,,no
https://www.skoda-storyboard.com/cs/130let/2000-od-korespondaku-k-nejvetsimu-serialu-v-evrope/,cs,True,8,2,2,sow-editor+sow-editor,,no
https://www.skoda-storyboard.com/cs/130let/1996-atlanta-jako-znameni-pro-neumannovou/,cs,True,14,8,6,sow-editor+sow-editor+sow-editor+sow-editor+sow-editor+sow-editor,,no
https://www.skoda-storyboard.com/cs/skoda-svet-cs/rychlejsi-a-zabavnejsi-nova-skoda-fabia-130-miluje-zatacky/,cs,True,18,11,10,skoda-offset+sow-editor+skoda-carousel-widget+skoda-offset+sow-editor+skoda-offset+sow-editor+skoda-carousel-widget+skoda-offset+sow-editor,,no
https://www.skoda-storyboard.com/cs/130let/1994-barevny-rej-skodovek-na-okruzich/,cs,True,8,2,2,sow-editor+sow-editor,,no
https://www.skoda-storyboard.com/cs/130let/1987-na-scenu-prichazi-favorit/,cs,True,14,5,6,sow-editor+sow-editor+sow-editor+sow-editor+sow-editor+sow-editor,,no
https://www.skoda-storyboard.com/cs/130let/1971-vitezna-skoda-u-zrozeni-legendy/,cs,True,13,4,4,sow-editor+sow-editor+sow-editor+sow-editor,,no
https://www.skoda-storyboard.com/cs/130let/1971-fenomen-jmenem-autokros-prvni-tituly-pro-skodu/,cs,True,8,2,2,sow-editor+sow-editor,,no
https://www.skoda-storyboard.com/cs/130let/1970-formule-skoda/,cs,True,19,6,8,sow-editor+sow-editor+sow-editor+sow-editor+sow-editor+sow-editor+sow-editor+sow-editor,,no
https://www.skoda-storyboard.com/cs/130let/1955-skoda-440-na-mezinarodni-scene/,cs,True,8,2,2,sow-editor+sow-editor,,no
https://www.skoda-storyboard.com/cs/skoda-svet-cs/skrabka-destnik-a-desitky-dalsich-jak-se-zrodil-fenomen-simply-clever/,cs,True,8,2,9,skoda-carousel-widget+sow-editor+skoda-offset+sow-editor+skoda-carousel-widget+skoda-offset+sow-editor+skoda-carousel-widget+sow-editor,,no
https://www.skoda-storyboard.com/cs/e-mobilita-cs/kavarna-na-elektropohon-elroq-a-enyaq-serviruji-kavu/,cs,True,18,11,4,skoda-offset+sow-editor+skoda-offset+skoda-carousel-widget,,no
https://www.skoda-storyboard.com/cs/skoda-svet-cs/ikona-v-moderni-podobe-radikalni-skoda-110-r/,cs,True,33,23,4,skoda-carousel-widget+sow-editor+skoda-offset+sow-editor,,no
https://www.skoda-storyboard.com/cs/zivotni-styl/motorsport-cs/vyzva-pro-mistra-rally-300-km-na-kole-bilou-noci/,cs,True,23,17,2,skoda-offset+sow-editor,,no
https://www.skoda-storyboard.com/cs/e-mobilita-cs/merit-stejne-vsem-jak-vypada-kontrola-baterie-ojeteho-elektromobilu/,cs,True,30,14,1,sow-editor,,no
https://www.skoda-storyboard.com/cs/skoda-svet-cs/skicujte-jako-sefdesigner/,cs,True,24,14,4,skoda-offset+sow-editor+skoda-carousel-widget+skoda-offset,,no
https://www.skoda-storyboard.com/cs/e-mobilita-cs/elroq-rs-v-zupanu-odhalte-tajemstvi-matneho-laku/,cs,True,18,11,6,sow-editor+sow-editor+skoda-offset+sow-editor+skoda-carousel-widget+sow-editor,,no
https://www.skoda-storyboard.com/cs/skoda-svet-cs/skoda-classic-tour-na-vlastni-oci/,cs,True,8,2,9,sow-editor+sow-editor+skoda-carousel-widget+skoda-offset+sow-editor+skoda-carousel-widget+skoda-offset+sow-editor+skoda-carousel-widget,,no
https://www.skoda-storyboard.com/cs/e-mobilita-cs/skoda-vision-o-novy-design-technika-i-pristup/,cs,True,34,20,9,skoda-offset+sow-editor+skoda-carousel-widget+sow-editor+sow-editor+skoda-carousel-widget+sow-editor+skoda-offset+sow-editor,,no
https://www.skoda-storyboard.com/cs/skoda-svet-cs/bezpecnost-i-nove-funkce-jak-na-aktualizace-vozu-skoda/,cs,True,18,11,7,skoda-offset+sow-editor+skoda-offset+sow-editor+skoda-offset+sow-editor+skoda-offset,,no
https://www.skoda-storyboard.com/cs/skoda-svet-cs/ikona-v-moderni-podobe-hrava-felicia-fun/,cs,True,23,17,5,skoda-offset+sow-editor+skoda-carousel-widget+sow-editor+skoda-offset,,no
https://www.skoda-storyboard.com/cs/zivotni-styl/se-skodou-rapid-za-polarni-kruh-a-na-olympiadu/,cs,True,39,26,2,sow-editor+skoda-carousel-widget,,no
https://www.skoda-storyboard.com/cs/e-mobilita-cs/interier-vision-o-okouzli-vas-je-prakticky-a-funkcni/,cs,True,52,32,28,sow-editor+sow-editor+sow-editor+sow-editor+sow-editor+sow-editor+sow-editor+sow-editor+sow-editor+sow-editor+sow-editor+sow-editor+sow-editor+sow-editor+skoda-offset+skoda-offset+sow-editor+sow-editor+sow-editor+sow-editor+sow-editor+sow-editor+skoda-offset+skoda-offset+sow-editor+sow-editor+sow-editor+sow-editor,,no
https://www.skoda-storyboard.com/cs/130let/2025-sen-o-tour-de-france-v-cesku-nabira-i-diky-skoda-auto-realne-obrysy/,cs,True,8,2,2,sow-editor+sow-editor,,no
https://www.skoda-storyboard.com/cs/130let/2017-hokej-ve-meste-lasky-a-rekord-pro-skodu/,cs,True,8,2,2,sow-editor+sow-editor,,no
https://www.skoda-storyboard.com/cs/130let/2001-treti-v-africe-historicky-uspech-skody-v-rallye/,cs,True,8,2,2,sow-editor+sow-editor,,no
https://www.skoda-storyboard.com/cs/130let/2000-cesi-vladnou-i-bez-hvezd-rusove-besni-vyhostete-hokejisty/,cs,True,14,4,6,sow-editor+sow-editor+sow-editor+sow-editor+sow-editor+sow-editor,,no
https://www.skoda-storyboard.com/cs/130let/1999-strelec-ktereho-nikdo-necekal/,cs,True,8,2,2,sow-editor+sow-editor,,no
https://www.skoda-storyboard.com/cs/130let/1998-do-tretice-novotna-dobyla-slavny-wimbledon/,cs,True,8,2,2,sow-editor+sow-editor,,no
https://www.skoda-storyboard.com/cs/130let/1997-jste-zbabelci-kriceli-cesi-po-krivde-s-kanadou/,cs,True,8,2,2,sow-editor+sow-editor,,no
https://www.skoda-storyboard.com/cs/130let/1996-hvezdny-blomqvist-vitezi-s-felicii-na-britske-rallye/,cs,True,13,4,4,sow-editor+sow-editor+sow-editor+sow-editor,,no
https://www.skoda-storyboard.com/cs/130let/1993-wimbledonske-slzy-jany-novotne/,cs,True,8,2,2,sow-editor+sow-editor,,no
https://www.skoda-storyboard.com/cs/130let/1975-rekordni-spider-na-ecce-homo/,cs,True,23,8,8,sow-editor+sow-editor+sow-editor+sow-editor+sow-editor+sow-editor+sow-editor+sow-editor,,no
https://www.skoda-storyboard.com/cs/130let/1971-rallye-ktera-zbourala-zeleznou-oponu/,cs,True,9,3,4,sow-editor+sow-editor+sow-editor+sow-editor,,no
https://www.skoda-storyboard.com/cs/130let/1968-fousek-ziskava-pohar-miru-a-pratelstvi/,cs,True,8,2,2,sow-editor+sow-editor,,no
https://www.skoda-storyboard.com/cs/130let/1963-vidner-triumfuje-v-pretezke-tour-deurope/,cs,True,13,4,4,sow-editor+sow-editor+sow-editor+sow-editor,,no
https://www.skoda-storyboard.com/cs/130let/1958-uspech-skody-v-drsne-australii/,cs,True,8,2,2,sow-editor+sow-editor,,no
https://www.skoda-storyboard.com/cs/e-mobilita-cs/skoda-enyaq-si-vas-ziska-za-60-sekund/,cs,True,18,11,4,sow-editor+skoda-carousel-widget+sow-editor+sow-editor,,no
https://www.skoda-storyboard.com/cs/skoda-svet-cs/nesmrtelna-octavia-podivejte-se-jak-vypada-po-milionu-kilometru/,cs,True,24,14,2,sow-editor+sow-editor,,no
https://www.skoda-storyboard.com/cs/e-mobilita-cs/skoda-vision-o-zpatky-ke-korenum/,cs,True,35,23,1,sow-editor,,no
https://www.skoda-storyboard.com/cs/skoda-svet-cs/citijet-nam-nastartoval-karieru-autori-vzpominaji-na-prvni-zakovsky-vuz/,cs,True,23,17,9,sow-editor+skoda-offset+sow-editor+sow-editor+skoda-offset+sow-editor+skoda-carousel-widget+sow-editor+skoda-offset,,no
https://www.skoda-storyboard.com/cs/e-mobilita-cs/jak-kouzli-aerodynamici/,cs,True,28,20,6,skoda-offset+sow-editor+sow-editor+skoda-offset+sow-editor+sow-editor,,no
https://www.skoda-storyboard.com/cs/zivotni-styl/objevte-albanii/,cs,True,13,8,6,sow-editor+skoda-carousel-widget+sow-editor+skoda-offset+sow-editor+skoda-carousel-widget,,no
https://www.skoda-storyboard.com/cs/130let/2024-zeleny-zazrak-z-afriky/,cs,True,8,2,2,sow-editor+sow-editor,,no
https://www.skoda-storyboard.com/cs/130let/2022-rekordni-belgicka-one-man-show/,cs,True,14,4,6,sow-editor+sow-editor+sow-editor+sow-editor+sow-editor+sow-editor,,no
https://www.skoda-storyboard.com/cs/130let/2021-zelene-vzkriseni-rekordmana-tour/,cs,True,8,2,2,sow-editor+sow-editor,,no
https://www.skoda-storyboard.com/cs/130let/2001-muj-gol-bylo-vekacko-rika-moravec-jenz-dokonal-zlaty-hattrick/,cs,True,8,2,2,sow-editor+sow-editor,,no
https://www.skoda-storyboard.com/cs/130let/1989-skodovkou-z-vojny-za-sametovou-revoluci/,cs,True,8,2,2,sow-editor+sow-editor,,no
https://www.skoda-storyboard.com/cs/130let/1974-poprve-s-oznacenim-rs/,cs,True,13,4,4,sow-editor+sow-editor+sow-editor+sow-editor,,no
https://www.skoda-storyboard.com/cs/130let/1964-napric-kanadou-k-trofeji/,cs,True,8,2,2,sow-editor+sow-editor,,no
https://www.skoda-storyboard.com/cs/130let/1936-pres-halucinace-k-uspechu-na-monte/,cs,True,13,8,4,sow-editor+sow-editor+sow-editor+sow-editor,,no
https://www.skoda-storyboard.com/cs/130let/1933-1000-mil-ceskoslovenskych/,cs,True,8,2,2,sow-editor+sow-editor,,no
https://www.skoda-storyboard.com/cs/130let/1912-poprve-vuz-z-boleslavi-na-legendarnim-monte-carlu/,cs,True,8,2,2,sow-editor+sow-editor,,no
https://www.skoda-storyboard.com/cs/130let/1911-suverenni-tazeni-lk/,cs,True,8,2,2,sow-editor+sow-editor,,no
https://www.skoda-storyboard.com/cs/e-mobilita-cs/silueta-vision-o-ochutnavka-kombi-budoucnosti/,cs,True,29,21,16,sow-editor+sow-editor+sow-editor+sow-editor+sow-editor+sow-editor+skoda-offset+skoda-offset+sow-editor+sow-editor+sow-editor+sow-editor+skoda-offset+skoda-offset+sow-editor+sow-editor,,no
https://www.skoda-storyboard.com/cs/zivotni-styl/vzpominky-na-afriku/,cs,True,28,20,5,sow-editor+sow-editor+sow-editor+skoda-carousel-widget+sow-editor,,no
https://www.skoda-storyboard.com/cs/zivotni-styl/borci-z-tour-de-france-proverili-zakovsky-vuz-skoda-lk-130/,cs,True,8,2,7,sow-editor+skoda-carousel-widget+sow-editor+sow-editor+sow-editor+skoda-carousel-widget+sow-editor,,no
https://www.skoda-storyboard.com/cs/skoda-svet-cs/ikona-v-moderni-podobe-vytrvala-skoda-sport/,cs,True,23,17,7,sow-editor+skoda-offset+sow-editor+skoda-carousel-widget+sow-editor+skoda-offset+skoda-offset,,no
https://www.skoda-storyboard.com/cs/e-mobilita-cs/skoda-enyaq-rs-race-budoucnost-prijizdi-rychle/,cs,True,18,11,2,sow-editor+skoda-carousel-widget,,no
https://www.skoda-storyboard.com/cs/130let/2025-horky-usmev-hrdiny-zase-jen-stribro/,cs,True,8,2,2,sow-editor+sow-editor,,no
https://www.skoda-storyboard.com/cs/130let/2025-dalsi-rekord-v-navstevnosti-cechy-uchvatil-i-zensky-hokej/,cs,True,13,4,4,sow-editor+sow-editor+sow-editor+sow-editor,,no
https://www.skoda-storyboard.com/cs/130let/2005-legendarni-colin-mcrae-za-volantem-skody/,cs,True,13,5,4,sow-editor+sow-editor+sow-editor+sow-editor,,no
https://www.skoda-storyboard.com/cs/130let/1993-skodovka-nejlepsimu-obranci-300-litru-piva-pak-brankari/,cs,True,8,2,2,sow-editor+sow-editor,,no
https://www.skoda-storyboard.com/cs/130let/1992-hokejove-sbohem-s-federaci-a-zacatek-pevneho-partnerstvi-skody/,cs,True,8,2,2,sow-editor+sow-editor,,no
https://www.skoda-storyboard.com/cs/skoda-svet-cs/skoda-si-s-tim-poradi-jak-bez-nadavani-zvladnout-bahno-i-piraty/,cs,True,8,2,2,sow-editor+sow-editor,,no
https://www.skoda-storyboard.com/cs/130let/1981-okruhovi-mistri-evropy-z-ceskoslovenska/,cs,True,19,7,8,sow-editor+sow-editor+sow-editor+sow-editor+sow-editor+sow-editor+sow-editor+sow-editor,,no
https://www.skoda-storyboard.com/cs/130let/1968-proc-tu-stoji-ten-tank-nor-haugland-uprostred-ruske-invaze/,cs,True,19,6,8,sow-editor+sow-editor+sow-editor+sow-editor+sow-editor+sow-editor+sow-editor+sow-editor,,no
https://www.skoda-storyboard.com/cs/130let/1961-finsky-uspech-se-skodovkou-v-monte-carlu/,cs,True,13,4,4,sow-editor+sow-editor+sow-editor+sow-editor,,no
https://www.skoda-storyboard.com/cs/130let/1948-prvni-povalecne-triumfy/,cs,True,8,2,2,sow-editor+sow-editor,,no
https://www.skoda-storyboard.com/cs/130let/1925-z-automobilky-je-skoda/,cs,True,13,4,4,sow-editor+sow-editor+sow-editor+sow-editor,,no
https://www.skoda-storyboard.com/cs/130let/1924-zavod-jehoz-jmeno-znelo-svetem/,cs,True,14,4,6,sow-editor+sow-editor+sow-editor+sow-editor+sow-editor+sow-editor,,no
https://www.skoda-storyboard.com/cs/130let/1908-kdo-je-to-ten-pan-doconald/,cs,True,13,4,4,sow-editor+sow-editor+sow-editor+sow-editor,,no
https://www.skoda-storyboard.com/cs/skoda-svet-cs/freza-skrabky-hlina-v-peci-jak-pracuji-modelari-v-designu/,cs,True,24,12,7,sow-editor+sow-editor+sow-editor+sow-editor+skoda-carousel-widget+sow-editor+sow-editor,,no
https://www.skoda-storyboard.com/cs/zivotni-styl/aby-klimatizace-neskodila-nechladte-prilis-a-obcas-ji-vypnete/,cs,True,39,26,2,sow-editor+sow-editor,,no
https://www.skoda-storyboard.com/cs/zivotni-styl/motorsport-cs/lovci-setin-v-jedne-i-ve-dvou-stopach/,cs,True,59,38,4,sow-editor+sow-editor+sow-editor+sow-editor,,no
https://www.skoda-storyboard.com/cs/skoda-svet-cs/nechte-se-prekvapit-kouzelna-hulka-navrhne-idealni-vylet/,cs,True,33,28,25,sow-editor+sow-editor+sow-editor+sow-editor+skoda-carousel-widget+skoda-carousel-widget+skoda-offset+skoda-offset+sow-editor+sow-editor+sow-editor+sow-editor+skoda-offset+skoda-offset+sow-editor+sow-editor+sow-editor+sow-editor+skoda-carousel-widget+skoda-carousel-widget+skoda-carousel-widget+skoda-carousel-widget+skoda-carousel-widget+skoda-carousel-widget+skoda-carousel-widget,,no
https://www.skoda-storyboard.com/cs/skoda-svet-cs/pojedte-do-muzea-130-let-znacky-skoda-na-vlastni-oci/,cs,True,33,18,23,sow-editor+sow-editor+skoda-carousel-widget+skoda-carousel-widget+sow-editor+sow-editor+sow-editor+sow-editor+sow-editor+sow-editor+sow-editor+sow-editor+skoda-carousel-widget+skoda-carousel-widget+sow-editor+sow-editor+skoda-carousel-widget+skoda-carousel-widget+skoda-carousel-widget+skoda-carousel-widget+skoda-carousel-widget+skoda-carousel-widget+skoda-carousel-widget,,no
https://www.skoda-storyboard.com/cs/e-mobilita-cs/elroq-rs-v-matnem-kabatu-limitovana-serie-privazi-novy-odstin/,cs,True,18,11,2,sow-editor+sow-editor,,no
https://www.skoda-storyboard.com/cs/skoda-svet-cs/skoda-lk-130-zakovsky-special-pro-cyklisty/,cs,True,18,11,8,sow-editor+skoda-carousel-widget+sow-editor+skoda-carousel-widget+sow-editor+sow-editor+sow-editor+skoda-carousel-widget,,no
https://www.skoda-storyboard.com/cs/e-mobilita-cs/jedna-baterie-dve-cisla-jak-se-meri-spotreba-a-dojezd-elektromobilu/,cs,True,8,2,2,sow-editor+sow-editor,,no
https://www.skoda-storyboard.com/cs/skoda-svet-cs/ikona-v-moderni-podobe-upirsky-ferat-promysleny-do-detailu/,cs,True,39,29,5,sow-editor+skoda-offset+sow-editor+skoda-carousel-widget+skoda-carousel-widget,,no
https://www.skoda-storyboard.com/cs/skoda-svet-cs/andele-strazni-jak-funguji-brzdove-asistenty/,cs,True,23,16,10,sow-editor+sow-editor+sow-editor+sow-editor+sow-editor+sow-editor+skoda-offset+skoda-offset+sow-editor+sow-editor,,no
https://www.skoda-storyboard.com/cs/zivotni-styl/mate-u-nadrze-pismena-xtl-zjistete-co-znamenaji/,cs,True,49,39,2,sow-editor+skoda-carousel-widget,,no
https://www.skoda-storyboard.com/cs/skoda-svet-cs/budoucnost-zajisti-vyvazena-nabidka-elektrickych-a-spalovacich-modelu/,cs,True,13,9,4,sow-editor+sow-editor+sow-editor+sow-editor,,no
https://www.skoda-storyboard.com/cs/skoda-svet-cs/pohled-do-duse-automobiloveho-designera/,cs,True,23,17,10,sow-editor+sow-editor+sow-editor+sow-editor+sow-editor+sow-editor+sow-editor+sow-editor+sow-editor+sow-editor,,no
https://www.skoda-storyboard.com/cs/zivotni-styl/legenda-versus-soucasna-hvezda-jak-50-let-promenilo-soutezni-vuz/,cs,True,48,35,29,sow-editor+sow-editor+skoda-offset+skoda-offset+sow-editor+sow-editor+sow-editor+sow-editor+skoda-carousel-widget+skoda-carousel-widget+sow-editor+sow-editor+sow-editor+sow-editor+sow-editor+sow-editor+sow-editor+sow-editor+skoda-offset+skoda-offset+skoda-offset+skoda-offset+skoda-carousel-widget+skoda-carousel-widget+skoda-carousel-widget+skoda-carousel-widget+skoda-carousel-widget+skoda-carousel-widget+skoda-carousel-widget,,no
https://www.skoda-storyboard.com/cs/e-mobilita-cs/ikona-v-moderni-podobe-elektrizujici-favorit/,cs,True,34,26,1,sow-editor,,no
https://www.skoda-storyboard.com/cs/130let/2024-hokejova-pohadka-z-prahy/,cs,True,14,4,6,sow-editor+sow-editor+sow-editor+sow-editor+sow-editor+sow-editor,,no
https://www.skoda-storyboard.com/cs/130let/2021-do-beloruska-ne-skoda-auto-dala-hokeji-jasne-ultimatum/,cs,True,8,2,2,sow-editor+sow-editor,,no
https://www.skoda-storyboard.com/cs/130let/2020-pro-reditele-i-lednicka/,cs,True,8,2,2,sow-editor+sow-editor,,no
https://www.skoda-storyboard.com/cs/130let/2019-zelene-saganovo-tazeni-nezastavila-ani-skala/,cs,True,13,4,4,sow-editor+sow-editor+sow-editor+sow-editor,,no
https://www.skoda-storyboard.com/cs/130let/2018-skoda-jako-cejch/,cs,True,19,7,10,sow-editor+sow-editor+sow-editor+sow-editor+sow-editor+sow-editor+sow-editor+sow-editor+sow-editor+sow-editor,,no
https://www.skoda-storyboard.com/cs/130let/2011-schumacher-a-vettel-ve-skodovce/,cs,True,8,2,2,sow-editor+sow-editor,,no
https://www.skoda-storyboard.com/cs/130let/2010-andyho-bily-hattrick/,cs,True,8,2,2,sow-editor+sow-editor,,no
https://www.skoda-storyboard.com/cs/130let/2007-z-propasti-k-dominanci-na-tour/,cs,True,25,12,12,sow-editor+sow-editor+sow-editor+sow-editor+sow-editor+sow-editor+sow-editor+sow-editor+sow-editor+sow-editor+sow-editor+sow-editor,,no
https://www.skoda-storyboard.com/cs/130let/2004-navrat-ke-korenum/,cs,True,8,2,2,sow-editor+sow-editor,,no
https://www.skoda-storyboard.com/cs/130let/1999-s-octavii-wrc-jsem-zazil-formuli-1-v-lese/,cs,True,8,2,2,sow-editor+sow-editor,,no
https://www.skoda-storyboard.com/cs/simply-clever/zaparkujte-svuj-vuz-skoda-mobilem-naucime-vas-to/,cs,True,43,27,16,sow-editor+sow-editor+skoda-offset+skoda-offset+sow-editor+sow-editor+sow-editor+sow-editor+sow-editor+sow-editor+sow-editor+sow-editor+sow-editor+sow-editor+skoda-offset+skoda-offset,,no
https://www.skoda-storyboard.com/cs/skoda-svet-cs/tvrdy-neznamena-vzdy-sportovni-jak-se-ladi-modely-rs/,cs,True,24,15,10,sow-editor+sow-editor+sow-editor+sow-editor+sow-editor+sow-editor+sow-editor+sow-editor+sow-editor+sow-editor,,no
https://www.skoda-storyboard.com/cs/servis/hledat-a-najit-diagnostika-zada-hluboke-znalosti-i-spickove-vybaveni/,cs,True,8,2,5,sow-editor+sow-editor+sow-editor+sow-editor+sow-editor,,no
https://www.skoda-storyboard.com/cs/130let/1979-zivotni-recka-jizda-blahny/,cs,True,8,2,2,sow-editor+sow-editor,,no
https://www.skoda-storyboard.com/cs/130let/1963-jak-elegan-chiron-tahal-pisteka-z-reky/,cs,True,8,2,2,sow-editor+sow-editor,,no
https://www.skoda-storyboard.com/cs/130let/1959-hokejove-mistrovstvi-sveta-v-mlade-boleslavi/,cs,True,18,6,6,skoda-quote+skoda-quote+sow-editor+sow-editor+sow-editor+sow-editor,,no
https://www.skoda-storyboard.com/cs/130let/1936-rapidem-za-polarni-kruh-a-na-olympiadu-do-berlina/,cs,True,14,5,1,sow-editor,,no
https://www.skoda-storyboard.com/cs/130let/1906-prvni-vyhra-pro-automobil/,cs,True,8,3,2,sow-editor+sow-editor,,no
https://www.skoda-storyboard.com/cs/130let/1905-prvni-automobil-z-mlade-boleslavi/,cs,True,13,5,4,sow-editor+sow-editor+sow-editor+sow-editor,,no
https://www.skoda-storyboard.com/cs/130let/1905-vitezny-muz-s-kozenou-brasnou/,cs,True,13,5,4,skoda-quote+skoda-quote+sow-editor+sow-editor,,no
https://www.skoda-storyboard.com/cs/130let/1901-prvni-v-cili-kde-ho-nikdo-necekal/,cs,True,14,6,6,sow-editor+sow-editor+sow-editor+sow-editor+sow-editor+sow-editor,,no
https://www.skoda-storyboard.com/cs/zivotni-styl/sport-cs/hokej-cs/letosni-hokejova-sestava-tymu-skoda-2/,cs,True,38,23,1,skoda-carousel-widget,,no
https://www.skoda-storyboard.com/cs/zivotni-styl/nezapomenutelny-vylet-do-jiznich-cech/,cs,True,8,2,2,sow-editor+sow-editor,,no
https://www.skoda-storyboard.com/cs/e-mobilita-cs/enyaq-rs-dostal-novou-tvar-i-vybavu/,cs,True,33,23,12,sow-editor+sow-editor+sow-editor+sow-editor+sow-editor+sow-editor+sow-editor+sow-editor+sow-editor+sow-editor+sow-editor+sow-editor,,no
https://www.skoda-storyboard.com/cs/e-mobilita-cs/hlasity-odvazny-elroq-respectline-oslavuje-ruznorodost/,cs,True,29,20,23,sow-editor+sow-editor+sow-editor+sow-editor+sow-editor+sow-editor+sow-editor+sow-editor+sow-editor+sow-editor+sow-editor+sow-editor+skoda-carousel-widget+skoda-carousel-widget+sow-editor+sow-editor+skoda-carousel-widget+skoda-carousel-widget+skoda-carousel-widget+skoda-carousel-widget+skoda-carousel-widget+skoda-carousel-widget+skoda-carousel-widget,,no
https://www.skoda-storyboard.com/cs/130let/2021-skodovkou-na-slavny-dakar/,cs,True,18,7,6,sow-editor+sow-editor+sow-editor+sow-editor+skoda-offset+skoda-offset,,no
https://www.skoda-storyboard.com/cs/130let/2013-hlavne-at-nejede-moc-rychle/,cs,True,23,13,8,skoda-quote+skoda-quote+sow-editor+sow-editor+sow-editor+sow-editor+skoda-offset+skoda-offset,,no
https://www.skoda-storyboard.com/cs/130let/1996-hokejovy-triumf-ktery-stvoril-zlatou-generaci/,cs,True,13,5,4,sow-editor+sow-editor+skoda-offset+skoda-offset,,no
https://www.skoda-storyboard.com/cs/130let/1981-jak-pistek-stvoril-hororovy-sportak-ktery-pil-krev/,cs,True,35,13,16,sow-editor+sow-editor+sow-editor+sow-editor+sow-editor+sow-editor+sow-editor+sow-editor+sow-editor+sow-editor+sow-editor+sow-editor+sow-editor+sow-editor+skoda-offset+skoda-offset,,no
https://www.skoda-storyboard.com/cs/130let/1969-po-dvanacti-pivech-na-kole-stremhlav-pro-embecko/,cs,True,8,3,2,sow-editor+sow-editor,,no
https://www.skoda-storyboard.com/cs/130let/1950-skoda-poprve-a-naposledy-na-le-mans/,cs,True,38,23,14,sow-editor+sow-editor+sow-editor+sow-editor+sow-editor+sow-editor+sow-editor+sow-editor+sow-editor+sow-editor+sow-editor+sow-editor+skoda-offset+skoda-offset,,no
https://www.skoda-storyboard.com/cs/130let/1920-prvni-zavod-v-ceskoslovensku-poradali-nemci/,cs,True,18,7,6,sow-editor+sow-editor+sow-editor+sow-editor+skoda-offset+skoda-offset,,no
https://www.skoda-storyboard.com/cs/130let/1914-uchvatna-trofej-pro-hrabete-kolowrata/,cs,True,18,6,6,sow-editor+sow-editor+sow-editor+sow-editor+skoda-offset+skoda-offset,,no
https://www.skoda-storyboard.com/cs/130let/1908-hubenoure-do-auta-rychlostni-rekord-od-nahradnika/,cs,True,33,16,12,skoda-quote+skoda-quote+sow-editor+sow-editor+sow-editor+sow-editor+skoda-offset+skoda-offset+sow-editor+sow-editor+skoda-offset+skoda-offset,,no
https://www.skoda-storyboard.com/cs/130let/1895-stiplavy-dopis-ktery-v-mlade-boleslavi-zrodil-legendu/,cs,True,25,11,12,sow-editor+sow-editor+sow-editor+sow-editor+sow-editor+sow-editor+sow-editor+sow-editor+sow-editor+sow-editor+skoda-offset+skoda-offset,,no
https://www.skoda-storyboard.com/cs/e-mobilita-cs/barevna-oslava-rozmanitosti-teste-se-na-elroq-respectline/,cs,True,8,2,2,sow-editor+sow-editor,,no
https://www.skoda-storyboard.com/cs/e-mobilita-cs/barvy-i-materialy-co-inspirovalo-designery-v-milane/,cs,True,8,2,3,sow-editor+sow-editor+sow-editor,,no
https://www.skoda-storyboard.com/cs/servis/umeni-lakovat-aby-vase-auto-zustalo-krasne-i-po-nehode/,cs,True,19,8,5,sow-editor+sow-editor+sow-editor+sow-editor+sow-editor,,no
https://www.skoda-storyboard.com/cs/skoda-svet-cs/jak-okouzlit-zapad-objevte-krasu-plakatu-skoda/,cs,True,37,17,22,sow-editor+sow-editor+sow-editor+sow-editor+sow-editor+sow-editor+sow-editor+sow-editor+sow-editor+sow-editor+sow-editor+sow-editor+sow-editor+sow-editor+sow-editor+sow-editor+sow-editor+sow-editor+sow-editor+sow-editor+sow-editor+sow-editor,,no
https://www.skoda-storyboard.com/cs/e-mobilita-cs/ikona-v-moderni-podobe-slavia-b-jako-cafe-racer/,cs,True,23,17,2,sow-editor+sow-editor,,no
https://www.skoda-storyboard.com/cs/zivotni-styl/dovolena-uz-cestou-objevte-jadranskou-magistralu/,cs,True,8,2,3,sow-editor+sow-editor+sow-editor,,no
https://www.skoda-storyboard.com/cs/modely-cs/enyaq-cs/5-duvodu-proc-chtit-novy-enyaq/,cs,True,8,2,6,sow-editor+sow-editor+sow-editor+skoda-carousel-widget+sow-editor+sow-editor,,no
https://www.skoda-storyboard.com/cs/servis/letni-zar-proveri-klimatizaci-chladi-li-malo-vola-o-pomoc-servisu/,cs,True,19,8,3,sow-editor+sow-editor+sow-editor,,no
https://www.skoda-storyboard.com/cs/e-mobilita-cs/25-tun-bez-namahy-triky-superhrdinu-z-vyroby/,cs,True,8,2,3,sow-editor+sow-editor+sow-editor,,no
https://www.skoda-storyboard.com/cs/skoda-svet-cs/ciao-skoda-okouzlujici-zazitek-na-milan-design-week/,cs,True,29,17,19,sow-editor+sow-editor+sow-editor+sow-editor+sow-editor+sow-editor+sow-editor+sow-editor+skoda-carousel-widget+skoda-carousel-widget+sow-editor+sow-editor+skoda-carousel-widget+skoda-carousel-widget+skoda-carousel-widget+skoda-carousel-widget+skoda-carousel-widget+skoda-carousel-widget+skoda-carousel-widget,,no
https://www.skoda-storyboard.com/cs/modely-cs/elroq_cs/rychla-zabavna-prakticka-skoda-elroq-rs-je-tu/,cs,True,43,36,16,sow-editor+sow-editor+sow-editor+sow-editor+sow-editor+sow-editor+sow-editor+sow-editor+sow-editor+sow-editor+sow-editor+sow-editor+sow-editor+sow-editor+sow-editor+sow-editor,,no
https://www.skoda-storyboard.com/cs/skoda-svet-cs/dedictvi-cs/ceska-bota-skoda-a-botas-vytvorily-unikatni-tenisky/,cs,True,34,21,16,sow-editor+sow-editor+skoda-offset+skoda-offset+sow-editor+sow-editor+sow-editor+sow-editor+sow-editor+sow-editor+sow-editor+sow-editor+sow-editor+sow-editor+sow-editor+sow-editor,,no
https://www.skoda-storyboard.com/cs/e-mobilita-cs/lehka-noha-predvidavost-uspornou-jizdu-odmeni-kazdy-vuz-elektromobil-nejvice/,cs,True,57,19,3,sow-editor+sow-editor+sow-editor,,no
https://www.skoda-storyboard.com/cs/skoda-svet-cs/snezenka-plamenak-modern-solid-skoda-miri-do-milana/,cs,True,18,11,3,sow-editor+skoda-carousel-widget+sow-editor,,no
https://www.skoda-storyboard.com/cs/skoda-svet-cs/okna-jako-svedek-pribehu-uspesne-historie-spolecnosti-laurin-klement/,cs,True,18,11,2,skoda-carousel-widget+sow-editor,,no
https://www.skoda-storyboard.com/cs/zivotni-styl/jarni-pece-o-auto-co-vyresite-doma-a-s-cim-do-servisu/,cs,True,48,36,1,sow-editor,,no
https://www.skoda-storyboard.com/cs/modely-cs/kodiaq-cs/rs-v-medvedi-kuzi-nejsilnejsi-kodiaq-si-zamilujete/,cs,True,22,11,5,sow-editor+sow-editor+sow-editor+sow-editor+skoda-carousel-widget,,no
https://www.skoda-storyboard.com/cs/mise-a-vize-cs/shrnuti-rekordniho-roku-a-ochutnavka-budoucnosti/,cs,True,24,12,1,sow-editor,,no
https://www.skoda-storyboard.com/cs/skoda-svet-cs/automat-setri-palivo-nohy-i-misto-kdy-ma-jeste-smysl-manual/,cs,True,33,23,19,sow-editor+sow-editor+skoda-carousel-widget+skoda-carousel-widget+sow-editor+sow-editor+sow-editor+sow-editor+sow-editor+sow-editor+sow-editor+sow-editor+skoda-carousel-widget+skoda-carousel-widget+skoda-carousel-widget+skoda-carousel-widget+skoda-carousel-widget+skoda-carousel-widget+skoda-carousel-widget,,no
https://www.skoda-storyboard.com/cs/e-mobilita-cs/nadherna-jizda-na-nejsevernejsi-cip-mallorky/,cs,True,14,6,2,sow-editor+sow-editor,,no
https://www.skoda-storyboard.com/cs/e-mobilita-cs/proc-v-zime-klesa-dojezd-elektromobilu-a-vybije-ho-topeni-ve-dvouhodinove-kolone/,cs,True,19,8,4,sow-editor+sow-editor+sow-editor+sow-editor,,no
https://www.skoda-storyboard.com/cs/simply-clever/mate-v-kufru-qr-kod-ukaze-vam-vsechny-vychytavky/,cs,True,13,6,15,sow-editor+sow-editor+sow-editor+skoda-offset+sow-editor+sow-editor+skoda-offset+sow-editor+skoda-offset+sow-editor+skoda-offset+sow-editor+skoda-offset+sow-editor+skoda-offset,,no
https://www.skoda-storyboard.com/cs/modely-cs/kodiaq-cs/pribeh-olivoveho-oleje-z-andalusie-do-ceska/,cs,True,29,21,1,skoda-carousel-widget,,no
https://www.skoda-storyboard.com/cs/zivotni-styl/co-se-na-okruhu-naucis-na-silnici-jako-kdyz-najdes/,cs,True,43,29,1,sow-editor,,no
https://www.skoda-storyboard.com/cs/simply-clever/kavovar-chladnicka-i-raminko-doplnky-skoda-mysli-na-kazdy-detail/,cs,True,8,2,2,sow-editor+sow-editor,,no
https://www.skoda-storyboard.com/cs/skoda-svet-cs/inovace-a-technologie/skodabox-i-platba-z-auta-chytre-sluzby-pro-zakazniky-se-stale-rozsiruji/,cs,True,30,14,3,sow-editor+sow-editor+sow-editor,,no
https://www.skoda-storyboard.com/cs/koncepty-cs/parizsky-prulet-130-lety/,cs,True,8,2,2,sow-editor+sow-editor,,no
https://www.skoda-storyboard.com/cs/e-mobilita-cs/tady-se-rodi-pristi-vozy-skoda-podivejte-se-do-tajne-modelarny/,cs,True,18,9,6,sow-editor+sow-editor+sow-editor+sow-editor+sow-editor+sow-editor,,no
https://www.skoda-storyboard.com/cs/zivotni-styl/bezpecna-jizda-na-snehu-a-ledu/,cs,True,18,11,4,sow-editor+sow-editor+sow-editor+sow-editor,,no
https://www.skoda-storyboard.com/cs/modely-cs/superb-cs/sportovni-smrnc-na-kazdy-den-superb-sportline-vas-dostane/,cs,True,39,26,18,sow-editor+sow-editor+sow-editor+sow-editor+sow-editor+sow-editor+sow-editor+sow-editor+sow-editor+sow-editor+sow-editor+sow-editor+sow-editor+sow-editor+sow-editor+sow-editor+sow-editor+sow-editor,,no
https://www.skoda-storyboard.com/cs/skoda-svet-cs/matematika-ve-vasem-aute-promenny-servisni-interval/,cs,True,19,8,1,sow-editor,,no
https://www.skoda-storyboard.com/cs/zivotni-styl/dobrodruzstvi-cs/ridicsky-raj-jihu-francie-vyjedte-na-col-de-turini/,cs,True,8,2,6,sow-editor+sow-editor+sow-editor+sow-editor+sow-editor+sow-editor,,no
https://www.skoda-storyboard.com/cs/130let/jak-vypadal-rodny-list-prvniho-automobilu-z-mlade-boleslavi/,cs,True,34,23,3,sow-editor+sow-editor+sow-editor,,no
https://www.skoda-storyboard.com/cs/zivotni-styl/vybavit-na-hory-se-muze-i-vase-auto-prinasime-vam-tipy-na-vyber-spravneho-prislusenstvi/,cs,True,13,8,3,sow-editor+sow-editor+sow-editor,,no
https://www.skoda-storyboard.com/cs/skoda-svet-cs/skoda-elroq-si-vas-ziska-za-60-sekund/,cs,True,23,14,1,sow-editor,,no
https://www.skoda-storyboard.com/cs/e-mobilita-cs/baterie-doslouzily-presto-dal-nabijeji-stovky-aut-rocne/,cs,True,19,8,4,sow-editor+sow-editor+sow-editor+sow-editor,,no
https://www.skoda-storyboard.com/cs/modely-cs/octavia-cs/octavia-ze-60-let-jako-elektricke-kombi-voltavia-a-sileny-project-x/,cs,True,34,27,21,sow-editor+sow-editor+sow-editor+sow-editor+skoda-carousel-widget+skoda-carousel-widget+skoda-offset+skoda-offset+sow-editor+sow-editor+sow-editor+sow-editor+skoda-carousel-widget+skoda-carousel-widget+skoda-carousel-widget+skoda-carousel-widget+skoda-carousel-widget+skoda-carousel-widget+skoda-carousel-widget+skoda-carousel-widget+skoda-carousel-widget,,no
https://www.skoda-storyboard.com/cs/e-mobilita-cs/elektromobil-v-zime-prakticke-rady-ridice-i-experta/,cs,True,30,14,3,sow-editor+sow-editor+sow-editor,,no
https://www.skoda-storyboard.com/cs/e-mobilita-cs/nova-prid-nove-barvy-designeri-predstavuji-novy-enyaq/,cs,True,28,18,19,sow-editor+sow-editor+sow-editor+sow-editor+skoda-carousel-widget+skoda-carousel-widget+skoda-offset+skoda-offset+sow-editor+sow-editor+sow-editor+sow-editor+skoda-carousel-widget+skoda-carousel-widget+skoda-carousel-widget+skoda-carousel-widget+skoda-carousel-widget+skoda-carousel-widget+skoda-carousel-widget,,no
https://www.skoda-storyboard.com/cs/modely-cs/enyaq-cs/novy-enyaq-ve-znameni-modern-solid/,cs,True,8,2,4,sow-editor+skoda-carousel-widget+sow-editor+sow-editor,,no
https://www.skoda-storyboard.com/cs/modely-cs/elroq_cs/pet-duvodu-proc-vas-elroq-chytne-za-srdce/,cs,True,19,11,4,sow-editor+sow-editor+sow-editor+sow-editor,,no
https://www.skoda-storyboard.com/cs/130let/vitejte-v-roce-2025/,cs,True,8,2,2,sow-editor+sow-editor,,no
https://www.skoda-storyboard.com/cs/skoda-svet-cs/inovace-a-technologie/technologie-cs/co-oko-nevidi-podvozek-neboli-i-spodek-vozu-potrebuje-peci/,cs,True,19,8,8,sow-editor+sow-editor+sow-editor+sow-editor+sow-editor+sow-editor+sow-editor+sow-editor,,no
https://www.skoda-storyboard.com/cs/skoda-svet-cs/2024-nabity-rok-plny-objevovani/,cs,True,13,6,4,sow-editor+sow-editor+sow-editor+sow-editor,,no
https://www.skoda-storyboard.com/cs/skoda-svet-cs/2024-rok-novych-elektromobilu-i-inovaci-stalic/,cs,True,13,6,4,sow-editor+sow-editor+sow-editor+sow-editor,,no
https://www.skoda-storyboard.com/cs/skoda-svet-cs/kupujete-ojety-vuz-ale-peci-mate-jako-u-noveho/,cs,True,34,24,1,sow-editor,,no
https://www.skoda-storyboard.com/cs/skoda-svet-cs/kviz-poznate-vozy-skoda-podle-detailu/,cs,True,8,3,2,sow-editor+sow-editor,,no
https://www.skoda-storyboard.com/cs/historicke-vozy-cs/babeta-cerna-hora-taub-originalni-skodovky-z-historie/,cs,True,28,11,19,sow-editor+sow-editor+sow-editor+sow-editor+sow-editor+sow-editor+skoda-carousel-widget+skoda-carousel-widget+sow-editor+sow-editor+sow-editor+sow-editor+skoda-carousel-widget+skoda-carousel-widget+skoda-carousel-widget+skoda-carousel-widget+skoda-carousel-widget+skoda-carousel-widget+skoda-carousel-widget,,no
https://www.skoda-storyboard.com/cs/skoda-svet-cs/minuty-z-vyroby-vznik-auta-krok-za-krokem/,cs,True,84,44,72,sow-editor+sow-editor+skoda-offset+skoda-offset+sow-editor+sow-editor+sow-editor+sow-editor+skoda-offset+skoda-offset+sow-editor+sow-editor+sow-editor+sow-editor+skoda-offset+skoda-offset+sow-editor+sow-editor+sow-editor+sow-editor+skoda-offset+skoda-offset+sow-editor+sow-editor+sow-editor+sow-editor+skoda-offset+skoda-offset+sow-editor+sow-editor+sow-editor+sow-editor+skoda-offset+skoda-offset+sow-editor+sow-editor+sow-editor+sow-editor+skoda-offset+skoda-offset+sow-editor+sow-editor+sow-editor+sow-editor+skoda-offset+skoda-offset+sow-editor+sow-editor+sow-editor+sow-editor+skoda-offset+skoda-offset+sow-editor+sow-editor+sow-editor+sow-editor+skoda-offset+skoda-offset+sow-editor+sow-editor+sow-editor+sow-editor+skoda-offset+skoda-offset+sow-editor+sow-editor+sow-editor+sow-editor+sow-editor+sow-editor+skoda-offset+skoda-offset,,no
https://www.skoda-storyboard.com/cs/skoda-svet-cs/skoda-ma-recept-na-udrzitelna-dealerstvi-nemysli-jen-na-auta/,cs,True,34,14,14,sow-editor+sow-editor+sow-editor+sow-editor+sow-editor+sow-editor+sow-editor+sow-editor+sow-editor+sow-editor+sow-editor+sow-editor+sow-editor+sow-editor,,no
https://www.skoda-storyboard.com/cs/zivotni-styl/muj-enyaq-jak-skotsky-pravnik-nasel-ve-skodovce-svobodu/,cs,True,28,15,1,ys-so-widget-k2tools-charge-map,ys-so-widget-k2tools-charge-map,yes
https://www.skoda-storyboard.com/cs/skoda-svet-cs/minuty-z-vyroby-kontrola-pohledem-i-prvni-zkouska/,cs,True,8,3,2,sow-editor+sow-editor,,no
https://www.skoda-storyboard.com/cs/skoda-svet-cs/bezpecne-testovano-na-lidech/,cs,True,28,21,2,sow-editor+sow-editor,,no
https://www.skoda-storyboard.com/cs/skoda-svet-cs/kamiq-karoq-kodiaq-skvela-volba-do-mesta-i-do-prirody/,cs,True,48,27,18,sow-editor+sow-editor+sow-editor+sow-editor+sow-editor+sow-editor+sow-editor+sow-editor+sow-editor+sow-editor+sow-editor+sow-editor+sow-editor+sow-editor+sow-editor+sow-editor+skoda-offset+skoda-offset,,no
https://www.skoda-storyboard.com/cs/skoda-svet-cs/designeri-v-indii/,cs,True,18,9,1,sow-editor,,no
https://www.skoda-storyboard.com/cs/skoda-svet-cs/auta-bezpecna-i-pro-chodce/,cs,True,48,38,20,sow-editor+sow-editor+sow-editor+sow-editor+sow-editor+sow-editor+sow-editor+sow-editor+sow-editor+sow-editor+sow-editor+sow-editor+sow-editor+sow-editor+sow-editor+sow-editor+sow-editor+sow-editor+skoda-offset+skoda-offset,,no
https://www.skoda-storyboard.com/cs/zivotni-styl/pece-o-telo-i-dusi-a-dulezita-prevence/,cs,True,38,19,14,sow-editor+sow-editor+sow-editor+sow-editor+sow-editor+sow-editor+sow-editor+sow-editor+sow-editor+sow-editor+sow-editor+sow-editor+sow-editor+sow-editor,,no
https://www.skoda-storyboard.com/cs/e-mobilita-cs/motory-v-elektromobilech-lehke-vykonne-a-bezudrzbove/,cs,True,40,21,22,sow-editor+sow-editor+sow-editor+sow-editor+skoda-offset+skoda-offset+sow-editor+sow-editor+sow-editor+sow-editor+sow-editor+sow-editor+sow-editor+sow-editor+skoda-offset+skoda-offset+sow-editor+sow-editor+sow-editor+sow-editor+sow-editor+sow-editor,,no
https://www.skoda-storyboard.com/cs/skoda-svet-cs/prijizdi-kylaq-kompaktni-suv-pro-indii/,cs,True,38,23,1,skoda-carousel-widget,,no
https://www.skoda-storyboard.com/cs/skoda-svet-cs/minuty-z-vyroby-software-auto-ozivi/,cs,True,8,3,2,sow-editor+sow-editor,,no
https://www.skoda-storyboard.com/cs/modely-cs/prijizdi-nabrouseny-kodiaq-rs/,cs,True,13,6,6,sow-editor+sow-editor+sow-editor+sow-editor+sow-editor+sow-editor,,no
https://www.skoda-storyboard.com/cs/skoda-svet-cs/jak-na-zavazadla-v-kufru-chytre/,cs,True,18,7,15,sow-editor+sow-editor+sow-editor+sow-editor+sow-editor+sow-editor+skoda-carousel-widget+skoda-carousel-widget+skoda-carousel-widget+skoda-carousel-widget+skoda-carousel-widget+skoda-carousel-widget+skoda-carousel-widget+skoda-carousel-widget+skoda-carousel-widget,,no
https://www.skoda-storyboard.com/cs/zivotni-styl/enyaq-a-stan-v-pyrenejich-uzasne-zazitky-bez-omezovani/,cs,True,33,21,12,sow-editor+sow-editor+sow-editor+sow-editor+sow-editor+sow-editor+sow-editor+sow-editor+sow-editor+sow-editor+sow-editor+sow-editor,,no
https://www.skoda-storyboard.com/cs/skoda-svet-cs/pro-pohodovou-jizdu-jak-funguje-tempomat/,cs,True,23,13,10,sow-editor+sow-editor+sow-editor+sow-editor+sow-editor+sow-editor+sow-editor+sow-editor+sow-editor+sow-editor,,no
https://www.skoda-storyboard.com/cs/e-mobilita-cs/muj-enyaq-jak-se-urwinovi-vydali-za-hranice/,cs,True,18,9,1,ys-so-widget-k2tools-charge-map,ys-so-widget-k2tools-charge-map,yes
https://www.skoda-storyboard.com/cs/skoda-svet-cs/enyaq-rs-race-elektricke-kupe-na-steroidech/,cs,True,18,7,6,sow-editor+sow-editor+sow-editor+sow-editor+sow-editor+sow-editor,,no
https://www.skoda-storyboard.com/cs/modely-cs/skoda-elroq-ocima-designeru/,cs,True,13,5,4,sow-editor+sow-editor+sow-editor+sow-editor,,no
https://www.skoda-storyboard.com/cs/e-mobilita-cs/skoda-elroq-premiera-v-kostce/,cs,True,19,7,12,sow-editor+sow-editor+skoda-offset+skoda-offset+sow-editor+sow-editor+sow-editor+sow-editor+sow-editor+sow-editor+sow-editor+sow-editor,,no
https://www.skoda-storyboard.com/cs/skoda-svet-cs/prijizdi-skoda-elroq-kompaktni-elektricke-suv/,cs,True,28,15,4,skoda-carousel-widget+skoda-carousel-widget+sow-editor+skoda-carousel-widget,,no
https://www.skoda-storyboard.com/cs/skoda-svet-cs/minuty-z-vyroby-dvere-se-zaviraji/,cs,True,8,3,2,sow-editor+sow-editor,,no
https://www.skoda-storyboard.com/cs/skoda-svet-cs/55-let-s-pocitaci-na-kterych-se-rodi-skodovky/,cs,True,44,34,22,sow-editor+sow-editor+skoda-offset+skoda-offset+sow-editor+sow-editor+sow-editor+sow-editor+sow-editor+sow-editor+sow-editor+sow-editor+sow-editor+sow-editor+sow-editor+sow-editor+sow-editor+sow-editor+sow-editor+sow-editor+sow-editor+sow-editor,,no
https://www.skoda-storyboard.com/cs/skoda-svet-cs/skoda-superb-si-vas-ziska-za-60-sekund/,cs,True,8,2,2,sow-editor+sow-editor,,no
https://www.skoda-storyboard.com/cs/zivotni-styl/z-nastrojare-velitelem-hasicu/,cs,True,28,14,10,sow-editor+sow-editor+sow-editor+sow-editor+sow-editor+sow-editor+sow-editor+sow-editor+sow-editor+sow-editor,,no
https://www.skoda-storyboard.com/cs/skoda-svet-cs/elroq-zni-jedinecne-poslechnete-si-ho/,cs,True,53,29,20,sow-editor+sow-editor+sow-editor+sow-editor+sow-editor+sow-editor+sow-editor+sow-editor+sow-editor+sow-editor+sow-editor+sow-editor+sow-editor+sow-editor+skoda-offset+skoda-offset+sow-editor+sow-editor+skoda-offset+skoda-offset,,no
https://www.skoda-storyboard.com/cs/green-future-de/v-rize-vyrostl-prvni-showhroom-skoda-setrny-k-zivotnimu-prostredi/,cs,True,23,13,8,sow-editor+sow-editor+sow-editor+sow-editor+sow-editor+sow-editor+sow-editor+sow-editor,,no
https://www.skoda-storyboard.com/cs/skoda-svet-cs/aby-byl-v-aute-spravny-vzduch/,cs,True,44,21,20,sow-editor+sow-editor+skoda-offset+skoda-offset+sow-editor+sow-editor+sow-editor+sow-editor+sow-editor+sow-editor+sow-editor+sow-editor+sow-editor+sow-editor+sow-editor+sow-editor+sow-editor+sow-editor+sow-editor+sow-editor,,no
https://www.skoda-storyboard.com/cs/skoda-svet-cs/skoda-classic-tour-zamirila-do-velkoskladu-dilu/,cs,True,13,5,4,sow-editor+sow-editor+sow-editor+sow-editor,,no
https://www.skoda-storyboard.com/cs/skoda-svet-cs/minuty-z-vyroby-sedadla-a-volant/,cs,True,8,3,2,sow-editor+sow-editor,,no
https://www.skoda-storyboard.com/cs/skoda-svet-cs/modely-sportline-dynamicka-elegance-pro-kazdy-den/,cs,True,34,21,16,sow-editor+sow-editor+sow-editor+sow-editor+skoda-offset+skoda-offset+sow-editor+sow-editor+sow-editor+sow-editor+sow-editor+sow-editor+sow-editor+sow-editor+sow-editor+sow-editor,,no
https://www.skoda-storyboard.com/cs/modely-cs/superb-cs/novy-superb-sportline-se-predstavuje/,cs,True,23,9,2,skoda-carousel-widget+skoda-carousel-widget,,no
https://www.skoda-storyboard.com/cs/skoda-svet-cs/skoda-elroq-odhaluje-svuj-udrzitelny-interier/,cs,True,13,5,4,sow-editor+sow-editor+sow-editor+sow-editor,,no
https://www.skoda-storyboard.com/cs/skoda-svet-cs/felicia-a-fabia-slavi-jubilea/,cs,True,28,15,12,sow-editor+sow-editor+sow-editor+sow-editor+sow-editor+sow-editor+skoda-offset+skoda-offset+sow-editor+sow-editor+sow-editor+sow-editor,,no
https://www.skoda-storyboard.com/cs/e-mobilita-cs/enyaq-rs-race-technika-z-rally-i-udrzitelnost/,cs,True,30,15,18,sow-editor+sow-editor+skoda-offset+skoda-offset+sow-editor+sow-editor+sow-editor+sow-editor+sow-editor+sow-editor+sow-editor+sow-editor+skoda-offset+skoda-offset+sow-editor+sow-editor+sow-editor+sow-editor,,no
https://www.skoda-storyboard.com/cs/skoda-svet-cs/skoda-kodiaq-si-vas-ziska-za-60-sekund/,cs,True,8,3,2,sow-editor+sow-editor,,no
https://www.skoda-storyboard.com/cs/e-mobilita-cs/jak-se-rodil-elroq-naprosto-vyjimecne/,cs,True,13,6,4,sow-editor+sow-editor+sow-editor+sow-editor,,no
https://www.skoda-storyboard.com/cs/skoda-svet-cs/prakticnost-a-ergonomie-proc-se-stehuje-volic-prevodovky/,cs,True,40,25,20,sow-editor+sow-editor+skoda-offset+skoda-offset+sow-editor+sow-editor+sow-editor+sow-editor+sow-editor+sow-editor+sow-editor+sow-editor+sow-editor+sow-editor+sow-editor+sow-editor+sow-editor+sow-editor+sow-editor+sow-editor,,no
https://www.skoda-storyboard.com/cs/e-mobilita-cs/abb-na-ceste-za-plne-elektrickou-flotilou/,cs,True,33,24,12,sow-editor+sow-editor+sow-editor+sow-editor+sow-editor+sow-editor+sow-editor+sow-editor+sow-editor+sow-editor+sow-editor+sow-editor,,no
https://www.skoda-storyboard.com/cs/podcast-cz/podcast-exploreskoda-v-jedne-z-nejmodernejsich-lakoven-v-evrope/,cs,True,8,3,2,sow-editor+sow-editor,,no
https://www.skoda-storyboard.com/cs/skoda-svet-cs/oliver-solberg-za-volantem-nove-octavie-rs/,cs,True,13,6,4,sow-editor+sow-editor+sow-editor+sow-editor,,no
https://www.skoda-storyboard.com/cs/zivotni-styl/holandsky-chvat-jednoduchy-navyk-ktery-zachranuje-zivoty/,cs,True,48,38,20,sow-editor+sow-editor+sow-editor+sow-editor+sow-editor+sow-editor+sow-editor+sow-editor+sow-editor+sow-editor+skoda-offset+skoda-offset+sow-editor+sow-editor+sow-editor+sow-editor+skoda-offset+skoda-offset+sow-editor+sow-editor,,no
https://www.skoda-storyboard.com/cs/podcast-cz/podcast-exploreskoda-elroq-je-stylovy-prostorny-a-hbity-elektromobil/,cs,True,8,3,2,sow-editor+sow-editor,,no
https://www.skoda-storyboard.com/cs/skoda-svet-cs/minuty-z-vyroby-konecne-na-kola/,cs,True,8,3,2,sow-editor+sow-editor,,no
https://www.skoda-storyboard.com/cs/skoda-svet-cs/uz-tam-budem-jak-zabavit-deti-na-cestach/,cs,True,44,30,1,sow-editor,,no
https://www.skoda-storyboard.com/cs/e-mobilita-cs/kdyz-ma-maskovani-hacek/,cs,True,28,21,12,sow-editor+sow-editor+sow-editor+sow-editor+skoda-offset+skoda-offset+sow-editor+sow-editor+sow-editor+sow-editor+skoda-offset+skoda-offset,,no
https://www.skoda-storyboard.com/cs/zivotni-styl/a-jaka-je-ta-vase-tour/,cs,True,65,41,39,sow-editor+sow-editor+skoda-carousel-widget+skoda-carousel-widget+sow-editor+sow-editor+sow-editor+sow-editor+skoda-carousel-widget+skoda-carousel-widget+sow-editor+sow-editor+sow-editor+sow-editor+sow-editor+sow-editor+sow-editor+sow-editor+sow-editor+sow-editor+sow-editor+sow-editor+skoda-offset+skoda-offset+sow-editor+sow-editor+sow-editor+sow-editor+sow-editor+sow-editor+skoda-offset+skoda-offset+skoda-carousel-widget+skoda-carousel-widget+skoda-carousel-widget+skoda-carousel-widget+skoda-carousel-widget+skoda-carousel-widget+skoda-carousel-widget,,no
https://www.skoda-storyboard.com/cs/skoda-svet-cs/skoda-octavia-si-vas-ziska-za-60-sekund/,cs,True,8,3,2,sow-editor+sow-editor,,no
https://www.skoda-storyboard.com/cs/skoda-svet-cs/datove-kralovstvi-plne-fascinujici-techniky/,cs,True,55,29,28,sow-editor+sow-editor+sow-editor+sow-editor+skoda-offset+skoda-offset+sow-editor+sow-editor+sow-editor+sow-editor+sow-editor+sow-editor+sow-editor+sow-editor+sow-editor+sow-editor+sow-editor+sow-editor+sow-editor+sow-editor+skoda-offset+skoda-offset+sow-editor+sow-editor+sow-editor+sow-editor+sow-editor+sow-editor,,no
https://www.skoda-storyboard.com/cs/e-mobilita-cs/muj-enyaq-musi-byt-cerveny-a-utahnout-karavan/,cs,True,23,9,2,ys-so-widget-k2tools-charge-map+skoda-offset,ys-so-widget-k2tools-charge-map,yes
https://www.skoda-storyboard.com/cs/skoda-svet-cs/ucaroval-mu-svet-ozubenych-kol/,cs,True,18,6,6,sow-editor+sow-editor+sow-editor+sow-editor+sow-editor+sow-editor,,no
https://www.skoda-storyboard.com/cs/skoda-svet-cs/skoda-kamiq-si-vas-ziska-za-60-sekund/,cs,True,8,3,2,sow-editor+sow-editor,,no
https://www.skoda-storyboard.com/cs/podcast-cz/podcast-exploreskoda-andreas-dick-detailne-o-vyrobe-vozu-skoda/,cs,True,8,3,2,sow-editor+sow-editor,,no
https://www.skoda-storyboard.com/cs/e-mobilita-cs/skoda-elroq-co-skryva-pod-kamuflazi/,cs,True,28,15,10,sow-editor+sow-editor+sow-editor+sow-editor+sow-editor+sow-editor+sow-editor+sow-editor+skoda-offset+skoda-offset,,no
https://www.skoda-storyboard.com/cs/zivotni-styl/skoda-auto-na-tour-de-france-opet-v-cele-pelotonu/,cs,True,33,21,21,sow-editor+sow-editor+sow-editor+sow-editor+sow-editor+sow-editor+skoda-carousel-widget+skoda-carousel-widget+sow-editor+sow-editor+sow-editor+sow-editor+sow-editor+sow-editor+skoda-carousel-widget+skoda-carousel-widget+skoda-carousel-widget+skoda-carousel-widget+skoda-carousel-widget+skoda-carousel-widget+skoda-carousel-widget,,no
https://www.skoda-storyboard.com/cs/skoda-svet-cs/minuty-z-vyroby-auto-dostava-tvar/,cs,True,8,3,2,sow-editor+sow-editor,,no
https://www.skoda-storyboard.com/cs/podcast-cz/podcast-exploreskoda-svetlomety-s-tradici-ceskeho-skla/,cs,True,8,2,2,sow-editor+sow-editor,,no
https://www.skoda-storyboard.com/cs/skoda-svet-cs/box-na-strechu-nejlepe-dozadu-a-doprostred/,cs,True,29,12,1,skoda-carousel-widget,,no
https://www.skoda-storyboard.com/cs/skoda-svet-cs/velehory-vichr-i-letni-zar-v-jedne-mistnosti/,cs,True,18,7,6,sow-editor+sow-editor+sow-editor+sow-editor+sow-editor+sow-editor,,no
https://www.skoda-storyboard.com/cs/e-mobilita-cs/proste-zapojim-a-nabijim/,cs,True,34,20,16,sow-editor+sow-editor+sow-editor+sow-editor+sow-editor+sow-editor+sow-editor+sow-editor+skoda-offset+skoda-offset+sow-editor+sow-editor+sow-editor+sow-editor+sow-editor+sow-editor,,no
https://www.skoda-storyboard.com/cs/skoda-svet-cs/budoucnost-udrzitelnych-materialu-fritovaci-olej-ci-stary-naraznik/,cs,True,38,27,16,sow-editor+sow-editor+sow-editor+sow-editor+iframe+iframe+sow-editor+sow-editor+skoda-offset+skoda-offset+sow-editor+sow-editor+sow-editor+sow-editor+skoda-offset+skoda-offset,iframe,yes
https://www.skoda-storyboard.com/cs/skoda-svet-cs/auta-maji-cernou-skrinku-co-vse-si-pamatuje/,cs,True,28,20,10,sow-editor+sow-editor+sow-editor+sow-editor+sow-editor+sow-editor+sow-editor+sow-editor+sow-editor+sow-editor,,no
https://www.skoda-storyboard.com/cs/skoda-svet-cs/skoda-scala-si-vas-ziska-za-60-sekund/,cs,True,8,3,2,sow-editor+sow-editor,,no
https://www.skoda-storyboard.com/cs/skoda-svet-cs/ferova-kava-jako-palivo-pro-skodovacke-napady/,cs,True,54,39,26,sow-editor+sow-editor+sow-editor+sow-editor+skoda-offset+skoda-offset+sow-editor+sow-editor+sow-editor+sow-editor+sow-editor+sow-editor+sow-editor+sow-editor+sow-editor+sow-editor+sow-editor+sow-editor+skoda-offset+skoda-offset+sow-editor+sow-editor+sow-editor+sow-editor+skoda-offset+skoda-offset,,no
https://www.skoda-storyboard.com/cs/skoda-svet-cs/kviz-poznate-modely-skoda-podle-zadnich-svetel/,cs,True,8,3,2,sow-editor+sow-editor,,no
https://www.skoda-storyboard.com/cs/skoda-svet-cs/od-3d-modelu-rovnou-za-volant-nove-octavie/,cs,True,24,13,12,sow-editor+sow-editor+sow-editor+sow-editor+sow-editor+sow-editor+sow-editor+sow-editor+skoda-offset+skoda-offset+sow-editor+sow-editor,,no
https://www.skoda-storyboard.com/cs/podcast-cz/podcast-exploreskoda-konektivita-nove-octavie-na-vyssi-urovni/,cs,True,8,2,2,sow-editor+sow-editor,,no
https://www.skoda-storyboard.com/cs/skoda-svet-cs/minuty-z-vyroby-svatba/,cs,True,8,2,2,sow-editor+sow-editor,,no
https://www.skoda-storyboard.com/cs/skoda-svet-cs/novy-superb-ocima-sefdesignera-olivera-stefaniho/,cs,True,13,5,4,sow-editor+sow-editor+sow-editor+sow-editor,,no
https://www.skoda-storyboard.com/cs/skoda-svet-cs/takova-bude-skoda-elroq/,cs,True,13,9,13,sow-editor+sow-editor+sow-editor+sow-editor+skoda-carousel-widget+skoda-carousel-widget+skoda-carousel-widget+skoda-carousel-widget+skoda-carousel-widget+skoda-carousel-widget+skoda-carousel-widget+skoda-carousel-widget+skoda-carousel-widget,,no
https://www.skoda-storyboard.com/cs/skoda-svet-cs/prukopnici-aerodynamiky-dnesnima-ocima/,cs,True,23,12,8,sow-editor+sow-editor+sow-editor+sow-editor+sow-editor+sow-editor+sow-editor+sow-editor,,no
https://www.skoda-storyboard.com/cs/podcast-cz/podcast-exploreskoda-nova-skoda-superb-combi-je-jeste-prostornejsi/,cs,True,8,2,2,sow-editor+sow-editor,,no
https://www.skoda-storyboard.com/cs/skoda-svet-cs/architekt-balancujici-mezi-inzenyry/,cs,True,18,9,6,sow-editor+sow-editor+sow-editor+sow-editor+sow-editor+sow-editor,,no
https://www.skoda-storyboard.com/cs/skoda-svet-cs/letosni-hokejova-sestava-tymu-skoda/,cs,True,43,29,27,sow-editor+sow-editor+sow-editor+sow-editor+sow-editor+sow-editor+sow-editor+sow-editor+sow-editor+sow-editor+skoda-offset+skoda-offset+sow-editor+sow-editor+sow-editor+sow-editor+skoda-carousel-widget+skoda-carousel-widget+skoda-offset+skoda-offset+skoda-carousel-widget+skoda-carousel-widget+skoda-carousel-widget+skoda-carousel-widget+skoda-carousel-widget+skoda-carousel-widget+skoda-carousel-widget,,no
https://www.skoda-storyboard.com/cs/skoda-svet-cs/zachranuji-zivoty-jak-funguji-airbagy/,cs,True,28,18,10,sow-editor+sow-editor+sow-editor+sow-editor+sow-editor+sow-editor+sow-editor+sow-editor+sow-editor+sow-editor,,no
https://www.skoda-storyboard.com/cs/zivotni-styl/prvni-zavod-neuveritelne-rychla-skoda-vision-gran-turismo/,cs,True,38,21,21,sow-editor+sow-editor+sow-editor+sow-editor+skoda-carousel-widget+skoda-carousel-widget+sow-editor+sow-editor+sow-editor+sow-editor+skoda-offset+skoda-offset+sow-editor+sow-editor+skoda-carousel-widget+skoda-carousel-widget+skoda-carousel-widget+skoda-carousel-widget+skoda-carousel-widget+skoda-carousel-widget+skoda-carousel-widget,,no
https://www.skoda-storyboard.com/cs/e-mobilita-cs/enyaq-rs-race-elektricka-jizda-s-dna-motorsportu/,cs,True,25,12,14,sow-editor+sow-editor+sow-editor+sow-editor+sow-editor+sow-editor+sow-editor+sow-editor+skoda-offset+skoda-offset+sow-editor+sow-editor+sow-editor+sow-editor,,no
https://www.skoda-storyboard.com/cs/podcast-cz/podcast-exploreskoda-novy-kodiaq-boduje-nejen-uspornymi-motory/,cs,True,8,3,2,sow-editor+sow-editor,,no
https://www.skoda-storyboard.com/cs/e-mobilita-cs/elektrifikace-medveda-jak-se-ridi-kodiaq-iv/,cs,True,18,9,8,sow-editor+sow-editor+sow-editor+sow-editor+sow-editor+sow-editor+sow-editor+sow-editor,,no
https://www.skoda-storyboard.com/cs/skoda-svet-cs/minuty-z-vyroby-instalace-celniho-skla/,cs,True,8,3,2,sow-editor+sow-editor,,no
https://www.skoda-storyboard.com/cs/zivotni-styl/vision-gran-turismo-premiera/,cs,True,28,17,12,sow-editor+sow-editor+sow-editor+sow-editor+sow-editor+sow-editor+sow-editor+sow-editor+skoda-offset+skoda-offset+sow-editor+sow-editor,,no
https://www.skoda-storyboard.com/cs/e-mobilita-cs/maly-princ-van-gogh-i-vune-levandule-inspirativni-putovani-francii/,cs,True,33,24,14,sow-editor+sow-editor+sow-editor+sow-editor+sow-editor+sow-editor+sow-editor+sow-editor+skoda-offset+skoda-offset+sow-editor+sow-editor+sow-editor+sow-editor,,no
https://www.skoda-storyboard.com/cs/skoda-svet-cs/jmenuju-se-vaclav-laurin-a-budu-si-s-vami-povidat/,cs,True,35,17,16,sow-editor+sow-editor+sow-editor+sow-editor+sow-editor+sow-editor+sow-editor+sow-editor+sow-editor+sow-editor+sow-editor+sow-editor+sow-editor+sow-editor+sow-editor+sow-editor,,no
https://www.skoda-storyboard.com/cs/podcast-cz/podcast-exploreskoda-nova-aplikace-myskoda-vam-zprijemni-zivot-s-vasim-vozem/,cs,True,8,2,2,sow-editor+sow-editor,,no
https://www.skoda-storyboard.com/cs/skoda-svet-cs/nova-skoda-kodiaq-ocima-sefdesignera-olivera-stefaniho/,cs,True,8,2,2,sow-editor+sow-editor,,no
https://www.skoda-storyboard.com/cs/skoda-svet-cs/prabrouk-agromobil-skopak-poznejte-originalni-skodovky/,cs,True,33,17,27,sow-editor+sow-editor+skoda-carousel-widget+skoda-carousel-widget+sow-editor+sow-editor+skoda-carousel-widget+skoda-carousel-widget+sow-editor+sow-editor+skoda-carousel-widget+skoda-carousel-widget+sow-editor+sow-editor+skoda-carousel-widget+skoda-carousel-widget+sow-editor+sow-editor+skoda-carousel-widget+skoda-carousel-widget+skoda-carousel-widget+skoda-carousel-widget+skoda-carousel-widget+skoda-carousel-widget+skoda-carousel-widget+skoda-carousel-widget+skoda-carousel-widget,,no
https://www.skoda-storyboard.com/cs/skoda-svet-cs/novy-superb-combi-na-vlastni-kuzi/,cs,True,29,16,2,sow-editor+sow-editor,,no
https://www.skoda-storyboard.com/cs/e-mobilita-cs/poradne-nabita-aplikace-myskoda/,cs,True,40,24,29,sow-editor+sow-editor+sow-editor+sow-editor+sow-editor+sow-editor+sow-editor+sow-editor+sow-editor+sow-editor+skoda-carousel-widget+skoda-carousel-widget+skoda-offset+skoda-offset+sow-editor+sow-editor+sow-editor+sow-editor+sow-editor+sow-editor+sow-editor+sow-editor+skoda-carousel-widget+skoda-carousel-widget+skoda-carousel-widget+skoda-carousel-widget+skoda-carousel-widget+skoda-carousel-widget+skoda-carousel-widget,,no
https://www.skoda-storyboard.com/cs/skoda-svet-cs/scala-nebo-kamiq-obe-skodovky-maji-co-nabidnout/,cs,True,18,9,8,sow-editor+sow-editor+sow-editor+sow-editor+sow-editor+sow-editor+sow-editor+sow-editor,,no
https://www.skoda-storyboard.com/cs/skoda-svet-cs/kyberbezpecnost-aut-ukol-pro-automobilky-i-ridice/,cs,True,28,18,10,sow-editor+sow-editor+sow-editor+sow-editor+sow-editor+sow-editor+sow-editor+sow-editor+skoda-offset+skoda-offset,,no
https://www.skoda-storyboard.com/cs/skoda-svet-cs/minuty-z-vyroby-montaz-palubni-desky/,cs,True,8,3,2,sow-editor+sow-editor,,no
https://www.skoda-storyboard.com/cs/podcast-cz/podcast-exploreskoda-akustika-vozidel-se-vyviji-obrovskym-tempem/,cs,True,8,3,2,sow-editor+sow-editor,,no
https://www.skoda-storyboard.com/cs/e-mobilita-cs/elektricky-do-dun-sahary/,cs,True,18,12,15,sow-editor+sow-editor+sow-editor+sow-editor+skoda-carousel-widget+skoda-carousel-widget+skoda-offset+skoda-offset+skoda-carousel-widget+skoda-carousel-widget+skoda-carousel-widget+skoda-carousel-widget+skoda-carousel-widget+skoda-carousel-widget+skoda-carousel-widget,,no
https://www.skoda-storyboard.com/cs/skoda-svet-cs/hackathon-beegreen-napady-pro-udrzitelnost/,cs,True,62,33,34,sow-editor+sow-editor+sow-editor+sow-editor+sow-editor+sow-editor+sow-editor+sow-editor+sow-editor+sow-editor+sow-editor+sow-editor+skoda-offset+skoda-offset+sow-editor+sow-editor+sow-editor+sow-editor+sow-editor+sow-editor+skoda-offset+skoda-offset+sow-editor+sow-editor+sow-editor+sow-editor+sow-editor+sow-editor+sow-editor+sow-editor+sow-editor+sow-editor+sow-editor+sow-editor,,no
https://www.skoda-storyboard.com/cs/skoda-svet-cs/tohle-bude-skoda-epiq-seznamte-se/,cs,True,18,12,10,sow-editor+sow-editor+sow-editor+sow-editor+sow-editor+sow-editor+skoda-offset+skoda-offset+sow-editor+sow-editor,,no
https://www.skoda-storyboard.com/cs/skoda-svet-cs/kviz-poznejte-skodovky-podle-svetel/,cs,True,8,3,2,sow-editor+sow-editor,,no
https://www.skoda-storyboard.com/cs/e-mobilita-cs/muj-enyaq-zkusebni-jizda-mi-otevrela-oci/,cs,True,38,19,19,sow-editor+sow-editor+sow-editor+sow-editor+sow-editor+sow-editor+sow-editor+sow-editor+k2tools-charge-map+ys-so-widget-k2tools-charge-map+ys-so-widget-k2tools-charge-map+skoda-offset+skoda-offset+sow-editor+sow-editor+sow-editor+sow-editor+skoda-offset+skoda-offset,k2tools-charge-map;ys-so-widget-k2tools-charge-map,yes
https://www.skoda-storyboard.com/cs/skoda-svet-cs/vytisknete-si-doma-vlastni-octavii/,cs,True,50,36,39,sow-editor+sow-editor+sow-editor+sow-editor+skoda-offset+skoda-offset+sow-editor+sow-editor+sow-editor+sow-editor+skoda-carousel-widget+skoda-carousel-widget+skoda-offset+skoda-offset+sow-editor+sow-editor+sow-editor+sow-editor+sow-editor+sow-editor+sow-editor+sow-editor+skoda-offset+skoda-offset+sow-editor+sow-editor+sow-editor+sow-editor+skoda-offset+skoda-offset+sow-editor+sow-editor+skoda-carousel-widget+skoda-carousel-widget+skoda-carousel-widget+skoda-carousel-widget+skoda-carousel-widget+skoda-carousel-widget+skoda-carousel-widget,,no
https://www.skoda-storyboard.com/cs/zivotni-styl/jak-se-nataci-budoucnost-s-pocitaci-i-kaskaderem-za-volantem/,cs,True,44,27,18,sow-editor+sow-editor+sow-editor+sow-editor+sow-editor+sow-editor+sow-editor+sow-editor+sow-editor+sow-editor+sow-editor+sow-editor+sow-editor+sow-editor+sow-editor+sow-editor+sow-editor+sow-editor,,no
https://www.skoda-storyboard.com/cs/skoda-svet-cs/minuty-z-vyroby-lakovani-karoserie/,cs,True,8,2,2,sow-editor+sow-editor,,no
https://www.skoda-storyboard.com/cs/skoda-svet-cs/nova-skoda-octavia-ocima-designeru/,cs,True,18,9,6,sow-editor+sow-editor+sow-editor+sow-editor+sow-editor+sow-editor,,no
https://www.skoda-storyboard.com/cs/e-mobilita-cs/od-vesnicek-po-impozantni-hory-objevte-okoli-zell-am-see/,cs,True,28,21,4,sow-editor+sow-editor+sow-editor+sow-editor,,no
https://www.skoda-storyboard.com/cs/skoda-svet-cs/dvakrat-mer-a-pak-znova-seznamte-se-s-metrology/,cs,True,28,17,12,sow-editor+sow-editor+sow-editor+sow-editor+sow-editor+sow-editor+sow-editor+sow-editor+skoda-offset+skoda-offset+sow-editor+sow-editor,,no
https://www.skoda-storyboard.com/cs/podcast-cz/podcast-exploreskoda-nova-skoda-octavia-lepsi-v-kazdem-ohledu/,cs,True,8,2,2,sow-editor+sow-editor,,no
https://www.skoda-storyboard.com/cs/skoda-svet-cs/nova-octavia/,cs,True,28,14,14,sow-editor+sow-editor+sow-editor+sow-editor+sow-editor+sow-editor+skoda-offset+skoda-offset+sow-editor+sow-editor+sow-editor+sow-editor+sow-editor+sow-editor,,no
https://www.skoda-storyboard.com/cs/skoda-svet-cs/nove-ovladani-vozu-skoda-jednotne-a-pritom-individualni/,cs,True,35,18,1,sow-editor,,no
https://www.skoda-storyboard.com/cs/modely-cs/octavia-cs/inovovana-octavia-na-prvnich-skicach-podivejte-se/,cs,True,38,24,2,skoda-carousel-widget+sow-editor,,no
https://www.skoda-storyboard.com/cs/skoda-svet-cs/nejen-svitit-do-tmy-svetla-toho-museji-umet-vic/,cs,True,28,17,1,skoda-carousel-widget,,no
https://www.skoda-storyboard.com/cs/skoda-svet-cs/10-veci-ktere-jste-o-znacce-skoda-mozna-nevedeli/,cs,True,53,20,20,sow-editor+sow-editor+sow-editor+sow-editor+sow-editor+sow-editor+sow-editor+sow-editor+sow-editor+sow-editor+sow-editor+sow-editor+sow-editor+sow-editor+sow-editor+sow-editor+sow-editor+sow-editor+sow-editor+sow-editor,,no
https://www.skoda-storyboard.com/cs/skoda-svet-cs/minuty-z-vyroby-karoserie-ve-svarovne/,cs,True,8,3,2,sow-editor+sow-editor,,no
https://www.skoda-storyboard.com/cs/historicke-vozy-cs/originalni-vozy-z-historie-poznejte-unikatni-skodovky/,cs,True,8,3,4,sow-editor+sow-editor+sow-editor+sow-editor,,no
https://www.skoda-storyboard.com/cs/skoda-svet-cs/ve-virtualnim-centru-si-muzete-sahnout-na-neexistujici-auto/,cs,True,24,8,12,sow-editor+sow-editor+sow-editor+sow-editor+skoda-offset+skoda-offset+sow-editor+sow-editor+sow-editor+sow-editor+sow-editor+sow-editor,,no
https://www.skoda-storyboard.com/cs/skoda-svet-cs/crystallinium-barevny-sperk-ve-svetlech/,cs,True,19,7,10,sow-editor+sow-editor+sow-editor+sow-editor+skoda-offset+skoda-offset+sow-editor+sow-editor+sow-editor+sow-editor,,no
https://www.skoda-storyboard.com/cs/zivotni-styl/jak-se-nenechat-zaskocit-zimou/,cs,True,108,86,81,sow-editor+sow-editor+sow-editor+sow-editor+sow-editor+sow-editor+sow-editor+sow-editor+sow-editor+sow-editor+skoda-carousel-widget+skoda-carousel-widget+sow-editor+sow-editor+skoda-offset+skoda-offset+skoda-offset+skoda-offset+sow-editor+sow-editor+skoda-offset+skoda-offset+sow-editor+sow-editor+sow-editor+sow-editor+sow-editor+sow-editor+skoda-carousel-widget+skoda-carousel-widget+sow-editor+sow-editor+skoda-offset+skoda-offset+sow-editor+sow-editor+skoda-offset+skoda-offset+sow-editor+sow-editor+sow-editor+sow-editor+sow-editor+sow-editor+skoda-carousel-widget+skoda-carousel-widget+sow-editor+sow-editor+skoda-offset+skoda-offset+sow-editor+sow-editor+skoda-offset+skoda-offset+sow-editor+sow-editor+sow-editor+sow-editor+sow-editor+sow-editor+sow-editor+sow-editor+skoda-offset+skoda-offset+sow-editor+sow-editor+sow-editor+sow-editor+sow-editor+sow-editor+sow-editor+sow-editor+sow-editor+sow-editor+skoda-carousel-widget+skoda-carousel-widget+skoda-carousel-widget+skoda-carousel-widget+skoda-carousel-widget+skoda-carousel-widget+skoda-carousel-widget,,no
https://www.skoda-storyboard.com/cs/e-mobilita-cs/skoda-enyaq-85-seznamte-se/,cs,True,18,9,1,skoda-carousel-widget,,no
https://www.skoda-storyboard.com/cs/skoda-svet-cs/auta-na-ceste-do-vietnamu/,cs,True,13,6,4,sow-editor+sow-editor+sow-editor+sow-editor,,no
https://www.skoda-storyboard.com/cs/podcast-cz/podcast-exploreskoda-enyaq-pro-rok-2024-bude-lepsi-ve-vsech-smerech/,cs,True,8,2,2,sow-editor+sow-editor,,no
https://www.skoda-storyboard.com/cs/historicke-vozy-cs/octavia-ts-po-60-letech-opet-vitezne-na-acropolis-rally/,cs,True,28,18,4,skoda-carousel-widget+sow-editor+skoda-carousel-widget+skoda-offset,,no
https://www.skoda-storyboard.com/cs/skoda-svet-cs/kviz-poznate-modely-skoda-podle-jejich-siluet/,cs,True,8,2,2,sow-editor+sow-editor,,no
https://www.skoda-storyboard.com/cs/skoda-svet-cs/2023-rok-objevu-a-inspirativnich-setkani/,cs,True,13,4,4,sow-editor+sow-editor+sow-editor+sow-editor,,no
https://www.skoda-storyboard.com/cs/skoda-svet-cs/skoda-rozjela-vlastni-dobrodruzstvi-ve-fortnite/,cs,True,40,20,22,sow-editor+sow-editor+skoda-offset+skoda-offset+sow-editor+sow-editor+sow-editor+sow-editor+sow-editor+sow-editor+sow-editor+sow-editor+sow-editor+sow-editor+skoda-offset+skoda-offset+sow-editor+sow-editor+sow-editor+sow-editor+sow-editor+sow-editor,,no
https://www.skoda-storyboard.com/cs/e-mobilita-cs/2023-rok-novinek-a-objevovani-budoucnosti/,cs,True,13,4,4,sow-editor+sow-editor+sow-editor+sow-editor,,no
https://www.skoda-storyboard.com/cs/skoda-svet-cs/postrcit-a-zatocit-policejni-kodiaqy-v-akci/,cs,True,50,24,26,sow-editor+sow-editor+sow-editor+sow-editor+sow-editor+sow-editor+sow-editor+sow-editor+sow-editor+sow-editor+sow-editor+sow-editor+skoda-offset+skoda-offset+sow-editor+sow-editor+sow-editor+sow-editor+sow-editor+sow-editor+sow-editor+sow-editor+sow-editor+sow-editor+sow-editor+sow-editor,,no
https://www.skoda-storyboard.com/cs/skoda-svet-cs/stoleti-okridleneho-sipu/,cs,True,28,14,12,sow-editor+sow-editor+sow-editor+sow-editor+sow-editor+sow-editor+sow-editor+sow-editor+skoda-offset+skoda-offset+sow-editor+sow-editor,,no
https://www.skoda-storyboard.com/cs/podcast-cz/podcast-exploreskoda-enyaq-projel-afriku-nabijel-ze-slunce/,cs,True,8,2,2,sow-editor+sow-editor,,no
https://www.skoda-storyboard.com/cs/e-mobilita-cs/enyaq-pokoril-tisice-kilometru-drsnych-africkych-cest/,cs,True,33,12,12,sow-editor+sow-editor+sow-editor+sow-editor+sow-editor+sow-editor+sow-editor+sow-editor+sow-editor+sow-editor+sow-editor+sow-editor,,no
https://www.skoda-storyboard.com/cs/zivotni-styl/rally-na-ceste-k-udrzitelnosti/,cs,True,23,14,8,sow-editor+sow-editor+sow-editor+sow-editor+sow-editor+sow-editor+sow-editor+sow-editor,,no
https://www.skoda-storyboard.com/cs/skoda-svet-cs/modely-laurin-klement-auta-s-tradici-a-nadechem-luxusu/,cs,True,24,12,2,skoda-carousel-widget+skoda-carousel-widget,,no
https://www.skoda-storyboard.com/cs/zivotni-styl/darky-ze-sveta-skoda-radost-pro-male-i-velke/,cs,True,53,20,45,sow-editor+sow-editor+sow-editor+sow-editor+skoda-carousel-widget+skoda-carousel-widget+sow-editor+sow-editor+skoda-carousel-widget+skoda-carousel-widget+sow-editor+sow-editor+skoda-carousel-widget+skoda-carousel-widget+sow-editor+sow-editor+skoda-carousel-widget+skoda-carousel-widget+sow-editor+sow-editor+skoda-carousel-widget+skoda-carousel-widget+sow-editor+sow-editor+skoda-carousel-widget+skoda-carousel-widget+sow-editor+sow-editor+skoda-carousel-widget+skoda-carousel-widget+sow-editor+sow-editor+skoda-carousel-widget+skoda-carousel-widget+sow-editor+sow-editor+skoda-carousel-widget+skoda-carousel-widget+skoda-carousel-widget+skoda-carousel-widget+skoda-carousel-widget+skoda-carousel-widget+skoda-carousel-widget+skoda-carousel-widget+skoda-carousel-widget,,no
https://www.skoda-storyboard.com/cs/skoda-svet-cs/prukopnici-udrzitelnosti-kdyz-finske-babicky-pletou/,cs,True,48,31,29,sow-editor+sow-editor+sow-editor+sow-editor+sow-editor+sow-editor+skoda-offset+skoda-offset+sow-editor+sow-editor+skoda-carousel-widget+skoda-carousel-widget+skoda-offset+skoda-offset+sow-editor+sow-editor+sow-editor+sow-editor+sow-editor+sow-editor+skoda-offset+skoda-offset+skoda-carousel-widget+skoda-carousel-widget+skoda-carousel-widget+skoda-carousel-widget+skoda-carousel-widget+skoda-carousel-widget+skoda-carousel-widget,,no
https://www.skoda-storyboard.com/cs/skoda-svet-cs/novy-superb-dalsi-z-rady-skodovek-made-in-bratislava/,cs,True,33,16,12,sow-editor+sow-editor+sow-editor+sow-editor+sow-editor+sow-editor+sow-editor+sow-editor+sow-editor+sow-editor+skoda-offset+skoda-offset,,no
https://www.skoda-storyboard.com/cs/podcast-cz/podcast-exploreskoda-digitalni-novinka-pay-to-fuel/,cs,True,8,2,2,sow-editor+sow-editor,,no
https://www.skoda-storyboard.com/cs/skoda-svet-cs/talentovana-lakyrnice-mezi-designery/,cs,True,13,4,4,sow-editor+sow-editor+sow-editor+sow-editor,,no
https://www.skoda-storyboard.com/cs/historicke-vozy-cs/skoda-1203-nesmrtelna-dvanactsettrojka/,cs,True,28,14,1,skoda-carousel-widget,,no
https://www.skoda-storyboard.com/cs/podcast-cz/podcast-exploreskoda-o-designu-novinky-skoda-superb/,cs,True,8,2,2,sow-editor+sow-editor,,no
https://www.skoda-storyboard.com/cs/skoda-svet-cs/objevte-expozici-skoda-v-arealu-autostadt-v-novem-kabate/,cs,True,45,20,31,sow-editor+sow-editor+sow-editor+sow-editor+sow-editor+sow-editor+sow-editor+sow-editor+sow-editor+sow-editor+skoda-carousel-widget+skoda-carousel-widget+skoda-offset+skoda-offset+sow-editor+sow-editor+sow-editor+sow-editor+sow-editor+sow-editor+sow-editor+sow-editor+skoda-offset+skoda-offset+skoda-carousel-widget+skoda-carousel-widget+skoda-carousel-widget+skoda-carousel-widget+skoda-carousel-widget+skoda-carousel-widget+skoda-carousel-widget,,no
https://www.skoda-storyboard.com/cs/skoda-svet-cs/prukopnici-udrzitelnosti-nabytek-z-ras-a-rybarskych-siti/,cs,True,43,25,18,sow-editor+sow-editor+sow-editor+sow-editor+sow-editor+sow-editor+sow-editor+sow-editor+skoda-offset+skoda-offset+sow-editor+sow-editor+sow-editor+sow-editor+sow-editor+sow-editor+sow-editor+sow-editor,,no
https://www.skoda-storyboard.com/cs/skoda-svet-cs/edu-lab-povzbuzuje-nadseni-pro-techniku/,cs,True,33,20,14,sow-editor+sow-editor+sow-editor+sow-editor+skoda-offset+skoda-offset+sow-editor+sow-editor+sow-editor+sow-editor+sow-editor+sow-editor+skoda-offset+skoda-offset,,no
https://www.skoda-storyboard.com/cs/skoda-svet-cs/nova-generace-skoda-superb-premiera-2023/,cs,True,28,15,10,sow-editor+sow-editor+sow-editor+sow-editor+sow-editor+sow-editor+sow-editor+sow-editor+sow-editor+sow-editor,,no
https://www.skoda-storyboard.com/cs/o-nas-cs/budte-stale-v-obraze-skoda-svet-mate-jako-na-dlani/,cs,True,40,20,2,sow-editor+sow-editor,,no
https://www.skoda-storyboard.com/cs/podcast-cz/podcast-exploreskoda-nejdulezitejsi-milniky-vozu-skoda-superb/,cs,True,8,2,2,sow-editor+sow-editor,,no
https://www.skoda-storyboard.com/cs/skoda-svet-cs/z-ruchu-istanbulu-na-venkovske-silnicky-a-zpet/,cs,True,62,45,36,sow-editor+sow-editor+skoda-offset+skoda-offset+sow-editor+sow-editor+sow-editor+sow-editor+sow-editor+sow-editor+sow-editor+sow-editor+skoda-offset+skoda-offset+sow-editor+sow-editor+sow-editor+sow-editor+sow-editor+sow-editor+sow-editor+sow-editor+sow-editor+sow-editor+skoda-offset+skoda-offset+sow-editor+sow-editor+sow-editor+sow-editor+skoda-offset+skoda-offset+sow-editor+sow-editor+sow-editor+sow-editor,,no
https://www.skoda-storyboard.com/cs/skoda-svet-cs/krystalicky-precizni-a-nadcasovy-hodnoti-designeri-treti-superb/,cs,True,62,22,1,skoda-carousel-widget,,no
https://www.skoda-storyboard.com/cs/zivotni-styl/za-krasami-alp-v-modelech-rs/,cs,True,35,20,20,sow-editor+sow-editor+sow-editor+sow-editor+sow-editor+sow-editor+sow-editor+sow-editor+skoda-offset+skoda-offset+sow-editor+sow-editor+sow-editor+sow-editor+sow-editor+sow-editor+skoda-offset+skoda-offset+sow-editor+sow-editor,,no
https://www.skoda-storyboard.com/cs/podcast-cz/podcast-exploreskoda-svetova-premiera-nove-generace-skoda-kodiaq/,cs,True,8,2,2,sow-editor+sow-editor,,no
https://www.skoda-storyboard.com/cs/zivotni-styl/kancelar-na-kolech-predurcena-k-dobrodruzstvi/,cs,True,23,16,10,sow-editor+sow-editor+sow-editor+sow-editor+skoda-offset+skoda-offset+sow-editor+sow-editor+sow-editor+sow-editor,,no
https://www.skoda-storyboard.com/cs/skoda-svet-cs/v-zakulisi-premiery-aneb-jak-dostat-kodiaq-do-metra/,cs,True,40,24,1,skoda-carousel-widget,,no
https://www.skoda-storyboard.com/cs/skoda-svet-cs/rodinny-vylet-dvou-favoritu-do-rodneho-mesta/,cs,True,33,21,12,sow-editor+sow-editor+sow-editor+sow-editor+sow-editor+sow-editor+sow-editor+sow-editor+sow-editor+sow-editor+skoda-offset+skoda-offset,,no
https://www.skoda-storyboard.com/cs/skoda-svet-cs/krasne-kombi-a-unikatni-sedan-vzpominaji-designeri-na-superb-ii/,cs,True,68,26,38,sow-editor+sow-editor+sow-editor+sow-editor+skoda-offset+skoda-offset+sow-editor+sow-editor+sow-editor+sow-editor+sow-editor+sow-editor+sow-editor+sow-editor+sow-editor+sow-editor+sow-editor+sow-editor+sow-editor+sow-editor+skoda-offset+skoda-offset+sow-editor+sow-editor+sow-editor+sow-editor+sow-editor+sow-editor+sow-editor+sow-editor+sow-editor+sow-editor+skoda-offset+skoda-offset+sow-editor+sow-editor+sow-editor+sow-editor,,no
https://www.skoda-storyboard.com/cs/skoda-svet-cs/nova-generace-skoda-kodiaq-premiera-2023/,cs,True,33,12,12,sow-editor+sow-editor+sow-editor+sow-editor+sow-editor+sow-editor+sow-editor+sow-editor+sow-editor+sow-editor+sow-editor+sow-editor,,no
https://www.skoda-storyboard.com/cs/skoda-svet-cs/prukopnici-udrzitelnosti-majak-setrne-mody/,cs,True,28,18,12,sow-editor+sow-editor+sow-editor+sow-editor+skoda-offset+skoda-offset+sow-editor+sow-editor+sow-editor+sow-editor+skoda-offset+skoda-offset,,no
https://www.skoda-storyboard.com/cs/podcast-cz/podcast-exploreskoda-hlavni-zmeny-v-interieru-novinky-skoda-kodiaq/,cs,True,8,2,2,sow-editor+sow-editor,,no
https://www.skoda-storyboard.com/cs/e-mobilita-cs/vylepseny-enyaq-je-tu-silnejsi-a-s-delsim-dojezdem/,cs,True,18,6,6,sow-editor+sow-editor+sow-editor+sow-editor+sow-editor+sow-editor,,no
https://www.skoda-storyboard.com/cs/skoda-svet-cs/novy-kodiaq-na-prvnich-skicach/,cs,True,23,12,2,skoda-carousel-widget+sow-editor,,no
https://www.skoda-storyboard.com/cs/skoda-svet-cs/vietnam-a-skoda-nadejny-trh-i-brana-do-jihovychodni-asie/,cs,True,34,23,14,sow-editor+sow-editor+sow-editor+sow-editor+sow-editor+sow-editor+sow-editor+sow-editor+sow-editor+sow-editor+sow-editor+sow-editor+skoda-offset+skoda-offset,,no
https://www.skoda-storyboard.com/cs/skoda-svet-cs/prvni-superb-byl-prelom-vzpominaji-designeri/,cs,True,72,32,40,sow-editor+sow-editor+sow-editor+sow-editor+skoda-offset+skoda-offset+sow-editor+sow-editor+sow-editor+sow-editor+sow-editor+sow-editor+skoda-offset+skoda-offset+sow-editor+sow-editor+sow-editor+sow-editor+sow-editor+sow-editor+sow-editor+sow-editor+sow-editor+sow-editor+sow-editor+sow-editor+sow-editor+sow-editor+sow-editor+sow-editor+skoda-offset+skoda-offset+sow-editor+sow-editor+sow-editor+sow-editor+sow-editor+sow-editor+skoda-offset+skoda-offset,,no
https://www.skoda-storyboard.com/cs/skoda-svet-cs/odpovednost-cs/prukopnici-udrzitelnosti-rybar-ze-srdce-galicie/,cs,True,28,21,14,sow-editor+sow-editor+sow-editor+sow-editor+sow-editor+sow-editor+skoda-offset+skoda-offset+sow-editor+sow-editor+sow-editor+sow-editor+skoda-offset+skoda-offset,,no
https://www.skoda-storyboard.com/cs/skoda-svet-cs/novy-superb-a-kodiaq-museji-obstat-v-pousti-i-mrazu/,cs,True,8,3,4,sow-editor+sow-editor+sow-editor+sow-editor,,no
https://www.skoda-storyboard.com/cs/skoda-svet-cs/sef-za-volantem-skoda-classic-tour-2023/,cs,True,8,2,2,sow-editor+sow-editor,,no
https://www.skoda-storyboard.com/cs/podcast-cz/podcast-exploreskoda-vse-o-modernizaci-modelu-skoda-kamiq-a-scala/,cs,True,8,3,2,sow-editor+sow-editor,,no
https://www.skoda-storyboard.com/cs/skoda-svet-cs/kviz-nezmeskali-jste-letni-novinky/,cs,True,8,2,2,sow-editor+sow-editor,,no
https://www.skoda-storyboard.com/cs/skoda-svet-cs/skoda-classic-tour-si-kazdy-rok-uzivam/,cs,True,18,6,6,sow-editor+sow-editor+sow-editor+sow-editor+sow-editor+sow-editor,,no
https://www.skoda-storyboard.com/cs/zivotni-styl/sport-cs/skoda-enyaq-a-elektrokola-idealni-kombinace/,cs,True,28,19,14,sow-editor+sow-editor+sow-editor+sow-editor+skoda-offset+skoda-offset+sow-editor+sow-editor+sow-editor+sow-editor+skoda-offset+skoda-offset+sow-editor+sow-editor,,no
https://www.skoda-storyboard.com/cs/podcast-cz/podcast-exploreskoda-skoda-roadiaq-si-ziska-vsechny-digitalni-nomady/,cs,True,8,2,2,sow-editor+sow-editor,,no
https://www.skoda-storyboard.com/cs/skoda-svet-cs/inovace-a-technologie/smart-dials-chytre-reseni-nejen-pro-klimatizaci/,cs,True,19,6,2,sow-editor+skoda-carousel-widget,,no
https://www.skoda-storyboard.com/cs/e-mobilita-cs/muj-enyaq-jizda-do-elektricke-budoucnosti/,cs,True,24,9,15,sow-editor+sow-editor+sow-editor+sow-editor+skoda-offset+skoda-offset+sow-editor+sow-editor+sow-editor+sow-editor+k2tools-charge-map+ys-so-widget-k2tools-charge-map+ys-so-widget-k2tools-charge-map+sow-editor+sow-editor,k2tools-charge-map;ys-so-widget-k2tools-charge-map,yes
https://www.skoda-storyboard.com/cs/zivotni-styl/vozy-skoda-zarily-na-sachsen-classic/,cs,True,13,4,4,sow-editor+sow-editor+sow-editor+sow-editor,,no
https://www.skoda-storyboard.com/cs/skoda-svet-cs/od-bicyklu-k-autu-aneb-prvnich-deset-let-lk/,cs,True,28,18,10,sow-editor+sow-editor+sow-editor+sow-editor+sow-editor+sow-editor+sow-editor+sow-editor+skoda-offset+skoda-offset,,no
https://www.skoda-storyboard.com/cs/podcast-cz/podcast-exploreskoda-odpovida-na-vse-co-potrebuje-znat-o-aktivni-bezpecnosti/,cs,True,8,2,4,sow-editor+sow-editor+sow-editor+sow-editor,,no
https://www.skoda-storyboard.com/cs/skoda-svet-cs/asistencni-systemy-na-vlastni-kuzi/,cs,True,23,12,8,sow-editor+sow-editor+sow-editor+sow-editor+sow-editor+sow-editor+sow-editor+sow-editor,,no
https://www.skoda-storyboard.com/cs/skoda-svet-cs/nova-skoda-kamiq-ocima-designera/,cs,True,18,9,6,sow-editor+sow-editor+sow-editor+sow-editor+sow-editor+sow-editor,,no
https://www.skoda-storyboard.com/cs/skoda-svet-cs/nova-skoda-scala-ocima-designera/,cs,True,18,9,6,sow-editor+sow-editor+sow-editor+sow-editor+sow-editor+sow-editor,,no
https://www.skoda-storyboard.com/cs/skoda-svet-cs/nova-scala-a-kamiq-prakticke-detaily-a-silnejsi-charakter/,cs,True,18,9,6,sow-editor+sow-editor+sow-editor+sow-editor+sow-editor+sow-editor,,no
https://www.skoda-storyboard.com/cs/zivotni-styl/sef-za-volantem-na-trati-tour-de-france/,cs,True,13,6,4,sow-editor+sow-editor+sow-editor+sow-editor,,no
https://www.skoda-storyboard.com/cs/skoda-svet-cs/skoda-challenge-vybira-nejlepsi-z-nejlepsich/,cs,True,30,24,20,sow-editor+sow-editor+sow-editor+sow-editor+sow-editor+sow-editor+sow-editor+sow-editor+skoda-offset+skoda-offset+sow-editor+sow-editor+sow-editor+sow-editor+skoda-offset+skoda-offset+sow-editor+sow-editor+sow-editor+sow-editor,,no
https://www.skoda-storyboard.com/cs/skoda-svet-cs/novy-superb-na-tour-de-france-v-unikatnim-maskovani/,cs,True,36,18,20,sow-editor+sow-editor+sow-editor+sow-editor+sow-editor+sow-editor+sow-editor+sow-editor+sow-editor+sow-editor+sow-editor+sow-editor+sow-editor+sow-editor+sow-editor+sow-editor+skoda-offset+skoda-offset+sow-editor+sow-editor,,no
https://www.skoda-storyboard.com/cs/skoda-svet-cs/na-co-laka-novy-superb-podivejte-se/,cs,True,13,6,2,sow-editor+sow-editor,,no
https://www.skoda-storyboard.com/cs/skoda-svet-cs/vyhled-i-ochrana-co-musi-umet-automobilova-skla/,cs,True,39,18,20,sow-editor+sow-editor+skoda-offset+skoda-offset+sow-editor+sow-editor+sow-editor+sow-editor+sow-editor+sow-editor+sow-editor+sow-editor+sow-editor+sow-editor+sow-editor+sow-editor+skoda-offset+skoda-offset+sow-editor+sow-editor,,no
https://www.skoda-storyboard.com/cs/e-mobilita-cs/muj-enyaq-tipy-kam-v-lete-vyrazit-nejen-elektromobilem/,cs,True,96,53,3,sow-editor+ys-so-widget-k2tools-charge-map+skoda-offset,ys-so-widget-k2tools-charge-map,yes
https://www.skoda-storyboard.com/cs/skoda-svet-cs/podivejte-se-na-novou-generaci-modelu-kodiaq/,cs,True,8,3,2,sow-editor+sow-editor,,no
https://www.skoda-storyboard.com/cs/zivotni-styl/skoda-v-cele-tour-de-france-jak-sel-cas-s-cervenym-vozem/,cs,True,8,2,2,sow-editor+sow-editor,,no
https://www.skoda-storyboard.com/cs/skoda-svet-cs/skoda-equipe-jede/,cs,True,23,12,10,sow-editor+sow-editor+skoda-offset+skoda-offset+sow-editor+sow-editor+sow-editor+sow-editor+sow-editor+sow-editor,,no
https://www.skoda-storyboard.com/cs/zivotni-styl/s-vasni-pro-cyklistiku-a-tour-de-france/,cs,True,38,23,16,sow-editor+sow-editor+sow-editor+sow-editor+sow-editor+sow-editor+sow-editor+sow-editor+sow-editor+sow-editor+skoda-offset+skoda-offset+sow-editor+sow-editor+sow-editor+sow-editor,,no
https://www.skoda-storyboard.com/cs/e-mobilita-cs/skoda-roadiaq-zakovsky-vuz-pro-dobrodruhy/,cs,True,51,18,26,sow-editor+sow-editor+sow-editor+sow-editor+skoda-offset+skoda-offset+sow-editor+sow-editor+sow-editor+sow-editor+sow-editor+sow-editor+skoda-offset+skoda-offset+sow-editor+sow-editor+sow-editor+sow-editor+sow-editor+sow-editor+sow-editor+sow-editor+sow-editor+sow-editor+sow-editor+sow-editor,,no
https://www.skoda-storyboard.com/cs/skoda-svet-cs/tradice-i-objevovani-skoda-ma-nove-zvukove-logo/,cs,True,35,20,18,sow-editor+sow-editor+sow-editor+sow-editor+skoda-offset+skoda-offset+sow-editor+sow-editor+sow-editor+sow-editor+sow-editor+sow-editor+sow-editor+sow-editor+skoda-offset+skoda-offset+sow-editor+sow-editor,,no
https://www.skoda-storyboard.com/cs/e-mobilita-cs/enyaq-coupe-respectline-oslava-jedinecnosti/,cs,True,23,12,8,sow-editor+sow-editor+sow-editor+sow-editor+sow-editor+sow-editor+skoda-offset+skoda-offset,,no
https://www.skoda-storyboard.com/cs/skoda-svet-cs/prozkoumejte-design-znacky-skoda-v-promenach-casu/,cs,True,18,6,6,sow-editor+sow-editor+sow-editor+sow-editor+sow-editor+sow-editor,,no
https://www.skoda-storyboard.com/cs/skoda-svet-cs/co-vse-prozradi-vin/,cs,True,33,21,14,sow-editor+sow-editor+sow-editor+sow-editor+sow-editor+sow-editor+sow-editor+sow-editor+sow-editor+sow-editor+skoda-offset+skoda-offset+sow-editor+sow-editor,,no
https://www.skoda-storyboard.com/cs/skoda-svet-cs/mattoni-a-skoda-z-cech-do-sveta/,cs,True,68,50,2,sow-editor+skoda-offset,,no
https://www.skoda-storyboard.com/cs/e-mobilita-cs/kviz-poznate-budouci-novinky-znacky-skoda/,cs,True,8,2,2,sow-editor+sow-editor,,no
https://www.skoda-storyboard.com/cs/zivotni-styl/jizda-na-africke-slunce/,cs,True,33,12,12,sow-editor+sow-editor+sow-editor+sow-editor+sow-editor+sow-editor+sow-editor+sow-editor+sow-editor+sow-editor+sow-editor+sow-editor,,no
https://www.skoda-storyboard.com/cs/skoda-svet-cs/skoda-x-nove-centrum-pro-digitalni-sluzby-v-aute/,cs,True,45,20,20,sow-editor+sow-editor+sow-editor+sow-editor+sow-editor+sow-editor+sow-editor+sow-editor+skoda-offset+skoda-offset+sow-editor+sow-editor+sow-editor+sow-editor+sow-editor+sow-editor+sow-editor+sow-editor+sow-editor+sow-editor,,no
https://www.skoda-storyboard.com/cs/skoda-svet-cs/ekologicka-kuze-pro-enyaq-iv-je-jen-zacatek/,cs,True,35,12,16,sow-editor+sow-editor+sow-editor+sow-editor+sow-editor+sow-editor+sow-editor+sow-editor+sow-editor+sow-editor+sow-editor+sow-editor+sow-editor+sow-editor+sow-editor+sow-editor,,no
https://www.skoda-storyboard.com/cs/zivotni-styl/virtualni-i-skutecna-hokejova-zabava/,cs,True,19,10,16,sow-editor+sow-editor+sow-editor+sow-editor+sow-editor+sow-editor+sow-slider+sow-slider+sow-slider+sow-slider+sow-slider+sow-slider+sow-slider+sow-slider+sow-slider+sow-slider,,no
https://www.skoda-storyboard.com/cs/e-mobilita-cs/enyaq-lk-technicka-vylepseni-a-extra-elegance/,cs,True,18,6,6,sow-editor+sow-editor+sow-editor+sow-editor+sow-editor+sow-editor,,no
https://www.skoda-storyboard.com/cs/skoda-svet-cs/sef-za-volantem-cesta-k-elektricke-budoucnosti/,cs,True,8,2,2,sow-editor+sow-editor,,no
https://www.skoda-storyboard.com/cs/zivotni-styl/letosni-hokejova-sestava-tymu-skoda-auto/,cs,True,28,10,10,sow-editor+sow-editor+sow-editor+sow-editor+sow-editor+sow-editor+sow-editor+sow-editor+sow-editor+sow-editor,,no
https://www.skoda-storyboard.com/cs/skoda-svet-cs/studentsky-debut-v-indii-kabriolet-z-modelu-rapid/,cs,True,34,16,14,sow-editor+sow-editor+skoda-offset+skoda-offset+sow-editor+sow-editor+sow-editor+sow-editor+sow-editor+sow-editor+sow-editor+sow-editor+skoda-offset+skoda-offset,,no
https://www.skoda-storyboard.com/cs/skoda-svet-cs/hlava-chranena-ze-vsech-stran/,cs,True,24,12,12,sow-editor+sow-editor+sow-editor+sow-editor+skoda-offset+skoda-offset+sow-editor+sow-editor+sow-editor+sow-editor+sow-editor+sow-editor,,no
https://www.skoda-storyboard.com/cs/skoda-svet-cs/sochy-ukazuji-budoucnost-takhle-vznikaly/,cs,True,45,16,24,sow-editor+sow-editor+sow-editor+sow-editor+skoda-offset+skoda-offset+sow-editor+sow-editor+sow-editor+sow-editor+sow-editor+sow-editor+sow-editor+sow-editor+skoda-offset+skoda-offset+sow-editor+sow-editor+sow-editor+sow-editor+sow-editor+sow-editor+sow-editor+sow-editor,,no
https://www.skoda-storyboard.com/cs/skoda-svet-cs/nejzachovalejsi-favorit-na-svete/,cs,True,33,21,12,sow-editor+sow-editor+sow-editor+sow-editor+sow-editor+sow-editor+sow-editor+sow-editor+sow-editor+sow-editor+skoda-offset+skoda-offset,,no
https://www.skoda-storyboard.com/cs/skoda-svet-cs/uz-mate-sveho-avatara-ve-skodaverse/,cs,True,71,36,40,sow-editor+sow-editor+skoda-offset+skoda-offset+sow-editor+sow-editor+sow-editor+sow-editor+sow-editor+sow-editor+sow-editor+sow-editor+sow-editor+sow-editor+skoda-offset+skoda-offset+sow-editor+sow-editor+sow-editor+sow-editor+sow-editor+sow-editor+sow-editor+sow-editor+skoda-offset+skoda-offset+sow-editor+sow-editor+sow-editor+sow-editor+sow-editor+sow-editor+skoda-offset+skoda-offset+sow-editor+sow-editor+sow-editor+sow-editor+sow-editor+sow-editor,,no
https://www.skoda-storyboard.com/cs/skoda-svet-cs/prvni-ochutnavka-superb-a-kodiaq-se-poodhaluji/,cs,True,18,6,6,sow-editor+sow-editor+sow-editor+sow-editor+sow-editor+sow-editor,,no
https://www.skoda-storyboard.com/cs/skoda-svet-cs/lets-explore-2023/,cs,True,34,12,14,sow-editor+sow-editor+sow-editor+sow-editor+sow-editor+sow-editor+sow-editor+sow-editor+sow-editor+sow-editor+sow-editor+sow-editor+sow-editor+sow-editor,,no
https://www.skoda-storyboard.com/cs/skoda-svet-cs/skoda-octavia-rs-jak-sel-cas/,cs,True,28,10,10,sow-editor+sow-editor+sow-editor+sow-editor+sow-editor+sow-editor+sow-editor+sow-editor+sow-editor+sow-editor,,no
https://www.skoda-storyboard.com/cs/e-mobilita-cs/muj-enyaq-iv-kdyz-jeden-nestaci/,cs,True,23,8,1,ys-so-widget-k2tools-charge-map,ys-so-widget-k2tools-charge-map,yes
https://www.skoda-storyboard.com/cs/skoda-svet-cs/video-ctyri-generace-vozu-fabia-ocima-jezdcu-rally/,cs,True,8,2,4,sow-editor+sow-editor+sow-editor+sow-editor,,no
https://www.skoda-storyboard.com/cs/skoda-svet-cs/z-limuziny-hasicskym-vozem-a-zase-zpet/,cs,True,38,26,18,sow-editor+sow-editor+sow-editor+sow-editor+sow-editor+sow-editor+skoda-offset+skoda-offset+sow-editor+sow-editor+sow-editor+sow-editor+skoda-offset+skoda-offset+sow-editor+sow-editor+sow-editor+sow-editor,,no
https://www.skoda-storyboard.com/cs/skoda-svet-cs/inovace-a-technologie/mpi-i-tsi-skoda-auto-vyviji-spalovaci-motory-pro-sedm-znacek/,cs,True,40,14,20,sow-editor+sow-editor+sow-editor+sow-editor+sow-editor+sow-editor+sow-editor+sow-editor+sow-editor+sow-editor+sow-editor+sow-editor+skoda-offset+skoda-offset+sow-editor+sow-editor+sow-editor+sow-editor+sow-editor+sow-editor,,no
https://www.skoda-storyboard.com/cs/skoda-svet-cs/stante-se-mistry-volantu-na-asfaltu-sotoline-i-snehu/,cs,True,38,23,18,sow-editor+sow-editor+sow-editor+sow-editor+sow-editor+sow-editor+sow-editor+sow-editor+skoda-offset+skoda-offset+sow-editor+sow-editor+sow-editor+sow-editor+skoda-offset+skoda-offset+sow-editor+sow-editor,,no
https://www.skoda-storyboard.com/cs/e-mobilita-cs/prechod-na-elektrinu-kdyz-mate-naftu-v-krvi/,cs,True,44,24,22,sow-editor+sow-editor+sow-editor+sow-editor+skoda-offset+skoda-offset+sow-editor+sow-editor+sow-editor+sow-editor+sow-editor+sow-editor+skoda-offset+skoda-offset+sow-editor+sow-editor+sow-editor+sow-editor+sow-editor+sow-editor+sow-editor+sow-editor,,no
https://www.skoda-storyboard.com/cs/skoda-svet-cs/novy-zakovsky-vuz-bude-elektricky-a-umozni-objevovat/,cs,True,41,14,1,skoda-carousel-widget,,no
https://www.skoda-storyboard.com/cs/skoda-svet-cs/startovani-aut-byvala-veda-dnes-staci-klic-v-kapse/,cs,True,43,28,22,sow-editor+sow-editor+sow-editor+sow-editor+skoda-offset+skoda-offset+sow-editor+sow-editor+sow-editor+sow-editor+skoda-offset+skoda-offset+sow-editor+sow-editor+sow-editor+sow-editor+skoda-offset+skoda-offset+sow-editor+sow-editor+sow-editor+sow-editor,,no
https://www.skoda-storyboard.com/cs/skoda-svet-cs/seriova-a-soutezni-fabia-vedle-sebe-v-cem-se-lisi/,cs,True,23,12,5,sow-editor+skoda-offset+sow-editor+skoda-offset+skoda-offset,,no
https://www.skoda-storyboard.com/cs/e-mobilita-cs/muj-enyaq-iv-spousta-duvodu-pro-prechod-k-elektromobilite/,cs,True,33,16,2,ys-so-widget-k2tools-charge-map+skoda-offset,ys-so-widget-k2tools-charge-map,yes
https://www.skoda-storyboard.com/cs/skoda-svet-cs/zive-vyrocni-tiskova-konference-skoda-auto-3/,cs,True,18,6,6,sow-editor+sow-editor+sow-editor+sow-editor+sow-editor+sow-editor,,no
https://www.skoda-storyboard.com/cs/zivotni-styl/s-ledovym-muzem-do-chladnych-vod/,cs,True,48,34,1,skoda-offset,,no
https://www.skoda-storyboard.com/cs/skoda-svet-cs/tezky-zivot-testovacich-figurin/,cs,True,29,10,14,sow-editor+sow-editor+sow-editor+sow-editor+skoda-offset+skoda-offset+sow-editor+sow-editor+sow-editor+sow-editor+sow-editor+sow-editor+sow-editor+sow-editor,,no
https://www.skoda-storyboard.com/cs/skoda-svet-cs/sef-za-volantem-s-pohonem-vsech-kol-na-ledu/,cs,True,8,2,2,sow-editor+sow-editor,,no
https://www.skoda-storyboard.com/cs/skoda-svet-cs/na-prechodu-v-budoucnu-pomuze-robot-i-chytra-maska/,cs,True,18,9,6,sow-editor+sow-editor+sow-editor+sow-editor+sow-editor+sow-editor,,no
https://www.skoda-storyboard.com/cs/skoda-svet-cs/jak-sel-cas-s-ceskou-kombikovou-ikonou/,cs,True,38,18,14,sow-editor+sow-editor+sow-editor+sow-editor+sow-editor+sow-editor+sow-editor+sow-editor+sow-editor+sow-editor+sow-editor+sow-editor+skoda-offset+skoda-offset,,no
https://www.skoda-storyboard.com/cs/skoda-svet-cs/plny-rejd-a-zadne-blikacky-tipy-pro-spravne-parkovani/,cs,True,49,38,3,sow-editor+sow-editor+sow-editor,,no
https://www.skoda-storyboard.com/cs/skoda-svet-cs/4x4-pro-vetsi-bezpeci-i-poteseni-z-jizdy/,cs,True,49,32,24,sow-editor+sow-editor+sow-editor+sow-editor+skoda-offset+skoda-offset+sow-editor+sow-editor+sow-editor+sow-editor+sow-editor+sow-editor+skoda-offset+skoda-offset+sow-editor+sow-editor+sow-editor+sow-editor+sow-editor+sow-editor+sow-editor+sow-editor+skoda-offset+skoda-offset,,no
https://www.skoda-storyboard.com/cs/e-mobilita-cs/podivejte-se-jak-priroda-vyrabi-elektrickou-energii/,cs,True,38,22,16,sow-editor+sow-editor+sow-editor+sow-editor+sow-editor+sow-editor+sow-editor+sow-editor+skoda-offset+skoda-offset+sow-editor+sow-editor+sow-editor+sow-editor+skoda-offset+skoda-offset,,no
https://www.skoda-storyboard.com/cs/skoda-svet-cs/sam-v-pousti-90-let-od-dobrodruzne-cesty-napric-saharou/,cs,True,44,30,18,sow-editor+sow-editor+sow-editor+sow-editor+sow-editor+sow-editor+sow-editor+sow-editor+sow-editor+sow-editor+sow-editor+sow-editor+sow-editor+sow-editor+sow-editor+sow-editor+skoda-offset+skoda-offset,,no
https://www.skoda-storyboard.com/cs/zivotni-styl/co-ukryva-superb-ve-sluzbach-profesionalnich-cyklistek/,cs,True,33,20,14,sow-editor+sow-editor+sow-editor+sow-editor+skoda-offset+skoda-offset+sow-editor+sow-editor+sow-editor+sow-editor+sow-editor+sow-editor+skoda-offset+skoda-offset,,no
https://www.skoda-storyboard.com/cs/skoda-svet-cs/zaposlouchejte-se-do-ticha/,cs,True,28,16,10,sow-editor+sow-editor+sow-editor+sow-editor+sow-editor+sow-editor+sow-editor+sow-editor+sow-editor+sow-editor,,no
https://www.skoda-storyboard.com/cs/skoda-svet-cs/sklouznout-se-do-knihy-rekordu/,cs,True,18,12,1,sow-editor,,no
https://www.skoda-storyboard.com/cs/skoda-svet-cs/od-skrytych-tvari-k-tem-vic-na-ocich-jak-vznika-design-auta/,cs,True,54,30,29,sow-editor+sow-editor+sow-editor+sow-editor+sow-editor+sow-editor+sow-editor+sow-editor+sow-editor+sow-editor+sow-editor+sow-editor+sow-editor+sow-editor+sow-editor+sow-editor+sow-editor+sow-editor+skoda-carousel-widget+skoda-carousel-widget+skoda-offset+skoda-offset+skoda-carousel-widget+skoda-carousel-widget+skoda-carousel-widget+skoda-carousel-widget+skoda-carousel-widget+skoda-carousel-widget+skoda-carousel-widget,,no
https://www.skoda-storyboard.com/cs/e-mobilita-cs/co-potrebujete-vedet-nez-usednete-do-elektromobilu/,cs,True,18,10,8,sow-editor+sow-editor+sow-editor+sow-editor+skoda-offset+skoda-offset+sow-editor+sow-editor,,no
https://www.skoda-storyboard.com/cs/e-mobilita-cs/sef-za-volantem-skoda-enyaq-rs-iv/,cs,True,8,2,2,sow-editor+sow-editor,,no
https://www.skoda-storyboard.com/cs/skoda-svet-cs/z-vrcholu-na-vrchol-dve-skodovky-v-horach/,cs,True,35,13,24,sow-editor+sow-editor+sow-editor+sow-editor+sow-editor+sow-editor+sow-editor+sow-editor+sow-editor+sow-editor+sow-editor+sow-editor+sow-editor+sow-editor+sow-editor+sow-editor+sow-editor+sow-editor+sow-editor+sow-editor+skoda-offset+skoda-offset+sow-editor+sow-editor,,no
https://www.skoda-storyboard.com/cs/skoda-svet-cs/kdyz-za-parkovani-plati-auto/,cs,True,34,12,14,sow-editor+sow-editor+sow-editor+sow-editor+sow-editor+sow-editor+sow-editor+sow-editor+sow-editor+sow-editor+sow-editor+sow-editor+sow-editor+sow-editor,,no
https://www.skoda-storyboard.com/cs/skoda-svet-cs/kviz-barevny-hav-aut-je-veda/,cs,True,8,2,2,sow-editor+sow-editor,,no
https://www.skoda-storyboard.com/cs/skoda-svet-cs/modely-rs-pravy-sportovni-duch-znacky-skoda/,cs,True,34,16,1,skoda-quote,,no
https://www.skoda-storyboard.com/cs/skoda-svet-cs/uz-troubeji/,cs,True,49,22,22,sow-editor+sow-editor+sow-editor+sow-editor+sow-editor+sow-editor+skoda-quote+skoda-quote+sow-editor+sow-editor+sow-editor+sow-editor+skoda-offset+skoda-offset+sow-editor+sow-editor+sow-editor+sow-editor+sow-editor+sow-editor+sow-editor+sow-editor,,no
https://www.skoda-storyboard.com/cs/skoda-svet-cs/rok-2022-plny-dobrodruzstvi-a-zabavy/,cs,True,19,9,8,sow-editor+sow-editor+sow-editor+sow-editor+sow-editor+sow-editor+sow-editor+sow-editor,,no
https://www.skoda-storyboard.com/cs/skoda-svet-cs/rok-2022-a-cesta-do-budoucnosti/,cs,True,19,8,8,sow-editor+sow-editor+sow-editor+sow-editor+sow-editor+sow-editor+sow-editor+sow-editor,,no
https://www.skoda-storyboard.com/cs/zivotni-styl/udrzitelne-vanoce-prichazeji/,cs,True,18,10,6,sow-editor+sow-editor+sow-editor+sow-editor+sow-editor+sow-editor,,no
https://www.skoda-storyboard.com/cs/skoda-svet-cs/superhrdinove-z-vyroby-moderni-roboty-pomahaji-vsude/,cs,True,39,23,27,sow-editor+sow-editor+skoda-carousel-widget+skoda-carousel-widget+sow-editor+sow-editor+skoda-offset+skoda-offset+sow-editor+sow-editor+sow-editor+sow-editor+sow-editor+sow-editor+sow-editor+sow-editor+skoda-offset+skoda-offset+sow-editor+sow-editor+skoda-carousel-widget+skoda-carousel-widget+skoda-carousel-widget+skoda-carousel-widget+skoda-carousel-widget+skoda-carousel-widget+skoda-carousel-widget,,no
https://www.skoda-storyboard.com/cs/skoda-svet-cs/v-indii-maji-budoucnost-elektromobily-i-spalovaci-motory/,cs,True,8,2,2,sow-editor+sow-editor,,no
https://www.skoda-storyboard.com/cs/zivotni-styl/enyaq-iv-dobyva-vesmir-jak-se-dostat-blizko-ke-hvezdam/,cs,True,23,13,1,sow-editor,,no
https://www.skoda-storyboard.com/cs/zivotni-styl/hledate-darek-pod-stromecek-inspirujte-se/,cs,True,48,18,41,sow-editor+sow-editor+sow-editor+sow-editor+skoda-carousel-widget+skoda-carousel-widget+sow-editor+sow-editor+skoda-carousel-widget+skoda-carousel-widget+sow-editor+sow-editor+skoda-carousel-widget+skoda-carousel-widget+sow-editor+sow-editor+skoda-carousel-widget+skoda-carousel-widget+sow-editor+sow-editor+skoda-carousel-widget+skoda-carousel-widget+sow-editor+sow-editor+skoda-carousel-widget+skoda-carousel-widget+sow-editor+sow-editor+skoda-carousel-widget+skoda-carousel-widget+sow-editor+sow-editor+skoda-carousel-widget+skoda-carousel-widget+skoda-carousel-widget+skoda-carousel-widget+skoda-carousel-widget+skoda-carousel-widget+skoda-carousel-widget+skoda-carousel-widget+skoda-carousel-widget,,no
https://www.skoda-storyboard.com/cs/skoda-svet-cs/rallyovy-sampion-predstavuje-rodinu-vozu-rs/,cs,True,8,2,4,sow-editor+sow-editor+sow-editor+sow-editor,,no
https://www.skoda-storyboard.com/cs/skoda-svet-cs/udrzitelna-budoucnost-je-chytra-a-recyklovana/,cs,True,43,28,20,sow-editor+sow-editor+sow-editor+sow-editor+sow-editor+sow-editor+skoda-offset+skoda-offset+sow-editor+sow-editor+sow-editor+sow-editor+sow-editor+sow-editor+skoda-offset+skoda-offset+sow-editor+sow-editor+sow-editor+sow-editor,,no
https://www.skoda-storyboard.com/cs/skoda-svet-cs/na-vetrne-hurce/,cs,True,30,12,2,skoda-carousel-widget+sow-editor,,no
https://www.skoda-storyboard.com/cs/skoda-svet-cs/budoucnost-plna-novych-cest/,cs,True,46,22,26,sow-editor+sow-editor+sow-editor+sow-editor+sow-editor+sow-editor+sow-editor+sow-editor+sow-editor+sow-editor+sow-editor+sow-editor+skoda-offset+skoda-offset+sow-editor+sow-editor+sow-editor+sow-editor+skoda-offset+skoda-offset+sow-editor+sow-editor+sow-editor+sow-editor+sow-editor+sow-editor,,no
https://www.skoda-storyboard.com/cs/zivotni-styl/rychla-fabia-rs-rally2-vas-ohromi-staci-na-to-60-sekund/,cs,True,18,10,6,sow-editor+sow-editor+sow-editor+sow-editor+sow-editor+sow-editor,,no
https://www.skoda-storyboard.com/cs/zivotni-styl/na-co-nezapominat-v-zime-a-jak-se-pripravit/,cs,True,18,11,10,sow-editor+sow-editor+sow-editor+sow-editor+sow-editor+sow-editor+sow-editor+sow-editor+sow-editor+sow-editor,,no
https://www.skoda-storyboard.com/cs/skoda-svet-cs/stale-silnejsi-znacka-skoda-v-indii/,cs,True,59,43,1,sow-editor,,no
https://www.skoda-storyboard.com/cs/skoda-svet-cs/moderni-crashova-laborator-zvlada-testy-vseho-druhu/,cs,True,23,17,1,sow-editor,,no
https://www.skoda-storyboard.com/cs/e-mobilita-cs/druhy-zivot-baterii/,cs,True,33,20,14,sow-editor+sow-editor+sow-editor+sow-editor+sow-editor+sow-editor+sow-editor+sow-editor+sow-editor+sow-editor+skoda-offset+skoda-offset+sow-editor+sow-editor,,no
https://www.skoda-storyboard.com/cs/skoda-svet-cs/coca-cola-spoleha-na-vozy-skoda-uz-pres-30-let/,cs,True,51,22,35,sow-editor+sow-editor+sow-editor+sow-editor+skoda-offset+skoda-offset+sow-editor+sow-editor+skoda-carousel-widget+skoda-carousel-widget+sow-editor+sow-editor+skoda-offset+skoda-offset+sow-editor+sow-editor+sow-editor+sow-editor+sow-editor+sow-editor+sow-editor+sow-editor+sow-editor+sow-editor+sow-editor+sow-editor+sow-editor+sow-editor+skoda-carousel-widget+skoda-carousel-widget+skoda-carousel-widget+skoda-carousel-widget+skoda-carousel-widget+skoda-carousel-widget+skoda-carousel-widget,,no
https://www.skoda-storyboard.com/cs/skoda-svet-cs/jak-na-zvuk-rady-a-tipy/,cs,True,51,35,34,sow-editor+sow-editor+sow-editor+sow-editor+skoda-offset+skoda-offset+sow-editor+sow-editor+sow-editor+sow-editor+sow-editor+sow-editor+skoda-offset+skoda-offset+sow-editor+sow-editor+skoda-offset+skoda-offset+sow-editor+sow-editor+sow-editor+sow-editor+skoda-offset+skoda-offset+sow-editor+sow-editor+sow-editor+sow-editor+skoda-offset+skoda-offset+sow-editor+sow-editor+sow-editor+sow-editor,,no
https://www.skoda-storyboard.com/cs/e-mobilita-cs/vykon-v-praktickem-baleni-to-je-enyaq-rs-iv/,cs,True,18,6,1,skoda-carousel-widget,,no
https://www.skoda-storyboard.com/cs/skoda-svet-cs/yeti-byl-prukopnik-vznikly-i-malo-zname-verze/,cs,True,28,10,1,skoda-carousel-widget,,no
https://www.skoda-storyboard.com/cs/skoda-svet-cs/skoda-vision-gt-digitalni-prevteleni-sportovni-tradice/,cs,True,18,9,6,sow-editor+sow-editor+sow-editor+sow-editor+sow-editor+sow-editor,,no
https://www.skoda-storyboard.com/cs/skoda-svet-cs/tady-vznikaji-inovace-rychle-a-efektivne/,cs,True,80,42,52,sow-editor+sow-editor+sow-editor+sow-editor+skoda-offset+skoda-offset+sow-editor+sow-editor+sow-editor+sow-editor+sow-editor+sow-editor+sow-editor+sow-editor+skoda-offset+skoda-offset+sow-editor+sow-editor+sow-editor+sow-editor+sow-editor+sow-editor+sow-editor+sow-editor+sow-editor+sow-editor+sow-editor+sow-editor+skoda-offset+skoda-offset+sow-editor+sow-editor+sow-editor+sow-editor+sow-editor+sow-editor+sow-editor+sow-editor+sow-editor+sow-editor+sow-editor+sow-editor+sow-editor+sow-editor+sow-editor+sow-editor+sow-editor+sow-editor+skoda-offset+skoda-offset+sow-editor+sow-editor,,no
https://www.skoda-storyboard.com/cs/skoda-svet-cs/vision-7s-nejkomplexnejsi-koncept-a-velke-vyzvy/,cs,True,24,12,12,sow-editor+sow-editor+sow-editor+sow-editor+sow-editor+sow-editor+sow-editor+sow-editor+sow-editor+sow-editor+sow-editor+sow-editor,,no
https://www.skoda-storyboard.com/cs/skoda-svet-cs/seznamte-se-sharyaq-a-prediaq/,cs,True,8,2,2,sow-editor+sow-editor,,no
https://www.skoda-storyboard.com/cs/zivotni-styl/poustni-vlk-otestoval-afriq-poslete-ho-na-zavod/,cs,True,13,8,2,skoda-carousel-widget+sow-editor,,no
https://www.skoda-storyboard.com/cs/skoda-svet-cs/komercni-banka-na-ceste-za-uhlikovou-neutralitou/,cs,True,28,10,10,sow-editor+sow-editor+sow-editor+sow-editor+sow-editor+sow-editor+sow-editor+sow-editor+sow-editor+sow-editor,,no
https://www.skoda-storyboard.com/cs/skoda-svet-cs/deti-namalovaly-auta-pro-zdravotni-klauny/,cs,True,18,10,2,skoda-offset+sow-editor,,no
https://www.skoda-storyboard.com/cs/e-mobilita-cs/nebojte-se-nabijeni/,cs,True,39,18,18,sow-editor+sow-editor+sow-editor+sow-editor+sow-editor+sow-editor+sow-editor+sow-editor+skoda-offset+skoda-offset+sow-editor+sow-editor+sow-editor+sow-editor+sow-editor+sow-editor+sow-editor+sow-editor,,no
https://www.skoda-storyboard.com/cs/skoda-svet-cs/nove-lakovani-setri-prirodu-a-zachovava-kvalitu/,cs,True,35,12,16,sow-editor+sow-editor+sow-editor+sow-editor+sow-editor+sow-editor+sow-editor+sow-editor+sow-editor+sow-editor+sow-editor+sow-editor+sow-editor+sow-editor+sow-editor+sow-editor,,no
https://www.skoda-storyboard.com/cs/zivotni-styl/nahoru-a-dolu-slapat-a-rekuperovat/,cs,True,23,16,1,sow-editor,,no
https://www.skoda-storyboard.com/cs/skoda-svet-cs/odvazne-i-tradicni-jak-si-auta-vybiraji-barvy/,cs,True,30,15,16,sow-editor+sow-editor+skoda-offset+skoda-offset+sow-editor+sow-editor+sow-editor+sow-editor+sow-editor+sow-editor+sow-editor+sow-editor+sow-editor+sow-editor+sow-editor+sow-editor,,no
https://www.skoda-storyboard.com/cs/skoda-svet-cs/skoda-octavia-combi-25-let-novodobe-kariery/,cs,True,28,18,12,sow-editor+sow-editor+sow-editor+sow-editor+sow-editor+sow-editor+skoda-offset+skoda-offset+sow-editor+sow-editor+sow-editor+sow-editor,,no
https://www.skoda-storyboard.com/cs/skoda-svet-cs/je-to-uchvatny-zazitek-skoda-classic-tour-ocima-ucastniku/,cs,True,33,21,19,sow-editor+sow-editor+skoda-carousel-widget+skoda-carousel-widget+sow-editor+sow-editor+sow-editor+sow-editor+sow-editor+sow-editor+sow-editor+sow-editor+skoda-carousel-widget+skoda-carousel-widget+skoda-carousel-widget+skoda-carousel-widget+skoda-carousel-widget+skoda-carousel-widget+skoda-carousel-widget,,no
https://www.skoda-storyboard.com/cs/skoda-svet-cs/design-cs/stop-reset-start-tak-se-rodil-design-vision-7s/,cs,True,84,44,48,sow-editor+sow-editor+skoda-offset+skoda-offset+sow-editor+sow-editor+sow-editor+sow-editor+sow-editor+sow-editor+sow-editor+sow-editor+sow-editor+sow-editor+sow-editor+sow-editor+sow-editor+sow-editor+sow-editor+sow-editor+sow-editor+sow-editor+sow-editor+sow-editor+sow-editor+sow-editor+sow-editor+sow-editor+skoda-offset+skoda-offset+sow-editor+sow-editor+sow-editor+sow-editor+sow-editor+sow-editor+sow-editor+sow-editor+skoda-offset+skoda-offset+sow-editor+sow-editor+sow-editor+sow-editor+sow-editor+sow-editor+sow-editor+sow-editor,,no
https://www.skoda-storyboard.com/cs/skoda-svet-cs/je-to-revoluce-ale-nase-zasady-zustavaji/,cs,True,19,6,1,sow-editor,,no
https://www.skoda-storyboard.com/cs/skoda-svet-cs/skoda-vision-7s-ukazuje-budoucnost/,cs,True,35,16,7,sow-editor+sow-editor+skoda-offset+sow-editor+skoda-newsletter-widget+skoda-offset+sow-editor,skoda-newsletter-widget,yes
https://www.skoda-storyboard.com/cs/skoda-svet-cs/skoda-auto-predstavuje-nove-logo-barvy-i-budouci-identitu/,cs,True,41,21,26,sow-editor+sow-editor+sow-editor+sow-editor+sow-editor+sow-editor+sow-editor+sow-editor+sow-editor+sow-editor+sow-editor+sow-editor+skoda-offset+skoda-offset+sow-editor+sow-editor+sow-editor+sow-editor+skoda-offset+skoda-offset+sow-editor+sow-editor+sow-editor+sow-editor+sow-editor+sow-editor,,no
https://www.skoda-storyboard.com/cs/skoda-svet-cs/jak-praha-diky-taxikum-ziskala-punc-velkomesta/,cs,True,23,12,10,sow-editor+sow-editor+sow-editor+sow-editor+sow-editor+sow-editor+skoda-offset+skoda-offset+sow-editor+sow-editor,,no
https://www.skoda-storyboard.com/cs/historicke-vozy-cs/grand-de-luxe-super/,cs,True,18,10,2,skoda-carousel-widget+skoda-offset,,no
https://www.skoda-storyboard.com/cs/skoda-svet-cs/enyaq-iv-dostava-vylepseny-software/,cs,True,33,27,2,sow-editor+skoda-offset,,no
https://www.skoda-storyboard.com/cs/e-mobilita-cs/vyznejte-se-v-nabijeni-elektromobilu/,cs,True,34,16,1,ys-so-widget-k2tools-charge-map,ys-so-widget-k2tools-charge-map,yes
https://www.skoda-storyboard.com/cs/skoda-svet-cs/prichazi-doba-bezklicova/,cs,True,38,27,1,skoda-carousel-widget,,no
https://www.skoda-storyboard.com/cs/skoda-svet-cs/protrepat-a-poslouchat/,cs,True,8,2,1,skoda-carousel-widget,,no
https://www.skoda-storyboard.com/cs/skoda-svet-cs/vozy-z-mlade-boleslavi-se-hlasi-do-sluzby/,cs,True,18,10,6,sow-editor+sow-editor+sow-editor+sow-editor+sow-editor+sow-editor,,no
https://www.skoda-storyboard.com/cs/e-mobilita-cs/jak-se-meri-dojezd-elektromobilu/,cs,True,28,19,1,sow-editor,,no
https://www.skoda-storyboard.com/cs/skoda-svet-cs/skryte-tvare-designu-napad-dobry-ale-pujde-to-vyrobit/,cs,True,18,6,15,sow-editor+sow-editor+sow-editor+sow-editor+sow-editor+sow-editor+skoda-carousel-widget+skoda-carousel-widget+skoda-carousel-widget+skoda-carousel-widget+skoda-carousel-widget+skoda-carousel-widget+skoda-carousel-widget+skoda-carousel-widget+skoda-carousel-widget,,no
https://www.skoda-storyboard.com/cs/zivotni-styl/zeny-na-tour-de-france-oslavi-serie-nft-plakatu/,cs,True,44,32,5,sow-editor+sow-editor+skoda-carousel-widget+skoda-offset+skoda-offset,,no
https://www.skoda-storyboard.com/cs/skoda-svet-cs/peclive-proverena-elektronika/,cs,True,35,20,4,sow-editor+skoda-carousel-widget+sow-editor+skoda-quote,,no
https://www.skoda-storyboard.com/cs/zivotni-styl/narocna-nejen-pro-zavodniky-tour-proveri-i-ridice-aut/,cs,True,68,48,50,sow-editor+sow-editor+sow-editor+sow-editor+sow-editor+sow-editor+skoda-offset+skoda-offset+sow-editor+sow-editor+sow-editor+sow-editor+sow-editor+sow-editor+skoda-offset+skoda-offset+sow-editor+sow-editor+sow-editor+sow-editor+sow-editor+sow-editor+sow-editor+sow-editor+skoda-offset+skoda-offset+sow-editor+sow-editor+sow-editor+sow-editor+sow-editor+sow-editor+skoda-offset+skoda-offset+sow-editor+sow-editor+sow-editor+sow-editor+sow-editor+sow-editor+sow-editor+sow-editor+skoda-offset+skoda-offset+sow-editor+sow-editor+sow-editor+sow-editor+sow-editor+sow-editor,,no
https://www.skoda-storyboard.com/cs/skoda-svet-cs/jak-firma-laurin-klement-vyrabela-auta-i-ridice/,cs,True,28,18,12,sow-editor+sow-editor+sow-editor+sow-editor+sow-editor+sow-editor+skoda-offset+skoda-offset+sow-editor+sow-editor+sow-editor+sow-editor,,no
https://www.skoda-storyboard.com/cs/skoda-svet-cs/monte-carlo-v-monte-carlu/,cs,True,8,2,1,sow-editor,,no
https://www.skoda-storyboard.com/cs/skoda-svet-cs/krasny-navrat-do-le-mans/,cs,True,28,19,21,sow-editor+sow-editor+sow-editor+sow-editor+skoda-offset+skoda-offset+sow-editor+sow-editor+sow-editor+sow-editor+skoda-carousel-widget+skoda-carousel-widget+sow-editor+sow-editor+skoda-carousel-widget+skoda-carousel-widget+skoda-carousel-widget+skoda-carousel-widget+skoda-carousel-widget+skoda-carousel-widget+skoda-carousel-widget,,no
https://www.skoda-storyboard.com/cs/skoda-svet-cs/za-odpocinkem-bezpecne-na-co-myslet/,cs,True,19,10,5,sow-editor+sow-editor+sow-editor+sow-editor+sow-editor,,no
https://www.skoda-storyboard.com/cs/skoda-svet-cs/klaus-zellmer-prevzal-klicky-od-auta-i-rizeni-skoda-auto/,cs,True,13,8,1,sow-editor,,no
https://www.skoda-storyboard.com/cs/skoda-svet-cs/monte-carlo-modely-okorenene-sportem/,cs,True,54,30,2,sow-editor+skoda-carousel-widget,,no
https://www.skoda-storyboard.com/cs/e-mobilita-cs/skoda-enyaq-coupe-iv-si-vas-ziska-za-60-sekund/,cs,True,8,2,3,skoda-carousel-widget+sow-editor+skoda-carousel-widget,,no
https://www.skoda-storyboard.com/cs/skoda-svet-cs/inovace-a-technologie/jak-se-ladi-auto-na-hudbu-i-na-telefonovani/,cs,True,44,30,1,skoda-quote,,no
https://www.skoda-storyboard.com/cs/skoda-svet-cs/misto-pocitacu-ucim-abecedu-rika-ukrajinska-ucitelka/,cs,True,28,18,1,skoda-carousel-widget,,no
https://www.skoda-storyboard.com/cs/zivotni-styl/motorsport-cs/zive-nova-skoda-fabia-rs-rally2-se-predstavuje/,cs,True,28,18,1,skoda-carousel-widget,,no
https://www.skoda-storyboard.com/cs/e-mobilita-cs/muj-enyaq-iv-lide-resi-jen-dojezd-ne-vyhody-elektroauta/,cs,True,28,18,3,sow-editor+ys-so-widget-k2tools-charge-map+skoda-offset,ys-so-widget-k2tools-charge-map,yes
https://www.skoda-storyboard.com/cs/skoda-svet-cs/dedictvi-cs/50-let-crash-testu-vozu-skoda/,cs,True,28,14,12,sow-editor+sow-editor+sow-editor+sow-editor+sow-editor+sow-editor+skoda-offset+skoda-offset+sow-editor+sow-editor+sow-editor+sow-editor,,no
https://www.skoda-storyboard.com/cs/zivotni-styl/sport-cs/cyklistika-cs/enyaq-iv-na-sahare-uspesne-zvladl-titan-desert/,cs,True,46,32,31,sow-editor+sow-editor+sow-editor+sow-editor+sow-editor+sow-editor+sow-editor+sow-editor+sow-editor+sow-editor+sow-editor+sow-editor+skoda-carousel-widget+skoda-carousel-widget+sow-editor+sow-editor+sow-editor+sow-editor+sow-editor+sow-editor+sow-editor+sow-editor+sow-editor+sow-editor+skoda-carousel-widget+skoda-carousel-widget+skoda-carousel-widget+skoda-carousel-widget+skoda-carousel-widget+skoda-carousel-widget+skoda-carousel-widget,,no
https://www.skoda-storyboard.com/cs/skoda-svet-cs/inovace-a-technologie/stejna-i-uplne-jina-seriova-vs-rallyova-fabia/,cs,True,13,6,4,sow-editor+sow-editor+sow-editor+sow-editor,,no
https://www.skoda-storyboard.com/cs/modely-cs/jak-bezpecne-ziskat-pet-hvezd-euro-ncap/,cs,True,57,40,1,skoda-offset,,no
https://www.skoda-storyboard.com/cs/zivotni-styl/sport-cs/hokej-cs/favorit-jel-na-hokej-kamera-nahledla-do-zakulisi/,cs,True,39,17,2,sow-editor+skoda-offset,,no
https://www.skoda-storyboard.com/cs/skoda-svet-cs/skoda-afriq-zakovsky-special-pro-dakar/,cs,True,28,14,5,sow-editor+skoda-carousel-widget+skoda-carousel-widget+sow-editor+skoda-carousel-widget,,no
https://www.skoda-storyboard.com/cs/zivotni-styl/budte-svi-nova-fabia-vam-k-tomu-da-prostor/,cs,True,35,28,2,sow-editor+sow-editor,,no
https://www.skoda-storyboard.com/cs/e-mobilita-cs/nez-elektromobil-poprve-nastartuje/,cs,True,30,10,16,sow-editor+sow-editor+sow-editor+sow-editor+skoda-offset+skoda-offset+sow-editor+sow-editor+sow-editor+sow-editor+sow-editor+sow-editor+sow-editor+sow-editor+sow-editor+sow-editor,,no
https://www.skoda-storyboard.com/cs/zivotni-styl/motorsport-cs/vyvoj-zavodniho-vozu-pro-jezdce-drina-i-zabava/,cs,True,57,20,34,sow-editor+sow-editor+sow-editor+sow-editor+sow-editor+sow-editor+skoda-offset+skoda-offset+sow-editor+sow-editor+sow-editor+sow-editor+sow-editor+sow-editor+sow-editor+sow-editor+sow-editor+sow-editor+sow-editor+sow-editor+skoda-offset+skoda-offset+sow-editor+sow-editor+sow-editor+sow-editor+sow-editor+sow-editor+skoda-offset+skoda-offset+sow-editor+sow-editor+sow-editor+sow-editor,,no
https://www.skoda-storyboard.com/cs/skoda-svet-cs/skoda-slavia-ocima-sefdesignera-olivera-stefaniho/,cs,True,8,2,3,sow-editor+skoda-carousel-widget+sow-editor,,no
https://www.skoda-storyboard.com/cs/zivotni-styl/sport-cs/hokej-cs/skoda-auto-a-hokejovy-sampionat-30-let-spolu/,cs,True,19,10,3,skoda-carousel-widget+sow-editor+sow-editor,,no
https://www.skoda-storyboard.com/cs/zivotni-styl/cesta-za-pyreneje-asturie-to-jsou-plaze-i-horske-stity/,cs,True,33,24,16,sow-editor+sow-editor+sow-editor+sow-editor+skoda-offset+skoda-offset+sow-editor+sow-editor+sow-editor+sow-editor+skoda-offset+skoda-offset+sow-editor+sow-editor+sow-editor+sow-editor,,no
https://www.skoda-storyboard.com/cs/skoda-svet-cs/jak-ukrajinska-tovarna-na-auta-pomaha-lidem-ve-valce/,cs,True,44,23,22,sow-editor+sow-editor+sow-editor+sow-editor+sow-editor+sow-editor+skoda-offset+skoda-offset+sow-editor+sow-editor+sow-editor+sow-editor+sow-editor+sow-editor+sow-editor+sow-editor+skoda-offset+skoda-offset+sow-editor+sow-editor+sow-editor+sow-editor,,no
https://www.skoda-storyboard.com/cs/historicke-vozy-cs/7-castles-trial-2022-krasna-auta-v-malebne-krajine/,cs,True,63,32,28,sow-editor+sow-editor+sow-editor+sow-editor+sow-editor+sow-editor+sow-editor+sow-editor+sow-editor+sow-editor+sow-editor+sow-editor+skoda-offset+skoda-offset+sow-editor+sow-editor+sow-editor+sow-editor+sow-editor+sow-editor+sow-editor+sow-editor+skoda-offset+skoda-offset+sow-editor+sow-editor+sow-editor+sow-editor,,no
https://www.skoda-storyboard.com/cs/skoda-svet-cs/pandemie-cipy-valka-vyzvy-i-pro-skoda-auto/,cs,True,29,11,1,skoda-quote,,no
https://www.skoda-storyboard.com/cs/historicke-vozy-cs/skoda-garde-pred-40-lety-zamirila-do-bratislavy/,cs,True,28,18,3,skoda-offset+sow-editor+skoda-carousel-widget,,no
https://www.skoda-storyboard.com/cs/modely-cs/enyaq-cs/jak-nase-skoda-enyaq-iv-potkala-more/,cs,True,52,34,3,ys-so-widget-k2tools-charge-map+skoda-offset+sow-editor,ys-so-widget-k2tools-charge-map,yes
https://www.skoda-storyboard.com/cs/skoda-svet-cs/odpovednost-cs/project1hour-zivotnimu-prostredi-muze-pomoci-kazdy/,cs,True,13,9,1,sow-editor,,no
https://www.skoda-storyboard.com/cs/modely-cs/karoq-cs/nova-skoda-karoq-si-vas-ziska-za-60-sekund/,cs,True,18,6,1,sow-editor,,no
https://www.skoda-storyboard.com/cs/skoda-svet-cs/skryte-tvare-designu-aby-auto-vubec-vzniklo/,cs,True,13,8,1,sow-editor,,no
https://www.skoda-storyboard.com/cs/zivotni-styl/jak-dokonale-vyfotit-auto-ridte-se-radami-profesionalky/,cs,True,34,20,4,sow-editor+sow-editor+sow-editor+sow-editor,,no
https://www.skoda-storyboard.com/cs/zivotni-styl/fabia-na-vlastni-kuzi-chytra-bezpecna-funky/,cs,True,23,17,3,sow-editor+sow-editor+skoda-carousel-widget,,no
https://www.skoda-storyboard.com/cs/skoda-svet-cs/inovace-a-technologie/jak-se-brzdy-uci-brzdit/,cs,True,55,32,34,sow-editor+sow-editor+sow-editor+sow-editor+sow-editor+sow-editor+sow-editor+sow-editor+sow-editor+sow-editor+skoda-offset+skoda-offset+sow-editor+sow-editor+sow-editor+sow-editor+skoda-offset+skoda-offset+sow-editor+sow-editor+sow-editor+sow-editor+sow-editor+sow-editor+skoda-offset+skoda-offset+sow-editor+sow-editor+sow-editor+sow-editor+skoda-offset+skoda-offset+sow-editor+sow-editor,,no
https://www.skoda-storyboard.com/cs/e-mobilita-cs/cesta-za-pyreneje-krajem-kde-se-rodi-portske/,cs,True,23,16,1,skoda-offset,,no
https://www.skoda-storyboard.com/cs/e-mobilita-cs/muj-enyaq-iv-dojezd-vubec-zadny-problem/,cs,True,18,10,5,sow-editor+ys-so-widget-k2tools-charge-map+skoda-offset+sow-editor+skoda-carousel-widget,ys-so-widget-k2tools-charge-map,yes
https://www.skoda-storyboard.com/cs/skoda-svet-cs/budoucnost-modern-solid/,cs,True,30,10,16,sow-editor+sow-editor+sow-editor+sow-editor+skoda-offset+skoda-offset+sow-editor+sow-editor+sow-editor+sow-editor+sow-editor+sow-editor+sow-editor+sow-editor+sow-editor+sow-editor,,no
https://www.skoda-storyboard.com/cs/skoda-svet-cs/dedictvi-cs/nahlednete-do-depozitare-unikatnich-vozu/,cs,True,23,17,1,skoda-carousel-widget,,no
https://www.skoda-storyboard.com/cs/modely-cs/enyaq-cs/kviz-enyaq-iv-v-cele-pelotonu-na-tour-de-france/,cs,True,16,9,4,sow-editor+sow-editor+sow-editor+sow-editor,,no
https://www.skoda-storyboard.com/cs/media-cs/vyrocni-zpravy-cs/zive-vyrocni-tiskova-konference-skoda-auto-2/,cs,True,8,3,1,sow-editor,,no
https://www.skoda-storyboard.com/cs/skoda-svet-cs/skryte-tvare-designu-preprava-tajnych-unikatu/,cs,True,35,18,16,sow-editor+sow-editor+sow-editor+sow-editor+sow-editor+sow-editor+sow-editor+sow-editor+sow-editor+sow-editor+sow-editor+sow-editor+sow-editor+sow-editor+sow-editor+sow-editor,,no
https://www.skoda-storyboard.com/cs/zivotni-styl/cesta-za-pyreneje-z-romantickeho-palace-do-surfarskeho-raje/,cs,True,45,28,26,sow-editor+sow-editor+sow-editor+sow-editor+skoda-offset+skoda-offset+sow-editor+sow-editor+sow-editor+sow-editor+sow-editor+sow-editor+sow-editor+sow-editor+skoda-offset+skoda-offset+sow-editor+sow-editor+sow-editor+sow-editor+sow-editor+sow-editor+skoda-offset+skoda-offset+sow-editor+sow-editor,,no
https://www.skoda-storyboard.com/cs/zivotni-styl/motorsport-cs/proverka-v-zemi-snehu-a-ledu/,cs,True,24,20,2,skoda-carousel-widget+sow-editor,,no
https://www.skoda-storyboard.com/cs/modely-cs/fabia-cs/nova-fabia-monte-carlo-tradice-pokracuje/,cs,True,19,6,3,sow-editor+skoda-carousel-widget+sow-editor,,no
https://www.skoda-storyboard.com/cs/e-mobilita-cs/muj-enyaq-iv-kde-se-objevi-budi-pozornost/,cs,True,13,8,8,sow-editor+skoda-carousel-widget+skoda-quote+sow-editor+ys-so-widget-k2tools-charge-map+skoda-offset+sow-editor+skoda-carousel-widget,ys-so-widget-k2tools-charge-map,yes
https://www.skoda-storyboard.com/cs/skoda-svet-cs/dedictvi-cs/skoda-1100-ohc-coupe-navrat-ve-velkem-stylu/,cs,True,23,17,4,sow-editor+skoda-carousel-widget+sow-editor+sow-editor,,no
https://www.skoda-storyboard.com/cs/skoda-svet-cs/jela-tudy-i-vase-skoda-prozkoumejte-zkusebni-polygon-kvality/,cs,True,8,2,1,sow-editor,,no
https://www.skoda-storyboard.com/cs/modely-cs/enyaq-cs/nova-skoda-enyaq-coupe-rs-iv/,cs,True,35,15,5,sow-editor+skoda-carousel-widget+sow-editor+skoda-carousel-widget+sow-editor,,no
https://www.skoda-storyboard.com/cs/historicke-vozy-cs/360-prohlidka-uvnitr-legendy-ktera-zvitezila-v-monte-carlu/,cs,True,13,8,6,sow-editor+sow-editor+sow-editor+sow-editor+sow-editor+sow-editor,,no
https://www.skoda-storyboard.com/cs/skoda-svet-cs/inovace-a-technologie/tady-auto-jak-me-slysite/,cs,True,38,26,22,sow-editor+sow-editor+sow-editor+sow-editor+sow-editor+sow-editor+skoda-offset+skoda-offset+sow-editor+sow-editor+sow-editor+sow-editor+skoda-offset+skoda-offset+sow-editor+sow-editor+sow-editor+sow-editor+skoda-offset+skoda-offset+sow-editor+sow-editor,,no
https://www.skoda-storyboard.com/cs/zivotni-styl/neskutecna-dobrodruzstvi-danskeho-semika/,cs,True,49,23,22,sow-editor+sow-editor+sow-editor+sow-editor+sow-editor+sow-editor+sow-editor+sow-editor+sow-editor+sow-editor+sow-editor+sow-editor+skoda-offset+skoda-offset+sow-editor+sow-editor+sow-editor+sow-editor+sow-editor+sow-editor+sow-editor+sow-editor,,no
https://www.skoda-storyboard.com/cs/modely-cs/enyaq-cs/muj-enyaq-iv-elektriny-uz-se-nevzdam/,cs,True,8,2,5,ys-so-widget-k2tools-charge-map+skoda-offset+sow-editor+ys-so-widget-k2tools-charging-calculator+skoda-offset,ys-so-widget-k2tools-charge-map;ys-so-widget-k2tools-charging-calculator,yes
https://www.skoda-storyboard.com/cs/skoda-svet-cs/chytra-technika-zajisti-aby-se-vyrobni-linka-nezastavila/,cs,True,23,12,1,skoda-offset,,no
https://www.skoda-storyboard.com/cs/modely-cs/enyaq-cs/enyaq-coupe-iv-na-prvnich-skicach-elegance-s-tradici/,cs,True,13,4,4,sow-editor+sow-editor+sow-editor+sow-editor,,no
https://www.skoda-storyboard.com/cs/skoda-svet-cs/inovace-a-technologie/svetla-pasy-radio-abs-kde-vsude-jsou-v-aute-cipy/,cs,True,8,2,2,skoda-carousel-widget+sow-editor,,no
https://www.skoda-storyboard.com/cs/e-mobilita-cs/emobilita-a-servis-mene-starosti-pro-ridice/,cs,True,35,25,1,sow-editor,,no
https://www.skoda-storyboard.com/cs/skoda-svet-cs/design-cs/skryte-tvare-designu-automobilovi-sochari/,cs,True,13,8,1,sow-editor,,no
https://www.skoda-storyboard.com/cs/skoda-svet-cs/skoda-storyboard-v-roce-2021-nove-moznosti/,cs,True,13,5,3,skoda-carousel-widget+sow-editor+skoda-carousel-widget,,no
https://www.skoda-storyboard.com/cs/skoda-svet-cs/skoda-storyboard-v-roce-2021-silne-pribehy/,cs,True,13,5,1,sow-editor,,no
https://www.skoda-storyboard.com/cs/zivotni-styl/motorsport-cs/120-let-skoda-motorsport/kviz-mate-historii-skoda-motorsportu-v-krvi/,cs,True,16,10,2,sow-editor+sow-editor,,no
https://www.skoda-storyboard.com/cs/e-mobilita-cs/8-tipu-pro-co-nejlepsi-zimni-vykon-baterie-elektroaut/,cs,True,8,2,4,sow-editor+sow-editor+sow-editor+sow-editor,,no
https://www.skoda-storyboard.com/cs/modely-cs/enyaq-cs/skoda-enyaq-coupe-iv-mistr-aerodynamiky/,cs,True,8,2,1,sow-editor,,no
https://www.skoda-storyboard.com/cs/koncepty-cs/tvurce-slavnych-prototypu/,cs,True,29,14,23,sow-editor+sow-editor+sow-editor+sow-editor+sow-editor+sow-editor+sow-editor+sow-editor+skoda-carousel-widget+skoda-carousel-widget+sow-editor+sow-editor+skoda-offset+skoda-offset+sow-editor+sow-editor+skoda-carousel-widget+skoda-carousel-widget+skoda-carousel-widget+skoda-carousel-widget+skoda-carousel-widget+skoda-carousel-widget+skoda-carousel-widget,,no
https://www.skoda-storyboard.com/cs/skoda-svet-cs/skryte-tvare-designu-modelari-v-dobe-digitalni/,cs,True,13,8,4,sow-editor+skoda-carousel-widget+sow-editor+skoda-carousel-widget,,no
https://www.skoda-storyboard.com/cs/zivotni-styl/vanocni-inspirace-s-logem-skoda/,cs,True,13,5,4,sow-editor+sow-editor+sow-editor+sow-editor,,no
https://www.skoda-storyboard.com/cs/modely-cs/karoq-cs/nova-skoda-karoq-se-predstavuje-sledujte-digitalni-prezentaci/,cs,True,28,13,2,skoda-carousel-widget+skoda-carousel-widget,,no
https://www.skoda-storyboard.com/cs/e-mobilita-cs/muj-enyaq-iv-vylety-na-jedno-nabiti/,cs,True,8,2,6,skoda-quote+sow-editor+skoda-carousel-widget+sow-editor+skoda-quote+sow-editor,,no
https://www.skoda-storyboard.com/cs/modely-cs/karoq-cs/videoochutnavka-nova-skoda-karoq-v-akci/,cs,True,8,5,2,sow-editor+sow-editor,,no
https://www.skoda-storyboard.com/cs/modely-cs/slavia/sledujte-premieru-modelu-skoda-slavia/,cs,True,23,11,2,skoda-carousel-widget+sow-editor,,no
https://www.skoda-storyboard.com/cs/modely-cs/karoq-cs/nova-skoda-karoq-na-prvnich-skicach/,cs,True,20,6,10,sow-editor+sow-editor+sow-editor+sow-editor+sow-editor+sow-editor+sow-editor+sow-editor+sow-editor+sow-editor,,no
https://www.skoda-storyboard.com/cs/skoda-svet-cs/s-koupi-ojetiny-byste-meli-automaticky-myslet-na-servis/,cs,True,30,14,1,sow-editor,,no
https://www.skoda-storyboard.com/cs/zivotni-styl/motorsport-cs/poslechnete-si-slavnou-historii-i-soucasnost-skoda-motorsport/,cs,True,13,4,4,sow-editor+sow-editor+sow-editor+sow-editor,,no
https://www.skoda-storyboard.com/cs/skoda-svet-cs/skryte-tvare-designu-svetla-jako-designovy-sperk/,cs,True,33,16,21,sow-editor+sow-editor+sow-editor+sow-editor+sow-editor+sow-editor+sow-editor+sow-editor+sow-editor+sow-editor+sow-editor+sow-editor+skoda-carousel-widget+skoda-carousel-widget+skoda-carousel-widget+skoda-carousel-widget+skoda-carousel-widget+skoda-carousel-widget+skoda-carousel-widget+skoda-carousel-widget+skoda-carousel-widget,,no
https://www.skoda-storyboard.com/cs/skoda-svet-cs/uz-mate-vhodne-obuti-na-zimu/,cs,True,24,13,2,sow-editor+sow-editor,,no
https://www.skoda-storyboard.com/cs/skoda-svet-cs/na-zimu-se-musi-pripravit-auto-i-ridic-retezy-natrenujte/,cs,True,55,23,1,skoda-offset,,no
https://www.skoda-storyboard.com/cs/modely-cs/slavia/sedan-pro-indii-skoda-slavia-na-prvnich-skicach/,cs,True,24,9,12,sow-editor+sow-editor+sow-editor+sow-editor+sow-editor+sow-editor+sow-editor+sow-editor+sow-editor+sow-editor+sow-editor+sow-editor,,no
https://www.skoda-storyboard.com/cs/skoda-svet-cs/dedictvi-cs/pribehy-fotografii-tudor-zdolava-alpske-prusmyky/,cs,True,13,9,4,sow-editor+sow-editor+sow-editor+sow-editor,,no
https://www.skoda-storyboard.com/cs/skoda-svet-cs/inovace-a-technologie/5-pomocniku-pro-parkovani-bez-nervu/,cs,True,13,8,4,sow-editor+sow-editor+sow-editor+sow-editor,,no
https://www.skoda-storyboard.com/cs/koncepty-cs/zakovsky-vuz-pro-poustni-rallye/,cs,True,19,8,21,sow-editor+sow-editor+sow-editor+sow-editor+sow-editor+sow-editor+skoda-offset+skoda-offset+sow-editor+sow-editor+sow-editor+sow-editor+skoda-carousel-widget+skoda-carousel-widget+skoda-carousel-widget+skoda-carousel-widget+skoda-carousel-widget+skoda-carousel-widget+skoda-carousel-widget+skoda-carousel-widget+skoda-carousel-widget,,no
https://www.skoda-storyboard.com/cs/skoda-svet-cs/design-cs/ikony-v-novem-kabate-sportovni-legenda-pro-21-stoleti/,cs,True,25,16,1,sow-editor,,no
https://www.skoda-storyboard.com/cs/e-mobilita-cs/na-navsteve-ve-vyvoji-emobility/,cs,True,87,35,2,sow-editor+skoda-offset,,no
https://www.skoda-storyboard.com/cs/skoda-svet-cs/kazde-ctvrte-auto-z-dovozu-je-bourane-oficialne-jen-kazde-desate/,cs,True,29,13,1,skoda-offset,,no
https://www.skoda-storyboard.com/cs/zivotni-styl/motorsport-cs/120-let-skoda-motorsport/vystava-ve-znameni-rychlosti-a-vitezstvi/,cs,True,18,10,2,sow-editor+skoda-carousel-widget,,no
https://www.skoda-storyboard.com/cs/skoda-svet-cs/skryte-tvare-designu-zaridi-auto-jako-domov/,cs,True,23,12,1,skoda-carousel-widget,,no
https://www.skoda-storyboard.com/cs/skoda-svet-cs/nejcistsi-je-energie-ktera-se-nemusi-vyrobit/,cs,True,13,8,3,skoda-offset+sow-editor+sow-editor,,no
https://www.skoda-storyboard.com/cs/modely-cs/fabia-cs/nova-skoda-fabia-si-vas-ziska-za-60-sekund/,cs,True,8,2,4,sow-editor+sow-editor+sow-editor+sow-editor,,no
https://www.skoda-storyboard.com/cs/modely-cs/superb-cs/skoda-superb-20-let-luxusni-jizdy/,cs,True,23,17,2,sow-editor+skoda-carousel-widget,,no
https://www.skoda-storyboard.com/cs/historicke-vozy-cs/bude-mit-trekka-svou-lego-stavebnici-hlasujte/,cs,True,19,14,2,sow-editor+sow-editor,,no
https://www.skoda-storyboard.com/cs/modely-cs/kodiaq-cs/kodiaq-s-vrtulnikem-na-strese/,cs,True,19,6,10,sow-editor+sow-editor+sow-editor+sow-editor+sow-editor+sow-editor+sow-editor+sow-editor+sow-editor+sow-editor,,no
https://www.skoda-storyboard.com/cs/modely-cs/enyaq-cs/hlasime-se-zive-z-vozu-skoda-enyaq-iv/,cs,True,19,6,1,sow-editor,,no
https://www.skoda-storyboard.com/cs/skoda-svet-cs/inovace-a-technologie/suroviny-v-kolobehu/,cs,True,49,35,22,sow-editor+sow-editor+sow-editor+sow-editor+skoda-offset+skoda-offset+sow-editor+sow-editor+sow-editor+sow-editor+skoda-offset+skoda-offset+skoda-quote+skoda-quote+sow-editor+sow-editor+sow-editor+sow-editor+sow-editor+sow-editor+sow-editor+sow-editor,,no
https://www.skoda-storyboard.com/cs/skoda-svet-cs/inovace-a-technologie/tlumic-ten-tezky-zivot-ma/,cs,True,44,24,26,sow-editor+sow-editor+sow-editor+sow-editor+sow-editor+sow-editor+sow-editor+sow-editor+skoda-offset+skoda-offset+sow-editor+sow-editor+sow-editor+sow-editor+skoda-offset+skoda-offset+sow-editor+sow-editor+sow-editor+sow-editor+sow-editor+sow-editor+skoda-offset+skoda-offset+sow-editor+sow-editor,,no
https://www.skoda-storyboard.com/cs/skoda-svet-cs/jen-autoskola-nestaci-mladi-ridici-potrebuji-jezdit/,cs,True,55,34,3,sow-editor+sow-editor+skoda-offset,,no
https://www.skoda-storyboard.com/cs/historicke-vozy-cs/skoda-classic-tour-s-laskou-k-veteranum-v-srdci/,cs,True,13,4,1,sow-editor,,no
https://www.skoda-storyboard.com/cs/modely-cs/enyaq-cs/skoda-enyaq-coupe-iv-co-skryva-pod-kamuflazi/,cs,True,13,4,1,skoda-carousel-widget,,no
https://www.skoda-storyboard.com/cs/modely-cs/octavia-cs/skoda-octavia-25-let-na-vrcholu/,cs,True,23,8,1,skoda-carousel-widget,,no
https://www.skoda-storyboard.com/cs/modely-cs/fabia-cs/nova-skoda-fabia-co-o-ni-rikaji-jeji-spolutvurci/,cs,True,38,26,5,skoda-carousel-widget+sow-editor+sow-editor+sow-editor+sow-editor,,no
https://www.skoda-storyboard.com/cs/zivotni-styl/motorsport-cs/sachsen-classic-v-mlade-boleslavi/,cs,True,8,2,3,skoda-carousel-widget+sow-editor+skoda-carousel-widget,,no
https://www.skoda-storyboard.com/cs/skoda-svet-cs/inovace-a-technologie/objednejte-si-balicek-rovnou-do-auta/,cs,True,45,24,22,sow-editor+sow-editor+sow-editor+sow-editor+skoda-offset+skoda-offset+sow-editor+sow-editor+sow-editor+sow-editor+sow-editor+sow-editor+sow-editor+sow-editor+sow-editor+sow-editor+sow-editor+sow-editor+sow-editor+sow-editor+sow-editor+sow-editor,,no
https://www.skoda-storyboard.com/cs/skoda-svet-cs/design-cs/ikony-v-novem-kabate-upirsky-ferat-znovu-oziva/,cs,True,30,18,20,sow-editor+sow-editor+sow-editor+sow-editor+sow-editor+sow-editor+skoda-offset+skoda-offset+sow-editor+sow-editor+skoda-offset+skoda-offset+sow-editor+sow-editor+sow-editor+sow-editor+skoda-offset+skoda-offset+sow-editor+sow-editor,,no
https://www.skoda-storyboard.com/cs/skoda-svet-cs/dedictvi-cs/pribehy-fotografii-pravnik-za-volantem-zavodniho-unikatu/,cs,True,13,8,4,sow-editor+sow-editor+sow-editor+sow-editor,,no
https://www.skoda-storyboard.com/cs/skoda-svet-cs/vozy-skoda-v-policejnich-barvach/,cs,True,98,38,2,skoda-carousel-widget+skoda-carousel-widget,,no
https://www.skoda-storyboard.com/cs/modely-cs/kushaq-modely-cs/skoda-kushaq-ocima-sefdesignera-olivera-stefaniho/,cs,True,8,2,2,sow-editor+skoda-carousel-widget,,no
https://www.skoda-storyboard.com/cs/historicke-vozy-cs/historicka-chvile-v-mlade-boleslavi-vznikl-prvni-vozik/,cs,True,45,30,33,sow-editor+sow-editor+sow-editor+sow-editor+sow-editor+sow-editor+sow-editor+sow-editor+sow-editor+sow-editor+skoda-offset+skoda-offset+sow-editor+sow-editor+skoda-carousel-widget+skoda-carousel-widget+sow-editor+sow-editor+skoda-offset+skoda-offset+sow-editor+sow-editor+sow-editor+sow-editor+sow-editor+sow-editor+skoda-carousel-widget+skoda-carousel-widget+skoda-carousel-widget+skoda-carousel-widget+skoda-carousel-widget+skoda-carousel-widget+skoda-carousel-widget,,no
https://www.skoda-storyboard.com/cs/skoda-svet-cs/design-cs/skryte-tvare-designu-zaridi-abyste-si-s-autem-rozumeli/,cs,True,66,58,1,skoda-carousel-widget,,no
https://www.skoda-storyboard.com/cs/skoda-svet-cs/odpovednost-cs/skoda-enyaq-iv-s-uhlikove-neutralni-bilanci/,cs,True,28,20,1,sow-editor,,no
https://www.skoda-storyboard.com/cs/skoda-svet-cs/aby-naklad-nebyl-hrozbou/,cs,True,56,25,30,sow-editor+sow-editor+sow-editor+sow-editor+skoda-offset+skoda-offset+sow-editor+sow-editor+sow-editor+sow-editor+sow-editor+sow-editor+sow-editor+sow-editor+sow-editor+sow-editor+sow-editor+sow-editor+sow-editor+sow-editor+skoda-offset+skoda-offset+sow-editor+sow-editor+sow-editor+sow-editor+sow-editor+sow-editor+sow-editor+sow-editor,,no
https://www.skoda-storyboard.com/cs/skoda-svet-cs/dedictvi-cs/pribehy-fotografii-cestujici-kovar-kralem-dourdanu/,cs,True,13,9,4,sow-editor+sow-editor+sow-editor+sow-editor,,no
https://www.skoda-storyboard.com/cs/skoda-svet-cs/design-cs/udrzitelne-materialy-nejen-pro-interier-vozu-skoda/,cs,True,69,25,2,skoda-carousel-widget+sow-editor,,no
https://www.skoda-storyboard.com/cs/zivotni-styl/motorsport-cs/elektricka-premiera-v-rallye/,cs,True,48,27,27,sow-editor+sow-editor+sow-editor+sow-editor+sow-editor+sow-editor+sow-editor+sow-editor+skoda-carousel-widget+skoda-carousel-widget+sow-editor+sow-editor+sow-editor+sow-editor+sow-editor+sow-editor+skoda-carousel-widget+skoda-carousel-widget+sow-editor+sow-editor+skoda-carousel-widget+skoda-carousel-widget+skoda-carousel-widget+skoda-carousel-widget+skoda-carousel-widget+skoda-carousel-widget+skoda-carousel-widget,,no
https://www.skoda-storyboard.com/cs/zivotni-styl/lide-cs/veteranem-jezdim-i-na-nakupy-jine-auto-nepotrebuju/,cs,True,43,22,23,sow-editor+sow-editor+sow-editor+sow-editor+sow-editor+sow-editor+skoda-carousel-widget+skoda-carousel-widget+sow-editor+sow-editor+sow-editor+sow-editor+sow-editor+sow-editor+sow-editor+sow-editor+skoda-carousel-widget+skoda-carousel-widget+skoda-carousel-widget+skoda-carousel-widget+skoda-carousel-widget+skoda-carousel-widget+skoda-carousel-widget,,no
https://www.skoda-storyboard.com/cs/skoda-svet-cs/pracujeme-dokud-neni-hotovo/,cs,True,19,15,4,skoda-carousel-widget+sow-editor+skoda-carousel-widget+sow-editor,,no
https://www.skoda-storyboard.com/cs/modely-cs/kodiaq-cs/nova-skoda-kodiaq-si-vas-ziska-za-60-sekund/,cs,True,8,2,1,sow-editor,,no
https://www.skoda-storyboard.com/cs/skoda-svet-cs/jak-se-prodava-digitalne/,cs,True,77,42,38,sow-editor+sow-editor+sow-editor+sow-editor+sow-editor+sow-editor+sow-editor+sow-editor+sow-editor+sow-editor+sow-editor+sow-editor+sow-editor+sow-editor+sow-editor+sow-editor+sow-editor+sow-editor+sow-editor+sow-editor+sow-editor+sow-editor+sow-editor+sow-editor+sow-editor+sow-editor+sow-editor+sow-editor+skoda-offset+skoda-offset+sow-editor+sow-editor+sow-editor+sow-editor+sow-editor+sow-editor+sow-editor+sow-editor,,no
https://www.skoda-storyboard.com/cs/skoda-svet-cs/design-cs/evoiturette-ikona-v-novem-kabate-ozila/,cs,True,61,30,35,sow-editor+sow-editor+sow-editor+sow-editor+sow-editor+sow-editor+sow-editor+sow-editor+skoda-carousel-widget+skoda-carousel-widget+sow-editor+sow-editor+sow-editor+sow-editor+sow-editor+sow-editor+sow-editor+sow-editor+sow-editor+sow-editor+sow-editor+sow-editor+sow-editor+sow-editor+sow-editor+sow-editor+sow-editor+sow-editor+skoda-carousel-widget+skoda-carousel-widget+skoda-carousel-widget+skoda-carousel-widget+skoda-carousel-widget+skoda-carousel-widget+skoda-carousel-widget,,no
https://www.skoda-storyboard.com/cs/zivotni-styl/motorsport-cs/120-let-skoda-motorsport/120-let-za-volantem-zavodnich-legend/,cs,True,13,9,3,sow-editor+sow-editor+skoda-carousel-widget,,no
https://www.skoda-storyboard.com/cs/skoda-svet-cs/bezpecne-na-vsech-sedadlech/,cs,True,45,21,26,sow-editor+sow-editor+skoda-offset+skoda-offset+sow-editor+sow-editor+sow-editor+sow-editor+skoda-offset+skoda-offset+sow-editor+sow-editor+skoda-offset+skoda-offset+sow-editor+sow-editor+sow-editor+sow-editor+sow-editor+sow-editor+sow-editor+sow-editor+sow-editor+sow-editor+sow-editor+sow-editor,,no
https://www.skoda-storyboard.com/cs/skoda-svet-cs/next-level-strategy-2030/,cs,True,8,2,3,skoda-offset+sow-editor+sow-editor,,no
https://www.skoda-storyboard.com/cs/skoda-svet-cs/sedi-se-vam-pohodlne-a-je-to-taky-bezpecne/,cs,True,29,10,14,sow-editor+sow-editor+skoda-offset+skoda-offset+sow-editor+sow-editor+sow-editor+sow-editor+sow-editor+sow-editor+sow-editor+sow-editor+sow-editor+sow-editor,,no
https://www.skoda-storyboard.com/cs/historicke-vozy-cs/prvni-octavia-combi-bezedny-kufr-i-luzkova-uprava/,cs,True,34,21,1,skoda-carousel-widget,,no
https://www.skoda-storyboard.com/cs/skoda-svet-cs/skoda-con-hledani-talentu-uprostred-pandemie/,cs,True,24,13,8,sow-editor+sow-editor+sow-editor+sow-editor+sow-editor+sow-editor+sow-editor+sow-editor,,no
https://www.skoda-storyboard.com/cs/skoda-svet-cs/vozy-skoda-site-na-miru-zakaznikum/,cs,True,23,8,8,sow-editor+sow-editor+sow-editor+sow-editor+sow-editor+sow-editor+sow-editor+sow-editor,,no
https://www.skoda-storyboard.com/cs/skoda-svet-cs/nakupni-a-logisticky-sprint-pro-pomoc-indii/,cs,True,46,16,28,sow-editor+sow-editor+sow-editor+sow-editor+skoda-offset+skoda-offset+sow-editor+sow-editor+sow-editor+sow-editor+sow-editor+sow-editor+skoda-offset+skoda-offset+sow-editor+sow-editor+sow-editor+sow-editor+sow-editor+sow-editor+sow-editor+sow-editor+skoda-offset+skoda-offset+sow-editor+sow-editor+sow-editor+sow-editor,,no
https://www.skoda-storyboard.com/cs/e-mobilita-cs/pres-sto-let-ve-znameni-elektromobility/,cs,True,23,16,1,sow-editor,,no
https://www.skoda-storyboard.com/cs/zivotni-styl/sport-cs/hokej-cs/15-000-maket-hokejovych-fanousku-plni-tribuny-v-rize/,cs,True,50,27,24,sow-editor+sow-editor+sow-editor+sow-editor+sow-editor+sow-editor+sow-editor+sow-editor+sow-editor+sow-editor+skoda-offset+skoda-offset+sow-editor+sow-editor+sow-editor+sow-editor+sow-editor+sow-editor+sow-editor+sow-editor+sow-editor+sow-editor+sow-editor+sow-editor,,no
https://www.skoda-storyboard.com/cs/e-mobilita-cs/nebojte-se-napeti/,cs,True,30,12,21,sow-editor+sow-editor+skoda-offset+skoda-offset+skoda-quote+skoda-quote+sow-editor+sow-editor+sow-editor+sow-editor+k2tools-charge-map+ys-so-widget-k2tools-charge-map+ys-so-widget-k2tools-charge-map+skoda-offset+skoda-offset+skoda-quote+skoda-quote+sow-editor+sow-editor+sow-editor+sow-editor,k2tools-charge-map;ys-so-widget-k2tools-charge-map,yes
https://www.skoda-storyboard.com/cs/modely-cs/kushaq-modely-cs/narocne-indicke-testy-splneno/,cs,True,46,21,1,skoda-offset,,no
https://www.skoda-storyboard.com/cs/skoda-svet-cs/design-cs/kviz-co-to-jede-prede-mnou/,cs,True,16,8,2,sow-editor+sow-editor,,no
https://www.skoda-storyboard.com/cs/za-oponou-cs/za-oponou-jak-se-pripravuje-svetova-premiera/,cs,True,51,23,24,sow-editor+sow-editor+sow-editor+sow-editor+sow-editor+sow-editor+sow-editor+sow-editor+sow-editor+sow-editor+sow-editor+sow-editor+sow-editor+sow-editor+sow-editor+sow-editor+sow-editor+sow-editor+sow-editor+sow-editor+sow-editor+sow-editor+sow-editor+sow-editor,,no
https://www.skoda-storyboard.com/cs/modely-cs/enyaq-cs/nabita-flotila-hokejovych-vozu-skoda-enyaq-iv/,cs,True,46,17,2,skoda-offset+sow-editor,,no
https://www.skoda-storyboard.com/cs/skoda-svet-cs/skoda-auto-a-ceska-filharmonie-pomahaji-hudbou/,cs,True,8,2,4,sow-editor+sow-editor+sow-editor+sow-editor,,no
https://www.skoda-storyboard.com/cs/skoda-svet-cs/design-cs/kdyz-designeri-vezmou-do-ruky-lepici-pasky/,cs,True,19,8,10,sow-editor+sow-editor+sow-editor+sow-editor+skoda-offset+skoda-offset+sow-editor+sow-editor+sow-editor+sow-editor,,no
https://www.skoda-storyboard.com/cs/modely-cs/fabia-cs/nova-skoda-fabia-ocima-designeru/,cs,True,8,2,2,skoda-offset+sow-editor,,no
https://www.skoda-storyboard.com/cs/modely-cs/fabia-cs/nova-skoda-fabia-je-tu-sledujte-jeji-premieru/,cs,True,28,10,2,skoda-carousel-widget+skoda-carousel-widget,,no
https://www.skoda-storyboard.com/cs/modely-cs/fabia-cs/nova-fabia-odhaluje-interier-prosel-velkou-promenou/,cs,True,18,6,6,sow-editor+sow-editor+sow-editor+sow-editor+sow-editor+sow-editor,,no
https://www.skoda-storyboard.com/cs/skoda-svet-cs/davej-pozor-na-kole-v-aute-i-jako-chodec/,cs,True,44,25,5,sow-editor+sow-editor+sow-editor+sow-editor+sow-editor,,no
https://www.skoda-storyboard.com/cs/skoda-svet-cs/odpovednost-cs/project1hour-kazdy-muze-snizit-svou-ekologickou-stopu/,cs,True,89,45,52,sow-editor+sow-editor+sow-editor+sow-editor+sow-editor+sow-editor+sow-editor+sow-editor+sow-editor+sow-editor+sow-editor+sow-editor+sow-editor+sow-editor+sow-editor+sow-editor+sow-editor+sow-editor+sow-editor+sow-editor+skoda-offset+skoda-offset+sow-editor+sow-editor+sow-editor+sow-editor+skoda-offset+skoda-offset+sow-editor+sow-editor+sow-editor+sow-editor+sow-editor+sow-editor+sow-editor+sow-editor+sow-editor+sow-editor+skoda-offset+skoda-offset+sow-editor+sow-editor+sow-editor+sow-editor+sow-editor+sow-editor+skoda-offset+skoda-offset+sow-editor+sow-editor+sow-editor+sow-editor,,no
https://www.skoda-storyboard.com/cs/skoda-svet-cs/design-cs/nova-skoda-fabia-moderne-navazuje-na-tradici/,cs,True,18,6,4,skoda-carousel-widget+sow-editor+skoda-carousel-widget+skoda-carousel-widget,,no
https://www.skoda-storyboard.com/cs/modely-cs/enyaq-cs/vytvarime-budoucnost/,cs,True,57,21,44,sow-editor+sow-editor+skoda-offset+skoda-offset+sow-editor+sow-editor+sow-editor+sow-editor+sow-editor+sow-editor+sow-editor+sow-editor+sow-editor+sow-editor+sow-slider+sow-slider+skoda-offset+skoda-offset+sow-editor+sow-editor+skoda-offset+skoda-offset+sow-editor+sow-editor+sow-slider+sow-slider+skoda-offset+skoda-offset+sow-editor+sow-editor+sow-editor+sow-editor+sow-slider+sow-slider+sow-editor+sow-editor+sow-slider+sow-slider+sow-slider+sow-slider+sow-slider+sow-slider+sow-slider+sow-slider,,no
https://www.skoda-storyboard.com/cs/skoda-svet-cs/skoda-a-volkswagen-tri-dekady-spolecne-jizdy/,cs,True,35,28,2,sow-slider+skoda-offset,,no
https://www.skoda-storyboard.com/cs/modely-cs/kodiaq-cs/omlazena-skoda-kodiaq-sledujte-digitalni-premieru/,cs,True,50,18,1,skoda-carousel-widget,,no
https://www.skoda-storyboard.com/cs/zivotni-styl/motorsport-cs/ken-block-za-volantem-bestie-skoda-fabia-r5/,cs,True,29,15,2,sow-slider+skoda-offset,,no
https://www.skoda-storyboard.com/cs/modely-cs/enyaq-cs/design-vozu-skoda-enyaq-iv-pod-drobnohledem/,cs,True,18,10,6,sow-editor+sow-editor+sow-editor+sow-editor+sow-editor+sow-editor,,no
https://www.skoda-storyboard.com/cs/modely-cs/kodiaq-cs/skoda-kodiaq-vyrazi-za-dalsimi-dobrodruzstvimi/,cs,True,43,16,3,sow-slider+skoda-offset+sow-editor,,no
https://www.skoda-storyboard.com/cs/skoda-svet-cs/skryte-obrazy-vidite-je/,cs,True,46,28,28,sow-editor+sow-editor+sow-editor+sow-editor+sow-editor+sow-editor+sow-editor+sow-editor+skoda-offset+skoda-offset+sow-editor+sow-editor+skoda-offset+skoda-offset+sow-editor+sow-editor+skoda-offset+skoda-offset+sow-editor+sow-editor+sow-editor+sow-editor+sow-editor+sow-editor+skoda-offset+skoda-offset+sow-editor+sow-editor,,no
https://www.skoda-storyboard.com/cs/modely-cs/enyaq-cs/alex-kersten-dukladne-proklepl-suv-skoda-enyaq-iv/,cs,True,18,10,6,sow-editor+sow-editor+sow-editor+sow-editor+sow-editor+sow-editor,,no
https://www.skoda-storyboard.com/cs/modely-cs/enyaq-cs/nova-skoda-enyaq-iv-si-vas-ziska-za-60-sekund/,cs,True,18,10,6,sow-editor+sow-editor+sow-editor+sow-editor+sow-editor+sow-editor,,no
https://www.skoda-storyboard.com/cs/skoda-svet-cs/zive-vyrocni-tiskova-konference-skoda-auto/,cs,True,8,2,4,sow-editor+sow-editor+sow-editor+sow-editor,,no
https://www.skoda-storyboard.com/cs/zivotni-styl/motorsport-cs/120-let-skoda-motorsport/120-let-s-trofejemi-vozu-skoda-ze-svetovych-rallye/,cs,True,129,48,76,sow-editor+sow-editor+sow-editor+sow-editor+sow-editor+sow-editor+skoda-offset+skoda-offset+sow-editor+sow-editor+sow-editor+sow-editor+sow-editor+sow-editor+sow-editor+sow-editor+sow-editor+sow-editor+sow-editor+sow-editor+sow-editor+sow-editor+sow-editor+sow-editor+sow-editor+sow-editor+sow-editor+sow-editor+sow-editor+sow-editor+sow-editor+sow-editor+skoda-offset+skoda-offset+sow-editor+sow-editor+sow-editor+sow-editor+sow-editor+sow-editor+sow-editor+sow-editor+sow-editor+sow-editor+sow-editor+sow-editor+sow-editor+sow-editor+sow-editor+sow-editor+sow-editor+sow-editor+skoda-offset+skoda-offset+sow-editor+sow-editor+sow-editor+sow-editor+sow-editor+sow-editor+sow-editor+sow-editor+sow-editor+sow-editor+sow-editor+sow-editor+skoda-offset+skoda-offset+sow-editor+sow-editor+sow-editor+sow-editor+sow-editor+sow-editor+sow-editor+sow-editor,,no
https://www.skoda-storyboard.com/cs/skoda-svet-cs/inovace-a-technologie/sledujte-premieru-indickeho-suv-skoda-kushaq/,cs,True,38,18,26,sow-editor+sow-editor+sow-editor+sow-editor+sow-slider+sow-slider+sow-editor+sow-editor+sow-editor+sow-editor+sow-editor+sow-editor+sow-editor+sow-editor+skoda-offset+skoda-offset+sow-editor+sow-editor+sow-slider+sow-slider+sow-slider+sow-slider+sow-slider+sow-slider+sow-slider+sow-slider,,no
https://www.skoda-storyboard.com/cs/e-mobilita-cs/skoda-octavia-iv-rekuperuje-ve-stovezate-praze/,cs,True,34,21,2,sow-editor+sow-slider,,no
https://www.skoda-storyboard.com/cs/zivotni-styl/motorsport-cs/zavodni-legendy-na-snehu-a-ledu/,cs,True,41,14,24,sow-editor+sow-editor+skoda-offset+skoda-offset+sow-editor+sow-editor+sow-editor+sow-editor+sow-editor+sow-editor+sow-editor+sow-editor+sow-editor+sow-editor+sow-editor+sow-editor+skoda-offset+skoda-offset+sow-editor+sow-editor+sow-editor+sow-editor+sow-editor+sow-editor,,no
https://www.skoda-storyboard.com/cs/modely-cs/octavia-cs/skoda-octavia-pro-cesky-bestseller-pro-cinsky-trh/,cs,True,13,4,13,sow-editor+sow-editor+skoda-carousel-widget+skoda-carousel-widget+sow-editor+sow-editor+skoda-carousel-widget+skoda-carousel-widget+skoda-carousel-widget+skoda-carousel-widget+skoda-carousel-widget+skoda-carousel-widget+skoda-carousel-widget,,no
https://www.skoda-storyboard.com/cs/modely-cs/fabia-cs/nova-fabia-obstala-v-monzunu-crashtestech-i-vetrnem-tunelu/,cs,True,43,16,1,sow-editor,,no
https://www.skoda-storyboard.com/cs/modely-cs/karoq-cs/uzit-si-volnost-naplno-na-kole-i-za-volantem/,cs,True,13,4,4,sow-editor+sow-editor+sow-editor+sow-editor,,no
https://www.skoda-storyboard.com/cs/modely-cs/enyaq-cs/skoda-enyaq-iv-rekuperuje-v-krusnych-horach/,cs,True,28,18,2,sow-editor+sow-slider,,no
https://www.skoda-storyboard.com/cs/modely-cs/fabia-cs/nova-fabia-co-skryva-pod-hadi-kamuflazi/,cs,True,53,24,32,sow-editor+sow-editor+skoda-offset+skoda-offset+sow-editor+sow-editor+sow-editor+sow-editor+sow-editor+sow-editor+sow-editor+sow-editor+sow-slider+sow-slider+sow-editor+sow-editor+sow-editor+sow-editor+sow-editor+sow-editor+sow-editor+sow-editor+sow-editor+sow-editor+sow-slider+sow-slider+sow-slider+sow-slider+sow-slider+sow-slider+sow-slider+sow-slider,,no
https://www.skoda-storyboard.com/cs/skoda-svet-cs/inovace-a-technologie/simply-clever-napadu-mame-jeste-dost/,cs,True,66,54,2,sow-editor+skoda-carousel-widget,,no
https://www.skoda-storyboard.com/cs/e-mobilita-cs/skoda-superb-iv-rekuperuje-v-malebnem-podjestedi/,cs,True,39,25,2,sow-editor+sow-slider,,no
https://www.skoda-storyboard.com/cs/zivotni-styl/motorsport-cs/jak-veteranka-dobyla-dakar/,cs,True,44,25,22,sow-editor+sow-editor+skoda-offset+skoda-offset+sow-editor+sow-editor+sow-editor+sow-editor+sow-editor+sow-editor+sow-editor+sow-editor+skoda-offset+skoda-offset+sow-editor+sow-editor+sow-editor+sow-editor+sow-editor+sow-editor+sow-editor+sow-editor,,no
https://www.skoda-storyboard.com/cs/modely-cs/fabia-cs/od-prvni-ke-ctvrte-nova-fabia-ma-na-co-navazovat/,cs,True,33,16,4,skoda-carousel-widget+sow-editor+skoda-carousel-widget+skoda-carousel-widget,,no
https://www.skoda-storyboard.com/cs/skoda-svet-cs/jako-robinsoni-v-susicce-tak-zacinala-skoda-v-indii/,cs,True,66,33,1,skoda-carousel-widget,,no
https://www.skoda-storyboard.com/cs/zivotni-styl/lide-cs/superb-iv-na-vlastni-kuzi-do-hor-uz-jen-ciste/,cs,True,40,24,32,sow-editor+sow-editor+skoda-offset+skoda-offset+sow-editor+sow-editor+sow-editor+sow-editor+skoda-offset+skoda-offset+sow-editor+sow-editor+sow-editor+sow-editor+sow-editor+sow-editor+sow-editor+sow-editor+sow-slider+sow-slider+skoda-offset+skoda-offset+sow-editor+sow-editor+sow-slider+sow-slider+sow-slider+sow-slider+sow-slider+sow-slider+sow-slider+sow-slider,,no
https://www.skoda-storyboard.com/cs/skoda-svet-cs/inovace-a-technologie/ikony-v-novem-kabate-prakticky-kempinkovy-vuz/,cs,True,30,18,20,sow-editor+sow-editor+sow-editor+sow-editor+sow-editor+sow-editor+skoda-offset+skoda-offset+sow-editor+sow-editor+skoda-offset+skoda-offset+sow-editor+sow-editor+sow-editor+sow-editor+skoda-offset+skoda-offset+sow-editor+sow-editor,,no
https://www.skoda-storyboard.com/cs/skoda-svet-cs/inovace-a-technologie/pro-dobry-vyhled-vpred-i-vzad/,cs,True,60,42,2,sow-editor+sow-editor,,no
https://www.skoda-storyboard.com/cs/skoda-svet-cs/inovace-a-technologie/prisne-tajne-kde-se-rodi-prototypy/,cs,True,8,2,2,sow-editor+sow-editor,,no
https://www.skoda-storyboard.com/cs/skoda-svet-cs/dedictvi-cs/jak-se-popular-pri-rallye-monte-carlo-vyhybal-slonovi/,cs,True,33,16,1,sow-slider,,no
https://www.skoda-storyboard.com/cs/zivotni-styl/lide-cs/octavia-iv-na-vlastni-kuzi-ridila-jsem-lip-nez-obvykle/,cs,True,40,22,32,sow-editor+sow-editor+sow-editor+sow-editor+skoda-offset+skoda-offset+sow-editor+sow-editor+skoda-offset+skoda-offset+sow-editor+sow-editor+sow-editor+sow-editor+sow-editor+sow-editor+sow-editor+sow-editor+sow-slider+sow-slider+skoda-offset+skoda-offset+sow-editor+sow-editor+sow-slider+sow-slider+sow-slider+sow-slider+sow-slider+sow-slider+sow-slider+sow-slider,,no
https://www.skoda-storyboard.com/cs/skoda-svet-cs/inovace-a-technologie/prvni-pomoc-pri-boji-s-namrazou/,cs,True,86,48,54,sow-editor+sow-editor+sow-editor+sow-editor+sow-editor+sow-editor+sow-editor+sow-editor+sow-editor+sow-editor+sow-editor+sow-editor+sow-editor+sow-editor+skoda-offset+skoda-offset+sow-editor+sow-editor+sow-editor+sow-editor+skoda-offset+skoda-offset+sow-editor+sow-editor+sow-editor+sow-editor+skoda-offset+skoda-offset+sow-editor+sow-editor+sow-editor+sow-editor+sow-editor+sow-editor+sow-editor+sow-editor+sow-editor+sow-editor+sow-editor+sow-editor+sow-editor+sow-editor+sow-editor+sow-editor+sow-editor+sow-editor+skoda-offset+skoda-offset+sow-editor+sow-editor+sow-editor+sow-editor+sow-editor+sow-editor,,no
https://www.skoda-storyboard.com/cs/zivotni-styl/sport-cs/120-let-motorsportu-poslechnete-si-jak-to-zacalo/,cs,True,23,8,8,sow-editor+sow-editor+sow-editor+sow-editor+sow-editor+sow-editor+sow-editor+sow-editor,,no
https://www.skoda-storyboard.com/cs/skoda-svet-cs/inovace-a-technologie/ikony-v-novem-kabate-novy-pohled-na-sportovni-legendu/,cs,True,30,18,20,sow-editor+sow-editor+sow-editor+sow-editor+sow-editor+sow-editor+skoda-offset+skoda-offset+sow-editor+sow-editor+skoda-offset+skoda-offset+sow-editor+sow-editor+sow-editor+sow-editor+skoda-offset+skoda-offset+sow-editor+sow-editor,,no
https://www.skoda-storyboard.com/cs/skoda-svet-cs/suv-pro-indii-dostalo-kralovske-jmeno-kushaq/,cs,True,13,4,4,sow-editor+sow-editor+sow-editor+sow-editor,,no
https://www.skoda-storyboard.com/cs/skoda-svet-cs/inovace-a-technologie/jezdete-bezpecne-skrabejte-rano-poctive/,cs,True,48,27,32,sow-editor+sow-editor+sow-editor+sow-editor+sow-slider+sow-slider+sow-editor+sow-editor+sow-editor+sow-editor+sow-slider+sow-slider+sow-editor+sow-editor+sow-editor+sow-editor+skoda-offset+skoda-offset+sow-editor+sow-editor+sow-editor+sow-editor+sow-editor+sow-editor+sow-slider+sow-slider+sow-slider+sow-slider+sow-slider+sow-slider+sow-slider+sow-slider,,no
https://www.skoda-storyboard.com/cs/125-let-skoda-cs/125-let-skoda-auto-historie-prevazne-nevazne/,cs,True,69,30,48,skoda-offset+skoda-offset+sow-editor+sow-editor+sow-editor+sow-editor+sow-editor+sow-editor+skoda-offset+skoda-offset+sow-editor+sow-editor+sow-editor+sow-editor+sow-editor+sow-editor+skoda-offset+skoda-offset+sow-editor+sow-editor+sow-editor+sow-editor+sow-editor+sow-editor+skoda-offset+skoda-offset+sow-editor+sow-editor+sow-editor+sow-editor+sow-editor+sow-editor+skoda-offset+skoda-offset+sow-editor+sow-editor+sow-editor+sow-editor+sow-editor+sow-editor+skoda-offset+skoda-offset+sow-editor+sow-editor+sow-editor+sow-editor+sow-editor+sow-editor,,no
https://www.skoda-storyboard.com/cs/skoda-svet-cs/poradne-nabity-rok-2020/,cs,True,28,10,19,sow-editor+sow-editor+skoda-carousel-widget+skoda-carousel-widget+sow-editor+sow-editor+sow-editor+sow-editor+sow-editor+sow-editor+sow-editor+sow-editor+skoda-carousel-widget+skoda-carousel-widget+skoda-carousel-widget+skoda-carousel-widget+skoda-carousel-widget+skoda-carousel-widget+skoda-carousel-widget,,no
https://www.skoda-storyboard.com/cs/skoda-svet-cs/2020-rok-jako-zadny-jiny/,cs,True,43,16,25,sow-editor+sow-editor+sow-editor+sow-editor+sow-editor+sow-editor+sow-editor+sow-editor+sow-editor+sow-editor+sow-editor+sow-editor+sow-editor+sow-editor+skoda-carousel-widget+skoda-carousel-widget+sow-editor+sow-editor+skoda-carousel-widget+skoda-carousel-widget+skoda-carousel-widget+skoda-carousel-widget+skoda-carousel-widget+skoda-carousel-widget+skoda-carousel-widget,,no
https://www.skoda-storyboard.com/cs/skoda-svet-cs/odpovednost-cs/jak-skoda-auto-pomaha-pomahat/,cs,True,94,58,56,sow-editor+sow-editor+sow-editor+sow-editor+sow-editor+sow-editor+skoda-offset+skoda-offset+sow-editor+sow-editor+sow-slider+sow-slider+sow-editor+sow-editor+sow-editor+sow-editor+skoda-offset+skoda-offset+sow-editor+sow-editor+sow-slider+sow-slider+sow-editor+sow-editor+sow-editor+sow-editor+skoda-offset+skoda-offset+sow-editor+sow-editor+sow-editor+sow-editor+sow-slider+sow-slider+sow-editor+sow-editor+sow-editor+sow-editor+skoda-offset+skoda-offset+sow-editor+sow-editor+sow-editor+sow-editor+skoda-offset+skoda-offset+sow-editor+sow-editor+sow-slider+sow-slider+sow-slider+sow-slider+sow-slider+sow-slider+sow-slider+sow-slider,,no
https://www.skoda-storyboard.com/cs/modely-cs/kde-vsude-je-skoda-auto-doma/,cs,True,8,3,4,sow-editor+sow-editor+sow-editor+sow-editor,,no
https://www.skoda-storyboard.com/cs/skoda-svet-cs/mereni-objemu-kufru-litrovani-je-trochu-jako-tetris/,cs,True,40,16,20,sow-editor+sow-editor+sow-editor+sow-editor+sow-editor+sow-editor+skoda-offset+skoda-offset+sow-editor+sow-editor+sow-editor+sow-editor+sow-editor+sow-editor+sow-editor+sow-editor+sow-editor+sow-editor+sow-editor+sow-editor,,no
https://www.skoda-storyboard.com/cs/skoda-svet-cs/kvalitu-musite-citit/,cs,True,41,17,26,sow-editor+sow-editor+sow-editor+sow-editor+skoda-offset+skoda-offset+sow-editor+sow-editor+sow-editor+sow-editor+sow-editor+sow-editor+skoda-offset+skoda-offset+sow-editor+sow-editor+sow-editor+sow-editor+skoda-offset+skoda-offset+sow-editor+sow-editor+sow-editor+sow-editor+sow-editor+sow-editor,,no
https://www.skoda-storyboard.com/cs/skoda-svet-cs/inovace-a-technologie/skoda-enyaq-iv-a-octavia-na-jedne-lince/,cs,True,35,15,20,sow-editor+sow-editor+skoda-offset+skoda-offset+sow-editor+sow-editor+sow-editor+sow-editor+sow-editor+sow-editor+skoda-offset+skoda-offset+sow-editor+sow-editor+sow-editor+sow-editor+sow-editor+sow-editor+sow-editor+sow-editor,,no
https://www.skoda-storyboard.com/cs/skoda-svet-cs/inovace-a-technologie/ikony-v-novem-kabate-bozsky-vzdusna-skoda-felicia/,cs,True,35,20,20,sow-editor+sow-editor+sow-editor+sow-editor+skoda-offset+skoda-offset+sow-editor+sow-editor+sow-editor+sow-editor+sow-editor+sow-editor+sow-editor+sow-editor+sow-editor+sow-editor+skoda-offset+skoda-offset+sow-editor+sow-editor,,no
https://www.skoda-storyboard.com/cs/modely-cs/octavia-cs/nova-skoda-octavia-rs-si-vas-ziska-za-60-sekund/,cs,True,18,6,14,sow-editor+sow-editor+sow-editor+sow-editor+sow-slider+sow-slider+sow-slider+sow-slider+sow-slider+sow-slider+sow-slider+sow-slider+sow-slider+sow-slider,,no
https://www.skoda-storyboard.com/cs/modely-cs/octavia-cs/nova-skoda-octavia-scout-si-vas-ziska-za-60-sekund/,cs,True,18,6,14,sow-editor+sow-editor+sow-editor+sow-editor+sow-slider+sow-slider+sow-slider+sow-slider+sow-slider+sow-slider+sow-slider+sow-slider+sow-slider+sow-slider,,no
https://www.skoda-storyboard.com/cs/modely-cs/enyaq-cs/poslechnete-si-enyaq-iv/,cs,True,24,9,10,sow-editor+sow-editor+sow-editor+sow-editor+sow-editor+sow-editor+sow-editor+sow-editor+sow-editor+sow-editor,,no
https://www.skoda-storyboard.com/cs/125-let-skoda-cs/125-let-skoda-auto-chytri-pomocnici-maji-dlouhou-tradici/,cs,True,101,48,68,sow-editor+sow-editor+skoda-offset+skoda-offset+sow-editor+sow-editor+sow-editor+sow-editor+sow-editor+sow-editor+skoda-offset+skoda-offset+sow-editor+sow-editor+sow-editor+sow-editor+sow-editor+sow-editor+skoda-offset+skoda-offset+sow-editor+sow-editor+sow-editor+sow-editor+sow-editor+sow-editor+skoda-offset+skoda-offset+sow-editor+sow-editor+sow-editor+sow-editor+sow-editor+sow-editor+skoda-offset+skoda-offset+sow-editor+sow-editor+sow-editor+sow-editor+sow-editor+sow-editor+skoda-offset+skoda-offset+sow-editor+sow-editor+sow-editor+sow-editor+sow-editor+sow-editor+skoda-offset+skoda-offset+sow-editor+sow-editor+sow-editor+sow-editor+sow-editor+sow-editor+skoda-offset+skoda-offset+sow-editor+sow-editor+sow-editor+sow-editor+sow-editor+sow-editor+sow-editor+sow-editor,,no
https://www.skoda-storyboard.com/cs/skoda-svet-cs/inovace-a-technologie/tipy-triky-sterace-a-ostrikovace-si-zaslouzi-peci/,cs,True,73,44,48,sow-editor+sow-editor+skoda-offset+skoda-offset+sow-editor+sow-editor+sow-editor+sow-editor+sow-editor+sow-editor+skoda-offset+skoda-offset+sow-editor+sow-editor+sow-editor+sow-editor+skoda-offset+skoda-offset+skoda-offset+skoda-offset+sow-editor+sow-editor+sow-editor+sow-editor+sow-editor+sow-editor+sow-editor+sow-editor+skoda-offset+skoda-offset+sow-editor+sow-editor+sow-editor+sow-editor+skoda-offset+skoda-offset+sow-editor+sow-editor+skoda-offset+skoda-offset+sow-editor+sow-editor+sow-editor+sow-editor+skoda-offset+skoda-offset+sow-editor+sow-editor,,no
https://www.skoda-storyboard.com/cs/zivotni-styl/novy-koncept-interieru-jako-doma/,cs,True,40,16,20,sow-editor+sow-editor+sow-editor+sow-editor+skoda-offset+skoda-offset+sow-editor+sow-editor+sow-editor+sow-editor+sow-editor+sow-editor+sow-editor+sow-editor+sow-editor+sow-editor+sow-editor+sow-editor+sow-editor+sow-editor,,no
https://www.skoda-storyboard.com/cs/skoda-svet-cs/inovace-a-technologie/moderni-sedadla-co-je-skryto-pod-potahem/,cs,True,45,17,22,sow-editor+sow-editor+sow-editor+sow-editor+sow-editor+sow-editor+skoda-offset+skoda-offset+sow-editor+sow-editor+sow-editor+sow-editor+sow-editor+sow-editor+sow-editor+sow-editor+sow-editor+sow-editor+sow-editor+sow-editor+sow-editor+sow-editor,,no
https://www.skoda-storyboard.com/cs/skoda-svet-cs/design-cs/kviz-poznejte-modely-skoda-podle-svetel-2/,cs,True,16,8,2,sow-editor+sow-editor,,no
https://www.skoda-storyboard.com/cs/modely-cs/enyaq-cs/la-vuelta-skoda-enyaq-iv-vede-cyklisty-do-spanelskych-kopcu/,cs,True,18,11,8,sow-editor+sow-editor+sow-editor+sow-editor+skoda-offset+skoda-offset+sow-editor+sow-editor,,no
https://www.skoda-storyboard.com/cs/skoda-svet-cs/inovace-a-technologie/ikony-v-novem-kabate-skoda-popular-monte-carlo/,cs,True,30,18,18,sow-editor+sow-editor+sow-editor+sow-editor+sow-editor+sow-editor+sow-editor+sow-editor+skoda-offset+skoda-offset+sow-editor+sow-editor+sow-editor+sow-editor+skoda-offset+skoda-offset+sow-editor+sow-editor,,no
https://www.skoda-storyboard.com/cs/e-mobilita-cs/komora-ve-ktere-je-elektromobilum-poradne-horko/,cs,True,23,12,8,sow-editor+sow-editor+sow-editor+sow-editor+sow-editor+sow-editor+sow-editor+sow-editor,,no
https://www.skoda-storyboard.com/cs/skoda-svet-cs/inovace-a-technologie/prumysl-4-0-i-vyroba-muze-byt-simply-clever/,cs,True,60,31,34,sow-editor+sow-editor+sow-editor+sow-editor+skoda-offset+skoda-offset+sow-editor+sow-editor+sow-editor+sow-editor+skoda-offset+skoda-offset+sow-editor+sow-editor+sow-editor+sow-editor+sow-editor+sow-editor+sow-editor+sow-editor+skoda-offset+skoda-offset+sow-editor+sow-editor+sow-editor+sow-editor+skoda-offset+skoda-offset+sow-editor+sow-editor+sow-editor+sow-editor+sow-editor+sow-editor,,no
https://www.skoda-storyboard.com/cs/skoda-svet-cs/inovace-a-technologie/jak-octavia-g-tec-natankovala-mrkev-a-cibuli/,cs,True,29,11,12,sow-editor+sow-editor+sow-editor+sow-editor+sow-editor+sow-editor+sow-editor+sow-editor+sow-editor+sow-editor+sow-editor+sow-editor,,no
https://www.skoda-storyboard.com/cs/skoda-svet-cs/inovace-a-technologie/oci-ktere-vidi-v-desti-ve-tme-i-ostrem-slunci/,cs,True,38,27,16,sow-editor+sow-editor+sow-editor+sow-editor+sow-editor+sow-editor+sow-editor+sow-editor+sow-editor+sow-editor+skoda-offset+skoda-offset+sow-editor+sow-editor+sow-editor+sow-editor,,no
https://www.skoda-storyboard.com/cs/skoda-svet-cs/inovace-a-technologie/novy-dvouramenny-volant-vysledek-precizniho-vyvoje/,cs,True,61,36,32,sow-editor+sow-editor+skoda-offset+skoda-offset+sow-editor+sow-editor+sow-editor+sow-editor+sow-editor+sow-editor+sow-editor+sow-editor+skoda-offset+skoda-offset+sow-editor+sow-editor+sow-editor+sow-editor+sow-editor+sow-editor+sow-editor+sow-editor+sow-editor+sow-editor+sow-editor+sow-editor+sow-editor+sow-editor+sow-editor+sow-editor+sow-editor+sow-editor,,no
https://www.skoda-storyboard.com/cs/125-let-skoda-cs/125-let-skoda-auto-po-generace-jako-jedna-velka-rodina/,cs,True,68,30,42,sow-editor+sow-editor+sow-editor+sow-editor+sow-editor+sow-editor+sow-editor+sow-editor+sow-editor+sow-editor+sow-editor+sow-editor+sow-editor+sow-editor+sow-editor+sow-editor+skoda-offset+skoda-offset+sow-editor+sow-editor+sow-editor+sow-editor+sow-editor+sow-editor+sow-editor+sow-editor+skoda-offset+skoda-offset+sow-editor+sow-editor+sow-editor+sow-editor+skoda-offset+skoda-offset+sow-editor+sow-editor+sow-editor+sow-editor+skoda-offset+skoda-offset+sow-editor+sow-editor,,no
https://www.skoda-storyboard.com/cs/modely-cs/enyaq-cs/seznamte-se-s-meb-zakladem-modelu-enyaq-iv/,cs,True,44,16,20,sow-editor+sow-editor+skoda-offset+skoda-offset+sow-editor+sow-editor+sow-editor+sow-editor+sow-editor+sow-editor+sow-editor+sow-editor+sow-editor+sow-editor+sow-editor+sow-editor+sow-editor+sow-editor+sow-editor+sow-editor,,no
https://www.skoda-storyboard.com/cs/skoda-svet-cs/inovace-a-technologie/technologie-cs/aby-do-auta-neteklo-jak-probiha-testovani-vodotesnosti-vozu-skoda/,cs,True,118,62,3,sow-editor+sow-editor+sow-editor,,no
https://www.skoda-storyboard.com/cs/skoda-svet-cs/inovace-a-technologie/ikony-v-novem-kabate-voiturette-a-jako-autonomni-kocar/,cs,True,35,21,18,sow-editor+sow-editor+sow-editor+sow-editor+sow-editor+sow-editor+sow-editor+sow-editor+skoda-offset+skoda-offset+sow-editor+sow-editor+skoda-offset+skoda-offset+sow-editor+sow-editor+sow-editor+sow-editor,,no
https://www.skoda-storyboard.com/cs/e-mobilita-cs/tri-pilire-dobijeni-powerpass-wallboxy-a-nove-napady/,cs,True,61,26,38,sow-editor+sow-editor+sow-editor+sow-editor+sow-editor+sow-editor+sow-editor+sow-editor+sow-editor+sow-editor+sow-editor+sow-editor+sow-editor+sow-editor+sow-editor+sow-editor+skoda-offset+skoda-offset+sow-editor+sow-editor+sow-editor+sow-editor+sow-editor+sow-editor+skoda-offset+skoda-offset+sow-editor+sow-editor+sow-editor+sow-editor+sow-image+sow-image+image+sow-image+sow-image+sow-image+sow-image+image,image;sow-image,yes
https://www.skoda-storyboard.com/cs/za-oponou-cs/schafer-uspesny-pribeh-znacky-skoda-bude-pokracovat/,cs,True,19,8,6,sow-editor+sow-editor+sow-editor+sow-editor+sow-editor+sow-editor,,no
https://www.skoda-storyboard.com/cs/125-let-skoda-cs/projizdka-125-lety-historie-ve-skoda-muzeu/,cs,True,18,10,6,sow-editor+sow-editor+sow-editor+sow-editor+sow-editor+sow-editor,,no
https://www.skoda-storyboard.com/cs/modely-cs/enyaq-cs/skoda-enyaq-iv-pokorila-ikonicky-vrchol-tour-de-france/,cs,True,29,18,16,sow-editor+sow-editor+sow-editor+sow-editor+sow-editor+sow-editor+skoda-offset+skoda-offset+sow-editor+sow-editor+skoda-offset+skoda-offset+sow-editor+sow-editor+sow-editor+sow-editor,,no
https://www.skoda-storyboard.com/cs/skoda-svet-cs/inovace-a-technologie/vyznate-se-v-elektrifikaci-v-cem-se-lisi-iv-a-e-tec/,cs,True,23,8,8,sow-editor+sow-editor+sow-editor+sow-editor+sow-editor+sow-editor+sow-editor+sow-editor,,no
https://www.skoda-storyboard.com/cs/skoda-svet-cs/legenda-a-inspirace-jan-kopecky-za-volantem-vozu-skoda-slavia-a-1100-ohc/,cs,True,24,8,22,sow-editor+sow-editor+sow-editor+sow-editor+skoda-offset+skoda-offset+sow-editor+sow-editor+sow-editor+sow-editor+sow-editor+sow-editor+sow-slider+sow-slider+sow-slider+sow-slider+sow-slider+sow-slider+sow-slider+sow-slider+sow-slider+sow-slider,,no
https://www.skoda-storyboard.com/cs/skoda-svet-cs/inovace-a-technologie/jak-to-funguje-kdyz-se-svetla-sama-prepinaji/,cs,True,40,26,20,sow-editor+sow-editor+sow-editor+sow-editor+skoda-offset+skoda-offset+sow-editor+sow-editor+sow-editor+sow-editor+sow-editor+sow-editor+sow-editor+sow-editor+sow-editor+sow-editor+sow-editor+sow-editor+sow-editor+sow-editor,,no
https://www.skoda-storyboard.com/cs/modely-cs/enyaq-cs/jak-se-rodil-enyaq-iv-pro-tour-de-france/,cs,True,29,16,20,sow-editor+sow-editor+sow-editor+sow-editor+sow-slider+sow-slider+sow-editor+sow-editor+sow-editor+sow-editor+sow-editor+sow-editor+sow-slider+sow-slider+sow-slider+sow-slider+sow-slider+sow-slider+sow-slider+sow-slider,,no
https://www.skoda-storyboard.com/cs/modely-cs/enyaq-cs/svetova-premiera-skoda-auto-predstavuje-elektricke-suv-enyaq-iv/,cs,True,48,19,18,sow-editor+sow-editor+sow-editor+sow-editor+sow-editor+sow-editor+sow-editor+sow-editor+sow-editor+sow-editor+sow-editor+sow-editor+sow-editor+sow-editor+sow-editor+sow-editor+sow-editor+sow-editor,,no
https://www.skoda-storyboard.com/cs/skoda-svet-cs/dedictvi-cs/skoda-sport-rychlik-z-le-mans/,cs,True,68,30,34,sow-editor+sow-editor+sow-editor+sow-editor+skoda-quote+skoda-quote+sow-editor+sow-editor+sow-editor+sow-editor+sow-editor+sow-editor+skoda-quote+skoda-quote+sow-editor+sow-editor+sow-editor+sow-editor+sow-editor+sow-editor+sow-editor+sow-editor+sow-editor+sow-editor+sow-slider+sow-slider+sow-slider+sow-slider+sow-slider+sow-slider+sow-slider+sow-slider+sow-slider+sow-slider,,no
https://www.skoda-storyboard.com/cs/skoda-svet-cs/inovace-a-technologie/technologie-cs/vyroba-baterie-jak-vznika-srdce-elektroauta/,cs,True,40,18,22,sow-editor+sow-editor+sow-editor+sow-editor+sow-editor+sow-editor+skoda-offset+skoda-offset+sow-editor+sow-editor+sow-editor+sow-editor+sow-editor+sow-editor+sow-editor+sow-editor+sow-editor+sow-editor+skoda-offset+skoda-offset+sow-editor+sow-editor,,no
https://www.skoda-storyboard.com/cs/skoda-svet-cs/neznama-historie-jak-pred-50-lety-vyrabeli-octavie-v-chile/,cs,True,55,33,26,sow-editor+sow-editor+sow-editor+sow-editor+sow-editor+sow-editor+sow-editor+sow-editor+sow-editor+sow-editor+sow-editor+sow-editor+sow-editor+sow-editor+sow-editor+sow-editor+sow-editor+sow-editor+sow-editor+sow-editor+sow-editor+sow-editor+skoda-offset+skoda-offset+sow-editor+sow-editor,,no
https://www.skoda-storyboard.com/cs/skoda-svet-cs/design-cs/design-elektrickeho-suv-enyaq-iv-pokrokovy-vyvazeny-a-sebevedomy/,cs,True,29,16,24,sow-editor+sow-editor+sow-editor+sow-editor+skoda-offset+skoda-offset+sow-editor+sow-editor+sow-editor+sow-editor+sow-slider+sow-slider+skoda-offset+skoda-offset+sow-editor+sow-editor+sow-slider+sow-slider+sow-slider+sow-slider+sow-slider+sow-slider+sow-slider+sow-slider,,no
https://www.skoda-storyboard.com/cs/skoda-svet-cs/inovace-a-technologie/barvy-a-odvaha-automobilovy-design-indii-na-miru/,cs,True,34,17,16,sow-editor+sow-editor+sow-editor+sow-editor+sow-editor+sow-editor+sow-editor+sow-editor+sow-editor+sow-editor+sow-editor+sow-editor+skoda-offset+skoda-offset+sow-editor+sow-editor,,no
https://www.skoda-storyboard.com/cs/125-let-skoda-cs/125-let-historie-a-posel-budoucnosti/,cs,True,80,39,60,sow-editor+sow-editor+sow-editor+sow-editor+sow-editor+sow-editor+sow-editor+sow-editor+sow-editor+sow-editor+sow-editor+sow-editor+skoda-offset+skoda-offset+sow-editor+sow-editor+sow-editor+sow-editor+sow-editor+sow-editor+sow-editor+sow-editor+sow-editor+sow-editor+sow-editor+sow-editor+skoda-offset+skoda-offset+sow-editor+sow-editor+sow-editor+sow-editor+sow-editor+sow-editor+sow-editor+sow-editor+sow-editor+sow-editor+sow-editor+sow-editor+skoda-offset+skoda-offset+sow-editor+sow-editor+sow-editor+sow-editor+skoda-offset+skoda-offset+sow-editor+sow-editor+sow-editor+sow-editor+sow-editor+sow-editor+sow-editor+sow-editor+skoda-offset+skoda-offset+sow-editor+sow-editor,,no
https://www.skoda-storyboard.com/cs/skoda-svet-cs/inovace-a-technologie/palubni-kamery-kde-je-radeji-schovat/,cs,True,110,59,60,sow-editor+sow-editor+sow-editor+sow-editor+sow-editor+sow-editor+sow-editor+sow-editor+sow-editor+sow-editor+sow-editor+sow-editor+sow-editor+sow-editor+sow-editor+sow-editor+skoda-offset+skoda-offset+sow-editor+sow-editor+sow-editor+sow-editor+sow-editor+sow-editor+sow-editor+sow-editor+sow-editor+sow-editor+sow-editor+sow-editor+sow-editor+sow-editor+sow-editor+sow-editor+sow-editor+sow-editor+sow-editor+sow-editor+sow-editor+sow-editor+sow-editor+sow-editor+sow-editor+sow-editor+sow-editor+sow-editor+sow-editor+sow-editor+sow-editor+sow-editor+sow-editor+sow-editor+sow-editor+sow-editor+sow-editor+sow-editor+sow-editor+sow-editor+sow-editor+sow-editor,,no
https://www.skoda-storyboard.com/cs/skoda-svet-cs/design-cs/interier-suv-skoda-enyaq-iv-vzdusny-prostorny-a-pohodlny/,cs,True,25,13,12,sow-editor+sow-editor+sow-editor+sow-editor+sow-editor+sow-editor+sow-editor+sow-editor+sow-editor+sow-editor+sow-editor+sow-editor,,no
https://www.skoda-storyboard.com/cs/modely-cs/enyaq-cs/skoda-enyaq-iv-za-3-2-1/,cs,True,21,12,4,sow-editor+sow-editor+sow-editor+sow-editor,,no
https://www.skoda-storyboard.com/cs/skoda-svet-cs/inovace-a-technologie/skoda-slavia-zakovsky-spider-inspirovany-historii/,cs,True,38,15,22,sow-editor+sow-editor+sow-editor+sow-editor+ys-embed-share+ys-embed-share+sow-editor+sow-editor+sow-editor+sow-editor+sow-slider+sow-slider+sow-editor+sow-editor+sow-slider+sow-slider+sow-slider+sow-slider+sow-slider+sow-slider+sow-slider+sow-slider,ys-embed-share,yes
https://www.skoda-storyboard.com/cs/125-let-skoda-cs/125-let-skoda-auto-ve-dvou-a-vice-se-to-lepe-tahne/,cs,True,141,62,100,skoda-offset+skoda-offset+sow-editor+sow-editor+sow-editor+sow-editor+sow-editor+sow-editor+sow-editor+sow-editor+skoda-offset+skoda-offset+sow-editor+sow-editor+sow-editor+sow-editor+sow-editor+sow-editor+skoda-offset+skoda-offset+sow-editor+sow-editor+sow-editor+sow-editor+sow-editor+sow-editor+skoda-offset+skoda-offset+sow-editor+sow-editor+sow-editor+sow-editor+sow-editor+sow-editor+skoda-offset+skoda-offset+sow-editor+sow-editor+sow-editor+sow-editor+sow-editor+sow-editor+skoda-offset+skoda-offset+sow-editor+sow-editor+sow-editor+sow-editor+sow-editor+sow-editor+skoda-offset+skoda-offset+sow-editor+sow-editor+sow-editor+sow-editor+sow-editor+sow-editor+skoda-offset+skoda-offset+sow-editor+sow-editor+sow-editor+sow-editor+sow-editor+sow-editor+skoda-offset+skoda-offset+sow-editor+sow-editor+sow-editor+sow-editor+sow-editor+sow-editor+skoda-offset+skoda-offset+sow-editor+sow-editor+sow-editor+sow-editor+sow-editor+sow-editor+skoda-offset+skoda-offset+sow-editor+sow-editor+sow-editor+sow-editor+sow-editor+sow-editor+skoda-offset+skoda-offset+sow-editor+sow-editor+sow-editor+sow-editor+sow-editor+sow-editor+sow-editor+sow-editor,,no
https://www.skoda-storyboard.com/cs/skoda-svet-cs/inovace-a-technologie/perfektne-aerodynamicka-skoda-octavia/,cs,True,81,49,42,sow-editor+sow-editor+sow-editor+sow-editor+skoda-offset+skoda-offset+sow-editor+sow-editor+skoda-offset+skoda-offset+sow-editor+sow-editor+sow-editor+sow-editor+sow-editor+sow-editor+sow-editor+sow-editor+sow-editor+sow-editor+skoda-offset+skoda-offset+sow-editor+sow-editor+sow-editor+sow-editor+skoda-offset+skoda-offset+sow-editor+sow-editor+skoda-offset+skoda-offset+sow-editor+sow-editor+sow-editor+sow-editor+sow-editor+sow-editor+skoda-offset+skoda-offset+sow-editor+sow-editor,,no
https://www.skoda-storyboard.com/cs/skoda-svet-cs/zakovska-auta-snu-vyroci-automobilky-oslavi-slavia/,cs,True,61,31,37,sow-editor+sow-editor+sow-editor+sow-editor+skoda-offset+skoda-offset+sow-editor+sow-editor+sow-editor+sow-editor+sow-editor+sow-editor+sow-editor+sow-editor+sow-editor+sow-editor+sow-editor+sow-editor+sow-editor+sow-editor+sow-editor+sow-editor+sow-editor+sow-editor+sow-editor+sow-editor+sow-editor+sow-editor+skoda-carousel-widget+skoda-carousel-widget+skoda-carousel-widget+skoda-carousel-widget+skoda-carousel-widget+skoda-carousel-widget+skoda-carousel-widget+skoda-carousel-widget+skoda-carousel-widget,,no
https://www.skoda-storyboard.com/cs/zivotni-styl/cisteni-interieru-odshora-dolu-od-hrubeho-k-jemnemu/,cs,True,98,53,52,sow-editor+sow-editor+sow-editor+sow-editor+skoda-quote+skoda-quote+sow-editor+sow-editor+sow-editor+sow-editor+sow-editor+sow-editor+sow-editor+sow-editor+sow-editor+sow-editor+skoda-offset+skoda-offset+sow-editor+sow-editor+sow-editor+sow-editor+skoda-quote+skoda-quote+sow-editor+sow-editor+sow-editor+sow-editor+sow-editor+sow-editor+sow-editor+sow-editor+sow-editor+sow-editor+skoda-offset+skoda-offset+sow-editor+sow-editor+sow-editor+sow-editor+sow-editor+sow-editor+skoda-offset+skoda-offset+sow-editor+sow-editor+sow-editor+sow-editor+sow-editor+sow-editor+sow-editor+sow-editor,,no
https://www.skoda-storyboard.com/cs/skoda-svet-cs/skoda-octavia-seznamte-se-s-celou-rodinou/,cs,True,43,16,24,sow-editor+sow-editor+sow-editor+sow-editor+sow-editor+sow-editor+sow-editor+sow-editor+sow-editor+sow-editor+sow-editor+sow-editor+sow-slider+sow-slider+sow-editor+sow-editor+sow-slider+sow-slider+sow-slider+sow-slider+sow-slider+sow-slider+sow-slider+sow-slider,,no
https://www.skoda-storyboard.com/cs/skoda-svet-cs/dlouhe-cesty-bezpecne-nespolehejte-jen-na-asistenty/,cs,True,49,19,20,sow-editor+sow-editor+sow-editor+sow-editor+sow-editor+sow-editor+sow-editor+sow-editor+sow-editor+sow-editor+sow-editor+sow-editor+sow-editor+sow-editor+sow-editor+sow-editor+sow-editor+sow-editor+sow-editor+sow-editor,,no
https://www.skoda-storyboard.com/cs/skoda-svet-cs/inovace-a-technologie/pohled-do-zakulisi-maskovany-enyaq-iv-v-irsku/,cs,True,45,16,30,sow-editor+sow-editor+sow-editor+sow-editor+sow-editor+sow-editor+sow-editor+sow-editor+sow-editor+sow-editor+skoda-offset+skoda-offset+sow-editor+sow-editor+sow-editor+sow-editor+sow-editor+sow-editor+sow-editor+sow-editor+sow-slider+sow-slider+sow-slider+sow-slider+sow-slider+sow-slider+sow-slider+sow-slider+sow-slider+sow-slider,,no
https://www.skoda-storyboard.com/cs/125-let-skoda-cs/125-let-skoda-auto-mista-spojena-se-znackou-skoda/,cs,True,145,64,100,sow-editor+sow-editor+skoda-offset+skoda-offset+sow-editor+sow-editor+sow-editor+sow-editor+sow-editor+sow-editor+skoda-offset+skoda-offset+sow-editor+sow-editor+sow-editor+sow-editor+sow-editor+sow-editor+skoda-offset+skoda-offset+sow-editor+sow-editor+sow-editor+sow-editor+sow-editor+sow-editor+skoda-offset+skoda-offset+sow-editor+sow-editor+sow-editor+sow-editor+sow-editor+sow-editor+skoda-offset+skoda-offset+sow-editor+sow-editor+sow-editor+sow-editor+sow-editor+sow-editor+skoda-offset+skoda-offset+sow-editor+sow-editor+sow-editor+sow-editor+sow-editor+sow-editor+skoda-offset+skoda-offset+sow-editor+sow-editor+sow-editor+sow-editor+sow-editor+sow-editor+skoda-offset+skoda-offset+sow-editor+sow-editor+sow-editor+sow-editor+sow-editor+sow-editor+skoda-offset+skoda-offset+sow-editor+sow-editor+sow-editor+sow-editor+sow-editor+sow-editor+skoda-offset+skoda-offset+sow-editor+sow-editor+sow-editor+sow-editor+sow-editor+sow-editor+skoda-offset+skoda-offset+sow-editor+sow-editor+sow-editor+sow-editor+sow-editor+sow-editor+skoda-offset+skoda-offset+sow-editor+sow-editor+sow-editor+sow-editor+sow-editor+sow-editor+sow-editor+sow-editor,,no
https://www.skoda-storyboard.com/cs/zivotni-styl/trenink-na-sucho-i-zahradniceni-sportovci-nouzovy-stav-nepromarnili/,cs,True,190,87,106,sow-editor+sow-editor+sow-editor+sow-editor+skoda-offset+skoda-offset+skoda-quote+skoda-quote+sow-editor+sow-editor+sow-editor+sow-editor+sow-editor+sow-editor+sow-editor+sow-editor+sow-editor+sow-editor+sow-editor+sow-editor+sow-editor+sow-editor+sow-editor+sow-editor+sow-editor+sow-editor+sow-editor+sow-editor+skoda-offset+skoda-offset+skoda-quote+skoda-quote+sow-editor+sow-editor+sow-editor+sow-editor+sow-editor+sow-editor+sow-editor+sow-editor+sow-editor+sow-editor+sow-editor+sow-editor+sow-editor+sow-editor+sow-editor+sow-editor+sow-editor+sow-editor+skoda-offset+skoda-offset+skoda-quote+skoda-quote+sow-editor+sow-editor+sow-editor+sow-editor+sow-editor+sow-editor+sow-editor+sow-editor+sow-editor+sow-editor+sow-editor+sow-editor+sow-editor+sow-editor+skoda-offset+skoda-offset+skoda-quote+skoda-quote+sow-editor+sow-editor+sow-editor+sow-editor+sow-editor+sow-editor+sow-editor+sow-editor+sow-editor+sow-editor+sow-editor+sow-editor+sow-editor+sow-editor+skoda-offset+skoda-offset+skoda-quote+skoda-quote+sow-editor+sow-editor+sow-editor+sow-editor+skoda-offset+skoda-offset+skoda-quote+skoda-quote+sow-editor+sow-editor+sow-editor+sow-editor+skoda-offset+skoda-offset+sow-editor+sow-editor,,no
https://www.skoda-storyboard.com/cs/zivotni-styl/rychle-a-bezpecne-co-chrani-posadku-zavodniho-specialu-fabia-rally2-evo/,cs,True,50,27,22,sow-editor+sow-editor+sow-editor+sow-editor+sow-editor+sow-editor+sow-editor+sow-editor+sow-editor+sow-editor+sow-editor+sow-editor+sow-editor+sow-editor+sow-editor+sow-editor+sow-editor+sow-editor+sow-editor+sow-editor+sow-editor+sow-editor,,no
https://www.skoda-storyboard.com/cs/skoda-svet-cs/historie-zakaznicke-pece-od-servisu-elka-az-k-emobilite/,cs,True,34,13,14,sow-editor+sow-editor+sow-editor+sow-editor+sow-editor+sow-editor+sow-editor+sow-editor+sow-editor+sow-editor+sow-editor+sow-editor+sow-editor+sow-editor,,no
https://www.skoda-storyboard.com/cs/skoda-svet-cs/nova-octavia-scout-ideal-pro-aktivni-zivotni-styl/,cs,True,23,8,8,sow-editor+sow-editor+sow-editor+sow-editor+sow-editor+sow-editor+sow-editor+sow-editor,,no
https://www.skoda-storyboard.com/cs/zivotni-styl/ride2unite-unikatni-projekt-spojuje-fanousky-a-proficyklisty/,cs,True,23,8,9,sow-editor+sow-editor+sow-editor+sow-editor+highlights+ys-so-widget-highlights+ys-so-widget-highlights+sow-editor+sow-editor,highlights;ys-so-widget-highlights,yes
https://www.skoda-storyboard.com/cs/skoda-svet-cs/inovace-a-technologie/jak-elektromobily-chrani-chodce-poslechnete-si/,cs,True,39,14,16,sow-editor+sow-editor+sow-editor+sow-editor+skoda-offset+skoda-offset+sow-editor+sow-editor+sow-editor+sow-editor+sow-editor+sow-editor+sow-editor+sow-editor+sow-editor+sow-editor,,no
https://www.skoda-storyboard.com/cs/skoda-svet-cs/inovace-a-technologie/vyuziti-recyklatu-ve-vozech-skoda-ani-kousek-plastu-nazmar/,cs,True,45,23,28,sow-editor+sow-editor+skoda-offset+skoda-offset+sow-editor+sow-editor+sow-editor+sow-editor+sow-editor+sow-editor+sow-editor+sow-editor+skoda-offset+skoda-offset+sow-editor+sow-editor+sow-editor+sow-editor+skoda-quote+skoda-quote+sow-editor+sow-editor+sow-editor+sow-editor+sow-editor+sow-editor+sow-editor+sow-editor,,no
https://www.skoda-storyboard.com/cs/skoda-svet-cs/dopravni-spicka-bezpecne-a-bez-stresu/,cs,True,39,17,16,sow-editor+sow-editor+sow-editor+sow-editor+sow-editor+sow-editor+sow-editor+sow-editor+sow-editor+sow-editor+sow-editor+sow-editor+sow-editor+sow-editor+sow-editor+sow-editor,,no
https://www.skoda-storyboard.com/cs/skoda-svet-cs/inovace-a-technologie/tajemstvi-kamuflaze/,cs,True,13,4,4,sow-editor+sow-editor+sow-editor+sow-editor,,no
https://www.skoda-storyboard.com/cs/skoda-svet-cs/inovace-a-technologie/8-nejvetsich-mytu-o-elektromobilite/,cs,True,48,19,18,sow-editor+sow-editor+sow-editor+sow-editor+sow-editor+sow-editor+sow-editor+sow-editor+sow-editor+sow-editor+sow-editor+sow-editor+sow-editor+sow-editor+sow-editor+sow-editor+sow-editor+sow-editor,,no
https://www.skoda-storyboard.com/cs/skoda-svet-cs/kdyz-se-reklama-na-suv-nataci-v-obyvaku/,cs,True,56,32,39,sow-editor+sow-editor+sow-editor+sow-editor+sow-editor+sow-editor+sow-editor+sow-editor+sow-editor+sow-editor+skoda-carousel-widget+skoda-carousel-widget+skoda-offset+skoda-offset+sow-editor+sow-editor+sow-editor+sow-editor+skoda-offset+skoda-offset+skoda-offset+skoda-offset+sow-editor+sow-editor+sow-editor+sow-editor+skoda-offset+skoda-offset+sow-editor+sow-editor+sow-editor+sow-editor+skoda-carousel-widget+skoda-carousel-widget+skoda-carousel-widget+skoda-carousel-widget+skoda-carousel-widget+skoda-carousel-widget+skoda-carousel-widget,,no
https://www.skoda-storyboard.com/cs/125-let-skoda-cs/125-let-skoda-auto-od-motocyklu-k-triumfum-vozu-fabia-rally2-evo/,cs,True,124,51,88,skoda-offset+skoda-offset+sow-editor+sow-editor+sow-editor+sow-editor+sow-editor+sow-editor+skoda-offset+skoda-offset+sow-editor+sow-editor+sow-editor+sow-editor+sow-editor+sow-editor+skoda-offset+skoda-offset+sow-editor+sow-editor+sow-editor+sow-editor+sow-editor+sow-editor+skoda-offset+skoda-offset+sow-editor+sow-editor+sow-editor+sow-editor+sow-editor+sow-editor+skoda-offset+skoda-offset+sow-editor+sow-editor+sow-editor+sow-editor+sow-editor+sow-editor+skoda-offset+skoda-offset+sow-editor+sow-editor+sow-editor+sow-editor+sow-editor+sow-editor+skoda-offset+skoda-offset+sow-editor+sow-editor+sow-editor+sow-editor+sow-editor+sow-editor+skoda-offset+skoda-offset+sow-editor+sow-editor+sow-editor+sow-editor+sow-editor+sow-editor+skoda-offset+skoda-offset+sow-editor+sow-editor+sow-editor+sow-editor+sow-editor+sow-editor+skoda-offset+skoda-offset+sow-editor+sow-editor+sow-editor+sow-editor+sow-editor+sow-editor+skoda-offset+skoda-offset+sow-editor+sow-editor+sow-editor+sow-editor+sow-editor+sow-editor,,no
https://www.skoda-storyboard.com/cs/skoda-svet-cs/inovace-a-technologie/skoda-kamiq-scoutline-do-mesta-i-za-dobrodruzstvim/,cs,True,65,31,38,sow-editor+sow-editor+sow-editor+sow-editor+sow-editor+sow-editor+skoda-offset+skoda-offset+sow-editor+sow-editor+sow-editor+sow-editor+sow-editor+sow-editor+sow-editor+sow-editor+sow-editor+sow-editor+sow-editor+sow-editor+sow-editor+sow-editor+sow-editor+sow-editor+sow-editor+sow-editor+sow-editor+sow-editor+sow-slider+sow-slider+sow-slider+sow-slider+sow-slider+sow-slider+sow-slider+sow-slider+sow-slider+sow-slider,,no
https://www.skoda-storyboard.com/cs/zivotni-styl/sport-cs/hokej-cs/hokejovy-kviz-kdyz-hraci-nevyjedou-na-led-hrajte-sami/,cs,True,16,8,2,sow-editor+sow-editor,,no
https://www.skoda-storyboard.com/cs/skoda-svet-cs/inovace-a-technologie/skoda-enyaq-iv-odhaluje-detaily-pohon-zadnich-kol-pet-stupnu-vykonu/,cs,True,18,6,14,sow-editor+sow-editor+sow-slider+sow-slider+sow-editor+sow-editor+sow-slider+sow-slider+sow-slider+sow-slider+sow-slider+sow-slider+sow-slider+sow-slider,,no
https://www.skoda-storyboard.com/cs/skoda-svet-cs/bezpecny-navrat-do-provozu-pripravit-se-musi-auta-i-ridici/,cs,True,61,23,32,sow-editor+sow-editor+sow-editor+sow-editor+skoda-offset+skoda-offset+sow-editor+sow-editor+sow-editor+sow-editor+sow-editor+sow-editor+sow-editor+sow-editor+sow-editor+sow-editor+sow-editor+sow-editor+skoda-offset+skoda-offset+sow-editor+sow-editor+sow-editor+sow-editor+sow-editor+sow-editor+sow-editor+sow-editor+sow-editor+sow-editor+sow-editor+sow-editor,,no
https://www.skoda-storyboard.com/cs/zivotni-styl/wellness-pro-vase-auto/,cs,True,71,37,43,sow-editor+sow-editor+skoda-carousel-widget+skoda-carousel-widget+skoda-offset+skoda-offset+sow-editor+sow-editor+sow-editor+sow-editor+sow-editor+sow-editor+sow-editor+sow-editor+sow-editor+sow-editor+sow-editor+sow-editor+sow-editor+sow-editor+sow-editor+sow-editor+sow-editor+sow-editor+sow-editor+sow-editor+skoda-offset+skoda-offset+sow-editor+sow-editor+sow-editor+sow-editor+skoda-offset+skoda-offset+sow-editor+sow-editor+skoda-carousel-widget+skoda-carousel-widget+skoda-carousel-widget+skoda-carousel-widget+skoda-carousel-widget+skoda-carousel-widget+skoda-carousel-widget,,no
https://www.skoda-storyboard.com/cs/skoda-svet-cs/inovace-a-technologie/strube-spalovaci-motory-nekonci/,cs,True,28,15,10,sow-editor+sow-editor+sow-editor+sow-editor+sow-editor+sow-editor+sow-editor+sow-editor+sow-editor+sow-editor,,no
https://www.skoda-storyboard.com/cs/skoda-svet-cs/inovace-a-technologie/sefdesigner-odhaluje-kouzlo-nove-generace-vozu-skoda-octavia/,cs,True,28,12,17,sow-editor+sow-editor+sow-editor+sow-editor+skoda-carousel-widget+skoda-carousel-widget+sow-editor+sow-editor+sow-editor+sow-editor+skoda-carousel-widget+skoda-carousel-widget+skoda-carousel-widget+skoda-carousel-widget+skoda-carousel-widget+skoda-carousel-widget+skoda-carousel-widget,,no
https://www.skoda-storyboard.com/cs/zivotni-styl/fanousci-se-utkaji-s-jezdci-rallye-ve-skoda-motorsport-echallenge/,cs,True,23,13,8,sow-editor+sow-editor+sow-editor+sow-editor+sow-editor+sow-editor+sow-editor+sow-editor,,no
https://www.skoda-storyboard.com/cs/skoda-svet-cs/nova-skoda-octavia-si-vas-ziska-za-60-sekund/,cs,True,33,13,12,sow-editor+sow-editor+sow-editor+sow-editor+sow-editor+sow-editor+sow-editor+sow-editor+sow-editor+sow-editor+sow-editor+sow-editor,,no
https://www.skoda-storyboard.com/cs/125-let-skoda-cs/kviz-orientujete-se-v-historii-skoda-auto/,cs,True,16,5,2,sow-editor+sow-editor,,no
https://www.skoda-storyboard.com/cs/skoda-svet-cs/inovace-a-technologie/elektrina-ulozena-v-setrvacniku/,cs,True,23,13,8,sow-editor+sow-editor+sow-editor+sow-editor+sow-editor+sow-editor+sow-editor+sow-editor,,no
https://www.skoda-storyboard.com/cs/skoda-svet-cs/jak-se-jeste-zabavit-kdyz-je-lepsi-zustat-doma/,cs,True,55,28,38,sow-editor+sow-editor+sow-editor+sow-editor+sow-button+sow-button-wire-8477ed2eaa84-154123+sow-button+sow-button-wire-8477ed2eaa84-154123+sow-button+sow-button-wire-8477ed2eaa84-154123+sow-button+sow-button-wire-8477ed2eaa84-154123+sow-editor+sow-editor+sow-editor+sow-editor+sow-editor+sow-editor+sow-editor+sow-editor+skoda-offset+skoda-offset+sow-editor+sow-editor+sow-button-wire-8477ed2eaa84-154123+sow-button-wire-8477ed2eaa84-154123+sow-button-wire-8477ed2eaa84-154123+sow-button-wire-8477ed2eaa84-154123+sow-button-wire-8477ed2eaa84-154123+sow-button-wire-8477ed2eaa84-154123+sow-button-wire-8477ed2eaa84-154123+sow-button-wire-8477ed2eaa84-154123+sow-button-wire-8477ed2eaa84-154123+sow-button-wire-8477ed2eaa84-154123+sow-button-wire-8477ed2eaa84-154123+sow-button-wire-8477ed2eaa84-154123+sow-button-wire-8477ed2eaa84-154123+sow-button-wire-8477ed2eaa84-154123,sow-button;sow-button-wire-8477ed2eaa84-154123,yes
https://www.skoda-storyboard.com/cs/za-oponou-cs/maier-prijde-i-doba-po-koronaviru/,cs,True,18,7,6,sow-editor+sow-editor+sow-editor+sow-editor+sow-editor+sow-editor,,no
https://www.skoda-storyboard.com/cs/skoda-svet-cs/inovace-a-technologie/udrzitelna-mobilita-je-spolecny-projekt/,cs,True,23,9,8,sow-editor+sow-editor+sow-editor+sow-editor+sow-editor+sow-editor+sow-editor+sow-editor,,no
https://www.skoda-storyboard.com/cs/skoda-svet-cs/odpovednost-cs/misto-tajnych-prototypu-tisknou-respiratory-skoda-auto-pomaha/,cs,True,80,32,46,sow-editor+sow-editor+sow-editor+sow-editor+skoda-offset+skoda-offset+sow-editor+sow-editor+sow-editor+sow-editor+sow-editor+sow-editor+sow-editor+sow-editor+sow-editor+sow-editor+sow-editor+sow-editor+sow-editor+sow-editor+sow-editor+sow-editor+sow-editor+sow-editor+skoda-offset+skoda-offset+sow-editor+sow-editor+sow-editor+sow-editor+sow-editor+sow-editor+sow-editor+sow-editor+sow-slider+sow-slider+sow-editor+sow-editor+sow-slider+sow-slider+sow-slider+sow-slider+sow-slider+sow-slider+sow-slider+sow-slider,,no
https://www.skoda-storyboard.com/cs/zivotni-styl/pokracuji-v-rodinne-tradici-vzdy-jsme-meli-vozy-skoda/,cs,True,28,15,10,sow-editor+sow-editor+sow-editor+sow-editor+sow-editor+sow-editor+sow-editor+sow-editor+sow-editor+sow-editor,,no
https://www.skoda-storyboard.com/cs/skoda-svet-cs/odpovednost-cs/jak-se-zabavit-kdyz-je-lepsi-byt-doma/,cs,True,64,25,38,sow-editor+sow-editor+sow-editor+sow-editor+sow-editor+sow-editor+sow-editor+sow-editor+sow-editor+sow-editor+sow-editor+sow-editor+sow-editor+sow-editor+sow-editor+sow-editor+sow-editor+sow-editor+sow-button+sow-button-wire-d79a8a60fa91-153096+sow-button+sow-button-wire-d79a8a60fa91-153096+skoda-offset+skoda-offset+sow-button-wire-d79a8a60fa91-153096+sow-button-wire-d79a8a60fa91-153096+sow-button-wire-d79a8a60fa91-153096+sow-button-wire-d79a8a60fa91-153096+sow-button-wire-d79a8a60fa91-153096+sow-button-wire-d79a8a60fa91-153096+sow-button-wire-d79a8a60fa91-153096+sow-button-wire-d79a8a60fa91-153096+sow-button-wire-d79a8a60fa91-153096+sow-button-wire-d79a8a60fa91-153096+sow-button-wire-d79a8a60fa91-153096+sow-button-wire-d79a8a60fa91-153096+sow-button-wire-d79a8a60fa91-153096+sow-button-wire-d79a8a60fa91-153096,sow-button;sow-button-wire-d79a8a60fa91-153096,yes
https://www.skoda-storyboard.com/cs/zivotni-styl/lide-cs/zakovska-auta-snu-odrazovy-mustek-kariery/,cs,True,85,39,57,sow-editor+sow-editor+sow-editor+sow-editor+sow-editor+sow-editor+sow-editor+sow-editor+skoda-offset+skoda-offset+sow-editor+sow-editor+sow-editor+sow-editor+sow-editor+sow-editor+sow-editor+sow-editor+skoda-offset+skoda-offset+sow-editor+sow-editor+sow-editor+sow-editor+sow-editor+sow-editor+sow-editor+sow-editor+sow-editor+sow-editor+sow-editor+sow-editor+sow-editor+sow-editor+skoda-offset+skoda-offset+sow-editor+sow-editor+sow-editor+sow-editor+sow-editor+sow-editor+sow-editor+sow-editor+sow-editor+sow-editor+skoda-carousel-widget+skoda-carousel-widget+sow-editor+sow-editor+skoda-carousel-widget+skoda-carousel-widget+skoda-carousel-widget+skoda-carousel-widget+skoda-carousel-widget+skoda-carousel-widget+skoda-carousel-widget,,no
https://www.skoda-storyboard.com/cs/zivotni-styl/jak-zustat-v-bezpeci-pri-cestach-autem-behem-pandemie-koronaviru/,cs,True,34,12,14,sow-editor+sow-editor+sow-editor+sow-editor+sow-editor+sow-editor+sow-editor+sow-editor+sow-editor+sow-editor+sow-editor+sow-editor+sow-editor+sow-editor,,no
https://www.skoda-storyboard.com/cs/125-let-skoda-cs/125-let-skoda-auto-galerie-osobnosti/,cs,True,169,64,122,skoda-offset+skoda-offset+sow-editor+sow-editor+sow-editor+sow-editor+sow-editor+sow-editor+sow-editor+sow-editor+skoda-offset+skoda-offset+sow-editor+sow-editor+sow-editor+sow-editor+sow-editor+sow-editor+skoda-offset+skoda-offset+sow-editor+sow-editor+sow-editor+sow-editor+sow-editor+sow-editor+skoda-offset+skoda-offset+sow-editor+sow-editor+sow-editor+sow-editor+sow-editor+sow-editor+skoda-offset+skoda-offset+sow-editor+sow-editor+sow-editor+sow-editor+sow-editor+sow-editor+skoda-offset+skoda-offset+sow-editor+sow-editor+sow-editor+sow-editor+sow-editor+sow-editor+skoda-offset+skoda-offset+sow-editor+sow-editor+sow-editor+sow-editor+sow-editor+sow-editor+skoda-offset+skoda-offset+sow-editor+sow-editor+sow-editor+sow-editor+sow-editor+sow-editor+skoda-offset+skoda-offset+sow-editor+sow-editor+sow-editor+sow-editor+sow-editor+sow-editor+skoda-offset+skoda-offset+sow-editor+sow-editor+sow-editor+sow-editor+sow-editor+sow-editor+skoda-offset+skoda-offset+sow-editor+sow-editor+sow-editor+sow-editor+sow-editor+sow-editor+skoda-offset+skoda-offset+sow-editor+sow-editor+sow-editor+sow-editor+sow-editor+sow-editor+skoda-offset+skoda-offset+sow-editor+sow-editor+sow-editor+sow-editor+sow-editor+sow-editor+skoda-offset+skoda-offset+sow-editor+sow-editor+sow-editor+sow-editor+sow-editor+sow-editor+skoda-offset+skoda-offset+sow-editor+sow-editor+sow-editor+sow-editor+sow-editor+sow-editor,,no
https://www.skoda-storyboard.com/cs/skoda-svet-cs/cislo-mesice-93/,cs,True,28,11,10,sow-editor+sow-editor+sow-editor+sow-editor+sow-editor+sow-editor+sow-editor+sow-editor+sow-editor+sow-editor,,no
https://www.skoda-storyboard.com/cs/skoda-svet-cs/design-cs/prvni-octavia-ma-stale-smrnc-rika-jeji-designer/,cs,True,30,15,14,sow-editor+sow-editor+sow-editor+sow-editor+sow-editor+sow-editor+sow-editor+sow-editor+sow-editor+sow-editor+sow-editor+sow-editor+sow-editor+sow-editor,,no
https://www.skoda-storyboard.com/cs/modely-cs/octavia-cs/drava-a-pritom-ekologicka-skoda-octavia-rs-iv-se-predstavuje/,cs,True,63,26,40,sow-editor+sow-editor+sow-editor+sow-editor+sow-editor+sow-editor+sow-editor+sow-editor+sow-editor+sow-editor+sow-editor+sow-editor+sow-editor+sow-editor+sow-editor+sow-editor+sow-editor+sow-editor+sow-editor+sow-editor+sow-editor+sow-editor+sow-editor+sow-editor+sow-editor+sow-editor+sow-editor+sow-editor+sow-editor+sow-editor+sow-slider+sow-slider+sow-slider+sow-slider+sow-slider+sow-slider+sow-slider+sow-slider+sow-slider+sow-slider,,no
https://www.skoda-storyboard.com/cs/zivotni-styl/cesta-ktera-nezatizi-budoucnost/,cs,True,65,54,28,sow-editor+sow-editor+skoda-image-box+skoda-image-box+sow-editor+sow-editor+skoda-image-box+skoda-image-box+sow-editor+sow-editor+skoda-image-box+skoda-image-box+sow-editor+sow-editor+skoda-image-box+skoda-image-box+sow-editor+sow-editor+sow-editor+sow-editor+sow-editor+sow-editor+skoda-offset+skoda-offset+sow-editor+sow-editor+sow-editor+sow-editor,skoda-image-box,yes
https://www.skoda-storyboard.com/cs/125-let-skoda-cs/125-let-skoda-auto-zasadni-promeny/,cs,True,152,81,138,sow-editor+sow-editor+sow-editor+sow-editor+skoda-offset+skoda-offset+sow-editor+sow-editor+sow-editor+sow-editor+sow-editor+sow-editor+sow-editor+sow-editor+skoda-offset+skoda-offset+sow-editor+sow-editor+sow-editor+sow-editor+sow-editor+sow-editor+sow-editor+sow-editor+skoda-offset+skoda-offset+sow-editor+sow-editor+sow-editor+sow-editor+sow-editor+sow-editor+sow-editor+sow-editor+skoda-offset+skoda-offset+sow-editor+sow-editor+sow-editor+sow-editor+sow-editor+sow-editor+sow-editor+sow-editor+skoda-offset+skoda-offset+sow-editor+sow-editor+sow-editor+sow-editor+sow-editor+sow-editor+sow-editor+sow-editor+skoda-offset+skoda-offset+sow-editor+sow-editor+sow-editor+sow-editor+sow-editor+sow-editor+sow-editor+sow-editor+skoda-offset+skoda-offset+sow-editor+sow-editor+sow-editor+sow-editor+sow-editor+sow-editor+sow-editor+sow-editor+skoda-offset+skoda-offset+sow-editor+sow-editor+sow-editor+sow-editor+sow-editor+sow-editor+sow-editor+sow-editor+skoda-offset+skoda-offset+sow-editor+sow-editor+sow-editor+sow-editor+sow-editor+sow-editor+sow-editor+sow-editor+skoda-offset+skoda-offset+sow-editor+sow-editor+sow-editor+sow-editor+sow-editor+sow-editor+sow-editor+sow-editor+skoda-offset+skoda-offset+sow-editor+sow-editor+sow-editor+sow-editor+sow-editor+sow-editor+sow-editor+sow-editor+skoda-offset+skoda-offset+sow-editor+sow-editor+sow-editor+sow-editor+sow-editor+sow-editor+sow-editor+sow-editor+skoda-offset+skoda-offset+sow-editor+sow-editor+sow-editor+sow-editor+sow-editor+sow-editor+sow-editor+sow-editor+skoda-offset+skoda-offset+sow-editor+sow-editor,,no
https://www.skoda-storyboard.com/cs/modely-cs/octavia-cs/cislo-mesice-7-000-000/,cs,True,45,24,20,sow-editor+sow-editor+sow-editor+sow-editor+sow-editor+sow-editor+sow-editor+sow-editor+sow-editor+sow-editor+sow-editor+sow-editor+sow-editor+sow-editor+sow-editor+sow-editor+sow-editor+sow-editor+sow-editor+sow-editor,,no
https://www.skoda-storyboard.com/cs/zivotni-styl/vyrazte-za-sluncem-s-kitesurfari-a-vozem-skoda-citigo%e1%b5%89-iv/,cs,True,45,27,28,sow-editor+sow-editor+sow-editor+sow-editor+sow-editor+sow-editor+sow-editor+sow-editor+sow-editor+sow-editor+sow-slider+sow-slider+sow-editor+sow-editor+sow-editor+sow-editor+sow-editor+sow-editor+sow-editor+sow-editor+sow-slider+sow-slider+sow-slider+sow-slider+sow-slider+sow-slider+sow-slider+sow-slider,,no
https://www.skoda-storyboard.com/cs/skoda-svet-cs/enyaq-vyjadruje-silu-i-setrnost-jak-vzniklo-jmeno-pro-nove-suv/,cs,True,24,21,10,sow-editor+sow-editor+sow-editor+sow-editor+sow-editor+sow-editor+sow-editor+sow-editor+sow-editor+sow-editor,,no
https://www.skoda-storyboard.com/cs/zivotni-styl/lide-cs/martina-sablikova-v-aute-si-topim-na-nohy/,cs,True,51,30,24,sow-editor+sow-editor+sow-editor+sow-editor+sow-editor+sow-editor+sow-editor+sow-editor+sow-editor+sow-editor+sow-editor+sow-editor+sow-editor+sow-editor+sow-editor+sow-editor+sow-editor+sow-editor+sow-editor+sow-editor+sow-editor+sow-editor+sow-editor+sow-editor,,no
https://www.skoda-storyboard.com/cs/zivotni-styl/motorsport-cs/360-video-zimni-bitva-sampionu-ve-voze-fabia-rally2-evo/,cs,True,34,18,24,sow-editor+sow-editor+sow-editor+sow-editor+skoda-offset+skoda-offset+sow-editor+sow-editor+sow-editor+sow-editor+sow-editor+sow-editor+sow-slider+sow-slider+sow-editor+sow-editor+sow-slider+sow-slider+sow-slider+sow-slider+sow-slider+sow-slider+sow-slider+sow-slider,,no
https://www.skoda-storyboard.com/cs/skoda-svet-cs/skoda-vision-in-se-predstavila/,cs,True,45,24,20,sow-editor+sow-editor+sow-editor+sow-editor+sow-editor+sow-editor+skoda-quote+skoda-quote+sow-editor+sow-editor+sow-editor+sow-editor+sow-editor+sow-editor+skoda-quote+skoda-quote+sow-editor+sow-editor+sow-editor+sow-editor,,no
https://www.skoda-storyboard.com/cs/skoda-svet-cs/nebezpecny-mikrospanek-proc-vznika-a-jak-se-mu-vyhnout/,cs,True,61,32,28,sow-editor+sow-editor+sow-editor+sow-editor+skoda-quote+skoda-quote+sow-editor+sow-editor+skoda-quote+skoda-quote+sow-editor+sow-editor+sow-editor+sow-editor+sow-editor+sow-editor+sow-editor+sow-editor+sow-editor+sow-editor+sow-editor+sow-editor+sow-editor+sow-editor+sow-editor+sow-editor+sow-editor+sow-editor,,no
https://www.skoda-storyboard.com/cs/skoda-svet-cs/inovace-a-technologie/technologie-cs/ty-nejcastejsi-e-otazky-a-e-odpovedi/,cs,True,83,66,32,sow-editor+sow-editor+sow-editor+sow-editor+sow-editor+sow-editor+sow-editor+sow-editor+sow-editor+sow-editor+sow-editor+sow-editor+sow-editor+sow-editor+sow-editor+sow-editor+sow-editor+sow-editor+sow-editor+sow-editor+sow-editor+sow-editor+sow-editor+sow-editor+sow-editor+sow-editor+sow-editor+sow-editor+sow-editor+sow-editor+sow-editor+sow-editor,,no
https://www.skoda-storyboard.com/cs/zivotni-styl/motorsport-cs/verni-kamaradi-zkuseneho-pilota/,cs,True,60,33,28,sow-editor+sow-editor+sow-editor+sow-editor+sow-editor+sow-editor+sow-editor+sow-editor+sow-editor+sow-editor+sow-editor+sow-editor+sow-editor+sow-editor+sow-editor+sow-editor+sow-editor+sow-editor+sow-editor+sow-editor+skoda-offset+skoda-offset+sow-editor+sow-editor+sow-editor+sow-editor+sow-editor+sow-editor,,no
https://www.skoda-storyboard.com/cs/125-let-skoda-cs/125-let-skoda-auto-ikonicke-vozy/,cs,True,13,6,4,sow-editor+sow-editor+ys-milestones+ys-milestones,ys-milestones,yes
https://www.skoda-storyboard.com/cs/skoda-svet-cs/design-cs/jak-se-rodi-kola/,cs,True,41,19,20,sow-editor+sow-editor+sow-editor+sow-editor+sow-editor+sow-editor+sow-editor+sow-editor+sow-editor+sow-editor+sow-editor+sow-editor+sow-editor+sow-editor+sow-editor+sow-editor+sow-editor+sow-editor+sow-editor+sow-editor,,no
https://www.skoda-storyboard.com/cs/skoda-svet-cs/inovace-a-technologie/technologie-cs/cislo-mesice-5-3/,cs,True,29,15,12,sow-editor+sow-editor+sow-editor+sow-editor+sow-editor+sow-editor+sow-editor+sow-editor+sow-editor+sow-editor+sow-editor+sow-editor,,no
https://www.skoda-storyboard.com/cs/skoda-svet-cs/poklady-z-garaze-top-5-veteranu-skoda/,cs,True,61,36,2,sow-editor+sow-editor,,no
https://www.skoda-storyboard.com/cs/skoda-svet-cs/inovace-a-technologie/technologie-cs/tajemstvi-vytapeni-hrejiva-naruc-automobilu/,cs,True,44,24,6,sow-editor+sow-editor+sow-editor+sow-editor+sow-editor+sow-editor,,no
https://www.skoda-storyboard.com/cs/skoda-svet-cs/design-cs/v-aute-jako-v-obyvaku/,cs,True,41,18,1,sow-editor,,no
https://www.skoda-storyboard.com/cs/skoda-svet-cs/divoka-a-zabavna-jizda-rokem-2019/,cs,True,28,15,10,sow-editor+sow-editor+sow-editor+sow-editor+sow-editor+sow-editor+sow-editor+sow-editor+sow-editor+sow-editor,,no
https://www.skoda-storyboard.com/cs/125-let-skoda-cs/cislo-mesice-125/,cs,True,13,6,4,sow-editor+sow-editor+sow-editor+sow-editor,,no
https://www.skoda-storyboard.com/cs/novinky-cs/2019-rok-kdy-odstartovala-budoucnost/,cs,True,28,15,12,sow-editor+sow-editor+sow-editor+sow-editor+sow-editor+sow-editor+sow-editor+sow-editor+sow-editor+sow-editor+sow-editor+sow-editor,,no
https://www.skoda-storyboard.com/cs/modely-cs/fabia-cs/jak-se-v-rallye-leta-vzduchem/,cs,True,24,12,12,sow-editor+sow-editor+sow-editor+sow-editor+sow-editor+sow-editor+sow-editor+sow-editor+sow-editor+sow-editor+sow-editor+sow-editor,,no
https://www.skoda-storyboard.com/cs/zivotni-styl/honba-za-nejlepsim-zaberem-z-dronu/,cs,True,35,15,20,sow-editor+sow-editor+sow-editor+sow-editor+sow-editor+sow-editor+sow-editor+sow-editor+sow-editor+sow-editor+sow-editor+sow-editor+sow-editor+sow-editor+sow-editor+sow-editor+sow-editor+sow-editor+sow-editor+sow-editor,,no
https://www.skoda-storyboard.com/cs/koncepty-cs/skoda-joyster-citronova-radost/,cs,True,39,15,9,sow-editor+sow-editor+sow-editor+sow-editor+sow-editor+sow-editor+sow-editor+sow-editor+sow-editor,,no
https://www.skoda-storyboard.com/cs/modely-cs/vyber-toho-nejlepsiho-ze-sveta-poznavacich-znacek/,cs,True,8,3,2,sow-editor+sow-editor,,no
https://www.skoda-storyboard.com/cs/skoda-svet-cs/inovace-a-technologie/kviz-jste-pripraveni-na-auta-budoucnosti/,cs,True,16,9,2,sow-editor+sow-editor,,no
https://www.skoda-storyboard.com/cs/zivotni-styl/motorsport-cs/skoda-motorsport-a-jejich-oddanost-vitezstvi/,cs,True,43,24,26,sow-editor+sow-editor+sow-editor+sow-editor+sow-editor+sow-editor+sow-editor+sow-editor+sow-editor+sow-editor+sow-editor+sow-editor+sow-editor+sow-editor+sow-editor+sow-editor+sow-editor+sow-editor+sow-editor+sow-editor+sow-editor+sow-editor+sow-editor+sow-editor+sow-editor+sow-editor,,no
https://www.skoda-storyboard.com/cs/skoda-svet-cs/tajne-oddeleni-kde-se-tvori-budoucnost/,cs,True,30,12,14,sow-editor+sow-editor+sow-editor+sow-editor+sow-editor+sow-editor+sow-editor+sow-editor+sow-editor+sow-editor+sow-editor+sow-editor+sow-editor+sow-editor,,no
https://www.skoda-storyboard.com/cs/skoda-svet-cs/design-cs/cislo-mesice-373/,cs,True,19,7,8,sow-editor+sow-editor+sow-editor+sow-editor+sow-editor+sow-editor+sow-editor+sow-editor,,no
https://www.skoda-storyboard.com/cs/e-mobilita-cs/elektricky-po-zemi-po-vode-i-vzduchem/,cs,True,77,33,36,sow-editor+sow-editor+sow-editor+sow-editor+sow-editor+sow-editor+sow-editor+sow-editor+sow-editor+sow-editor+sow-editor+sow-editor+sow-editor+sow-editor+sow-editor+sow-editor+sow-editor+sow-editor+sow-editor+sow-editor+sow-editor+sow-editor+sow-editor+sow-editor+sow-editor+sow-editor+sow-editor+sow-editor+sow-editor+sow-editor+sow-editor+sow-editor+sow-editor+sow-editor+sow-editor+sow-editor,,no
https://www.skoda-storyboard.com/cs/skoda-svet-cs/ctyri-v-jednom-jak-se-bali-auta-na-cestu-po-mori/,cs,True,63,27,7,sow-editor+sow-editor+sow-editor+sow-editor+sow-editor+sow-editor+sow-editor,,no
https://www.skoda-storyboard.com/cs/modely-cs/tajemstvi-poznavacich-znacek-svycarsko/,cs,True,29,13,6,sow-editor+sow-editor+sow-editor+sow-editor+sow-editor+sow-editor,,no
https://www.skoda-storyboard.com/cs/modely-cs/octavia-cs/nova-skoda-octavia-ocima-sefdesignera/,cs,True,35,14,16,sow-editor+sow-editor+sow-editor+sow-editor+sow-editor+sow-editor+sow-editor+sow-editor+sow-editor+sow-editor+sow-editor+sow-editor+sow-editor+sow-editor+sow-editor+sow-editor,,no
https://www.skoda-storyboard.com/cs/modely-cs/octavia-cs/nova-octavia-jezdim-s-ni-uz-rok-a-pul/,cs,True,19,8,7,sow-editor+sow-editor+sow-editor+sow-editor+sow-editor+sow-editor+sow-editor,,no
https://www.skoda-storyboard.com/cs/modely-cs/octavia-cs/moje-octavia-scout-ma-dobrodruznou-povahu-jako-ja/,cs,True,19,8,16,sow-editor+sow-editor+sow-editor+sow-editor+sow-editor+sow-editor+sow-editor+sow-editor+sow-editor+sow-editor+sow-editor+sow-editor+sow-editor+sow-editor+sow-editor+sow-editor,,no
https://www.skoda-storyboard.com/cs/modely-cs/octavia-cs/octavia-s-nami-prozila-vsechny-dulezite-okamziky/,cs,True,19,8,8,sow-editor+sow-editor+sow-editor+sow-editor+sow-editor+sow-editor+sow-editor+sow-editor,,no
https://www.skoda-storyboard.com/cs/modely-cs/kde-jina-auta-selhala-octavia-wrc-jela-dal/,cs,True,19,8,8,sow-editor+sow-editor+sow-editor+sow-editor+sow-editor+sow-editor+sow-editor+sow-editor,,no
https://www.skoda-storyboard.com/cs/historicke-vozy-cs/prvni-octavia-pobrala-rodinu-na-ceste-k-mori/,cs,True,19,8,15,sow-editor+sow-editor+sow-editor+sow-editor+sow-editor+sow-editor+sow-editor+sow-editor+sow-editor+sow-editor+sow-editor+sow-editor+sow-editor+sow-editor+sow-editor,,no
https://www.skoda-storyboard.com/cs/modely-cs/octavia-cs/nova-skoda-octavia-je-zde/,cs,True,19,8,2,sow-editor+sow-editor,,no
https://www.skoda-storyboard.com/cs/modely-cs/octavia-cs/skoda-octavia-a-jeji-cesty-casem/,cs,True,8,3,8,sow-editor+skoda-offset+sow-editor+skoda-offset+sow-editor+skoda-offset+sow-editor+skoda-offset,,no
https://www.skoda-storyboard.com/cs/modely-cs/octavia-cs/nova-skoda-octavia-nahlednete-do-interieru/,cs,True,20,8,10,sow-editor+sow-editor+sow-editor+sow-editor+sow-editor+sow-editor+sow-editor+sow-editor+sow-editor+sow-editor,,no
https://www.skoda-storyboard.com/cs/modely-cs/octavia-cs/nova-skoda-octavia-poodhaluje-svoji-tvar/,cs,True,24,9,2,sow-editor+sow-editor,,no
https://www.skoda-storyboard.com/cs/skoda-svet-cs/inovace-a-technologie/technologie-cs/od-kalkulacky-po-superpocitac/,cs,True,28,13,14,sow-editor+sow-editor+sow-editor+sow-editor+sow-editor+sow-editor+sow-editor+sow-editor+sow-editor+sow-editor+sow-editor+sow-editor+sow-editor+sow-editor,,no
https://www.skoda-storyboard.com/cs/zivotni-styl/sport-cs/fotogalerie-pripomente-si-mistrovskou-rallyovou-sezonu-2019/,cs,True,24,10,20,sow-editor+sow-editor+sow-editor+sow-editor+sow-editor+sow-editor+sow-editor+sow-editor+sow-editor+sow-editor+sow-editor+sow-editor+sow-editor+sow-editor+sow-editor+sow-editor+sow-editor+sow-editor+sow-editor+sow-editor,,no
https://www.skoda-storyboard.com/cs/modely-cs/octavia-cs/nova-skoda-octavia-inspiruje-umelce/,cs,True,36,21,14,sow-editor+sow-editor+sow-editor+sow-editor+sow-editor+sow-editor+sow-editor+sow-editor+sow-editor+sow-editor+sow-editor+sow-editor+sow-editor+sow-editor,,no
https://www.skoda-storyboard.com/cs/skoda-svet-cs/inovace-a-technologie/proc-to-delat-slozite-kdyz-to-jde-simply-clever/,cs,True,24,10,1,sow-editor,,no
https://www.skoda-storyboard.com/cs/modely-cs/cislo-mesice-1-401-500/,cs,True,13,6,5,sow-editor+sow-editor+sow-editor+sow-editor+sow-editor,,no
https://www.skoda-storyboard.com/cs/modely-cs/skoda-auto-poodhalila-novou-generaci-modelu-octavia/,cs,True,18,8,10,sow-editor+sow-editor+sow-editor+sow-editor+sow-editor+sow-editor+sow-editor+sow-editor+sow-editor+sow-editor,,no
https://www.skoda-storyboard.com/cs/e-mobilita-cs/elektrifikovane-vozy-skoda-co-nabidnou-zakaznikum/,cs,True,24,10,6,sow-editor+sow-editor+sow-editor+sow-editor+sow-editor+sow-editor,,no
https://www.skoda-storyboard.com/cs/modely-cs/indie-z-naroda-mopedu-narodem-automobilu/,cs,True,29,12,10,sow-editor+sow-editor+sow-editor+skoda-offset+sow-editor+sow-editor+sow-editor+sow-editor+sow-editor+sow-editor,,no
https://www.skoda-storyboard.com/cs/modely-cs/tajemstvi-poznavacich-znacek-polsko/,cs,True,29,12,5,sow-editor+sow-editor+sow-editor+sow-editor+sow-editor,,no
https://www.skoda-storyboard.com/cs/zivotni-styl/vareni-v-divocine-se-skoda-auto-a-almazan-kitchen-chata/,cs,True,13,4,9,sow-editor+sow-editor+sow-editor+sow-editor+sow-editor+sow-editor+sow-editor+sow-editor+sow-editor,,no
https://www.skoda-storyboard.com/cs/modely-cs/unikatni-pohled-na-vyrobu-modelu-auticek-znacky-skoda/,cs,True,23,10,12,sow-editor+sow-editor+sow-editor+sow-editor+sow-editor+sow-editor+sow-editor+sow-editor+sow-editor+sow-editor+sow-editor+sow-editor,,no
https://www.skoda-storyboard.com/cs/zivotni-styl/vareni-v-divocine-se-skoda-auto-a-almazan-kitchen-jezero/,cs,True,18,7,6,sow-editor+sow-editor+sow-editor+sow-editor+sow-editor+sow-editor,,no
https://www.skoda-storyboard.com/cs/skoda-svet-cs/inovace-a-technologie/okay-lauro-pojd-si-povidat/,cs,True,13,5,3,sow-editor+sow-editor+sow-editor,,no
https://www.skoda-storyboard.com/cs/modely-cs/tajemstvi-poznavacich-znacek-spanelsko/,cs,True,29,14,7,sow-editor+sow-editor+sow-editor+sow-editor+sow-editor+sow-editor+sow-editor,,no
https://www.skoda-storyboard.com/cs/zivotni-styl/vareni-v-divocine-se-skoda-auto-a-almazan-kitchen-les/,cs,True,13,5,8,sow-editor+sow-editor+sow-editor+sow-editor+sow-editor+sow-editor+sow-editor+sow-editor,,no
https://www.skoda-storyboard.com/cs/e-mobilita-cs/jak-se-uci-vdechnout-zivot-hybridnimu-vozu/,cs,True,35,15,4,sow-editor+sow-editor+sow-editor+sow-editor,,no
https://www.skoda-storyboard.com/cs/historicke-vozy-cs/cislo-mesice-132/,cs,True,13,5,5,sow-editor+sow-editor+sow-editor+sow-editor+sow-editor,,no
https://www.skoda-storyboard.com/cs/modely-cs/skoda-auto-na-frankfurtskem-autosalonu-2019/,cs,True,19,7,10,sow-editor+sow-editor+sow-editor+sow-editor+sow-editor+sow-editor+sow-editor+sow-editor+sow-editor+sow-editor,,no
https://www.skoda-storyboard.com/cs/modely-cs/iv-a-g-tec-ekologicke-alternativy/,cs,True,24,10,13,sow-editor+sow-editor+sow-editor+sow-editor+sow-editor+sow-editor+sow-editor+sow-editor+sow-editor+sow-editor+sow-editor+sow-editor+sow-editor,,no
https://www.skoda-storyboard.com/cs/modely-cs/nahlednete-do-elektricke-budoucnosti-znacky-skoda/,cs,True,19,7,5,sow-editor+sow-editor+sow-editor+sow-editor+sow-editor,,no
https://www.skoda-storyboard.com/cs/modely-cs/scala-a-kamiq-oblekaji-kabat-monte-carlo/,cs,True,19,8,20,sow-editor+sow-editor+sow-editor+sow-editor+sow-editor+sow-editor+sow-editor+sow-editor+sow-editor+sow-editor+sow-editor+sow-editor+sow-editor+sow-editor+sow-editor+sow-editor+sow-editor+sow-editor+sow-editor+skoda-offset,,no
https://www.skoda-storyboard.com/cs/modely-cs/kamiq-cs/skoda-kamiq-mezi-novinari/,cs,True,30,13,9,sow-editor+sow-editor+sow-editor+sow-editor+sow-editor+sow-editor+sow-editor+sow-editor+sow-editor,,no
https://www.skoda-storyboard.com/cs/skoda-svet-cs/na-prvni-kolej-prijizdi-vlak/,cs,True,39,16,7,sow-editor+sow-editor+sow-editor+sow-editor+sow-editor+sow-editor+sow-editor,,no
https://www.skoda-storyboard.com/cs/skoda-svet-cs/design-cs/snezny-muz-ve-dvou-barvach/,cs,True,30,13,13,sow-editor+sow-editor+sow-editor+sow-editor+sow-editor+sow-editor+sow-editor+sow-editor+sow-editor+sow-editor+sow-editor+sow-editor+sow-editor,,no
https://www.skoda-storyboard.com/cs/skoda-svet-cs/inovace-a-technologie/elektrina-cng-nebo-snad-vodik-posudte-sami/,cs,True,268,95,208,sow-editor+sow-editor+sow-editor+sow-editor+sow-editor+sow-editor+sow-editor+sow-editor+sow-editor+sow-editor+sow-editor+sow-editor+sow-editor+sow-editor+sow-editor+sow-editor+sow-editor+sow-editor+sow-editor+sow-editor+sow-editor+sow-editor+sow-editor+sow-editor+sow-editor+sow-editor+sow-editor+sow-editor+sow-editor+sow-editor+sow-editor+sow-editor+sow-editor+sow-editor+sow-editor+sow-editor+sow-editor+sow-editor+sow-editor+sow-editor+sow-editor+sow-editor+sow-editor+sow-editor+sow-editor+sow-editor+sow-editor+sow-editor+sow-editor+sow-editor+sow-editor+sow-editor+sow-editor+sow-editor+sow-editor+sow-editor+sow-editor+sow-editor+sow-editor+sow-editor+sow-editor+sow-editor+sow-editor+sow-editor+sow-editor+sow-editor+sow-editor+sow-editor+sow-editor+sow-editor+sow-editor+sow-editor+sow-editor+sow-editor+sow-editor+sow-editor+sow-editor+sow-editor+sow-editor+sow-editor+sow-editor+sow-editor+sow-editor+sow-editor+sow-editor+sow-editor+sow-editor+sow-editor+sow-editor+sow-editor+sow-editor+sow-editor+sow-editor+sow-editor+sow-editor+sow-editor+sow-editor+sow-editor+sow-editor+sow-editor+sow-editor+sow-editor+sow-editor+sow-editor+sow-editor+sow-editor+sow-editor+sow-editor+sow-editor+sow-editor+sow-editor+sow-editor+sow-editor+sow-editor+sow-editor+sow-editor+sow-editor+sow-editor+sow-editor+sow-editor+sow-editor+sow-editor+sow-editor+sow-editor+sow-editor+sow-editor+sow-editor+sow-editor+sow-editor+sow-editor+sow-editor+sow-editor+sow-editor+sow-editor+sow-editor+sow-editor+sow-editor+sow-editor+sow-editor+sow-editor+sow-editor+sow-editor+sow-editor+sow-editor+sow-editor+sow-editor+sow-editor+sow-editor+sow-editor+sow-editor+sow-editor+sow-editor+sow-editor+sow-editor+sow-editor+sow-editor+sow-editor+sow-editor+sow-editor+sow-editor+sow-editor+sow-editor+sow-editor+sow-editor+sow-editor+sow-editor+sow-editor+sow-editor+sow-editor+sow-editor+sow-editor+sow-editor+sow-editor+sow-editor+sow-editor+sow-editor+sow-editor+sow-editor+sow-editor+sow-editor+sow-editor+sow-editor+sow-editor+sow-editor+sow-editor+sow-editor+sow-editor+sow-editor+sow-editor+sow-editor+sow-editor+sow-editor+sow-editor+sow-editor+sow-editor+sow-editor+sow-editor+sow-editor+sow-editor+sow-editor+sow-editor+sow-editor+sow-editor+sow-editor+sow-editor+sow-editor+sow-editor+sow-editor,,no
https://www.skoda-storyboard.com/cs/skoda-svet-cs/inovace-a-technologie/krok-za-krokem-nejmodernejsi-lakovnou-skoda-auto/,cs,True,18,7,32,sow-editor+sow-editor+sow-editor+sow-editor+sow-editor+sow-editor+sow-editor+sow-editor+sow-editor+sow-editor+sow-editor+sow-editor+sow-editor+sow-editor+sow-editor+sow-editor+sow-editor+sow-editor+sow-editor+sow-editor+sow-editor+sow-editor+sow-editor+sow-editor+sow-editor+sow-editor+sow-editor+sow-editor+sow-editor+sow-editor+sow-editor+sow-editor,,no
https://www.skoda-storyboard.com/cs/modely-cs/kamiq-cs/skoda-kamiq-partak-pro-mestska-dobrodruzstvi/,cs,True,73,29,28,sow-editor+sow-editor+sow-editor+sow-editor+sow-editor+sow-editor+sow-editor+sow-editor+sow-editor+sow-editor+sow-editor+sow-editor+sow-editor+sow-editor+sow-editor+sow-editor+sow-editor+sow-editor+sow-editor+sow-editor+sow-editor+sow-editor+sow-editor+sow-editor+sow-editor+sow-editor+sow-editor+sow-editor,,no
https://www.skoda-storyboard.com/cs/e-mobilita-cs/cislo-mesice-13-000/,cs,True,8,3,3,sow-editor+sow-editor+sow-editor,,no
https://www.skoda-storyboard.com/cs/zivotni-styl/sport-cs/7-kroku-jak-si-koupit-rallyove-auto/,cs,True,106,48,70,sow-editor+sow-editor+sow-editor+sow-editor+sow-editor+sow-editor+sow-editor+sow-editor+sow-editor+sow-editor+sow-editor+sow-editor+sow-editor+sow-editor+sow-editor+sow-editor+sow-editor+sow-editor+sow-editor+sow-editor+sow-editor+sow-editor+sow-editor+sow-editor+sow-editor+sow-editor+sow-editor+sow-editor+sow-editor+sow-editor+sow-editor+sow-editor+sow-editor+sow-editor+sow-editor+sow-editor+sow-editor+sow-editor+sow-editor+sow-editor+sow-editor+sow-editor+sow-editor+sow-editor+sow-editor+sow-editor+sow-editor+sow-editor+sow-editor+sow-editor+sow-editor+sow-editor+sow-editor+sow-editor+sow-editor+sow-editor+sow-editor+sow-editor+sow-editor+sow-editor+sow-editor+sow-editor+sow-editor+sow-editor+sow-editor+sow-editor+sow-editor+sow-editor+sow-editor+sow-editor,,no
https://www.skoda-storyboard.com/cs/modely-cs/tajemstvi-poznavacich-znacek-francie/,cs,True,29,12,7,sow-editor+sow-editor+sow-editor+sow-editor+sow-editor+sow-editor+sow-editor,,no
https://www.skoda-storyboard.com/cs/za-oponou-cs/pohled-do-zakulisi-jak-se-meri-emise/,cs,True,24,10,10,sow-editor+sow-editor+sow-editor+sow-editor+sow-editor+sow-editor+sow-editor+sow-editor+sow-editor+sow-editor,,no
https://www.skoda-storyboard.com/cs/skoda-svet-cs/inovace-a-technologie/nove-cesty-k-elektrine/,cs,True,51,22,1,sow-editor,,no
https://www.skoda-storyboard.com/cs/zivotni-styl/sport-cs/slavia-na-letape-zelezna-vule-a-neplanovany-maraton/,cs,True,29,14,10,sow-editor+sow-editor+sow-editor+sow-editor+sow-editor+sow-editor+sow-editor+sow-editor+sow-editor+sow-editor,,no
https://www.skoda-storyboard.com/cs/skoda-svet-cs/inovace-a-technologie/250-let-hledani-idealniho-pohonu/,cs,True,24,10,23,sow-editor+sow-editor+sow-editor+sow-editor+sow-editor+sow-editor+sow-editor+sow-editor+sow-editor+sow-editor+sow-editor+sow-editor+sow-editor+sow-editor+sow-editor+sow-editor+sow-editor+sow-editor+sow-editor+sow-editor+sow-editor+sow-editor+sow-editor,,no
https://www.skoda-storyboard.com/cs/skoda-svet-cs/inovace-a-technologie/90-let-na-bezicim-pase/,cs,True,49,20,14,ys-embed-share+skoda-offset+ys-embed-share+skoda-offset+ys-embed-share+skoda-offset+ys-embed-share+skoda-offset+ys-embed-share+skoda-offset+ys-embed-share+skoda-offset+sow-editor+skoda-offset,ys-embed-share,yes
https://www.skoda-storyboard.com/cs/zivotni-styl/sport-cs/cislo-mesice-5-2/,cs,True,13,4,2,sow-editor+sow-editor,,no
https://www.skoda-storyboard.com/cs/skoda-svet-cs/design-cs/designer-svetlo-vnasi-zivot-do-skla-my-do-svetel/,cs,True,35,14,7,sow-editor+sow-editor+sow-editor+sow-editor+sow-editor+sow-editor+sow-editor,,no
https://www.skoda-storyboard.com/cs/zivotni-styl/sport-cs/slavia-versus-festka-scalatore-120-let-cyklisticke-evoluce/,cs,True,33,12,25,sow-editor+skoda-offset+sow-editor+sow-editor+sow-editor+sow-editor+sow-editor+sow-editor+sow-editor+sow-editor+sow-editor+sow-editor+sow-editor+sow-editor+sow-editor+sow-editor+sow-editor+sow-editor+sow-editor+sow-editor+sow-editor+sow-editor+sow-editor+sow-editor+sow-editor,,no
https://www.skoda-storyboard.com/cs/modely-cs/superb-cs/nova-skoda-superb-a-nejlepsi-mesto-sveta/,cs,True,8,3,16,sow-editor+sow-editor+sow-editor+sow-editor+sow-editor+sow-editor+sow-editor+sow-editor+sow-editor+sow-editor+sow-editor+sow-editor+sow-editor+sow-editor+sow-editor+sow-editor,,no
https://www.skoda-storyboard.com/cs/modely-cs/tajemstvi-poznavacich-znacek-italie/,cs,True,18,8,7,sow-editor+sow-editor+sow-editor+sow-editor+sow-editor+sow-editor+sow-editor,,no
https://www.skoda-storyboard.com/cs/skoda-svet-cs/inovace-a-technologie/technologie-cs/manual-nebo-automat-rozhodujte-se-bez-predsudku/,cs,True,8,3,14,sow-editor+sow-editor+sow-editor+sow-editor+sow-editor+skoda-offset+sow-editor+sow-editor+skoda-offset+sow-editor+sow-editor+skoda-offset+sow-editor+sow-editor,,no
https://www.skoda-storyboard.com/cs/zivotni-styl/sport-cs/legenda-se-vyda-na-trat-etapy-slavne-tour-de-france/,cs,True,19,8,12,sow-editor+sow-editor+sow-editor+sow-editor+sow-editor+sow-editor+sow-editor+sow-editor+sow-editor+sow-editor+sow-editor+sow-editor,,no
https://www.skoda-storyboard.com/cs/modely-cs/superb-cs/kdyz-svetla-ridi-kamera-a-gps/,cs,True,14,5,8,sow-editor+sow-editor+sow-editor+skoda-offset+sow-editor+sow-editor+sow-editor+sow-editor,,no
https://www.skoda-storyboard.com/cs/skoda-svet-cs/inovace-a-technologie/technologie-cs/10-tipu-jak-pouzivat-spravne-klimatizaci/,cs,True,124,56,70,sow-editor+sow-editor+sow-editor+sow-editor+sow-editor+sow-editor+sow-editor+sow-editor+sow-editor+sow-editor+sow-editor+sow-editor+sow-editor+sow-editor+sow-editor+sow-editor+sow-editor+sow-editor+sow-editor+sow-editor+sow-editor+sow-editor+sow-editor+sow-editor+sow-editor+sow-editor+sow-editor+sow-editor+sow-editor+sow-editor+sow-editor+sow-editor+sow-editor+sow-editor+sow-editor+sow-editor+sow-editor+sow-editor+sow-editor+sow-editor+sow-editor+sow-editor+sow-editor+sow-editor+sow-editor+sow-editor+sow-editor+sow-editor+sow-editor+sow-editor+sow-editor+sow-editor+sow-editor+sow-editor+sow-editor+sow-editor+sow-editor+sow-editor+sow-editor+sow-editor+sow-editor+sow-editor+sow-editor+sow-editor+sow-editor+sow-editor+sow-editor+sow-editor+sow-editor+sow-editor,,no
https://www.skoda-storyboard.com/cs/modely-cs/tajemstvi-poznavacich-znacek-cina/,cs,True,8,3,11,sow-editor+sow-editor+sow-editor+sow-editor+sow-editor+sow-editor+skoda-offset+sow-editor+sow-editor+skoda-offset+sow-editor,,no
https://www.skoda-storyboard.com/cs/skoda-svet-cs/cislo-mesice-48/,cs,True,24,10,10,sow-editor+sow-editor+sow-editor+sow-editor+sow-editor+sow-editor+sow-editor+sow-editor+sow-editor+sow-editor,,no
https://www.skoda-storyboard.com/cs/zivotni-styl/lide-cs/jizda-autem-krasnou-krajinou-je-inspirativni/,cs,True,19,8,1,sow-editor,,no
https://www.skoda-storyboard.com/cs/zivotni-styl/sport-cs/5-rad-pro-bezpecne-souziti-cyklistu-a-ridicu/,cs,True,41,16,9,sow-editor+sow-editor+sow-editor+sow-editor+sow-editor+sow-editor+sow-editor+sow-editor+sow-editor,,no
https://www.skoda-storyboard.com/cs/skoda-svet-cs/inovace-a-technologie/technologie-cs/klimatizace-zhava-fakta-ze-zakulisi-chlazeni/,cs,True,35,16,10,sow-editor+sow-editor+sow-editor+sow-editor+sow-editor+sow-editor+sow-editor+sow-editor+sow-editor+sow-editor,,no
https://www.skoda-storyboard.com/cs/e-mobilita-cs/300-nabijecich-bodu/,cs,True,54,27,22,sow-editor+sow-editor+sow-editor+sow-editor+sow-editor+sow-editor+sow-editor+sow-editor+sow-editor+sow-editor+sow-editor+sow-editor+sow-editor+sow-editor+sow-editor+sow-editor+sow-editor+sow-editor+sow-editor+sow-editor+sow-editor+sow-editor,,no
https://www.skoda-storyboard.com/cs/koncepty-cs/zakovsky-vuz-skoda-mountiaq-se-predstavuje/,cs,True,22,9,25,sow-editor+sow-editor+sow-editor+sow-editor+sow-editor+sow-editor+sow-editor+sow-editor+sow-editor+skoda-offset+sow-editor+sow-editor+sow-editor+sow-editor+sow-editor+sow-editor+sow-editor+sow-editor+sow-editor+sow-editor+sow-editor+sow-editor+sow-editor+sow-editor+sow-editor,,no
https://www.skoda-storyboard.com/cs/zivotni-styl/sport-cs/nova-fabia-r5-evo-excelovala-v-portugalskem-kurzu-preziti/,cs,True,52,22,4,sow-editor+sow-editor+sow-editor+sow-editor,,no
https://www.skoda-storyboard.com/cs/zivotni-styl/sport-cs/skoda-fabia-r5-evo-odstartovala-poprve-do-svetove-rallye/,cs,True,83,34,15,sow-editor+sow-editor+sow-editor+sow-editor+sow-editor+sow-editor+sow-editor+sow-editor+sow-editor+sow-editor+sow-editor+sow-editor+sow-editor+sow-editor+sow-editor,,no
https://www.skoda-storyboard.com/cs/za-oponou-cs/technika-hasicu-skoda-auto-dron-robot-60metrova-plosina/,cs,True,110,52,4,sow-editor+sow-editor+sow-editor+sow-editor,,no
https://www.skoda-storyboard.com/cs/koncepty-cs/jak-se-dela-zakovsky-vuz-snu/,cs,True,82,34,16,sow-editor+sow-editor+sow-editor+sow-editor+sow-editor+sow-editor+sow-editor+sow-editor+sow-editor+sow-editor+sow-editor+sow-editor+sow-editor+sow-editor+sow-editor+sow-editor,,no
https://www.skoda-storyboard.com/cs/zivotni-styl/lide-cs/alain-favey-budoucnost-spociva-v-siroke-nabidce-elektromobilu/,cs,True,19,8,21,sow-editor+sow-editor+sow-editor+sow-editor+sow-editor+sow-editor+sow-editor+sow-editor+sow-editor+sow-editor+sow-editor+sow-editor+sow-editor+sow-editor+sow-editor+sow-editor+sow-editor+sow-editor+sow-editor+sow-editor+sow-editor,,no
https://www.skoda-storyboard.com/cs/modely-cs/elektrifikovany-superb-iv-a-citigoe-iv-se-predstavily/,cs,True,29,12,16,sow-editor+sow-editor+sow-editor+sow-editor+sow-editor+sow-editor+sow-editor+sow-editor+sow-editor+sow-editor+sow-editor+sow-editor+sow-editor+sow-editor+sow-editor+sow-editor,,no
https://www.skoda-storyboard.com/cs/modely-cs/superb-cs/nahlednete-pod-kapotu-vozu-superb-iv/,cs,True,13,6,13,sow-editor+sow-editor+sow-editor+sow-editor+sow-editor+sow-editor+sow-editor+sow-editor+sow-editor+sow-editor+sow-editor+sow-editor+sow-editor,,no
https://www.skoda-storyboard.com/cs/modely-cs/citigo-cs/skoda-citigo%e1%b5%89-iv-se-predstavuje-co-skryva-uvnitr/,cs,True,13,6,8,sow-editor+sow-editor+sow-editor+sow-editor+sow-editor+sow-editor+sow-editor+sow-editor,,no
https://www.skoda-storyboard.com/cs/zivotni-styl/sport-cs/bratislavu-zdobi-originalni-socha-z-hokejovych-puku/,cs,True,19,8,6,sow-editor+sow-editor+sow-editor+sow-editor+sow-editor+sow-editor,,no
https://www.skoda-storyboard.com/cs/modely-cs/cislo-mesice-27/,cs,True,27,9,1,sow-editor,,no
https://www.skoda-storyboard.com/cs/modely-cs/superb-cs/modernizovany-superb-predstavuje-full-led-matrix-svetlomety/,cs,True,19,7,12,sow-editor+sow-editor+sow-editor+sow-editor+sow-editor+sow-editor+sow-editor+sow-editor+sow-editor+sow-editor+sow-editor+sow-editor,,no
https://www.skoda-storyboard.com/cs/zivotni-styl/sport-cs/nomadi-na-kolech-pokorili-saharu/,cs,True,30,14,3,sow-editor+sow-editor+sow-editor,,no
https://www.skoda-storyboard.com/cs/zivotni-styl/sport-cs/will-it-fit-skoda-karoq-scout-versus-2-000-puku/,cs,True,38,14,16,sow-editor+sow-editor+sow-editor+sow-editor+sow-editor+sow-editor+sow-editor+sow-editor+sow-editor+sow-editor+sow-editor+sow-editor+sow-editor+sow-editor+sow-editor+sow-editor,,no
https://www.skoda-storyboard.com/cs/modely-cs/superb-cs/modernizovany-superb-odhaluje-tvar/,cs,True,13,6,15,sow-editor+sow-editor+sow-editor+sow-editor+sow-editor+sow-editor+sow-editor+sow-editor+sow-editor+sow-editor+sow-editor+sow-editor+sow-editor+sow-editor+sow-editor,,no
https://www.skoda-storyboard.com/cs/modely-cs/tajemstvi-poznavacich-znacek-rusko/,cs,True,19,8,11,sow-editor+sow-editor+sow-editor+sow-editor+sow-editor+sow-editor+sow-editor+sow-editor+sow-editor+sow-editor+sow-editor,,no
https://www.skoda-storyboard.com/cs/skoda-svet-cs/draci-lode-kdyz-vite-co-znamena-zit-pro-tym/,cs,True,52,21,4,sow-editor+sow-editor+sow-editor+sow-editor,,no
https://www.skoda-storyboard.com/cs/skoda-svet-cs/design-cs/skoda-tudor-auto-ktere-ma-dodnes-co-rict/,cs,True,19,7,7,sow-editor+sow-editor+sow-editor+sow-editor+sow-editor+sow-editor+sow-editor,,no
https://www.skoda-storyboard.com/cs/skoda-svet-cs/inovace-a-technologie/technologie-cs/v-lete-dojezdi-stare-zimaky-a-dalsi-nebezpecne-myty-o-pneumatikach/,cs,True,69,31,1,sow-editor,,no
https://www.skoda-storyboard.com/cs/skoda-svet-cs/inovace-a-technologie/cely-svet-v-praze-vymyslel-cestovani-budoucnosti/,cs,True,19,7,8,sow-editor+sow-editor+sow-editor+sow-editor+sow-editor+sow-editor+sow-editor+sow-editor,,no
https://www.skoda-storyboard.com/cs/modely-cs/scala-cs/cislo-mesice-40/,cs,True,13,5,5,sow-editor+sow-editor+sow-editor+sow-editor+sow-editor,,no
https://www.skoda-storyboard.com/cs/modely-cs/tajemstvi-poznavacich-znacek-nemecko/,cs,True,24,11,9,sow-editor+sow-editor+sow-editor+sow-editor+sow-editor+sow-editor+sow-editor+sow-editor+sow-editor,,no
https://www.skoda-storyboard.com/cs/zivotni-styl/na-kole-bezpecne/,cs,True,30,15,5,sow-editor+sow-editor+sow-editor+sow-editor+sow-editor,,no
https://www.skoda-storyboard.com/cs/e-mobilita-cs/dotace-na-nakup-nulova-dan-nebo-zadne-mytne-aneb-jak-podporit-emobilitu/,cs,True,56,24,18,sow-editor+sow-editor+sow-editor+sow-editor+sow-editor+sow-editor+sow-editor+sow-editor+sow-editor+sow-editor+sow-editor+sow-editor+sow-editor+sow-editor+sow-editor+sow-editor+sow-editor+sow-editor,,no
https://www.skoda-storyboard.com/cs/skoda-svet-cs/dedictvi-cs/startovani-v-promenach-desetileti/,cs,True,8,3,2,ys-milestones+ys-milestones,ys-milestones,yes
https://www.skoda-storyboard.com/cs/skoda-svet-cs/inovace-a-technologie/technologie-cs/pneumatiky-cerna-magie-z-gumy/,cs,True,19,7,14,sow-editor+sow-editor+sow-editor+sow-editor+sow-editor+sow-editor+sow-editor+sow-editor+sow-editor+sow-editor+sow-editor+sow-editor+sow-editor+sow-editor,,no
https://www.skoda-storyboard.com/cs/zivotni-styl/motorsport-cs/adrenalin-v-servisu-jak-zavodi-mechanici/,cs,True,8,3,18,sow-editor+sow-editor+sow-editor+sow-editor+sow-editor+sow-editor+sow-editor+sow-editor+sow-editor+sow-editor+sow-editor+sow-editor+sow-editor+sow-editor+sow-editor+sow-editor+sow-editor+sow-editor,,no
https://www.skoda-storyboard.com/cs/modely-cs/zakovsky-vuz-zaujme-mohutnymi-koly-a-ostrymi-hranami/,cs,True,22,9,16,sow-editor+sow-editor+sow-editor+sow-editor+sow-editor+sow-editor+sow-editor+sow-editor+sow-editor+sow-editor+sow-editor+sow-editor+sow-editor+sow-editor+sow-editor+sow-editor,,no
https://www.skoda-storyboard.com/cs/e-mobilita-cs/druhy-elektromobilu-znate-je-vsechny/,cs,True,16,9,6,sow-editor+sow-editor+sow-editor+sow-editor+sow-editor+sow-editor,,no
https://www.skoda-storyboard.com/cs/skoda-svet-cs/vyrocni-tiskova-konference-skoda-auto-2/,cs,True,8,2,8,sow-editor+sow-editor+sow-editor+sow-editor+sow-editor+sow-editor+sow-editor+sow-editor,,no
https://www.skoda-storyboard.com/cs/modely-cs/cislo-mesice-140/,cs,True,8,2,6,sow-editor+sow-editor+sow-editor+sow-editor+sow-editor+sow-editor,,no
https://www.skoda-storyboard.com/cs/modely-cs/kodiaq-cs/ledova-vyzva-skoda-kodiaq-rs-a-okruh-polarnim-kruhem/,cs,True,8,3,8,sow-editor+sow-editor+sow-editor+sow-editor+sow-editor+sow-editor+sow-editor+sow-editor,,no
https://www.skoda-storyboard.com/cs/modely-cs/kviz-otestujte-sve-znalosti-ze-zenevskeho-autosalonu-2019/,cs,True,14,6,2,sow-editor+sow-editor,,no
https://www.skoda-storyboard.com/cs/modely-cs/tajemstvi-poznavacich-znacek-indie/,cs,True,19,8,8,sow-editor+sow-editor+sow-editor+sow-editor+sow-editor+sow-editor+sow-editor+sow-editor,,no
https://www.skoda-storyboard.com/cs/skoda-svet-cs/prohlednete-si-novinky-znacky-skoda-v-zeneve/,cs,True,8,3,13,sow-editor+sow-editor+sow-editor+sow-editor+sow-editor+sow-editor+sow-editor+sow-editor+sow-editor+sow-editor+sow-editor+sow-editor+sow-editor,,no
https://www.skoda-storyboard.com/cs/modely-cs/scala-cs/seznamte-se-skoda-scala/,cs,True,19,8,10,sow-editor+sow-editor+sow-editor+sow-editor+sow-editor+sow-editor+sow-editor+sow-editor+sow-editor+sow-editor,,no
https://www.skoda-storyboard.com/cs/koncepty-cs/seznamte-se-skoda-vision-iv/,cs,True,19,8,18,sow-editor+sow-editor+sow-editor+sow-editor+sow-editor+sow-editor+sow-editor+sow-editor+sow-editor+sow-editor+sow-editor+sow-editor+sow-editor+sow-editor+sow-editor+sow-editor+sow-editor+sow-editor,,no
https://www.skoda-storyboard.com/cs/modely-cs/kamiq-cs/seznamte-se-skoda-kamiq/,cs,True,19,8,11,sow-editor+sow-editor+sow-editor+sow-editor+sow-editor+sow-editor+sow-editor+sow-editor+sow-editor+sow-editor+sow-editor,,no
https://www.skoda-storyboard.com/cs/skoda-svet-cs/zive-skoda-auto-na-zenevskem-autosalonu-2019/,cs,True,8,3,6,sow-editor+sow-editor+sow-editor+sow-editor+sow-editor+sow-editor,,no
https://www.skoda-storyboard.com/cs/koncepty-cs/klement-vize-mestske-mobility-budoucnosti/,cs,True,8,3,13,sow-editor+sow-editor+sow-editor+sow-editor+sow-editor+sow-editor+sow-editor+sow-editor+sow-editor+sow-editor+sow-editor+sow-editor+sow-editor,,no
https://www.skoda-storyboard.com/cs/koncepty-cs/skoda-vision-iv-je-tady/,cs,True,8,3,5,sow-editor+sow-editor+sow-editor+sow-editor+sow-editor,,no
https://www.skoda-storyboard.com/cs/zivotni-styl/lide-cs/bernhard-maier-menime-budoucnost-naseho-odvetvi/,cs,True,8,3,9,sow-editor+sow-editor+sow-editor+sow-editor+sow-editor+sow-editor+sow-editor+sow-editor+sow-editor,,no
https://www.skoda-storyboard.com/cs/modely-cs/kamiq-cs/jak-skoda-kamiq-ovlivnila-influencery/,cs,True,30,13,3,sow-editor+sow-editor+sow-editor,,no
https://www.skoda-storyboard.com/cs/modely-cs/kamiq-cs/skoda-kamiq-exkluzivni-odhaleni/,cs,True,41,18,6,sow-editor+sow-editor+sow-editor+sow-editor+sow-editor+sow-editor,,no
https://www.skoda-storyboard.com/cs/e-mobilita-cs/smart-city-je-proces-hledani-chytrych-reseni/,cs,True,27,14,10,sow-editor+sow-editor+sow-editor+sow-editor+sow-editor+sow-editor+sow-editor+sow-editor+sow-editor+sow-editor,,no
https://www.skoda-storyboard.com/cs/zivotni-styl/motorsport-cs/souboj-generaci-kalle-vs-harri-rovanpera/,cs,True,19,7,13,sow-editor+sow-editor+sow-editor+sow-editor+sow-editor+sow-editor+sow-editor+sow-editor+sow-editor+sow-editor+sow-editor+sow-editor+skoda-offset,,no
https://www.skoda-storyboard.com/cs/koncepty-cs/pohled-do-interieru-vision-iv/,cs,True,19,8,10,sow-editor+sow-editor+sow-editor+sow-editor+sow-editor+sow-editor+sow-editor+sow-editor+sow-editor+sow-editor,,no
https://www.skoda-storyboard.com/cs/modely-cs/tajemstvi-poznavacich-znacek-velka-britanie/,cs,True,8,3,12,sow-editor+sow-editor+sow-editor+sow-editor+sow-editor+sow-editor+sow-editor+sow-editor+sow-editor+sow-editor+sow-editor+sow-editor,,no
https://www.skoda-storyboard.com/cs/koncepty-cs/dalsi-pohled-do-elektricke-budoucnosti/,cs,True,19,8,1,sow-editor,,no
https://www.skoda-storyboard.com/cs/skoda-svet-cs/dedictvi-cs/dejiny-simply-clever/,cs,True,13,4,22,sow-editor+sow-editor+sow-editor+sow-editor+sow-editor+sow-editor+sow-editor+sow-editor+sow-editor+sow-editor+skoda-quote+sow-editor+sow-editor+sow-editor+sow-editor+sow-editor+sow-editor+sow-editor+sow-editor+sow-editor+sow-editor+sow-editor,,no
https://www.skoda-storyboard.com/cs/e-mobilita-cs/nabijeni-misto-tankovani-jak-zmeni-zivot/,cs,True,27,13,17,skoda-offset+sow-editor+sow-editor+sow-editor+sow-editor+sow-editor+sow-editor+sow-editor+sow-editor+sow-slider+skoda-offset+sow-editor+skoda-offset+sow-editor+sow-editor+sow-editor+sow-editor,,no
https://www.skoda-storyboard.com/cs/skoda-svet-cs/inovace-a-technologie/konektivita-cs/nova-generace-konektivity-poprve-na-scene/,cs,True,30,11,8,sow-editor+sow-editor+sow-editor+sow-editor+sow-editor+sow-editor+sow-editor+sow-editor,,no
https://www.skoda-storyboard.com/cs/modely-cs/volant-vlevo-ale-proc-vlastne/,cs,True,8,3,10,ys-embed-share+sow-editor+sow-editor+sow-editor+sow-editor+sow-editor+sow-editor+sow-editor+sow-editor+sow-editor,ys-embed-share,yes
https://www.skoda-storyboard.com/cs/modely-cs/octavia-cs/cislo-mesice-60/,cs,True,8,3,10,sow-editor+sow-editor+sow-editor+sow-editor+sow-editor+sow-editor+sow-editor+sow-editor+sow-editor+sow-editor,,no
https://www.skoda-storyboard.com/cs/modely-cs/kamiq-cs/skoda-kamiq-na-prvnich-skicach/,cs,True,19,8,5,sow-editor+sow-editor+sow-editor+sow-editor+sow-editor,,no
https://www.skoda-storyboard.com/cs/modely-cs/kamiq-cs/nove-suv-skoda-ponese-jmeno-kamiq/,cs,True,8,3,8,sow-editor+sow-editor+sow-editor+sow-editor+sow-editor+sow-editor+sow-editor+sow-editor,,no
https://www.skoda-storyboard.com/cs/e-mobilita-cs/uvod-do-sveta-baterii/,cs,True,16,9,14,sow-editor+sow-editor+sow-editor+sow-editor+sow-editor+sow-editor+sow-editor+sow-editor+sow-editor+sow-editor+sow-editor+sow-editor+sow-editor+sow-editor,,no
https://www.skoda-storyboard.com/cs/modely-cs/cislo-mesice-5/,cs,True,8,3,3,sow-editor+sow-editor+sow-editor,,no
https://www.skoda-storyboard.com/cs/modely-cs/prvni-pohled-na-nove-suv-znacky-skoda/,cs,True,19,8,1,sow-editor,,no
https://www.skoda-storyboard.com/cs/skoda-svet-cs/dedictvi-cs/pozor-zmena-smeru/,cs,True,8,3,4,ys-milestones+ys-milestones+sow-editor+sow-editor,ys-milestones,yes
https://www.skoda-storyboard.com/cs/modely-cs/kodiaq-cs/mistr-sveta-v-rallye-otestoval-kodiaq-rs/,cs,True,19,7,8,sow-editor+sow-editor+sow-editor+sow-editor+sow-editor+sow-editor+sow-editor+sow-editor,,no
https://www.skoda-storyboard.com/cs/e-mobilita-cs/carsharing-jezdit-autem-ale-nevlastnit-ho/,cs,True,32,15,5,sow-editor+sow-editor+sow-editor+siteorigin-panels-builder+sow-editor,siteorigin-panels-builder,yes
https://www.skoda-storyboard.com/cs/modely-cs/tajemstvi-poznavacich-znacek-ceska-republika/,cs,True,19,7,10,sow-editor+sow-editor+sow-editor+sow-editor+sow-editor+sow-editor+sow-editor+sow-editor+sow-editor+sow-editor,,no
https://www.skoda-storyboard.com/cs/zivotni-styl/to-nejlepsi-ze-storyboardu-puky-kola-sekundy/,cs,True,8,3,13,sow-editor+sow-editor+sow-editor+sow-editor+sow-editor+sow-editor+sow-editor+sow-editor+sow-editor+sow-editor+sow-editor+sow-editor+sow-editor,,no
https://www.skoda-storyboard.com/cs/modely-cs/to-nejlepsi-ze-storyboardu-minulost-soucasnost-i-budoucnost/,cs,True,8,3,12,sow-editor+sow-editor+sow-editor+sow-editor+sow-editor+sow-editor+sow-editor+sow-editor+sow-editor+sow-editor+sow-editor+sow-editor,,no
https://www.skoda-storyboard.com/cs/skoda-svet-cs/skoda-nepoprat-darek-na-posledni-chvili-vanocni-prani/,cs,True,23,9,14,sow-editor+sow-editor+sow-editor+sow-editor+sow-editor+sow-editor+sow-editor+sow-editor+sow-editor+sow-editor+sow-editor+sow-editor+sow-editor+sow-editor,,no
https://www.skoda-storyboard.com/cs/zivotni-styl/lide-cs/muj-zivot-s-autem-na-11-zpusobu/,cs,True,293,138,138,sow-editor+sow-editor+sow-editor+sow-editor+sow-editor+sow-editor+sow-editor+sow-editor+sow-editor+sow-editor+sow-editor+sow-editor+sow-editor+sow-editor+sow-editor+sow-editor+sow-editor+sow-editor+sow-editor+sow-editor+sow-editor+sow-editor+sow-editor+sow-editor+sow-editor+sow-editor+sow-editor+sow-editor+sow-editor+sow-editor+sow-editor+sow-editor+sow-editor+sow-editor+sow-editor+sow-editor+sow-editor+sow-editor+sow-editor+sow-editor+sow-editor+sow-editor+sow-editor+sow-editor+sow-editor+sow-editor+sow-editor+sow-editor+sow-editor+sow-editor+sow-editor+sow-editor+sow-editor+sow-editor+sow-editor+sow-editor+sow-editor+sow-editor+sow-editor+sow-editor+sow-editor+sow-editor+sow-editor+sow-editor+sow-editor+sow-editor+sow-editor+sow-editor+sow-editor+sow-editor+sow-editor+sow-editor+sow-editor+sow-editor+sow-editor+sow-editor+sow-editor+sow-editor+sow-editor+sow-editor+sow-editor+sow-editor+sow-editor+sow-editor+sow-editor+sow-editor+sow-editor+sow-editor+sow-editor+sow-editor+sow-editor+sow-editor+sow-editor+sow-editor+sow-editor+sow-editor+sow-editor+sow-editor+sow-editor+sow-editor+sow-editor+sow-editor+sow-editor+sow-editor+sow-editor+sow-editor+sow-editor+sow-editor+sow-editor+sow-editor+sow-editor+sow-editor+sow-editor+sow-editor+sow-editor+sow-editor+sow-editor+sow-editor+sow-editor+sow-editor+sow-editor+sow-editor+sow-editor+sow-editor+sow-editor+sow-editor+sow-editor+sow-editor+sow-editor+sow-editor+sow-editor+sow-editor+sow-editor+sow-editor+sow-editor+sow-editor+sow-editor+sow-editor,,no
https://www.skoda-storyboard.com/cs/zivotni-styl/sport-cs/fabia-r5-a-prekvapive-vyzvy/,cs,True,8,2,9,sow-editor+sow-editor+sow-editor+sow-editor+sow-editor+sow-editor+sow-editor+sow-editor+sow-editor,,no
https://www.skoda-storyboard.com/cs/zivotni-styl/nejlepsi-darky-pro-motoristy/,cs,True,73,39,50,sow-editor+sow-editor+sow-editor+sow-editor+sow-editor+sow-editor+sow-editor+sow-editor+sow-editor+sow-editor+sow-editor+sow-editor+sow-editor+sow-editor+sow-editor+sow-editor+sow-editor+sow-editor+sow-editor+sow-editor+sow-editor+sow-editor+sow-editor+sow-editor+sow-editor+sow-editor+sow-editor+sow-editor+sow-editor+sow-editor+sow-editor+sow-editor+sow-editor+sow-editor+sow-editor+sow-editor+sow-editor+sow-editor+sow-editor+sow-editor+sow-editor+sow-editor+sow-editor+sow-editor+sow-editor+sow-editor+sow-editor+sow-editor+sow-editor+sow-editor,,no
https://www.skoda-storyboard.com/cs/e-mobilita-cs/to-nejlepsi-ze-storyboardu-emobilita/,cs,True,31,18,4,sow-editor+sow-editor+sow-editor+sow-editor,,no
https://www.skoda-storyboard.com/cs/modely-cs/kodiaq-cs/skoda-kodiaq-rs-ocima-designera/,cs,True,24,10,9,sow-editor+sow-editor+sow-editor+sow-editor+sow-editor+sow-editor+sow-editor+sow-editor+sow-editor,,no
https://www.skoda-storyboard.com/cs/skoda-svet-cs/dedictvi-cs/ceska-stopa-ve-svetove-hudbe/,cs,True,38,20,24,sow-editor+sow-editor+sow-editor+sow-editor+sow-editor+sow-editor+sow-editor+sow-editor+sow-editor+sow-editor+sow-editor+sow-editor+sow-editor+sow-editor+sow-editor+sow-editor+sow-editor+sow-editor+sow-editor+sow-editor+sow-editor+sow-editor+sow-editor+sow-editor,,no
https://www.skoda-storyboard.com/cs/zivotni-styl/lide-cs/nora-egri-jedenactileta-blondynka-miri-do-profi-hokeje%e2%80%af/,cs,True,34,15,1,sow-editor,,no
https://www.skoda-storyboard.com/cs/zivotni-styl/lide-cs/priscilia-le-follova-kazda-milisekunda-v-zivote-je-dulezita/,cs,True,34,15,4,sow-editor+sow-editor+sow-editor+sow-editor,,no
https://www.skoda-storyboard.com/cs/zivotni-styl/lide-cs/davor-rostuhar-kazdy-ma-talent-zalezi-na-odhodlani/,cs,True,34,15,2,sow-editor+sow-editor,,no
https://www.skoda-storyboard.com/cs/zivotni-styl/lide-cs/zuzana-habanova-svet-je-tak-barevny-jak-jen-mu-dovolite/,cs,True,39,20,3,sow-editor+sow-editor+sow-editor,,no
https://www.skoda-storyboard.com/cs/zivotni-styl/lide-cs/kalle-rovanpera-jezdim-abych-vyhraval/,cs,True,39,17,1,sow-editor,,no
https://www.skoda-storyboard.com/cs/modely-cs/scala-cs/svetova-premiera-noveho-modelu-skoda-scala/,cs,True,18,7,4,sow-editor+sow-editor+sow-editor+sow-editor,,no
https://www.skoda-storyboard.com/cs/zivotni-styl/lide-cs/isabelle-beckersova-ted-je-mym-cilem-olympiada/,cs,True,39,18,2,sow-editor+sow-editor,,no
https://www.skoda-storyboard.com/cs/zivotni-styl/lide-cs/svetova-premiera-vozu-skoda-scala-prectete-si-pribehy-plne-odvahy/,cs,True,8,3,5,sow-editor+sow-editor+sow-editor+sow-editor+sow-editor,,no
https://www.skoda-storyboard.com/cs/zivotni-styl/motorsport-cs/sezona-wrc-2-ocima-jana-kopeckeho/,cs,True,38,15,8,sow-editor+sow-editor+sow-editor+sow-editor+sow-editor+sow-editor+skoda-offset+sow-editor,,no
https://www.skoda-storyboard.com/cs/modely-cs/scala-cs/nova-skoda-scala-v-cem-bude-unikatni/,cs,True,51,24,26,sow-editor+sow-editor+sow-editor+sow-editor+sow-editor+sow-editor+sow-editor+sow-editor+sow-editor+sow-editor+sow-editor+sow-editor+sow-editor+sow-editor+sow-editor+sow-editor+sow-editor+sow-editor+sow-editor+sow-editor+sow-editor+sow-editor+skoda-offset+skoda-offset+sow-editor+sow-editor,,no
https://www.skoda-storyboard.com/cs/modely-cs/scala-cs/skoda-scala-prekvapuje-unikatni-kamuflazi-u-lennonovy-zdi/,cs,True,65,30,2,sow-editor+sow-editor,,no
https://www.skoda-storyboard.com/cs/skoda-svet-cs/dedictvi-cs/ceska-stopa-ferdinand-porsche/,cs,True,48,24,1,skoda-offset,,no
https://www.skoda-storyboard.com/cs/skoda-svet-cs/dedictvi-cs/ceska-stopa-ceske-zlepsovaky/,cs,True,48,25,28,sow-editor+sow-editor+sow-editor+sow-editor+sow-editor+sow-editor+sow-editor+sow-editor+sow-editor+sow-editor+sow-editor+sow-editor+sow-editor+sow-editor+sow-editor+sow-editor+sow-editor+sow-editor+sow-editor+sow-editor+sow-editor+sow-editor+sow-editor+sow-editor+sow-editor+sow-editor+sow-editor+sow-editor,,no
https://www.skoda-storyboard.com/cs/modely-cs/tajemstvi-automobilovych-barev/,cs,True,8,3,18,sow-editor+sow-editor+sow-editor+sow-editor+ys-embed-share+skoda-offset+sow-editor+sow-editor+sow-editor+sow-editor+sow-editor+skoda-offset+sow-editor+sow-editor+sow-editor+sow-editor+sow-editor+sow-editor,ys-embed-share,yes
https://www.skoda-storyboard.com/cs/skoda-svet-cs/inovace-a-technologie/technologie-cs/360-prohlidka-jak-se-testuji-motory/,cs,True,24,12,17,sow-editor+sow-editor+ys-embed-share+sow-button+skoda-offset+sow-editor+sow-editor+sow-editor+ys-embed-share+sow-button+skoda-offset+sow-editor+sow-editor+sow-editor+sow-editor+sow-editor+sow-editor,sow-button;ys-embed-share,yes
https://www.skoda-storyboard.com/cs/skoda-svet-cs/dedictvi-cs/ceska-stopa-vynalezy-a-vynalezci/,cs,True,53,21,20,sow-editor+sow-editor+sow-editor+sow-editor+sow-editor+sow-editor+sow-editor+sow-editor+sow-editor+sow-editor+sow-editor+sow-editor+sow-editor+sow-editor+sow-editor+sow-editor+sow-editor+sow-editor+sow-editor+sow-editor,,no
https://www.skoda-storyboard.com/cs/modely-cs/kodiaq-cs/skoda-kodiaq-gt-nova-vlajkova-lod-pro-cinu/,cs,True,63,25,26,sow-editor+sow-editor+sow-editor+sow-editor+sow-editor+sow-editor+sow-editor+sow-editor+sow-editor+sow-editor+sow-editor+sow-editor+sow-editor+sow-editor+sow-editor+sow-editor+sow-editor+sow-editor+sow-editor+sow-editor+sow-editor+sow-editor+sow-editor+sow-editor+sow-editor+sow-editor,,no
https://www.skoda-storyboard.com/cs/e-mobilita-cs/5-priorit-emobility-skoda-auto/,cs,True,56,36,1,sow-editor,,no
https://www.skoda-storyboard.com/cs/modely-cs/skoda-4x4-nejlepsi-jizda-na-snehu/,cs,True,38,18,1,sow-editor,,no
https://www.skoda-storyboard.com/cs/zivotni-styl/lide-cs/muj-zivot-s-autem-v-kamionu-jsem-panem-sveho-casu/,cs,True,152,63,58,sow-editor+sow-editor+sow-editor+sow-editor+sow-editor+sow-editor+sow-editor+sow-editor+sow-editor+sow-editor+sow-editor+sow-editor+sow-editor+sow-editor+sow-editor+sow-editor+sow-editor+sow-editor+sow-editor+sow-editor+sow-editor+sow-editor+sow-editor+sow-editor+sow-editor+sow-editor+sow-editor+sow-editor+sow-editor+sow-editor+sow-editor+sow-editor+sow-editor+sow-editor+sow-editor+sow-editor+sow-editor+sow-editor+sow-editor+sow-editor+sow-editor+sow-editor+sow-editor+sow-editor+sow-editor+sow-editor+sow-editor+sow-editor+sow-editor+sow-editor+sow-editor+sow-editor+sow-editor+sow-editor+sow-editor+sow-editor+sow-editor+sow-editor,,no
https://www.skoda-storyboard.com/cs/modely-cs/scala-cs/skoda-scala-prvni-pohled-do-interieru/,cs,True,19,10,1,sow-editor,,no
https://www.skoda-storyboard.com/cs/zivotni-styl/sport-cs/na-plny-plyn-tovarnou-skoda-auto/,cs,True,8,3,8,sow-editor+sow-editor+sow-editor+sow-editor+sow-editor+sow-editor+sow-editor+sow-editor,,no
https://www.skoda-storyboard.com/cs/skoda-svet-cs/pripravte-sve-auto-na-zimu/,cs,True,14,5,5,sow-editor+sow-editor+sow-editor+sow-editor+sow-editor,,no
https://www.skoda-storyboard.com/cs/skoda-svet-cs/dedictvi-cs/ceska-stopa-kristal-do-celeho-sveta/,cs,True,53,27,1,sow-editor,,no
https://www.skoda-storyboard.com/cs/skoda-svet-cs/inovace-a-technologie/virtualni-nocni-jizda/,cs,True,52,27,24,sow-editor+sow-editor+sow-editor+sow-editor+sow-editor+sow-editor+sow-editor+sow-editor+sow-editor+sow-editor+sow-editor+sow-editor+sow-editor+sow-editor+sow-editor+sow-editor+sow-editor+sow-editor+sow-editor+sow-editor+sow-editor+sow-editor+sow-editor+sow-editor,,no
https://www.skoda-storyboard.com/cs/skoda-svet-cs/jak-skoda-auto-laka-mlade-talenty/,cs,True,8,3,11,sow-editor+sow-editor+sow-editor+sow-editor+sow-editor+sow-editor+sow-editor+sow-editor+sow-editor+sow-editor+sow-editor,,no
https://www.skoda-storyboard.com/cs/skoda-svet-cs/inovace-a-technologie/technologie-cs/vuz-skoda-ocima-mechanika-poznate-tyto-dily-3-cast/,cs,True,43,24,2,sow-editor+sow-editor,,no
https://www.skoda-storyboard.com/cs/skoda-svet-cs/inovace-a-technologie/konektivita-cs/od-handsfree-po-vzdy-online/,cs,True,8,3,2,ys-milestones+ys-milestones,ys-milestones,yes
https://www.skoda-storyboard.com/cs/zivotni-styl/lide-cs/muj-zivot-s-autem-auto-mi-nahradilo-nohy/,cs,True,77,33,11,sow-editor+sow-editor+sow-editor+sow-editor+sow-editor+sow-editor+sow-editor+sow-editor+sow-editor+sow-editor+sow-editor,,no
https://www.skoda-storyboard.com/cs/modely-cs/scala-cs/nova-skoda-scala/,cs,True,8,3,2,sow-editor+sow-editor,,no
https://www.skoda-storyboard.com/cs/zivotni-styl/lide-cs/nezapomenutelny-vylet-s-vozem-skoda-vision-rs/,cs,True,40,18,1,sow-editor,,no
https://www.skoda-storyboard.com/cs/skoda-svet-cs/kviz-proverte-sve-znalosti-z-parizskeho-autosalonu/,cs,True,14,6,2,sow-editor+sow-editor,,no
https://www.skoda-storyboard.com/cs/modely-cs/scala-cs/prvni-pohled-na-budouci-kompaktni-vuz-skoda/,cs,True,24,12,10,sow-editor+sow-editor+sow-editor+sow-editor+sow-editor+sow-editor+sow-editor+sow-editor+sow-editor+sow-editor,,no
https://www.skoda-storyboard.com/cs/modely-cs/fabia-cs/vuz-skoda-ocima-mechanika-poznate-tyto-dily-2-cast/,cs,True,58,31,40,sow-editor+sow-editor+sow-editor+sow-editor+sow-editor+sow-editor+sow-editor+sow-editor+sow-editor+sow-editor+sow-editor+sow-editor+sow-editor+sow-editor+sow-editor+sow-editor+sow-editor+sow-editor+sow-editor+sow-editor+sow-editor+sow-editor+sow-editor+sow-editor+sow-editor+sow-editor+sow-editor+sow-editor+sow-editor+sow-editor+sow-editor+sow-editor+sow-editor+sow-editor+sow-editor+sow-editor+sow-editor+sow-editor+sow-editor+sow-editor,,no
https://www.skoda-storyboard.com/cs/skoda-svet-cs/skoda-auto-v-parizi-360-prohlidka-stanku/,cs,True,8,3,12,sow-editor+sow-editor+sow-editor+sow-editor+sow-editor+sow-editor+sow-editor+sow-editor+sow-editor+sow-editor+sow-editor+sow-editor,,no
https://www.skoda-storyboard.com/cs/modely-cs/karoq-cs/skoda-karoq-scout-versus-sportline-jak-je-rozeznat/,cs,True,39,21,2,sow-editor+sow-editor,,no
https://www.skoda-storyboard.com/cs/modely-cs/kodiaq-cs/seznamte-se-skoda-kodiaq-rs/,cs,True,14,4,10,sow-editor+sow-editor+sow-editor+sow-editor+sow-editor+sow-editor+sow-editor+sow-editor+sow-editor+sow-editor,,no
https://www.skoda-storyboard.com/cs/koncepty-cs/seznamte-se-skoda-vision-rs/,cs,True,80,31,34,sow-editor+sow-editor+sow-editor+sow-editor+sow-editor+sow-editor+sow-editor+sow-editor+sow-editor+sow-editor+sow-editor+sow-editor+sow-editor+sow-editor+sow-editor+sow-editor+sow-editor+sow-editor+sow-editor+sow-editor+sow-editor+sow-editor+sow-editor+sow-editor+sow-editor+sow-editor+sow-editor+sow-editor+sow-editor+sow-editor+sow-editor+sow-editor+sow-editor+sow-editor,,no
https://www.skoda-storyboard.com/cs/media-cs/zive-vysilani-cs/z-parize-primo-do-budoucnosti/,cs,True,16,9,4,sow-editor+sow-editor+sow-editor+sow-editor,,no
https://www.skoda-storyboard.com/cs/media-cs/zive-vysilani-cs/skoda-vision-rs-a-kodiaq-rs-v-predpremiere/,cs,True,16,9,3,sow-editor+sow-editor+sow-editor,,no
https://www.skoda-storyboard.com/cs/zivotni-styl/motorsport-cs/tajemstvi-rallyoveho-navigatora/,cs,True,22,8,14,sow-editor+sow-editor+sow-editor+sow-editor+sow-editor+sow-editor+sow-editor+sow-editor+sow-editor+sow-editor+sow-editor+sow-editor+sow-editor+sow-editor,,no
https://www.skoda-storyboard.com/cs/koncepty-cs/skoda-vision-rs-ekologicky-sportovec/,cs,True,46,22,24,sow-editor+sow-editor+sow-editor+sow-editor+sow-editor+sow-editor+sow-editor+sow-editor+sow-editor+sow-editor+sow-editor+sow-editor+sow-editor+sow-editor+sow-editor+sow-editor+sow-editor+sow-editor+sow-editor+sow-editor+sow-editor+sow-editor+sow-editor+sow-editor,,no
https://www.skoda-storyboard.com/cs/modely-cs/kodiaq-cs/kodiaq-na-ostrove-kodiak/,cs,True,13,5,4,sow-editor+sow-editor+sow-editor+sow-editor,,no
https://www.skoda-storyboard.com/cs/e-mobilita-cs/kviz-co-vite-nejen-o-elektromobilite/,cs,True,22,11,6,sow-editor+sow-editor+sow-editor+sow-editor+sow-editor+sow-editor,,no
https://www.skoda-storyboard.com/cs/zivotni-styl/sport-cs/na-ceste-s-miss-peaches-surfovani-v-san-sebastianu/,cs,True,42,24,18,sow-editor+sow-editor+sow-editor+sow-editor+sow-editor+sow-editor+sow-editor+sow-editor+sow-editor+sow-editor+sow-editor+sow-editor+sow-editor+sow-editor+sow-editor+sow-editor+sow-editor+sow-editor,,no
https://www.skoda-storyboard.com/cs/modely-cs/skoda-kodiaq-rs-odhaluje-detaily/,cs,True,28,12,11,sow-editor+sow-editor+sow-editor+sow-editor+sow-editor+sow-editor+sow-editor+sow-editor+sow-editor+sow-editor+sow-editor,,no
https://www.skoda-storyboard.com/cs/modely-cs/fabia-cs/vuz-skoda-ocima-mechanika-poznate-tyto-dily-1-cast/,cs,True,58,33,40,sow-editor+sow-editor+sow-editor+sow-editor+sow-editor+sow-editor+sow-editor+sow-editor+sow-editor+sow-editor+sow-editor+sow-editor+sow-editor+sow-editor+sow-editor+sow-editor+sow-editor+sow-editor+sow-editor+sow-editor+sow-editor+sow-editor+sow-editor+sow-editor+sow-editor+sow-editor+sow-editor+sow-editor+sow-editor+sow-editor+sow-editor+sow-editor+sow-editor+sow-editor+sow-editor+sow-editor+sow-editor+sow-editor+sow-editor+sow-editor,,no
https://www.skoda-storyboard.com/cs/zivotni-styl/sport-cs/cyklistika-cs/na-ceste-s-miss-peaches-enduro-v-barcelone/,cs,True,42,24,22,sow-editor+sow-editor+sow-editor+sow-editor+sow-editor+sow-editor+sow-editor+sow-editor+sow-editor+sow-editor+sow-editor+sow-editor+sow-editor+sow-editor+sow-editor+sow-editor+sow-editor+sow-editor+sow-editor+sow-editor+sow-editor+sow-editor,,no
https://www.skoda-storyboard.com/cs/historicke-vozy-cs/muj-zivot-s-autem-nejsou-problemy-jen-reseni/,cs,True,137,57,52,sow-editor+sow-editor+sow-editor+sow-editor+sow-editor+sow-editor+sow-editor+sow-editor+sow-editor+sow-editor+sow-editor+sow-editor+sow-editor+sow-editor+sow-editor+sow-editor+sow-editor+sow-editor+sow-editor+sow-editor+sow-editor+sow-editor+sow-editor+sow-editor+sow-editor+sow-editor+sow-editor+sow-editor+sow-editor+sow-editor+sow-editor+sow-editor+sow-editor+sow-editor+sow-editor+sow-editor+sow-editor+sow-editor+sow-editor+sow-editor+sow-editor+sow-editor+sow-editor+sow-editor+sow-editor+sow-editor+sow-editor+sow-editor+sow-editor+sow-editor+sow-editor+sow-editor,,no
https://www.skoda-storyboard.com/cs/modely-cs/octavia-cs/catch-the-arrow-dokument-ze-zakulisi-svetoveho-rekordu/,cs,True,43,20,22,sow-editor+sow-editor+sow-editor+sow-editor+sow-editor+sow-editor+sow-editor+sow-editor+sow-editor+sow-editor+sow-editor+sow-editor+sow-editor+sow-editor+sow-editor+sow-editor+sow-editor+sow-editor+sow-editor+sow-editor+sow-editor+sow-editor,,no
https://www.skoda-storyboard.com/cs/koncepty-cs/budoucnost-genu-rs-pohled-zevnitr/,cs,True,43,25,2,sow-editor+sow-editor,,no
https://www.skoda-storyboard.com/cs/zivotni-styl/sport-cs/cyklistika-cs/na-ceste-s-miss-peaches-triky-ve-skate-parku-v-marseille/,cs,True,37,22,18,sow-editor+sow-editor+sow-editor+sow-editor+sow-editor+sow-editor+sow-editor+sow-editor+sow-editor+sow-editor+sow-editor+sow-editor+sow-editor+sow-editor+sow-editor+sow-editor+sow-editor+sow-editor,,no
https://www.skoda-storyboard.com/cs/skoda-svet-cs/bezpecny-navrat-do-skoly/,cs,True,24,12,7,sow-editor+sow-editor+sow-editor+sow-editor+sow-editor+sow-editor+sow-editor,,no
https://www.skoda-storyboard.com/cs/koncepty-cs/budoucnost-genu-rs/,cs,True,57,30,22,skoda-offset+skoda-offset+sow-editor+sow-editor+sow-editor+sow-editor+sow-editor+sow-editor+sow-editor+sow-editor+skoda-quote+skoda-quote+sow-editor+sow-editor+sow-editor+sow-editor+sow-editor+sow-editor+sow-editor+sow-editor+sow-editor+sow-editor,,no
https://www.skoda-storyboard.com/cs/modely-cs/rapid-cs/skoda-rapid-spaceback-ve-sluzbach-papeze/,cs,True,8,3,5,sow-editor+sow-editor+sow-editor+sow-editor+sow-editor,,no
https://www.skoda-storyboard.com/cs/zivotni-styl/sport-cs/na-ceste-s-miss-peaches-downhill-ve-svycarskem-champery/,cs,True,37,21,20,skoda-offset+skoda-offset+sow-editor+sow-editor+sow-editor+sow-editor+sow-editor+sow-editor+sow-editor+sow-editor+sow-editor+sow-editor+sow-editor+sow-editor+sow-editor+sow-editor+sow-editor+sow-editor+sow-editor+sow-editor,,no
https://www.skoda-storyboard.com/cs/modely-cs/fabia-cs/v-ere-influenceru-myslim-ze-mam-to-auto-rad/,cs,True,43,18,20,sow-editor+sow-editor+sow-editor+sow-editor+sow-editor+sow-editor+sow-editor+sow-editor+sow-editor+sow-editor+sow-editor+sow-editor+sow-editor+sow-editor+sow-editor+sow-editor+sow-editor+sow-editor+sow-editor+sow-editor,,no
https://www.skoda-storyboard.com/cs/modely-cs/kodiaq-cs/skoda-kodiaq-rs-prijizdi-s-novym-logem/,cs,True,13,12,8,sow-editor+sow-editor+sow-editor+sow-editor+sow-editor+sow-editor+sow-editor+sow-editor,,no
https://www.skoda-storyboard.com/cs/skoda-svet-cs/dedictvi-cs/od-radia-po-internet-aneb-jak-se-vyvijely-audiosystemy/,cs,True,18,7,6,sow-editor+sow-editor+sow-editor+sow-editor+ys-milestones+ys-milestones,ys-milestones,yes
https://www.skoda-storyboard.com/cs/modely-cs/milion-suv-znacky-skoda/,cs,True,61,61,40,skoda-offset+skoda-offset+sow-editor+sow-editor+sow-editor+sow-editor+skoda-offset+skoda-offset+sow-editor+sow-editor+skoda-offset+skoda-offset+sow-editor+sow-editor+sow-editor+sow-editor+sow-editor+sow-editor+skoda-offset+skoda-offset+sow-editor+sow-editor+skoda-offset+skoda-offset+sow-editor+sow-editor+sow-editor+sow-editor+skoda-offset+skoda-offset+sow-editor+sow-editor+sow-editor+sow-editor+sow-editor+sow-editor+sow-editor+sow-editor+sow-editor+sow-editor,,no
https://www.skoda-storyboard.com/cs/zivotni-styl/sport-cs/cyklistika-cs/na-ceste-s-miss-peaches-divoka-voda-ve-svycarsku/,cs,True,42,24,18,sow-editor+sow-editor+sow-editor+sow-editor+sow-editor+sow-editor+sow-editor+sow-editor+sow-editor+sow-editor+sow-editor+sow-editor+sow-editor+sow-editor+sow-editor+sow-editor+sow-editor+sow-editor,,no
https://www.skoda-storyboard.com/cs/e-mobilita-cs/co-prinesou-elektricka-auta-zakaznikum/,cs,True,47,23,1,sow-editor,,no
https://www.skoda-storyboard.com/cs/skoda-svet-cs/inovace-a-technologie/technologie-cs/muj-stroj-ultrazvukova-kontrola-svaru/,cs,True,8,7,4,skoda-offset+skoda-offset+sow-editor+sow-editor,,no
https://www.skoda-storyboard.com/cs/modely-cs/octavia-cs/vystreleny-sip-versus-octavia-rs/,cs,True,45,28,22,sow-editor+sow-editor+sow-editor+sow-editor+sow-editor+sow-editor+sow-editor+sow-editor+sow-editor+sow-editor+sow-editor+sow-editor+sow-editor+sow-editor+sow-editor+sow-editor+sow-editor+sow-editor+sow-editor+sow-editor+sow-editor+sow-editor,,no
https://www.skoda-storyboard.com/cs/zivotni-styl/sport-cs/na-ceste-s-miss-peaches-canyoning-ve-svycarsku/,cs,True,37,21,14,sow-editor+sow-editor+sow-editor+sow-editor+sow-editor+sow-editor+sow-editor+sow-editor+sow-editor+sow-editor+sow-editor+sow-editor+sow-editor+sow-editor,,no
https://www.skoda-storyboard.com/cs/zivotni-styl/lide-cs/muj-zivot-s-autem-kdyz-ma-vuz-dvoje-pedaly/,cs,True,112,48,54,sow-editor+sow-editor+sow-editor+sow-editor+skoda-offset+skoda-offset+sow-editor+sow-editor+sow-editor+sow-editor+sow-editor+sow-editor+sow-editor+sow-editor+sow-editor+sow-editor+sow-editor+sow-editor+sow-editor+sow-editor+sow-editor+sow-editor+sow-editor+sow-editor+sow-editor+sow-editor+sow-editor+sow-editor+sow-editor+sow-editor+sow-editor+sow-editor+sow-editor+sow-editor+sow-editor+sow-editor+skoda-offset+skoda-offset+sow-editor+sow-editor+sow-editor+sow-editor+sow-editor+sow-editor+sow-editor+sow-editor+sow-editor+sow-editor+sow-editor+sow-editor+sow-editor+sow-editor+sow-editor+sow-editor,,no
https://www.skoda-storyboard.com/cs/modely-cs/fabia-cs/skoda-fabia-osvezeny-design-a-nova-technika/,cs,True,38,17,1,sow-editor,,no
https://www.skoda-storyboard.com/cs/zivotni-styl/motorsport-cs/velky-bracha-prohlednete-si-servisni-kamion/,cs,True,29,14,3,sow-editor+sow-editor+sow-editor,,no
https://www.skoda-storyboard.com/cs/zivotni-styl/sport-cs/cyklistika-cs/na-ceste-s-miss-peaches-helen-nad-udolim-stubaital/,cs,True,43,27,20,sow-editor+sow-editor+sow-editor+sow-editor+sow-editor+sow-editor+sow-editor+sow-editor+sow-editor+sow-editor+sow-editor+sow-editor+sow-editor+sow-editor+sow-editor+sow-editor+sow-editor+sow-editor+sow-editor+sow-editor,,no
https://www.skoda-storyboard.com/cs/historicke-vozy-cs/alpske-rendez-vous/,cs,True,24,10,10,sow-editor+sow-editor+sow-editor+sow-editor+skoda-quote+skoda-quote+sow-editor+sow-editor+sow-editor+sow-editor,,no
https://www.skoda-storyboard.com/cs/skoda-svet-cs/dedictvi-cs/exkurze-do-minulosti/,cs,True,39,23,12,sow-editor+sow-editor+sow-editor+sow-editor+sow-editor+sow-editor+sow-editor+sow-editor+sow-editor+sow-editor+sow-editor+sow-editor,,no
https://www.skoda-storyboard.com/cs/zivotni-styl/sport-cs/cyklistika-cs/na-ceste-s-miss-peaches-viola-ve-stuttgartu/,cs,True,32,19,18,skoda-offset+skoda-offset+sow-editor+sow-editor+sow-editor+sow-editor+sow-editor+sow-editor+sow-editor+sow-editor+sow-editor+sow-editor+sow-editor+sow-editor+sow-editor+sow-editor+sow-editor+sow-editor,,no
https://www.skoda-storyboard.com/cs/zivotni-styl/sport-cs/tour-de-france-na-vlastni-kuzi/,cs,True,19,8,10,sow-editor+sow-editor+sow-editor+sow-editor+sow-editor+sow-editor+skoda-quote+skoda-quote+sow-editor+sow-editor,,no
https://www.skoda-storyboard.com/cs/zivotni-styl/lide-cs/argentinske-dobrodruzstvi-lovce-kilometru/,cs,True,52,26,4,sow-editor+sow-editor+sow-editor+sow-editor,,no
https://www.skoda-storyboard.com/cs/zivotni-styl/sport-cs/cyklistika-cs/proverte-si-co-vite-o-tour-de-france/,cs,True,52,47,24,skoda-offset+skoda-offset+sow-editor+sow-editor+skoda-offset+skoda-offset+sow-editor+sow-editor+sow-editor+sow-editor+sow-editor+sow-editor+skoda-offset+skoda-offset+sow-editor+sow-editor+sow-editor+sow-editor+sow-editor+sow-editor+sow-editor+sow-editor+sow-editor+sow-editor,,no
https://www.skoda-storyboard.com/cs/skoda-svet-cs/inovace-a-technologie/technologie-cs/pozor-jede-robot/,cs,True,13,5,8,sow-editor+sow-editor+sow-editor+sow-editor+sow-editor+sow-editor+sow-editor+sow-editor,,no
https://www.skoda-storyboard.com/cs/zivotni-styl/lide-cs/fredrik-ahlin-nezapomente-se-bavit/,cs,True,34,15,10,sow-editor+sow-editor+sow-editor+sow-editor+sow-editor+skoda-quote+sow-editor+sow-editor+skoda-quote+sow-editor,,no
https://www.skoda-storyboard.com/cs/zivotni-styl/sport-cs/cyklistika-cs/predskokani/,cs,True,128,129,2,sow-editor+sow-editor,,no
https://www.skoda-storyboard.com/cs/zivotni-styl/lide-cs/muj-zivot-s-autem-kdyz-to-jde-rada-na-to-slapnu/,cs,True,122,53,48,sow-editor+sow-editor+sow-editor+sow-editor+sow-editor+sow-editor+sow-editor+sow-editor+skoda-quote+skoda-quote+sow-editor+sow-editor+sow-editor+sow-editor+sow-editor+sow-editor+skoda-quote+skoda-quote+sow-editor+sow-editor+sow-editor+sow-editor+sow-editor+sow-editor+sow-editor+sow-editor+sow-editor+sow-editor+sow-editor+sow-editor+sow-editor+sow-editor+sow-editor+sow-editor+sow-editor+sow-editor+skoda-quote+skoda-quote+sow-editor+sow-editor+sow-editor+sow-editor+sow-editor+sow-editor+skoda-quote+skoda-quote+sow-editor+sow-editor,,no
https://www.skoda-storyboard.com/cs/zivotni-styl/sport-cs/velitelsky-vuz/,cs,True,82,56,38,sow-editor+sow-editor+sow-editor+sow-editor+sow-editor+sow-editor+sow-editor+sow-editor+sow-editor+sow-editor+sow-editor+sow-editor+sow-editor+sow-editor+skoda-quote+skoda-quote+sow-editor+sow-editor+skoda-offset+skoda-offset+sow-editor+sow-editor+sow-editor+sow-editor+sow-editor+sow-editor+skoda-offset+skoda-offset+sow-editor+sow-editor+sow-editor+sow-editor+sow-editor+sow-editor+sow-editor+sow-editor+sow-editor+sow-editor,,no
https://www.skoda-storyboard.com/cs/e-mobilita-cs/budoucnost-emobility/,cs,True,51,28,2,sow-editor+sow-editor,,no
https://www.skoda-storyboard.com/cs/historicke-vozy-cs/tisic-mil-ceskoslovenskych/,cs,True,44,29,3,sow-editor+sow-editor+sow-editor,,no
https://www.skoda-storyboard.com/cs/zivotni-styl/sport-cs/10-veci-ktere-musite-vedet-o-tour-de-france/,cs,True,145,96,80,sow-editor+sow-editor+sow-editor+sow-editor+sow-editor+sow-editor+sow-editor+sow-editor+sow-editor+sow-editor+sow-editor+sow-editor+sow-editor+sow-editor+sow-editor+sow-editor+sow-editor+sow-editor+sow-editor+sow-editor+sow-editor+sow-editor+sow-editor+sow-editor+sow-editor+sow-editor+sow-editor+sow-editor+sow-editor+sow-editor+sow-editor+sow-editor+sow-editor+sow-editor+sow-editor+sow-editor+sow-editor+sow-editor+sow-editor+sow-editor+sow-editor+sow-editor+sow-editor+sow-editor+sow-editor+sow-editor+sow-editor+sow-editor+sow-editor+sow-editor+sow-editor+sow-editor+sow-editor+sow-editor+sow-editor+sow-editor+sow-editor+sow-editor+sow-editor+sow-editor+skoda-offset+skoda-offset+sow-editor+sow-editor+sow-editor+sow-editor+sow-editor+sow-editor+skoda-offset+skoda-offset+sow-editor+sow-editor+sow-editor+sow-editor+sow-editor+sow-editor+sow-editor+sow-editor+sow-editor+sow-editor,,no
https://www.skoda-storyboard.com/cs/zivotni-styl/sport-cs/cyklistika-cs/auta-a-jizdni-kola-tipy-na-to-nejlepsi-z-obou-svetu-od-dvou-cyklistek/,cs,True,25,15,7,sow-editor+sow-editor+sow-editor+sow-editor+sow-editor+sow-editor+sow-editor,,no
https://www.skoda-storyboard.com/cs/skoda-svet-cs/vzhuru-na-dovolenou/,cs,True,68,34,42,sow-editor+sow-editor+sow-editor+sow-editor+sow-editor+sow-editor+sow-editor+sow-editor+sow-editor+sow-editor+sow-editor+sow-editor+sow-editor+sow-editor+sow-editor+sow-editor+sow-editor+sow-editor+sow-editor+sow-editor+sow-editor+sow-editor+sow-editor+sow-editor+sow-editor+sow-editor+sow-editor+sow-editor+sow-editor+sow-editor+sow-editor+sow-editor+sow-editor+sow-editor+sow-editor+sow-editor+sow-editor+sow-editor+sow-editor+sow-editor+sow-editor+sow-editor,,no
https://www.skoda-storyboard.com/cs/skoda-svet-cs/putovni-mince-velebi-historii-znacky-skoda/,cs,True,91,46,52,sow-editor+sow-editor+sow-editor+sow-editor+sow-editor+sow-editor+sow-editor+sow-editor+sow-editor+sow-editor+sow-editor+sow-editor+sow-editor+sow-editor+sow-editor+sow-editor+sow-editor+sow-editor+sow-editor+sow-editor+sow-editor+sow-editor+sow-editor+sow-editor+skoda-offset+skoda-offset+sow-editor+sow-editor+sow-editor+sow-editor+sow-editor+sow-editor+sow-editor+sow-editor+sow-editor+sow-editor+skoda-offset+skoda-offset+sow-editor+sow-editor+sow-editor+sow-editor+sow-editor+sow-editor+sow-editor+sow-editor+sow-editor+sow-editor+sow-editor+sow-editor+sow-editor+sow-editor,,no
https://www.skoda-storyboard.com/cs/skoda-svet-cs/10-tipu-jak-dobre-prodat-svoje-auto/,cs,True,24,13,5,sow-editor+sow-editor+sow-editor+sow-editor+sow-editor,,no
https://www.skoda-storyboard.com/cs/zivotni-styl/lide-cs/muj-zivot-s-autem-v-aute-bych-nikdy-nejedl/,cs,True,142,60,56,sow-editor+sow-editor+sow-editor+sow-editor+sow-editor+sow-editor+sow-editor+sow-editor+sow-editor+sow-editor+sow-editor+sow-editor+sow-editor+sow-editor+sow-editor+sow-editor+sow-editor+sow-editor+sow-editor+sow-editor+sow-editor+sow-editor+sow-editor+sow-editor+sow-editor+sow-editor+sow-editor+sow-editor+sow-editor+sow-editor+sow-editor+sow-editor+sow-editor+sow-editor+sow-editor+sow-editor+sow-editor+sow-editor+skoda-offset+skoda-offset+sow-editor+sow-editor+sow-editor+sow-editor+sow-editor+sow-editor+sow-editor+sow-editor+sow-editor+sow-editor+sow-editor+sow-editor+sow-editor+sow-editor+sow-editor+sow-editor,,no
https://www.skoda-storyboard.com/cs/skoda-svet-cs/inovace-a-technologie/skoda-auto-rozjizdi-startup-story-v-izraeli/,cs,True,60,29,32,sow-editor+sow-editor+sow-editor+sow-editor+sow-editor+sow-editor+sow-editor+sow-editor+sow-editor+sow-editor+sow-editor+sow-editor+sow-editor+sow-editor+sow-editor+sow-editor+sow-editor+sow-editor+sow-editor+sow-editor+sow-editor+sow-editor+sow-editor+sow-editor+sow-editor+sow-editor+sow-editor+sow-editor+sow-editor+sow-editor+sow-editor+sow-editor,,no
https://www.skoda-storyboard.com/cs/skoda-svet-cs/kola-v-promenach-desetileti/,cs,True,8,3,2,ys-milestones+ys-milestones,ys-milestones,yes
https://www.skoda-storyboard.com/cs/skoda-svet-cs/za-oponou-propojeni-se-sluncem/,cs,True,97,38,14,sow-editor+sow-editor+sow-editor+sow-editor+skoda-quote+sow-editor+sow-editor+sow-editor+sow-editor+skoda-quote+sow-editor+sow-editor+sow-editor+sow-editor,,no
https://www.skoda-storyboard.com/cs/modely-cs/kodiaq-cs/kodiaq-rs-zajel-rekord-nurburgringu/,cs,True,60,38,5,sow-editor+sow-editor+sow-editor+sow-editor+sow-editor,,no
https://www.skoda-storyboard.com/cs/modely-cs/kodiaq-cs/rekordni-kodiaq-rs-rozhovor-s-posadkou/,cs,True,54,26,7,sow-editor+sow-editor+sow-editor+sow-editor+sow-editor+sow-editor+sow-editor,,no
https://www.skoda-storyboard.com/cs/modely-cs/kodiaq-rs-na-startovni-care/,cs,True,23,13,3,sow-editor+sow-editor+sow-editor,,no
https://www.skoda-storyboard.com/cs/koncepty-cs/k-nazvu-sunroq-me-inspirovalo-letni-odpoledne-u-jezera/,cs,True,39,18,20,sow-editor+sow-editor+sow-editor+sow-editor+sow-editor+sow-editor+sow-editor+sow-editor+sow-editor+sow-editor+sow-editor+sow-editor+sow-editor+sow-editor+sow-editor+sow-editor+sow-editor+sow-editor+sow-editor+sow-editor,,no
https://www.skoda-storyboard.com/cs/zivotni-styl/lide-cs/unik-z-hlucne-bombaje-do-oblak/,cs,True,19,9,8,sow-editor+sow-editor+skoda-offset+sow-editor+sow-editor+sow-editor+sow-editor+sow-editor,,no
https://www.skoda-storyboard.com/cs/modely-cs/slunce-vychazi/,cs,True,34,14,17,sow-editor+sow-editor+sow-editor+sow-editor+sow-editor+sow-editor+sow-editor+sow-editor+sow-editor+sow-editor+sow-editor+sow-editor+sow-editor+sow-editor+sow-editor+sow-editor+sow-editor,,no
https://www.skoda-storyboard.com/cs/skoda-svet-cs/mezinarodni-den-detske-radosti/,cs,True,55,26,26,skoda-offset+skoda-offset+sow-editor+sow-editor+sow-editor+sow-editor+sow-editor+sow-editor+sow-editor+sow-editor+sow-editor+sow-editor+sow-editor+sow-editor+sow-editor+sow-editor+sow-editor+sow-editor+sow-editor+sow-editor+sow-editor+sow-editor+sow-editor+sow-editor+sow-editor+sow-editor,,no
https://www.skoda-storyboard.com/cs/zivotni-styl/sport-cs/lvi-stopa-kdo-je-forrest/,cs,True,49,22,8,sow-editor+sow-editor+sow-editor+sow-editor+sow-editor+sow-editor+sow-editor+sow-editor,,no
https://www.skoda-storyboard.com/cs/skoda-svet-cs/inovace-a-technologie/technologie-cs/tajemstvi-varovnych-kontrolek/,cs,True,8,3,4,sow-editor+sow-editor+sow-editor+sow-editor,,no
https://www.skoda-storyboard.com/cs/skoda-svet-cs/skoda-slavi-100-let-csr/,cs,True,25,9,1,sow-editor,,no
https://www.skoda-storyboard.com/cs/zivotni-styl/lide-cs/muj-zivot-s-autem-nikdy-bych-nejel-do-mycky/,cs,True,137,58,54,sow-editor+sow-editor+sow-editor+sow-editor+sow-editor+sow-editor+sow-editor+sow-editor+sow-editor+sow-editor+sow-editor+sow-editor+sow-editor+sow-editor+sow-editor+sow-editor+sow-editor+sow-editor+sow-editor+sow-editor+sow-editor+sow-editor+sow-editor+sow-editor+sow-editor+sow-editor+sow-editor+sow-editor+sow-editor+sow-editor+sow-editor+sow-editor+sow-editor+sow-editor+sow-editor+sow-editor+sow-editor+sow-editor+sow-editor+sow-editor+skoda-offset+skoda-offset+sow-editor+sow-editor+sow-editor+sow-editor+sow-editor+sow-editor+sow-editor+sow-editor+sow-editor+sow-editor+sow-editor+sow-editor,,no
https://www.skoda-storyboard.com/cs/modely-cs/fabia-cs/do-posledniho-sroubku/,cs,True,8,5,4,sow-editor+sow-editor+sow-editor+sow-editor,,no
https://www.skoda-storyboard.com/cs/skoda-svet-cs/design-cs/design-vytvari-emoce/,cs,True,19,10,11,sow-editor+sow-editor+sow-editor+sow-editor+sow-editor+sow-editor+sow-editor+sow-editor+sow-editor+sow-editor+skoda-quote,,no
https://www.skoda-storyboard.com/cs/e-mobilita-cs/jak-funguje-elektricky-motor-10-otazek-a-odpovedi/,cs,True,71,41,44,sow-editor+sow-editor+sow-editor+sow-editor+sow-editor+sow-editor+sow-editor+sow-editor+sow-editor+sow-editor+sow-editor+sow-editor+sow-editor+sow-editor+sow-editor+sow-editor+sow-editor+sow-editor+sow-editor+sow-editor+sow-editor+sow-editor+sow-editor+sow-editor+sow-editor+sow-editor+sow-editor+sow-editor+sow-editor+sow-editor+sow-editor+sow-editor+sow-editor+sow-editor+sow-editor+sow-editor+sow-editor+sow-editor+sow-editor+sow-editor+sow-editor+sow-editor+sow-editor+sow-editor,,no
https://www.skoda-storyboard.com/cs/zivotni-styl/sport-cs/proverte-sve-nejen-sportovni-znalosti-v-hokejovem-kvizu/,cs,True,26,12,6,sow-editor+sow-editor+sow-editor+sow-editor+sow-editor+sow-editor,,no
https://www.skoda-storyboard.com/cs/historicke-vozy-cs/za-volantem-unikatu/,cs,True,46,24,22,sow-editor+sow-editor+sow-editor+sow-editor+sow-editor+sow-editor+sow-editor+sow-editor+sow-editor+sow-editor+sow-editor+sow-editor+sow-editor+sow-editor+sow-editor+sow-editor+sow-editor+sow-editor+sow-editor+sow-editor+sow-editor+sow-editor,,no
https://www.skoda-storyboard.com/cs/zivotni-styl/sport-cs/typologie-hokejovych-fanousku/,cs,True,116,51,50,skoda-offset+skoda-offset+sow-editor+sow-editor+sow-editor+sow-editor+sow-editor+sow-editor+sow-editor+sow-editor+sow-editor+sow-editor+sow-editor+sow-editor+sow-editor+sow-editor+sow-editor+sow-editor+sow-editor+sow-editor+sow-editor+sow-editor+sow-editor+sow-editor+sow-editor+sow-editor+sow-editor+sow-editor+sow-editor+sow-editor+sow-editor+sow-editor+sow-editor+sow-editor+sow-editor+sow-editor+sow-editor+sow-editor+sow-editor+sow-editor+sow-editor+sow-editor+sow-editor+sow-editor+sow-editor+sow-editor+sow-editor+sow-editor+sow-editor+sow-editor,,no
https://www.skoda-storyboard.com/cs/skoda-svet-cs/360-prohlidka-obriho-skladu-dilu-skoda/,cs,True,34,23,9,sow-editor+sow-editor+sow-editor+sow-editor+sow-editor+sow-editor+sow-editor+sow-editor+sow-editor,,no
https://www.skoda-storyboard.com/cs/skoda-svet-cs/hokejova-pohadka-mesta-herning/,cs,True,83,43,40,sow-editor+sow-editor+sow-editor+sow-editor+sow-editor+sow-editor+sow-editor+sow-editor+sow-editor+sow-editor+sow-editor+sow-editor+sow-editor+sow-editor+sow-editor+sow-editor+sow-editor+sow-editor+sow-editor+sow-editor+sow-editor+sow-editor+sow-editor+sow-editor+sow-editor+sow-editor+sow-editor+sow-editor+sow-editor+sow-editor+sow-editor+sow-editor+sow-editor+sow-editor+sow-editor+sow-editor+sow-editor+sow-editor+sow-editor+sow-editor,,no
https://www.skoda-storyboard.com/cs/skoda-svet-cs/hokej-smorrebrod-a-kodan/,cs,True,78,42,1,sow-editor,,no
https://www.skoda-storyboard.com/cs/zivotni-styl/sport-cs/svetozname-hokejove-puky-se-vyrabeji-v-cesku/,cs,True,54,23,25,sow-editor+sow-editor+sow-editor+sow-editor+sow-editor+sow-editor+sow-editor+sow-editor+sow-editor+sow-editor+sow-editor+siteorigin-panels-builder+sow-editor+sow-editor+sow-editor+sow-editor+sow-editor+sow-editor+sow-editor+sow-editor+sow-editor+sow-editor+sow-editor+sow-editor+sow-editor,siteorigin-panels-builder,yes
https://www.skoda-storyboard.com/cs/modely-cs/muj-zivot-s-autem-z-lasky-k-rizeni-a-lidem/,cs,True,152,64,58,sow-editor+sow-editor+sow-editor+sow-editor+sow-editor+sow-editor+sow-editor+sow-editor+sow-editor+sow-editor+sow-editor+sow-editor+sow-editor+sow-editor+sow-editor+sow-editor+sow-editor+sow-editor+sow-editor+sow-editor+sow-editor+sow-editor+sow-editor+sow-editor+skoda-quote+skoda-quote+sow-editor+sow-editor+sow-editor+sow-editor+sow-editor+sow-editor+sow-editor+sow-editor+sow-editor+sow-editor+sow-editor+sow-editor+sow-editor+sow-editor+sow-editor+sow-editor+sow-editor+sow-editor+sow-editor+sow-editor+skoda-quote+skoda-quote+sow-editor+sow-editor+sow-editor+sow-editor+sow-editor+sow-editor+sow-editor+sow-editor+sow-editor+sow-editor,,no
https://www.skoda-storyboard.com/cs/skoda-svet-cs/inovace-a-technologie/elektricka-budoucnost-znacky-skoda/,cs,True,67,40,34,sow-editor+sow-editor+sow-editor+sow-editor+sow-editor+sow-editor+sow-editor+sow-editor+sow-editor+sow-editor+sow-editor+sow-editor+skoda-offset+skoda-offset+sow-editor+sow-editor+sow-editor+sow-editor+sow-editor+sow-editor+skoda-offset+skoda-offset+sow-editor+sow-editor+sow-editor+sow-editor+sow-editor+sow-editor+sow-editor+sow-editor+skoda-offset+skoda-offset+sow-editor+sow-editor,,no
https://www.skoda-storyboard.com/cs/zivotni-styl/sport-cs/cyklistika-cs/why-we-ride-z-punkerky-bikerkou/,cs,True,34,19,4,sow-editor+skoda-offset+sow-editor+skoda-offset,,no
https://www.skoda-storyboard.com/cs/modely-cs/nova-skoda-pro-cinu/,cs,True,64,35,30,sow-editor+sow-editor+sow-editor+sow-editor+sow-editor+sow-editor+sow-editor+sow-editor+sow-editor+sow-editor+sow-editor+sow-editor+sow-editor+sow-editor+skoda-offset+skoda-offset+sow-editor+sow-editor+sow-editor+sow-editor+sow-editor+sow-editor+sow-editor+sow-editor+sow-editor+sow-editor+sow-editor+sow-editor+sow-editor+sow-editor,,no
https://www.skoda-storyboard.com/cs/modely-cs/nebezpecne-krasna-silnice/,cs,True,19,9,3,sow-editor+sow-editor+sow-editor,,no
https://www.skoda-storyboard.com/cs/skoda-svet-cs/inovace-a-technologie/superpocitac-nahrazujici-60-000-pc/,cs,True,80,36,13,sow-editor+sow-editor+sow-editor+siteorigin-panels-builder+sow-editor+skoda-quote+sow-editor+sow-editor+sow-editor+siteorigin-panels-builder+sow-editor+sow-editor+sow-editor,siteorigin-panels-builder,yes
https://www.skoda-storyboard.com/cs/modely-cs/studentska-petka/,cs,True,71,34,14,sow-editor+sow-editor+sow-editor+sow-editor+sow-editor+sow-editor+sow-editor+sow-editor+sow-editor+sow-editor+sow-editor+sow-editor+sow-editor+sow-editor,,no
https://www.skoda-storyboard.com/cs/skoda-svet-cs/caredriver-taxiky-se-srdcem/,cs,True,23,8,8,sow-editor+sow-editor+sow-editor+sow-editor+sow-editor+skoda-quote+sow-editor+sow-editor,,no
https://www.skoda-storyboard.com/cs/modely-cs/svetlomety-v-promenach-desetileti/,cs,True,8,3,2,ys-milestones+ys-milestones,ys-milestones,yes
https://www.skoda-storyboard.com/cs/skoda-svet-cs/extremni-vyzva-za-polarnim-kruhem/,cs,True,29,11,9,sow-editor+sow-editor+sow-editor+sow-editor+sow-editor+sow-editor+sow-editor+sow-editor+sow-editor,,no
https://www.skoda-storyboard.com/cs/koncepty-cs/skoda-vision-x-poprve-v-pohybu/,cs,True,19,7,5,sow-editor+sow-editor+sow-editor+sow-editor+sow-editor,,no
https://www.skoda-storyboard.com/cs/historicke-vozy-cs/auta-jako-kapka-vody/,cs,True,53,25,30,sow-editor+sow-editor+sow-editor+sow-editor+sow-editor+sow-editor+sow-editor+sow-editor+sow-editor+sow-editor+sow-editor+sow-editor+sow-editor+sow-editor+sow-editor+sow-editor+sow-editor+sow-editor+sow-editor+sow-editor+sow-editor+sow-editor+sow-editor+sow-editor+sow-editor+sow-editor+sow-editor+sow-editor+sow-editor+sow-editor,,no
https://www.skoda-storyboard.com/cs/zivotni-styl/lide-cs/muj-zivot-s-autem-usmevy-zakazniku-me-naplnuji/,cs,True,122,47,46,sow-editor+sow-editor+sow-editor+sow-editor+sow-editor+sow-editor+sow-editor+sow-editor+skoda-quote+skoda-quote+sow-editor+sow-editor+sow-editor+sow-editor+sow-editor+sow-editor+sow-editor+sow-editor+sow-editor+sow-editor+sow-editor+sow-editor+sow-editor+sow-editor+sow-editor+sow-editor+sow-editor+sow-editor+sow-editor+sow-editor+sow-editor+sow-editor+sow-editor+sow-editor+sow-editor+sow-editor+sow-editor+sow-editor+sow-editor+sow-editor+sow-editor+sow-editor+sow-editor+sow-editor+sow-editor+sow-editor,,no
https://www.skoda-storyboard.com/cs/historicke-vozy-cs/trekka-predchudce-suv-znacky-skoda/,cs,True,13,6,6,sow-editor+sow-editor+sow-editor+sow-editor+sow-editor+sow-editor,,no
https://www.skoda-storyboard.com/cs/media-cs/zive-vysilani-cs/vyrocni-tiskova-konference-skoda-auto/,cs,True,18,7,2,sow-editor+sow-editor,,no
https://www.skoda-storyboard.com/cs/skoda-svet-cs/inovace-a-technologie/10-veci-ktere-v-aute-na-jare-zkontrolovat/,cs,True,13,6,22,sow-editor+sow-editor+sow-editor+sow-editor+sow-editor+sow-editor+sow-editor+sow-editor+sow-editor+sow-editor+sow-editor+sow-editor+sow-editor+sow-editor+sow-editor+sow-editor+sow-editor+sow-editor+sow-editor+sow-editor+sow-editor+sow-editor,,no
https://www.skoda-storyboard.com/cs/modely-cs/proverte-sve-znalosti-v-zenevskem-kvizu/,cs,True,33,15,14,skoda-offset+skoda-offset+sow-editor+sow-editor+sow-editor+sow-editor+sow-editor+sow-editor+sow-editor+sow-editor+sow-editor+sow-editor+sow-editor+sow-editor,,no
https://www.skoda-storyboard.com/cs/skoda-svet-cs/digitalni-novinky-ze-zenevy/,cs,True,67,28,8,sow-editor+sow-editor+skoda-offset+sow-editor+sow-editor+sow-editor+sow-editor+sow-editor,,no
https://www.skoda-storyboard.com/cs/modely-cs/seznamte-se-skoda-kodiaq-laurin-klement/,cs,True,103,43,60,sow-editor+sow-editor+sow-editor+sow-editor+sow-editor+sow-editor+sow-editor+sow-editor+sow-editor+sow-editor+sow-editor+sow-editor+sow-editor+sow-editor+sow-editor+sow-editor+sow-editor+sow-editor+sow-editor+sow-editor+skoda-offset+skoda-offset+sow-editor+sow-editor+sow-editor+sow-editor+sow-editor+sow-editor+sow-editor+sow-editor+sow-editor+sow-editor+sow-editor+sow-editor+sow-editor+sow-editor+sow-editor+sow-editor+sow-editor+sow-editor+sow-editor+sow-editor+sow-editor+sow-editor+sow-editor+sow-editor+sow-editor+sow-editor+sow-editor+sow-editor+skoda-offset+skoda-offset+sow-editor+sow-editor+sow-editor+sow-editor+sow-editor+sow-editor+sow-editor+sow-editor,,no
https://www.skoda-storyboard.com/cs/skoda-svet-cs/skoda-auto-v-zeneve/,cs,True,75,36,48,sow-editor+sow-editor+sow-editor+sow-editor+sow-editor+sow-editor+sow-editor+sow-editor+sow-editor+sow-editor+sow-editor+sow-editor+sow-editor+sow-editor+sow-editor+sow-editor+sow-editor+sow-editor+sow-editor+sow-editor+sow-editor+sow-editor+sow-editor+sow-editor+sow-editor+sow-editor+sow-editor+sow-editor+sow-editor+sow-editor+sow-editor+sow-editor+sow-editor+sow-editor+sow-editor+sow-editor+sow-editor+sow-editor+sow-editor+sow-editor+sow-editor+sow-editor+sow-editor+sow-editor+sow-editor+sow-editor+sow-editor+sow-editor,,no
https://www.skoda-storyboard.com/cs/modely-cs/nova-skoda-fabia-seznamte-se/,cs,True,85,43,54,sow-editor+sow-editor+skoda-offset+skoda-offset+sow-editor+sow-editor+sow-editor+sow-editor+sow-editor+sow-editor+sow-editor+sow-editor+sow-editor+sow-editor+sow-editor+sow-editor+sow-editor+sow-editor+sow-editor+sow-editor+sow-editor+sow-editor+sow-editor+sow-editor+sow-editor+sow-editor+sow-editor+sow-editor+sow-editor+sow-editor+sow-editor+sow-editor+sow-editor+sow-editor+sow-editor+sow-editor+sow-editor+sow-editor+sow-editor+sow-editor+skoda-offset+skoda-offset+sow-editor+sow-editor+sow-editor+sow-editor+sow-editor+sow-editor+sow-editor+sow-editor+sow-editor+sow-editor+sow-editor+sow-editor,,no
https://www.skoda-storyboard.com/cs/modely-cs/skoda-vision-x-seznamte-se/,cs,True,81,37,46,sow-editor+sow-editor+skoda-offset+skoda-offset+sow-editor+sow-editor+sow-editor+sow-editor+sow-editor+sow-editor+sow-editor+sow-editor+sow-editor+sow-editor+sow-editor+sow-editor+sow-editor+sow-editor+sow-editor+sow-editor+sow-editor+sow-editor+sow-editor+sow-editor+sow-editor+sow-editor+sow-editor+sow-editor+sow-editor+sow-editor+sow-editor+sow-editor+sow-editor+sow-editor+sow-editor+sow-editor+sow-editor+sow-editor+sow-editor+sow-editor+sow-editor+sow-editor+sow-editor+sow-editor+sow-editor+sow-editor,,no
https://www.skoda-storyboard.com/cs/koncepty-cs/skoda-vision-x-je-tady/,cs,True,62,33,26,sow-editor+sow-editor+sow-editor+sow-editor+sow-editor+sow-editor+sow-editor+sow-editor+sow-editor+sow-editor+sow-editor+sow-editor+skoda-offset+skoda-offset+skoda-offset+skoda-offset+sow-editor+sow-editor+sow-editor+sow-editor+sow-editor+sow-editor+skoda-offset+skoda-offset+sow-editor+sow-editor,,no
https://www.skoda-storyboard.com/cs/modely-cs/skola-jizdy-na-snehu-a-ledu-karoq-a-kodiaq-se-v-terenu-neztrati/,cs,True,85,45,56,sow-editor+sow-editor+sow-editor+sow-editor+sow-editor+sow-editor+sow-editor+sow-editor+sow-editor+sow-editor+sow-editor+sow-editor+sow-editor+sow-editor+sow-editor+sow-editor+sow-editor+sow-editor+sow-editor+sow-editor+sow-editor+sow-editor+sow-editor+sow-editor+sow-editor+sow-editor+sow-editor+sow-editor+sow-editor+sow-editor+sow-editor+sow-editor+sow-editor+sow-editor+sow-editor+sow-editor+sow-editor+sow-editor+sow-editor+sow-editor+sow-editor+sow-editor+sow-editor+sow-editor+sow-editor+sow-editor+sow-editor+sow-editor+sow-editor+sow-editor+sow-editor+sow-editor+sow-editor+sow-editor+sow-editor+sow-editor,,no
https://www.skoda-storyboard.com/cs/modely-cs/13-zaludnych-detskych-otazek-v-aute/,cs,True,71,42,24,skoda-offset+skoda-offset+sow-editor+sow-editor+sow-editor+sow-editor+sow-editor+sow-editor+sow-editor+sow-editor+sow-editor+sow-editor+sow-editor+sow-editor+sow-editor+sow-editor+sow-editor+sow-editor+sow-editor+sow-editor+sow-editor+sow-editor+sow-editor+sow-editor,,no
https://www.skoda-storyboard.com/cs/modely-cs/skola-jizdy-na-snehu-a-ledu/,cs,True,108,37,66,sow-editor+sow-editor+sow-editor+sow-editor+sow-editor+sow-editor+sow-editor+sow-editor+sow-editor+sow-editor+sow-editor+sow-editor+sow-editor+sow-editor+sow-editor+sow-editor+sow-editor+sow-editor+sow-editor+sow-editor+sow-editor+sow-editor+sow-editor+sow-editor+sow-editor+sow-editor+sow-editor+sow-editor+sow-editor+sow-editor+sow-editor+sow-editor+sow-editor+sow-editor+sow-editor+sow-editor+sow-editor+sow-editor+sow-editor+sow-editor+sow-editor+sow-editor+sow-editor+sow-editor+sow-editor+sow-editor+sow-editor+sow-editor+sow-editor+sow-editor+sow-editor+sow-editor+sow-editor+sow-editor+sow-editor+sow-editor+sow-editor+sow-editor+sow-editor+sow-editor+sow-editor+sow-editor+sow-editor+sow-editor+sow-editor+sow-editor,,no
https://www.skoda-storyboard.com/cs/skoda-svet-cs/kdyz-je-skore-az-na-druhem-miste/,cs,True,68,36,7,sow-editor+sow-editor+sow-editor+sow-editor+sow-editor+sow-editor+sow-editor,,no
https://www.skoda-storyboard.com/cs/skoda-svet-cs/inovace-a-technologie/pet-stupnu-k-autonomnimu-rizeni/,cs,True,54,22,1,sow-editor,,no
https://www.skoda-storyboard.com/cs/modely-cs/zaparkujte-karoq-pred-dum-nebo-na-policku/,cs,True,34,15,1,sow-editor,,no
https://www.skoda-storyboard.com/cs/modely-cs/skoda-4x4-za-polarnim-kruhem/,cs,True,41,17,5,sow-editor+sow-editor+sow-editor+sow-editor+sow-editor,,no
https://www.skoda-storyboard.com/cs/modely-cs/vision-x-skica-od-siluety-po-detaily/,cs,True,23,10,8,sow-editor+sow-editor+sow-editor+sow-editor+sow-editor+sow-editor+sow-editor+sow-editor,,no
https://www.skoda-storyboard.com/cs/zivotni-styl/lide-cs/muj-zivot-s-autem-nez-zacnete-behat-musite-se-naucit-chodit/,cs,True,147,61,56,sow-editor+sow-editor+sow-editor+sow-editor+sow-editor+sow-editor+sow-editor+sow-editor+sow-editor+sow-editor+sow-editor+sow-editor+sow-editor+sow-editor+sow-editor+sow-editor+sow-editor+sow-editor+sow-editor+sow-editor+sow-editor+sow-editor+skoda-quote+skoda-quote+sow-editor+sow-editor+sow-editor+sow-editor+sow-editor+sow-editor+sow-editor+sow-editor+sow-editor+sow-editor+sow-editor+sow-editor+sow-editor+sow-editor+skoda-quote+skoda-quote+sow-editor+sow-editor+sow-editor+sow-editor+sow-editor+sow-editor+sow-editor+sow-editor+sow-editor+sow-editor+sow-editor+sow-editor+sow-editor+sow-editor+sow-editor+sow-editor,,no
https://www.skoda-storyboard.com/cs/skoda-svet-cs/dedictvi-cs/radici-paka-v-promenach-desetileti/,cs,True,8,3,2,ys-milestones+ys-milestones,ys-milestones,yes
https://www.skoda-storyboard.com/cs/modely-cs/skoda-mise-na-mars/,cs,True,31,14,10,skoda-offset+skoda-offset+sow-editor+sow-editor+sow-editor+sow-editor+sow-editor+sow-editor+sow-editor+sow-editor,,no
https://www.skoda-storyboard.com/cs/modely-cs/sportovni-duch-aneb-od-rapidu-k-rapidu/,cs,True,8,3,14,sow-editor+sow-editor+sow-editor+sow-editor+sow-editor+sow-editor+sow-editor+sow-editor+sow-editor+sow-editor+sow-editor+sow-editor+sow-editor+sow-editor,,no
https://www.skoda-storyboard.com/cs/skoda-svet-cs/5-valentynskych-tipu-laska-na-ctyrech-kolech/,cs,True,122,58,46,sow-editor+sow-editor+sow-editor+sow-editor+sow-editor+sow-editor+sow-editor+sow-editor+sow-editor+sow-editor+sow-editor+sow-editor+sow-editor+sow-editor+sow-editor+sow-editor+sow-editor+sow-editor+sow-editor+sow-editor+sow-editor+sow-editor+sow-editor+sow-editor+sow-editor+sow-editor+sow-editor+sow-editor+sow-editor+sow-editor+sow-editor+sow-editor+sow-editor+sow-editor+sow-editor+sow-editor+sow-editor+sow-editor+sow-editor+sow-editor+sow-editor+sow-editor+sow-editor+sow-editor+sow-editor+sow-editor,,no
https://www.skoda-storyboard.com/cs/modely-cs/nova-skoda-fabia-prijizdi/,cs,True,89,46,2,sow-editor+sow-editor,,no
https://www.skoda-storyboard.com/cs/skoda-svet-cs/inovace-a-technologie/360-prohlidka-digitalniho-srdce-znacky-skoda/,cs,True,29,12,15,sow-editor+sow-editor+sow-editor+ys-embed-share+sow-button+skoda-offset+sow-button+skoda-offset+sow-editor+ys-embed-share+ys-embed-share+sow-button+skoda-offset+sow-editor+sow-editor,sow-button;ys-embed-share,yes
https://www.skoda-storyboard.com/cs/skoda-svet-cs/zimni-tipy-4-simply-clever-vychytavky/,cs,True,23,11,4,sow-editor+sow-editor+sow-editor+sow-editor,,no
https://www.skoda-storyboard.com/cs/modely-cs/skoda-auto-prijizdi-s-mestskym-crossoverem-vision-x/,cs,True,18,8,10,sow-editor+sow-editor+sow-editor+sow-editor+sow-editor+sow-editor+sow-editor+sow-editor+sow-editor+sow-editor,,no
https://www.skoda-storyboard.com/cs/modely-cs/skoda-karoq-jako-dokonale-hriste/,cs,True,8,3,9,sow-editor+sow-editor+sow-editor+sow-editor+sow-editor+sow-editor+sow-editor+sow-editor+sow-editor,,no
https://www.skoda-storyboard.com/cs/zivotni-styl/motorsport-cs/fabia-r5-taxi-v-zakulisi-nataceni/,cs,True,8,3,5,sow-editor+sow-editor+sow-editor+sow-editor+sow-editor,,no
https://www.skoda-storyboard.com/cs/modely-cs/muj-zivot-s-autem-nabiji-me-kdyz-vidim-ze-moje-prace-pomaha/,cs,True,37,17,14,sow-editor+sow-editor+sow-editor+sow-editor+sow-editor+sow-editor+sow-editor+sow-editor+sow-editor+sow-editor+sow-editor+sow-editor+sow-editor+sow-editor,,no
https://www.skoda-storyboard.com/cs/modely-cs/kodiaq-zdolal-rally-dakar-jako-prvni-vuz-skoda/,cs,True,8,3,9,sow-editor+sow-editor+sow-editor+sow-editor+sow-editor+sow-editor+sow-editor+sow-editor+sow-editor,,no
https://www.skoda-storyboard.com/cs/skoda-svet-cs/zimni-tipy-3-nenechte-se-zaskocit-snehem-a-ledem/,cs,True,8,3,15,sow-editor+sow-editor+sow-editor+sow-editor+sow-editor+sow-editor+sow-editor+sow-editor+sow-editor+sow-editor+sow-editor+sow-editor+sow-editor+sow-editor+sow-editor,,no
https://www.skoda-storyboard.com/cs/modely-cs/podivejte-se-jak-omladla-skoda-fabia/,cs,True,8,2,2,sow-editor+sow-editor,,no
https://www.skoda-storyboard.com/cs/modely-cs/kviz-poznejte-modely-skoda-podle-svetel/,cs,True,16,10,2,sow-editor+sow-editor,,no
https://www.skoda-storyboard.com/cs/skoda-svet-cs/inovace-a-technologie/10-otazek-a-odpovedi-o-emobilite/,cs,True,148,76,74,sow-editor+sow-editor+sow-editor+sow-editor+sow-editor+sow-editor+sow-editor+sow-editor+sow-editor+sow-editor+sow-editor+sow-editor+sow-editor+sow-editor+sow-editor+sow-editor+sow-editor+sow-editor+sow-editor+sow-editor+sow-editor+sow-editor+sow-editor+sow-editor+sow-editor+sow-editor+sow-editor+sow-editor+sow-editor+sow-editor+sow-editor+sow-editor+sow-editor+sow-editor+sow-editor+sow-editor+sow-editor+sow-editor+sow-editor+sow-editor+sow-editor+sow-editor+sow-editor+sow-editor+sow-editor+sow-editor+sow-editor+sow-editor+sow-editor+sow-editor+sow-editor+sow-editor+sow-editor+sow-editor+sow-editor+sow-editor+sow-editor+sow-editor+sow-editor+sow-editor+sow-editor+sow-editor+sow-editor+sow-editor+sow-editor+sow-editor+sow-editor+sow-editor+sow-editor+sow-editor+sow-editor+sow-editor+sow-editor+sow-editor,,no
https://www.skoda-storyboard.com/cs/skoda-svet-cs/od-rakouska-uherska-po-virtualni-realitu/,cs,True,23,9,8,sow-editor+sow-editor+sow-editor+sow-editor+sow-editor+sow-editor+sow-editor+sow-editor,,no
https://www.skoda-storyboard.com/cs/skoda-svet-cs/zimni-tipy-2-pripravte-auto-na-mrazivou-noc/,cs,True,8,3,9,sow-editor+sow-editor+sow-editor+sow-editor+sow-editor+sow-editor+sow-editor+sow-editor+sow-editor,,no
https://www.skoda-storyboard.com/cs/skoda-svet-cs/inovace-a-technologie/mezi-uhlikem-a-sirou/,cs,True,13,4,12,sow-editor+sow-editor+sow-editor+sow-editor+sow-editor+sow-editor+sow-editor+sow-editor+sow-editor+sow-editor+sow-editor+sow-editor,,no
https://www.skoda-storyboard.com/cs/skoda-svet-cs/autem-za-zimnimi-radovankami-do-italie-francie-a-slovinska/,cs,True,278,133,166,sow-editor+sow-editor+sow-editor+sow-editor+sow-editor+sow-editor+sow-editor+sow-editor+sow-editor+sow-editor+sow-editor+sow-editor+sow-editor+sow-editor+sow-editor+sow-editor+sow-editor+sow-editor+sow-editor+sow-editor+sow-editor+sow-editor+sow-editor+sow-editor+sow-editor+sow-editor+sow-editor+sow-editor+sow-editor+sow-editor+sow-editor+sow-editor+sow-editor+sow-editor+sow-editor+sow-editor+sow-editor+sow-editor+sow-editor+sow-editor+sow-editor+sow-editor+sow-editor+sow-editor+sow-editor+sow-editor+sow-editor+sow-editor+sow-editor+sow-editor+sow-editor+sow-editor+sow-editor+sow-editor+sow-editor+sow-editor+sow-editor+sow-editor+sow-editor+sow-editor+sow-editor+sow-editor+sow-editor+sow-editor+sow-editor+sow-editor+sow-editor+sow-editor+sow-editor+sow-editor+sow-editor+sow-editor+sow-editor+sow-editor+sow-editor+sow-editor+sow-editor+sow-editor+sow-editor+sow-editor+sow-editor+sow-editor+sow-editor+sow-editor+sow-editor+sow-editor+sow-editor+sow-editor+sow-editor+sow-editor+sow-editor+sow-editor+sow-editor+sow-editor+sow-editor+sow-editor+sow-editor+sow-editor+sow-editor+sow-editor+sow-editor+sow-editor+sow-editor+sow-editor+sow-editor+sow-editor+sow-editor+sow-editor+sow-editor+sow-editor+sow-editor+sow-editor+sow-editor+sow-editor+sow-editor+sow-editor+sow-editor+sow-editor+sow-editor+sow-editor+sow-editor+sow-editor+sow-editor+sow-editor+sow-editor+sow-editor+sow-editor+sow-editor+sow-editor+sow-editor+sow-editor+sow-editor+sow-editor+sow-editor+sow-editor+sow-editor+sow-editor+sow-editor+sow-editor+sow-editor+sow-editor+sow-editor+sow-editor+sow-editor+sow-editor+sow-editor+sow-editor+sow-editor+sow-editor+sow-editor+sow-editor+sow-editor+sow-editor+sow-editor+sow-editor+sow-editor+sow-editor+sow-editor+sow-editor+sow-editor+sow-editor+sow-editor+sow-editor+sow-editor+sow-editor+sow-editor,,no
https://www.skoda-storyboard.com/cs/zivotni-styl/sport-cs/taxi-taxi-ostra-fabia-r5-vozila-pasazery-prahou/,cs,True,26,14,3,sow-editor+sow-editor+sow-editor,,no
https://www.skoda-storyboard.com/cs/modely-cs/karoq-cs/darek-na-posledni-chvili-skoda-karoq-pro-kazdeho/,cs,True,54,37,1,sow-editor,,no
https://www.skoda-storyboard.com/cs/zivotni-styl/darek-na-posledni-chvili-vanocni-prani/,cs,True,33,18,12,sow-editor+sow-editor+sow-editor+sow-editor+sow-editor+sow-editor+sow-editor+sow-editor+sow-editor+sow-editor+sow-editor+sow-editor,,no
https://www.skoda-storyboard.com/cs/skoda-svet-cs/jizda-mistru-fabia-r5-se-prohnala-tovarnou/,cs,True,8,3,1,sow-editor,,no
https://www.skoda-storyboard.com/cs/skoda-svet-cs/zimni-tipy-1-pripravte-se-na-zimu/,cs,True,58,32,30,sow-editor+sow-editor+sow-editor+sow-editor+sow-editor+sow-editor+sow-editor+sow-editor+sow-editor+sow-editor+sow-editor+sow-editor+sow-editor+sow-editor+sow-editor+sow-editor+sow-editor+sow-editor+sow-editor+sow-editor+sow-editor+sow-editor+sow-editor+sow-editor+sow-editor+sow-editor+sow-editor+sow-editor+sow-editor+sow-editor,,no
https://www.skoda-storyboard.com/cs/skoda-svet-cs/autem-za-zimnimi-radovankamido-rakouska-a-svycarska/,cs,True,213,112,2,sow-editor+sow-editor,,no
https://www.skoda-storyboard.com/cs/skoda-svet-cs/to-nejlepsi-ze-storyboardu-objevovani-v-roce-2017/,cs,True,13,5,12,sow-editor+sow-editor+sow-editor+sow-editor+sow-editor+sow-editor+sow-editor+sow-editor+sow-editor+sow-editor+sow-editor+sow-editor,,no
https://www.skoda-storyboard.com/cs/skoda-svet-cs/to-nejlepsi-ze-storyboardu-jizda-rokem-2017/,cs,True,23,24,7,sow-editor+sow-editor+sow-editor+sow-editor+sow-editor+sow-editor+sow-editor,,no
https://www.skoda-storyboard.com/cs/skoda-svet-cs/santovi-cestni-pomocnici/,cs,True,8,3,11,sow-editor+sow-editor+sow-editor+sow-editor+sow-editor+sow-editor+sow-editor+sow-editor+sow-editor+sow-editor+sow-editor,,no
https://www.skoda-storyboard.com/cs/modely-cs/skoda-octavia-z-oci-do-oci/,cs,True,41,29,20,sow-editor+sow-editor+sow-editor+sow-editor+sow-editor+sow-editor+sow-editor+sow-editor+sow-editor+sow-editor+sow-editor+sow-editor+sow-editor+sow-editor+sow-editor+sow-editor+sow-editor+sow-editor+sow-editor+sow-editor,,no
https://www.skoda-storyboard.com/cs/skoda-svet-cs/autem-za-zimnimi-radovankami/,cs,True,91,40,48,sow-editor+sow-editor+sow-editor+sow-editor+sow-editor+sow-editor+sow-editor+sow-editor+sow-editor+sow-editor+sow-editor+sow-editor+sow-editor+sow-editor+sow-editor+sow-editor+sow-editor+sow-editor+sow-editor+sow-editor+sow-editor+sow-editor+sow-editor+sow-editor+sow-editor+sow-editor+sow-editor+sow-editor+sow-editor+sow-editor+sow-editor+sow-editor+sow-editor+sow-editor+sow-editor+sow-editor+sow-editor+sow-editor+sow-editor+sow-editor+sow-editor+sow-editor+sow-editor+sow-editor+sow-editor+sow-editor+sow-editor+sow-editor,,no
https://www.skoda-storyboard.com/cs/zivotni-styl/sport-cs/popadnout-dech-opravdova-vyzva-z-himalaje/,cs,True,8,5,4,sow-editor+sow-editor+sow-editor+sow-editor,,no
https://www.skoda-storyboard.com/cs/skoda-svet-cs/kouzlo-santovy-vesnice/,cs,True,8,2,12,sow-editor+sow-editor+sow-editor+sow-editor+sow-editor+sow-editor+sow-editor+sow-editor+sow-editor+sow-editor+sow-editor+sow-editor,,no
https://www.skoda-storyboard.com/cs/skoda-svet-cs/zavodnik-zrozeny-k-vitezstvi/,cs,True,8,5,2,sow-editor+sow-editor,,no
https://www.skoda-storyboard.com/cs/zivotni-styl/lide-cs/10-tipu-jak-fotit-auta-chytrym-telefonem/,cs,True,19,7,16,sow-editor+sow-editor+sow-editor+sow-editor+sow-editor+sow-editor+sow-editor+sow-editor+sow-editor+sow-editor+sow-editor+sow-editor+sow-editor+sow-editor+sow-editor+sow-editor,,no
https://www.skoda-storyboard.com/cs/skoda-svet-cs/inovace-a-technologie/skoda-pod-lupou-zaostreno-na-detail-2-cast/,cs,True,102,66,54,sow-editor+sow-editor+sow-editor+sow-editor+sow-editor+sow-editor+sow-editor+sow-editor+sow-editor+sow-editor+sow-editor+sow-editor+sow-editor+sow-editor+sow-editor+sow-editor+sow-editor+sow-editor+sow-editor+sow-editor+sow-editor+sow-editor+sow-editor+sow-editor+sow-editor+sow-editor+sow-editor+sow-editor+sow-editor+sow-editor+sow-editor+sow-editor+sow-editor+sow-editor+sow-editor+sow-editor+sow-editor+sow-editor+sow-editor+sow-editor+sow-editor+sow-editor+sow-editor+sow-editor+sow-editor+sow-editor+sow-editor+sow-editor+sow-editor+sow-editor+sow-editor+sow-editor+sow-editor+sow-editor,,no
https://www.skoda-storyboard.com/cs/skoda-svet-cs/cesta-vanocnich-listonosu-pokracuje/,cs,True,8,4,19,skoda-offset+sow-editor+sow-editor+sow-editor+sow-editor+sow-editor+skoda-offset+sow-editor+sow-editor+sow-editor+sow-editor+sow-editor+sow-editor+sow-editor+sow-editor+sow-editor+sow-editor+sow-editor+sow-editor,,no
https://www.skoda-storyboard.com/cs/skoda-svet-cs/volant-v-promenach-desetileti/,cs,True,13,4,4,sow-editor+sow-editor+ys-milestones+ys-milestones,ys-milestones,yes
https://www.skoda-storyboard.com/cs/skoda-svet-cs/inovace-a-technologie/pripojte-se-karoq-a-konektivita/,cs,True,38,30,14,sow-editor+sow-editor+sow-editor+sow-editor+skoda-offset+sow-editor+sow-editor+sow-editor+sow-editor+sow-editor+sow-editor+sow-editor+sow-editor+sow-editor,,no
https://www.skoda-storyboard.com/cs/skoda-svet-cs/vanoce-naruby/,cs,True,18,8,12,sow-editor+sow-editor+sow-editor+sow-editor+sow-editor+sow-editor+sow-editor+sow-editor+sow-editor+sow-editor+sow-editor+skoda-offset,,no
https://www.skoda-storyboard.com/cs/skoda-svet-cs/80-let-ctyrkolek-v-mlade-boleslavi/,cs,True,8,3,16,sow-editor+sow-editor+sow-editor+sow-editor+sow-editor+sow-editor+sow-editor+sow-editor+sow-editor+sow-editor+sow-editor+sow-editor+sow-editor+sow-editor+sow-editor+sow-editor,,no
https://www.skoda-storyboard.com/cs/zivotni-styl/sport-cs/11-kroku-k-vitezstvi/,cs,True,137,51,80,sow-editor+sow-editor+skoda-offset+skoda-offset+sow-editor+sow-editor+sow-editor+sow-editor+sow-editor+sow-editor+sow-editor+sow-editor+skoda-offset+skoda-offset+sow-editor+sow-editor+sow-editor+sow-editor+sow-editor+sow-editor+skoda-offset+skoda-offset+sow-editor+sow-editor+sow-editor+sow-editor+sow-editor+sow-editor+sow-editor+sow-editor+sow-editor+sow-editor+sow-editor+sow-editor+sow-editor+sow-editor+sow-editor+sow-editor+sow-editor+sow-editor+sow-editor+sow-editor+sow-editor+sow-editor+sow-editor+sow-editor+skoda-offset+skoda-offset+sow-editor+sow-editor+sow-editor+sow-editor+sow-editor+sow-editor+skoda-offset+skoda-offset+sow-editor+sow-editor+sow-editor+sow-editor+sow-editor+sow-editor+sow-editor+sow-editor+sow-editor+sow-editor+sow-editor+sow-editor+skoda-offset+skoda-offset+sow-editor+sow-editor+sow-editor+sow-editor+sow-editor+sow-editor+sow-editor+sow-editor+sow-editor+sow-editor,,no
https://www.skoda-storyboard.com/cs/zivotni-styl/lide-cs/dobrodruzstvi-ve-stinu-etny/,cs,True,33,19,16,sow-editor+sow-editor+sow-editor+sow-editor+sow-editor+sow-editor+sow-editor+sow-editor+sow-editor+sow-editor+sow-editor+sow-editor+sow-editor+sow-editor+sow-editor+sow-editor,,no
https://www.skoda-storyboard.com/cs/modely-cs/skoda-karoq-ma-prestizni-golden-steering-wheel/,cs,True,38,24,1,sow-editor,,no
https://www.skoda-storyboard.com/cs/skoda-svet-cs/inovace-a-technologie/10-tipu-jak-usetrit-palivo/,cs,True,138,78,70,sow-editor+sow-editor+sow-editor+sow-editor+sow-editor+sow-editor+sow-editor+sow-editor+sow-editor+sow-editor+sow-editor+sow-editor+sow-editor+sow-editor+sow-editor+sow-editor+sow-editor+sow-editor+sow-editor+sow-editor+sow-editor+sow-editor+sow-editor+sow-editor+sow-editor+sow-editor+sow-editor+sow-editor+sow-editor+sow-editor+sow-editor+sow-editor+sow-editor+sow-editor+sow-editor+sow-editor+sow-editor+sow-editor+sow-editor+sow-editor+sow-editor+sow-editor+sow-editor+sow-editor+sow-editor+sow-editor+sow-editor+sow-editor+sow-editor+sow-editor+sow-editor+sow-editor+sow-editor+sow-editor+sow-editor+sow-editor+sow-editor+sow-editor+sow-editor+sow-editor+sow-editor+sow-editor+sow-editor+sow-editor+sow-editor+sow-editor+sow-editor+sow-editor+sow-editor+sow-editor,,no
https://www.skoda-storyboard.com/cs/skoda-svet-cs/halloween-jinak-probudte-v-sobe-dite/,cs,True,31,14,1,sow-editor,,no
https://www.skoda-storyboard.com/cs/skoda-svet-cs/inovace-a-technologie/seznamte-se-designersky-tym-skoda-color-trim/,cs,True,85,43,44,sow-editor+sow-editor+sow-editor+sow-editor+sow-editor+sow-editor+sow-editor+sow-editor+sow-editor+sow-editor+sow-editor+sow-editor+sow-editor+sow-editor+sow-editor+sow-editor+sow-editor+sow-editor+sow-editor+sow-editor+sow-editor+sow-editor+sow-editor+sow-editor+sow-editor+sow-editor+sow-editor+sow-editor+sow-editor+sow-editor+sow-editor+sow-editor+sow-editor+sow-editor+sow-editor+sow-editor+sow-editor+sow-editor+sow-editor+sow-editor+sow-editor+sow-editor+sow-editor+sow-editor,,no
https://www.skoda-storyboard.com/cs/skoda-svet-cs/skoda-na-ceste-k-zakaznikum/,cs,True,54,28,7,sow-editor+sow-editor+sow-editor+sow-editor+sow-editor+sow-editor+sow-editor,,no
https://www.skoda-storyboard.com/cs/skoda-svet-cs/virtualni-jizda-historickou-prahou/,cs,True,34,27,9,sow-editor+sow-editor+sow-editor+sow-editor+sow-editor+sow-editor+sow-editor+sow-editor+sow-editor,,no
https://www.skoda-storyboard.com/cs/skoda-svet-cs/70-let-v-kvasinach/,cs,True,28,14,1,sow-editor,,no
https://www.skoda-storyboard.com/cs/zivotni-styl/lide-cs/kde-skoda-pomaha/,cs,True,64,42,1,sow-editor,,no
https://www.skoda-storyboard.com/cs/skoda-svet-cs/90-let-odborneho-vzdelavani/,cs,True,58,33,22,sow-editor+sow-editor+sow-editor+sow-editor+sow-editor+sow-editor+sow-editor+sow-editor+sow-editor+sow-editor+sow-editor+sow-editor+sow-editor+sow-editor+sow-editor+sow-editor+sow-editor+sow-editor+sow-editor+sow-editor+sow-editor+sow-editor,,no
https://www.skoda-storyboard.com/cs/skoda-svet-cs/inovace-a-technologie/skoda-live-tour/,cs,True,34,16,3,sow-editor+sow-editor+sow-editor,,no
https://www.skoda-storyboard.com/cs/modely-cs/parkovaci-vyzva-citigo-v-akci/,cs,True,61,24,20,sow-editor+sow-editor+sow-editor+sow-editor+sow-editor+sow-editor+sow-editor+sow-editor+sow-editor+sow-editor+sow-editor+sow-editor+sow-editor+sow-editor+sow-editor+sow-editor+sow-editor+sow-editor+sow-editor+sow-editor,,no
https://www.skoda-storyboard.com/cs/skoda-svet-cs/inovace-a-technologie/ajtacky-meni-pohled-na-auto-budoucnosti/,cs,True,39,26,10,sow-editor+sow-editor+skoda-offset+sow-editor+sow-editor+sow-editor+sow-editor+sow-editor+sow-editor+sow-editor,,no
https://www.skoda-storyboard.com/cs/zivotni-styl/lide-cs/skoda-na-znamkach/,cs,True,26,12,6,sow-editor+sow-editor+sow-editor+sow-editor+sow-editor+sow-editor,,no
https://www.skoda-storyboard.com/cs/skoda-svet-cs/inovace-a-technologie/showroomy-skoda-ozivaji-umenim/,cs,True,18,7,30,sow-editor+sow-editor+sow-editor+sow-editor+sow-editor+sow-editor+sow-editor+sow-editor+sow-editor+sow-editor+sow-editor+sow-editor+sow-editor+sow-editor+sow-editor+sow-editor+sow-editor+sow-editor+sow-editor+sow-editor+sow-editor+sow-editor+sow-editor+sow-editor+sow-editor+sow-editor+sow-editor+sow-editor+sow-editor+sow-editor,,no
https://www.skoda-storyboard.com/cs/skoda-svet-cs/20-milionu-duvodu-k-radosti/,cs,True,176,131,144,sow-editor+sow-editor+sow-editor+sow-editor+sow-editor+sow-editor+sow-editor+sow-editor+sow-editor+sow-editor+sow-editor+sow-editor+sow-editor+sow-editor+sow-editor+sow-editor+sow-editor+sow-editor+sow-editor+sow-editor+sow-editor+sow-editor+sow-editor+sow-editor+sow-editor+sow-editor+sow-editor+sow-editor+sow-editor+sow-editor+sow-editor+sow-editor+sow-editor+sow-editor+sow-editor+sow-editor+sow-editor+sow-editor+sow-editor+sow-editor+sow-editor+sow-editor+sow-editor+sow-editor+sow-editor+sow-editor+sow-editor+sow-editor+sow-editor+sow-editor+sow-editor+sow-editor+sow-editor+sow-editor+sow-editor+sow-editor+sow-editor+sow-editor+sow-editor+sow-editor+sow-editor+sow-editor+sow-editor+sow-editor+sow-editor+sow-editor+sow-editor+sow-editor+sow-editor+sow-editor+sow-editor+sow-editor+sow-editor+sow-editor+sow-editor+sow-editor+sow-editor+sow-editor+sow-editor+sow-editor+sow-editor+sow-editor+sow-editor+sow-editor+sow-editor+sow-editor+sow-editor+sow-editor+sow-editor+sow-editor+sow-editor+sow-editor+sow-editor+sow-editor+sow-editor+sow-editor+sow-editor+sow-editor+sow-editor+sow-editor+sow-editor+sow-editor+sow-editor+sow-editor+sow-editor+sow-editor+sow-editor+sow-editor+sow-editor+sow-editor+sow-editor+sow-editor+sow-editor+sow-editor+sow-editor+sow-editor+sow-editor+sow-editor+sow-editor+sow-editor+sow-editor+sow-editor+sow-editor+sow-editor+sow-editor+sow-editor+sow-editor+sow-editor+sow-editor+sow-editor+sow-editor+sow-editor+sow-editor+sow-editor+sow-editor+sow-editor+sow-editor+sow-editor+sow-editor+sow-editor+sow-editor+sow-editor+sow-editor+sow-editor,,no
https://www.skoda-storyboard.com/cs/skoda-svet-cs/film-o-filmu-jak-vznikal-pribeh-loga-skoda/,cs,True,8,3,9,sow-editor+sow-editor+sow-editor+sow-editor+sow-editor+sow-editor+sow-editor+sow-editor+sow-editor,,no
https://www.skoda-storyboard.com/cs/modely-cs/umeni-rychlosti-pontus-tidemand-a-octavia-rs-245/,cs,True,50,33,13,sow-editor+sow-editor+sow-editor+sow-editor+sow-editor+sow-editor+sow-editor+sow-editor+sow-editor+sow-editor+sow-editor+sow-editor+sow-editor,,no
https://www.skoda-storyboard.com/cs/modely-cs/nova-skoda-karoq-se-predstavuje-prozkoumejte-ji/,cs,True,32,16,1,skoda-quote,,no
https://www.skoda-storyboard.com/cs/modely-cs/skoda-kodiaq-scout-seznamte-se/,cs,True,58,35,22,sow-editor+sow-editor+sow-editor+sow-editor+sow-editor+sow-editor+sow-editor+sow-editor+sow-editor+sow-editor+sow-editor+sow-editor+sow-editor+sow-editor+sow-editor+sow-editor+sow-editor+sow-editor+sow-editor+sow-editor+sow-editor+sow-editor,,no
https://www.skoda-storyboard.com/cs/skoda-svet-cs/maratonci-pomahaji-detem/,cs,True,75,51,3,skoda-quote+sow-editor+sow-editor,,no
https://www.skoda-storyboard.com/cs/skoda-svet-cs/vstupte-do-sveta-znacky-skoda-ve-frankfurtu/,cs,True,28,15,10,sow-editor+sow-editor+sow-editor+sow-editor+sow-editor+sow-editor+sow-editor+sow-editor+sow-editor+sow-editor,,no
https://www.skoda-storyboard.com/cs/modely-cs/skoda-kodiaq-sportline-seznamte-se/,cs,True,58,35,22,sow-editor+sow-editor+sow-editor+sow-editor+sow-editor+sow-editor+sow-editor+sow-editor+sow-editor+sow-editor+sow-editor+sow-editor+sow-editor+sow-editor+sow-editor+sow-editor+sow-editor+sow-editor+sow-editor+sow-editor+sow-editor+sow-editor,,no
https://www.skoda-storyboard.com/cs/koncepty-cs/prohlednete-si-koncept-vision-e-poradne-zblizka/,cs,True,8,2,9,sow-editor+sow-editor+sow-editor+sow-editor+sow-slider+skoda-offset+sow-editor+sow-editor+sow-editor,,no
https://www.skoda-storyboard.com/cs/media-cs/zive-vysilani-cs/skoda-auto-ve-frankfurtu/,cs,True,28,14,10,sow-editor+sow-editor+sow-editor+sow-editor+sow-editor+sow-editor+sow-editor+sow-editor+sow-editor+sow-editor,,no
https://www.skoda-storyboard.com/cs/skoda-svet-cs/inovace-a-technologie/vykonny-a-usporny/,cs,True,79,56,48,sow-editor+sow-editor+sow-editor+sow-editor+sow-editor+sow-editor+sow-editor+sow-editor+sow-editor+sow-editor+sow-editor+sow-editor+sow-editor+sow-editor+sow-editor+sow-editor+sow-editor+sow-editor+sow-editor+sow-editor+sow-editor+sow-editor+sow-editor+sow-editor+sow-editor+sow-editor+sow-editor+sow-editor+sow-editor+sow-editor+sow-editor+sow-editor+sow-editor+sow-editor+sow-editor+sow-editor+sow-editor+sow-editor+sow-editor+sow-editor+sow-editor+sow-editor+sow-editor+sow-editor+sow-editor+sow-editor+sow-editor+sow-editor,,no
https://www.skoda-storyboard.com/cs/skoda-svet-cs/dedictvi-cs/kdyz-favoritem-je-favorit/,cs,True,65,47,14,sow-editor+sow-editor+sow-editor+sow-editor+sow-editor+sow-editor+skoda-quote+sow-editor+sow-editor+sow-editor+sow-editor+sow-editor+sow-editor+sow-editor,,no
https://www.skoda-storyboard.com/cs/modely-cs/kodiaq-cs/s-kodiaqem-na-aljasku/,cs,True,28,12,14,sow-editor+sow-editor+sow-editor+sow-editor+sow-editor+sow-editor+sow-editor+sow-editor+skoda-quote+sow-editor+sow-editor+sow-editor+sow-editor+sow-editor,,no
https://www.skoda-storyboard.com/cs/modely-cs/citigo-cs/objevujte-cesko-skryta-mista-prahy/,cs,True,43,29,26,sow-editor+sow-editor+sow-editor+sow-editor+sow-editor+sow-editor+sow-editor+sow-editor+sow-editor+sow-editor+sow-editor+sow-editor+sow-editor+sow-editor+sow-editor+sow-editor+sow-editor+sow-editor+sow-editor+sow-editor+sow-editor+sow-editor+sow-editor+sow-editor+sow-editor+sow-editor,,no
https://www.skoda-storyboard.com/cs/zivotni-styl/motorsport-cs/znovu-mistri-sveta/,cs,True,13,8,13,sow-editor+sow-editor+sow-editor+sow-editor+skoda-quote+sow-editor+skoda-quote+sow-editor+sow-editor+sow-editor+sow-editor+skoda-quote+sow-editor,,no
https://www.skoda-storyboard.com/cs/skoda-svet-cs/veteranska-rally-na-vlastni-kuzi/,cs,True,57,40,12,sow-editor+sow-editor+sow-editor+sow-editor+sow-editor+sow-editor+sow-editor+sow-editor+sow-editor+sow-editor+sow-editor+sow-editor,,no
https://www.skoda-storyboard.com/cs/skoda-svet-cs/autem-po-slovensku/,cs,True,88,56,56,sow-editor+sow-editor+sow-editor+sow-editor+sow-editor+sow-editor+sow-editor+sow-editor+sow-editor+sow-editor+sow-editor+sow-editor+sow-editor+sow-editor+sow-editor+sow-editor+sow-editor+sow-editor+sow-editor+sow-editor+sow-editor+sow-editor+sow-editor+sow-editor+sow-editor+sow-editor+sow-editor+sow-editor+sow-editor+sow-editor+sow-editor+sow-editor+sow-editor+sow-editor+sow-editor+sow-editor+sow-editor+sow-editor+sow-editor+sow-editor+sow-editor+sow-editor+sow-editor+sow-editor+sow-editor+sow-editor+sow-editor+sow-editor+sow-editor+sow-editor+sow-editor+sow-editor+sow-editor+sow-editor+sow-editor+sow-editor,,no
https://www.skoda-storyboard.com/cs/zivotni-styl/motorsport-cs/neobycejny-pribeh-skoda-130-lr/,cs,True,67,44,14,sow-editor+sow-editor+sow-editor+sow-editor+sow-editor+sow-editor+sow-editor+sow-editor+sow-editor+sow-editor+sow-editor+sow-editor+sow-editor+sow-editor,,no
https://www.skoda-storyboard.com/cs/skoda-svet-cs/autem-po-rakousku/,cs,True,101,54,60,sow-editor+sow-editor+sow-editor+sow-editor+sow-editor+sow-editor+sow-editor+sow-editor+sow-editor+sow-editor+sow-editor+sow-editor+sow-editor+sow-editor+sow-editor+sow-editor+sow-editor+sow-editor+sow-editor+sow-editor+sow-editor+sow-editor+sow-editor+sow-editor+sow-editor+sow-editor+sow-editor+sow-editor+sow-editor+sow-editor+sow-editor+sow-editor+sow-editor+sow-editor+sow-editor+sow-editor+sow-editor+sow-editor+sow-editor+sow-editor+sow-editor+sow-editor+sow-editor+sow-editor+sow-editor+sow-editor+sow-editor+sow-editor+sow-editor+sow-editor+sow-editor+sow-editor+sow-editor+sow-editor+sow-editor+sow-editor+sow-editor+sow-editor+sow-editor+sow-editor,,no
https://www.skoda-storyboard.com/cs/modely-cs/odhalte-dna-rodiny-suv-znacky-skoda/,cs,True,13,5,18,sow-editor+sow-editor+sow-editor+sow-editor+sow-editor+sow-editor+sow-editor+sow-editor+sow-editor+sow-editor+sow-editor+sow-editor+sow-editor+sow-editor+sow-editor+sow-editor+sow-editor+sow-editor,,no
https://www.skoda-storyboard.com/cs/skoda-svet-cs/autem-po-polsku/,cs,True,89,38,2,sow-editor+sow-editor,,no
https://www.skoda-storyboard.com/cs/skoda-svet-cs/inovace-a-technologie/polopate-asistencni-systemy-skoda-3-dil/,cs,True,48,22,24,sow-editor+sow-editor+sow-editor+sow-editor+sow-editor+sow-editor+sow-editor+sow-editor+sow-editor+sow-editor+sow-editor+sow-editor+sow-editor+sow-editor+sow-editor+sow-editor+sow-editor+sow-editor+sow-editor+sow-editor+sow-editor+sow-editor+sow-editor+sow-editor,,no
https://www.skoda-storyboard.com/cs/skoda-svet-cs/opecovavane-klenoty/,cs,True,19,8,13,sow-editor+sow-editor+sow-editor+sow-editor+sow-editor+sow-editor+sow-editor+sow-editor+sow-editor+sow-editor+sow-editor+sow-editor+sow-editor,,no
https://www.skoda-storyboard.com/cs/skoda-svet-cs/autem-po-nemecku/,cs,True,90,37,2,sow-editor+sow-editor,,no
https://www.skoda-storyboard.com/cs/zivotni-styl/lide-cs/recept-na-uspech/,cs,True,85,41,1,sow-editor,,no
https://www.skoda-storyboard.com/cs/modely-cs/jak-se-rodi-karoq/,cs,True,82,36,1,skoda-quote,,no
https://www.skoda-storyboard.com/cs/skoda-svet-cs/poustni-kovbojove-zachranuji-tabernas/,cs,True,59,36,3,sow-editor+sow-editor+sow-editor,,no
https://www.skoda-storyboard.com/cs/skoda-svet-cs/autem-po-italii/,cs,True,93,56,62,sow-editor+sow-editor+sow-editor+sow-editor+sow-editor+sow-editor+sow-editor+sow-editor+sow-editor+sow-editor+sow-editor+sow-editor+sow-editor+sow-editor+sow-editor+sow-editor+sow-editor+sow-editor+sow-editor+sow-editor+sow-editor+sow-editor+sow-editor+sow-editor+sow-editor+sow-editor+sow-editor+sow-editor+sow-editor+sow-editor+sow-editor+sow-editor+sow-editor+sow-editor+sow-editor+sow-editor+sow-editor+sow-editor+sow-editor+sow-editor+sow-editor+sow-editor+sow-editor+sow-editor+sow-editor+sow-editor+sow-editor+sow-editor+sow-editor+sow-editor+sow-editor+sow-editor+sow-editor+sow-editor+sow-editor+sow-editor+sow-editor+sow-editor+sow-editor+sow-editor+sow-editor+sow-editor,,no
https://www.skoda-storyboard.com/cs/skoda-svet-cs/jeste-vice-vasne-a-radosti/,cs,True,8,3,8,sow-editor+sow-editor+sow-editor+sow-editor+sow-editor+sow-editor+sow-editor+sow-editor,,no
https://www.skoda-storyboard.com/cs/skoda-svet-cs/autem-po-chorvatsku/,cs,True,100,40,60,sow-editor+sow-editor+sow-editor+sow-editor+sow-editor+sow-editor+sow-editor+sow-editor+sow-editor+sow-editor+sow-editor+sow-editor+sow-editor+sow-editor+sow-editor+sow-editor+sow-editor+sow-editor+sow-editor+sow-editor+sow-editor+sow-editor+sow-editor+sow-editor+sow-editor+sow-editor+sow-editor+sow-editor+sow-editor+sow-editor+sow-editor+sow-editor+sow-editor+sow-editor+sow-editor+sow-editor+sow-editor+sow-editor+sow-editor+sow-editor+sow-editor+sow-editor+sow-editor+sow-editor+sow-editor+sow-editor+sow-editor+sow-editor+sow-editor+sow-editor+sow-editor+sow-editor+sow-editor+sow-editor+sow-editor+sow-editor+sow-editor+sow-editor+sow-editor+sow-editor,,no
https://www.skoda-storyboard.com/cs/modely-cs/will-it-fit-karoq-versus-1000-bidonu/,cs,True,21,11,8,sow-editor+sow-editor+sow-editor+sow-editor+sow-editor+sow-editor+sow-editor+sow-editor,,no
https://www.skoda-storyboard.com/cs/zivotni-styl/sport-cs/cyklistika-cs/kristalove-skvosty-tour-de-france/,cs,True,99,59,1,skoda-quote,,no
https://www.skoda-storyboard.com/cs/skoda-svet-cs/autem-po-cesku/,cs,True,123,50,72,sow-editor+sow-editor+sow-editor+sow-editor+sow-editor+sow-editor+sow-editor+sow-editor+sow-editor+sow-editor+sow-editor+sow-editor+sow-editor+sow-editor+sow-editor+sow-editor+sow-editor+sow-editor+sow-editor+sow-editor+sow-editor+sow-editor+sow-editor+sow-editor+sow-editor+sow-editor+sow-editor+sow-editor+sow-editor+sow-editor+sow-editor+sow-editor+sow-editor+sow-editor+sow-editor+sow-editor+sow-editor+sow-editor+sow-editor+sow-editor+sow-editor+sow-editor+sow-editor+sow-editor+sow-editor+sow-editor+sow-editor+sow-editor+sow-editor+sow-editor+sow-editor+sow-editor+sow-editor+sow-editor+sow-editor+sow-editor+sow-editor+sow-editor+sow-editor+sow-editor+sow-editor+sow-editor+sow-editor+sow-editor+sow-editor+sow-editor+sow-editor+sow-editor+sow-editor+sow-editor+sow-editor+sow-editor,,no
https://www.skoda-storyboard.com/cs/zivotni-styl/motorsport-cs/skoda-motorsport-uspech-vychazejici-z-tradice/,cs,True,8,2,22,sow-editor+sow-editor+sow-editor+sow-editor+sow-editor+sow-editor+sow-editor+sow-editor+sow-editor+sow-editor+sow-editor+sow-editor+sow-editor+sow-editor+sow-editor+sow-editor+sow-editor+sow-editor+sow-editor+sow-editor+sow-editor+sow-editor,,no
https://www.skoda-storyboard.com/cs/skoda-svet-cs/skoda-karoq-na-tour-de-france/,cs,True,37,28,8,sow-editor+sow-editor+sow-editor+sow-editor+sow-editor+sow-editor+sow-editor+sow-editor,,no
https://www.skoda-storyboard.com/cs/skoda-svet-cs/autem-po-evrope/,cs,True,114,45,64,sow-editor+sow-editor+sow-editor+sow-editor+sow-editor+sow-editor+sow-editor+sow-editor+sow-editor+sow-editor+sow-editor+sow-editor+sow-editor+sow-editor+sow-editor+sow-editor+sow-editor+sow-editor+sow-editor+sow-editor+sow-editor+sow-editor+sow-editor+sow-editor+sow-editor+sow-editor+sow-editor+sow-editor+sow-editor+sow-editor+sow-editor+sow-editor+sow-editor+sow-editor+sow-editor+sow-editor+sow-editor+sow-editor+sow-editor+sow-editor+sow-editor+sow-editor+sow-editor+sow-editor+sow-editor+sow-editor+sow-editor+sow-editor+sow-editor+sow-editor+sow-editor+sow-editor+sow-editor+sow-editor+sow-editor+sow-editor+sow-editor+sow-editor+sow-editor+sow-editor+sow-editor+sow-editor+sow-editor+sow-editor,,no
https://www.skoda-storyboard.com/cs/skoda-svet-cs/aerodynamicka-kapka/,cs,True,8,2,10,sow-editor+sow-editor+sow-editor+sow-editor+sow-editor+sow-editor+sow-editor+sow-editor+sow-editor+sow-editor,,no
https://www.skoda-storyboard.com/cs/zivotni-styl/sport-cs/cyklistika-cs/co-kdyby-se-tour-de-france-jela-jinde/,cs,True,8,5,2,sow-editor+sow-editor,,no
https://www.skoda-storyboard.com/cs/skoda-svet-cs/inovace-a-technologie/polopate-asistencni-systemy-skoda-2-dil/,cs,True,43,19,22,sow-editor+sow-editor+sow-editor+sow-editor+sow-editor+sow-editor+sow-editor+sow-editor+sow-editor+sow-editor+sow-editor+sow-editor+sow-editor+sow-editor+sow-editor+sow-editor+sow-editor+sow-editor+sow-editor+sow-editor+sow-editor+sow-editor,,no
https://www.skoda-storyboard.com/cs/skoda-svet-cs/15-milionu-vozu-od-roku-1991/,cs,True,61,50,34,sow-editor+sow-editor+sow-editor+sow-editor+sow-editor+sow-editor+sow-editor+sow-editor+sow-editor+sow-editor+sow-editor+sow-editor+sow-editor+sow-editor+sow-editor+sow-editor+sow-editor+sow-editor+sow-editor+sow-editor+sow-editor+sow-editor+sow-editor+sow-editor+sow-editor+sow-editor+sow-editor+sow-editor+sow-editor+sow-editor+sow-editor+sow-editor+sow-editor+sow-editor,,no
https://www.skoda-storyboard.com/cs/modely-cs/novy-studentsky-vuz-skoda-element/,cs,True,93,47,10,sow-editor+sow-editor+sow-editor+sow-editor+sow-editor+sow-editor+sow-editor+sow-editor+sow-editor+sow-editor,,no
https://www.skoda-storyboard.com/cs/modely-cs/kodiaq-cs/stoleta-tradice-sanitni-vozy-skoda/,cs,True,8,5,14,sow-editor+sow-editor+sow-editor+sow-editor+sow-editor+sow-editor+sow-editor+sow-editor+sow-editor+sow-editor+sow-editor+sow-editor+sow-editor+sow-editor,,no
https://www.skoda-storyboard.com/cs/modely-cs/octavia-cs/joga-za-volantem/,cs,True,124,64,1,sow-editor,,no
https://www.skoda-storyboard.com/cs/modely-cs/frankfurt-na-vysku/,cs,True,53,30,30,sow-editor+sow-editor+sow-editor+sow-editor+sow-editor+sow-editor+sow-editor+sow-editor+sow-editor+sow-editor+sow-editor+sow-editor+sow-editor+sow-editor+sow-editor+sow-editor+sow-editor+sow-editor+sow-editor+sow-editor+sow-editor+sow-editor+sow-editor+sow-editor+sow-editor+sow-editor+sow-editor+sow-editor+sow-editor+sow-editor,,no
https://www.skoda-storyboard.com/cs/skoda-svet-cs/inovace-a-technologie/skoda-pod-lupou-zaostreno-na-detail/,cs,True,116,76,64,sow-editor+sow-editor+sow-editor+sow-editor+sow-editor+sow-editor+sow-editor+sow-editor+sow-editor+sow-editor+sow-editor+sow-editor+sow-editor+sow-editor+sow-editor+sow-editor+skoda-offset+skoda-offset+sow-editor+sow-editor+sow-editor+sow-editor+sow-editor+sow-editor+sow-editor+sow-editor+sow-editor+sow-editor+sow-editor+sow-editor+sow-editor+sow-editor+skoda-offset+skoda-offset+sow-editor+sow-editor+sow-editor+sow-editor+sow-editor+sow-editor+sow-editor+sow-editor+sow-editor+sow-editor+sow-editor+sow-editor+sow-editor+sow-editor+sow-editor+sow-editor+sow-editor+sow-editor+sow-editor+sow-editor+skoda-offset+skoda-offset+sow-editor+sow-editor+sow-editor+sow-editor+sow-editor+sow-editor+sow-editor+sow-editor,,no
https://www.skoda-storyboard.com/cs/modely-cs/kodiaq-cs/pozorovani-hvezd-s-vozem-kodiaq/,cs,True,74,44,30,sow-editor+sow-editor+sow-editor+sow-editor+sow-editor+sow-editor+sow-editor+sow-editor+sow-editor+sow-editor+sow-editor+sow-editor+sow-editor+sow-editor+sow-editor+sow-editor+sow-editor+sow-editor+sow-editor+sow-editor+sow-editor+sow-editor+sow-editor+sow-editor+sow-editor+sow-editor+sow-editor+sow-editor+sow-editor+sow-editor,,no
https://www.skoda-storyboard.com/cs/skoda-svet-cs/inovace-a-technologie/zivot-v-laborce/,cs,True,49,22,20,sow-editor+sow-editor+sow-editor+sow-editor+sow-editor+sow-editor+sow-editor+sow-editor+sow-editor+sow-editor+sow-editor+sow-editor+sow-editor+sow-editor+sow-editor+sow-editor+sow-editor+sow-editor+sow-editor+sow-editor,,no
https://www.skoda-storyboard.com/cs/skoda-svet-cs/na-vysokem-kole-pro-dobrou-vec/,cs,True,24,12,3,sow-editor+sow-editor+sow-editor,,no
https://www.skoda-storyboard.com/cs/zivotni-styl/sport-cs/pevne-spojeni-hokej-a-skoda-auto/,cs,True,52,30,32,sow-editor+sow-editor+sow-editor+sow-editor+sow-editor+sow-editor+sow-editor+sow-editor+skoda-quote+skoda-quote+sow-editor+sow-editor+sow-editor+sow-editor+sow-editor+sow-editor+skoda-quote+skoda-quote+sow-editor+sow-editor+skoda-quote+skoda-quote+sow-editor+sow-editor+sow-editor+sow-editor+sow-editor+sow-editor+skoda-quote+skoda-quote+sow-editor+sow-editor,,no
https://www.skoda-storyboard.com/cs/skoda-svet-cs/letape-du-tour/,cs,True,85,55,68,sow-editor+sow-editor+sow-editor+sow-editor+sow-editor+sow-editor+sow-editor+sow-editor+sow-editor+sow-editor+sow-editor+sow-editor+sow-editor+sow-editor+skoda-offset+skoda-offset+sow-editor+sow-editor+skoda-offset+skoda-offset+sow-editor+sow-editor+sow-editor+sow-editor+sow-editor+sow-editor+sow-editor+sow-editor+skoda-offset+skoda-offset+sow-editor+sow-editor+skoda-offset+skoda-offset+sow-editor+sow-editor+skoda-offset+skoda-offset+sow-editor+sow-editor+sow-editor+sow-editor+skoda-offset+skoda-offset+sow-editor+sow-editor+skoda-offset+skoda-offset+sow-editor+sow-editor+skoda-offset+skoda-offset+sow-editor+sow-editor+sow-editor+sow-editor+sow-editor+sow-editor+sow-editor+sow-editor+sow-editor+sow-editor+sow-editor+sow-editor+skoda-offset+skoda-offset+sow-editor+sow-editor,,no
https://www.skoda-storyboard.com/cs/modely-cs/pribeh-jmena-karoq/,cs,True,38,31,18,sow-editor+sow-editor+sow-editor+sow-editor+sow-editor+sow-editor+sow-editor+sow-editor+sow-editor+sow-editor+sow-editor+sow-editor+sow-editor+sow-editor+sow-editor+sow-editor+sow-editor+sow-editor,,no
https://www.skoda-storyboard.com/cs/modely-cs/skoda-karoq-tajemstvi-odhalena/,cs,True,74,43,44,sow-editor+sow-editor+sow-editor+sow-editor+sow-editor+sow-editor+sow-editor+sow-editor+skoda-quote+skoda-quote+sow-editor+sow-editor+sow-editor+sow-editor+sow-editor+sow-editor+sow-editor+sow-editor+sow-editor+sow-editor+sow-editor+sow-editor+sow-editor+sow-editor+sow-editor+sow-editor+sow-editor+sow-editor+sow-editor+sow-editor+sow-editor+sow-editor+sow-editor+sow-editor+sow-editor+sow-editor+sow-editor+sow-editor+sow-editor+sow-editor+sow-editor+sow-editor+sow-editor+sow-editor,,no
https://www.skoda-storyboard.com/cs/modely-cs/svetova-premiera-vozu-skoda-karoq/,cs,True,8,4,2,sow-editor+sow-editor,,no
https://www.skoda-storyboard.com/cs/modely-cs/karoq-miri-do-stockholmu-3-cast-svedsko/,cs,True,128,87,78,sow-editor+sow-editor+sow-editor+sow-editor+sow-editor+sow-editor+sow-editor+sow-editor+sow-editor+sow-editor+sow-editor+sow-editor+sow-editor+sow-editor+sow-slider+sow-slider+sow-editor+sow-editor+sow-editor+sow-editor+sow-editor+sow-editor+sow-editor+sow-editor+sow-editor+sow-editor+sow-editor+sow-editor+sow-slider+sow-slider+sow-editor+sow-editor+sow-editor+sow-editor+sow-editor+sow-editor+sow-editor+sow-editor+sow-editor+sow-editor+sow-editor+sow-editor+skoda-quote+skoda-quote+sow-slider+sow-slider+sow-editor+sow-editor+sow-editor+sow-editor+sow-editor+sow-editor+sow-editor+sow-editor+skoda-quote+skoda-quote+sow-editor+sow-editor+sow-editor+sow-editor+sow-editor+sow-editor+sow-slider+sow-slider+sow-editor+sow-editor+sow-editor+sow-editor+sow-editor+sow-editor+sow-slider+sow-slider+sow-slider+sow-slider+sow-slider+sow-slider+sow-slider+sow-slider,,no
https://www.skoda-storyboard.com/cs/modely-cs/karoq-miri-do-stockholmu-2-cast-nemecko/,cs,True,83,62,35,sow-editor+sow-editor+sow-editor+sow-editor+sow-editor+sow-editor+sow-editor+skoda-quote+sow-editor+skoda-quote+sow-editor+sow-editor+sow-editor+sow-editor+sow-editor+sow-editor+sow-editor+sow-editor+sow-editor+sow-slider+sow-editor+sow-editor+skoda-quote+sow-editor+sow-editor+sow-editor+sow-editor+sow-editor+skoda-quote+sow-editor+sow-editor+sow-editor+skoda-quote+sow-editor+sow-editor,,no
https://www.skoda-storyboard.com/cs/modely-cs/karoq-miri-do-stockholmu-1-cast-cesko/,cs,True,53,44,25,sow-editor+sow-editor+sow-editor+sow-editor+skoda-quote+sow-editor+sow-editor+sow-editor+sow-editor+sow-editor+sow-editor+sow-editor+sow-editor+sow-editor+sow-editor+sow-editor+sow-editor+sow-editor+skoda-offset+sow-editor+sow-editor+sow-editor+sow-editor+sow-slider+sow-editor,,no
https://www.skoda-storyboard.com/cs/zivotni-styl/sport-cs/ledova-plocha-snu-jak-udelat-dokonaly-led/,cs,True,43,23,3,sow-editor+sow-editor+skoda-quote,,no
https://www.skoda-storyboard.com/cs/skoda-svet-cs/inovace-a-technologie/what-drives-you-berlin-skoda-auto/,cs,True,23,9,8,sow-editor+sow-editor+sow-editor+sow-editor+sow-editor+sow-editor+sow-editor+sow-editor,,no
https://www.skoda-storyboard.com/cs/modely-cs/fabia-milionarka/,cs,True,43,21,18,sow-editor+sow-editor+sow-editor+sow-editor+sow-editor+sow-editor+sow-editor+sow-editor+sow-editor+sow-editor+sow-editor+sow-editor+sow-editor+sow-editor+sow-editor+sow-editor+sow-editor+sow-editor,,no
https://www.skoda-storyboard.com/cs/modely-cs/karoq-cs/karoq-se-skryva-v-lesich/,cs,True,18,8,6,sow-editor+sow-editor+sow-editor+sow-editor+sow-editor+sow-editor,,no
https://www.skoda-storyboard.com/cs/skoda-svet-cs/prvni-evropsky-rozhodci-v-nhl/,cs,True,40,24,1,sow-editor,,no
https://www.skoda-storyboard.com/cs/skoda-svet-cs/ctvrtstoleti-s-hokejem/,cs,True,33,18,12,sow-editor+sow-editor+sow-editor+sow-editor+sow-editor+sow-editor+sow-editor+sow-editor+sow-editor+sow-editor+sow-editor+sow-editor,,no
https://www.skoda-storyboard.com/cs/skoda-svet-cs/inovace-a-technologie/vize-digitalni-budoucnosti/,cs,True,29,15,12,sow-editor+sow-editor+sow-editor+sow-editor+sow-editor+sow-editor+sow-editor+sow-editor+sow-editor+sow-editor+sow-editor+sow-editor,,no
https://www.skoda-storyboard.com/cs/modely-cs/fabia-cs/objevujte-cesko-prvomajova-romantika/,cs,True,63,30,30,sow-editor+sow-editor+sow-editor+sow-editor+sow-editor+sow-editor+sow-editor+sow-editor+sow-editor+sow-editor+sow-editor+sow-editor+sow-editor+sow-editor+sow-editor+sow-editor+sow-editor+sow-editor+sow-editor+sow-editor+sow-editor+sow-editor+sow-editor+sow-editor+sow-editor+sow-editor+sow-editor+sow-editor+sow-editor+sow-editor,,no
https://www.skoda-storyboard.com/cs/modely-cs/pribeh-karoq/,cs,True,35,20,16,sow-editor+sow-editor+sow-editor+sow-editor+sow-editor+sow-editor+sow-editor+sow-editor+sow-editor+sow-editor+sow-editor+sow-editor+sow-editor+sow-editor+sow-editor+sow-editor,,no
https://www.skoda-storyboard.com/cs/skoda-svet-cs/inovace-a-technologie/experti-odhaluji-detaily-zrodu-vision-e/,cs,True,48,42,10,sow-editor+sow-editor+sow-editor+sow-editor+sow-editor+sow-editor+sow-editor+sow-editor+sow-editor+sow-editor,,no
https://www.skoda-storyboard.com/cs/modely-cs/kodiaq-off-road/,cs,True,14,4,6,sow-editor+sow-editor+sow-editor+sow-editor+sow-editor+sow-editor,,no
https://www.skoda-storyboard.com/cs/skoda-svet-cs/inovace-a-technologie/8-kroku-ke-konceptu/,cs,True,53,47,8,sow-editor+sow-editor+sow-editor+sow-editor+sow-editor+sow-editor+sow-editor+sow-editor,,no
https://www.skoda-storyboard.com/cs/skoda-svet-cs/inovace-a-technologie/vision-e-premiera-v-sanghaji/,cs,True,18,12,6,sow-editor+sow-editor+sow-editor+sow-editor+sow-editor+sow-editor,,no
https://www.skoda-storyboard.com/cs/modely-cs/octavia-cs/objevujte-cesko-jeseniky/,cs,True,42,23,22,sow-editor+sow-editor+sow-editor+sow-editor+sow-editor+sow-editor+sow-editor+sow-editor+sow-editor+sow-editor+sow-editor+sow-editor+sow-editor+sow-editor+sow-editor+sow-editor+sow-editor+sow-editor+sow-editor+sow-editor+sow-editor+sow-editor,,no
https://www.skoda-storyboard.com/cs/skoda-svet-cs/muj-bajecny-psi-zivot/,cs,True,85,59,48,sow-editor+sow-editor+sow-editor+sow-editor+sow-editor+sow-editor+sow-editor+sow-editor+sow-editor+sow-editor+sow-editor+sow-editor+sow-editor+sow-editor+sow-editor+sow-editor+sow-editor+sow-editor+sow-editor+sow-editor+sow-editor+sow-editor+sow-editor+sow-editor+sow-editor+sow-editor+sow-editor+sow-editor+sow-editor+sow-editor+sow-editor+sow-editor+sow-editor+sow-editor+sow-editor+sow-editor+sow-editor+sow-editor+sow-editor+sow-editor+sow-editor+sow-editor+sow-editor+sow-editor+sow-editor+sow-editor+sow-editor+sow-editor,,no
https://www.skoda-storyboard.com/cs/modely-cs/kodiaq-nad-svycarskymi-alpami/,cs,True,8,2,2,sow-editor+sow-editor,,no
https://www.skoda-storyboard.com/cs/skoda-svet-cs/inovace-a-technologie/jak-udrzet-auto-ciste-a-bez-bakterii/,cs,True,8,2,2,sow-editor+sow-editor,,no
https://www.skoda-storyboard.com/cs/modely-cs/kodiaq-road-trip/,cs,True,8,2,2,sow-editor+sow-editor,,no
https://www.skoda-storyboard.com/cs/modely-cs/will-it-fit-kodiaq-versus-ragbistky/,cs,True,8,4,2,sow-editor+sow-editor,,no
https://www.skoda-storyboard.com/cs/skoda-svet-cs/inovace-a-technologie/vision-e-nabita-budoucnost-znacky-skoda/,cs,True,43,29,4,sow-editor+sow-editor+sow-editor+sow-editor,,no
https://www.skoda-storyboard.com/cs/modely-cs/maximalni-komfort-pro-sedici-obry/,cs,True,25,18,1,skoda-quote,,no
https://www.skoda-storyboard.com/cs/skoda-svet-cs/inovace-a-technologie/designova-dna-znacky-skoda/,cs,True,23,16,8,sow-editor+sow-editor+sow-editor+sow-editor+sow-editor+sow-editor+sow-editor+sow-editor,,no
https://www.skoda-storyboard.com/cs/skoda-svet-cs/inovace-a-technologie/10-tipu-pro-cestovani-se-zviraty/,cs,True,35,16,16,sow-editor+sow-editor+sow-editor+sow-editor+sow-editor+sow-editor+sow-editor+sow-editor+sow-editor+sow-editor+sow-editor+sow-editor+sow-editor+sow-editor+sow-editor+sow-editor,,no
https://www.skoda-storyboard.com/cs/skoda-svet-cs/inovace-a-technologie/simply-clever-rychla-a-jednoducha-reseni/,cs,True,33,12,12,sow-editor+sow-editor+sow-editor+sow-editor+sow-editor+sow-editor+sow-editor+sow-editor+sow-editor+sow-editor+sow-editor+sow-editor,,no
https://www.skoda-storyboard.com/cs/skoda-svet-cs/obri-stavebnice-stanek-skoda-auto-v-zeneve/,cs,True,18,10,10,sow-editor+sow-editor+sow-editor+sow-editor+sow-editor+sow-editor+sow-editor+sow-editor+sow-editor+sow-editor,,no
https://www.skoda-storyboard.com/cs/modely-cs/skoda-auta-auticka-panenky/,cs,True,13,5,6,sow-editor+sow-editor+sow-editor+sow-editor+sow-editor+sow-editor,,no
https://www.skoda-storyboard.com/cs/zivotni-styl/sport-cs/nova-selma-ve-svetove-rally/,cs,True,8,4,2,sow-editor+sow-editor,,no
https://www.skoda-storyboard.com/cs/skoda-svet-cs/motorove-opojeni/,cs,True,133,81,74,sow-editor+sow-editor+sow-editor+sow-editor+sow-editor+sow-editor+sow-editor+sow-editor+sow-editor+sow-editor+sow-editor+sow-editor+sow-editor+sow-editor+sow-editor+sow-editor+sow-editor+sow-editor+sow-editor+sow-editor+sow-editor+sow-editor+sow-editor+sow-editor+sow-editor+sow-editor+sow-editor+sow-editor+sow-editor+sow-editor+sow-editor+sow-editor+sow-editor+sow-editor+sow-editor+sow-editor+sow-editor+sow-editor+sow-editor+sow-editor+sow-editor+sow-editor+sow-editor+sow-editor+sow-editor+sow-editor+sow-editor+sow-editor+sow-editor+sow-editor+sow-editor+sow-editor+sow-editor+sow-editor+sow-editor+sow-editor+sow-editor+sow-editor+sow-editor+sow-editor+sow-editor+sow-editor+sow-editor+sow-editor+sow-editor+sow-editor+sow-editor+sow-editor+sow-editor+sow-editor+sow-editor+sow-editor+sow-editor+sow-editor,,no
https://www.skoda-storyboard.com/cs/skoda-svet-cs/je-vase-kolo-v-bezpeci/,cs,True,18,9,6,sow-editor+sow-editor+sow-editor+sow-editor+sow-editor+sow-editor,,no
https://www.skoda-storyboard.com/cs/zivotni-styl/lide-cs/prekvapeni-k-mezinarodnimu-dni-zen/,cs,True,24,10,10,sow-editor+sow-editor+sow-editor+sow-editor+sow-editor+sow-editor+sow-editor+sow-editor+sow-editor+sow-editor,,no
https://www.skoda-storyboard.com/cs/modely-cs/projdete-si-expozici-skoda-auto-v-zeneve/,cs,True,8,2,2,sow-editor+sow-editor,,no
https://www.skoda-storyboard.com/cs/modely-cs/svetove-premiery-skoda-auto-v-zeneve/,cs,True,8,2,2,sow-editor+sow-editor,,no
https://www.skoda-storyboard.com/cs/skoda-svet-cs/inovace-a-technologie/polopate-asistencni-systemy-skoda/,cs,True,43,19,22,sow-editor+sow-editor+sow-editor+sow-editor+sow-editor+sow-editor+sow-editor+sow-editor+sow-editor+sow-editor+sow-editor+sow-editor+sow-editor+sow-editor+sow-editor+sow-editor+sow-editor+sow-editor+sow-editor+sow-editor+sow-editor+sow-editor,,no
https://www.skoda-storyboard.com/cs/modely-cs/zarikavac-skal/,cs,True,37,24,17,skoda-quote+sow-editor+sow-editor+sow-editor+sow-editor+sow-editor+sow-editor+skoda-quote+sow-editor+sow-editor+sow-editor+sow-editor+sow-editor+sow-editor+sow-editor+sow-editor+sow-editor,,no
https://www.skoda-storyboard.com/cs/modely-cs/kodiaq-svleknuty-z-kuze/,cs,True,52,36,11,sow-editor+sow-editor+sow-editor+sow-editor+sow-editor+sow-editor+sow-editor+sow-editor+sow-editor+skoda-offset+sow-editor,,no
https://www.skoda-storyboard.com/cs/zivotni-styl/sport-cs/cyklistika-cs/bombaj-nejvetsi-cyklisticka-vyzva/,cs,True,13,6,6,sow-editor+sow-editor+sow-editor+sow-editor+sow-editor+sow-editor,,no
https://www.skoda-storyboard.com/cs/zivotni-styl/lide-cs/skoda-love-story/,cs,True,37,16,26,sow-editor+sow-editor+sow-editor+sow-editor+sow-editor+sow-editor+sow-editor+sow-editor+skoda-quote+skoda-quote+sow-editor+sow-editor+sow-editor+sow-editor+sow-editor+sow-editor+sow-editor+sow-editor+skoda-quote+skoda-quote+sow-editor+sow-editor+sow-editor+sow-editor+sow-editor+sow-editor,,no
https://www.skoda-storyboard.com/cs/skoda-svet-cs/svetovy-rekord-kodiaq-a-275-lidi-v-jedne-bubline/,cs,True,51,34,1,skoda-quote,,no
https://www.skoda-storyboard.com/cs/zivotni-styl/lide-cs/veteranska-dilna-skoda-v-krusnych-horach/,cs,True,39,20,4,sow-editor+sow-editor+skoda-quote+sow-editor,,no
https://www.skoda-storyboard.com/cs/skoda-svet-cs/odpovednost-cs/kdyz-je-smich-ten-nejlepsi-lek/,cs,True,83,54,5,sow-editor+skoda-quote+skoda-quote+sow-editor+sow-editor,,no
https://www.skoda-storyboard.com/cs/modely-cs/objevte-bilbao/,cs,True,8,5,2,sow-editor+sow-editor,,no
https://www.skoda-storyboard.com/cs/modely-cs/zarici-znameni/,cs,True,99,51,48,sow-editor+sow-editor+sow-editor+sow-editor+sow-editor+sow-editor+sow-editor+sow-editor+sow-editor+sow-editor+sow-editor+sow-editor+sow-editor+sow-editor+sow-editor+sow-editor+sow-editor+sow-editor+sow-editor+sow-editor+sow-editor+sow-editor+sow-editor+sow-editor+sow-editor+sow-editor+sow-editor+sow-editor+sow-editor+sow-editor+sow-editor+sow-editor+sow-editor+sow-editor+sow-editor+sow-editor+sow-editor+sow-editor+sow-editor+sow-editor+sow-editor+sow-editor+sow-editor+sow-editor+sow-editor+sow-editor+sow-editor+sow-editor,,no
https://www.skoda-storyboard.com/cs/zivotni-styl/motorsport-cs/neobycejne-interview/,cs,True,129,81,3,skoda-offset+skoda-offset+skoda-offset,,no
https://www.skoda-storyboard.com/cs/skoda-svet-cs/dedictvi-cs/po-stopach-reklamy-znacky-skoda/,cs,True,123,63,9,sow-editor+sow-editor+sow-editor+sow-editor+sow-editor+sow-editor+sow-editor+sow-editor+sow-editor,,no
https://www.skoda-storyboard.com/cs/modely-cs/nova-skoda-octavia-svou-vlastni-cestou/,cs,True,94,55,56,sow-editor+sow-editor+sow-editor+sow-editor+sow-editor+sow-editor+skoda-quote+skoda-quote+sow-editor+sow-editor+sow-editor+sow-editor+sow-editor+sow-editor+sow-editor+sow-editor+sow-editor+sow-editor+sow-editor+sow-editor+sow-editor+sow-editor+sow-editor+sow-editor+sow-editor+sow-editor+skoda-quote+skoda-quote+sow-editor+sow-editor+sow-editor+sow-editor+sow-editor+sow-editor+sow-editor+sow-editor+sow-editor+sow-editor+sow-editor+sow-editor+sow-editor+sow-editor+sow-editor+sow-editor+sow-editor+sow-editor+sow-editor+sow-editor+sow-editor+sow-editor+sow-editor+sow-editor+sow-editor+sow-editor+sow-editor+sow-editor,,no
https://www.skoda-storyboard.com/cs/modely-cs/modernizovana-skoda-octavia/,cs,False,0,0,0,,,no
https://www.skoda-storyboard.com/cs/modely-cs/za-yettim-mezi-oblaka/,cs,True,69,34,42,sow-editor+sow-editor+sow-editor+sow-editor+sow-editor+sow-editor+sow-editor+sow-editor+sow-editor+sow-editor+sow-editor+sow-editor+skoda-quote+skoda-quote+sow-editor+sow-editor+sow-editor+sow-editor+sow-editor+sow-editor+sow-editor+sow-editor+sow-editor+sow-editor+sow-editor+sow-editor+sow-editor+sow-editor+sow-editor+sow-editor+sow-editor+sow-editor+sow-editor+sow-editor+sow-editor+sow-editor+sow-editor+sow-editor+sow-editor+sow-editor+skoda-quote+skoda-quote,,no
https://www.skoda-storyboard.com/cs/modely-cs/dobyt-pariz-za-jednu-noc/,cs,True,30,30,10,sow-editor+sow-editor+sow-editor+sow-editor+sow-editor+sow-editor+sow-editor+sow-editor+sow-editor+sow-editor,,no
https://www.skoda-storyboard.com/cs/zivotni-styl/lide-cs/novy-rok-prichazi/,cs,True,123,74,64,sow-editor+sow-editor+sow-editor+sow-editor+sow-editor+sow-editor+sow-editor+sow-editor+sow-editor+sow-editor+sow-editor+sow-editor+sow-editor+sow-editor+sow-editor+sow-editor+sow-editor+sow-editor+sow-editor+sow-editor+sow-editor+sow-editor+sow-editor+sow-editor+sow-editor+sow-editor+sow-editor+sow-editor+sow-editor+sow-editor+sow-editor+sow-editor+sow-editor+sow-editor+sow-editor+sow-editor+sow-editor+sow-editor+sow-editor+sow-editor+sow-editor+sow-editor+sow-editor+sow-editor+sow-editor+sow-editor+sow-editor+sow-editor+sow-editor+sow-editor+sow-editor+sow-editor+sow-editor+sow-editor+sow-editor+sow-editor+sow-editor+sow-editor+sow-editor+sow-editor+sow-editor+sow-editor+sow-editor+sow-editor,,no
https://www.skoda-storyboard.com/cs/skoda-svet-cs/zahrajme-si-hru/,cs,True,30,16,23,sow-editor+sow-editor+sow-editor+sow-editor+sow-editor+sow-editor+sow-editor+sow-editor+sow-editor+sow-editor+sow-editor+sow-editor+sow-editor+sow-editor+sow-editor+sow-editor+sow-editor+sow-editor+sow-editor+sow-editor+sow-editor+sow-editor+sow-editor,,no
https://www.skoda-storyboard.com/cs/zivotni-styl/lide-cs/vanoce-bernharda-maiera/,cs,True,25,14,16,sow-editor+sow-editor+sow-editor+sow-editor+sow-editor+sow-editor+sow-editor+sow-editor+sow-editor+sow-editor+skoda-quote+skoda-quote+sow-editor+sow-editor+sow-editor+sow-editor,,no
https://www.skoda-storyboard.com/cs/skoda-svet-cs/inovace-a-technologie/vanocni-playlist/,cs,True,18,8,18,sow-editor+sow-editor+sow-editor+sow-editor+sow-editor+sow-editor+sow-editor+sow-editor+sow-editor+sow-editor+sow-editor+sow-editor+sow-editor+sow-editor+sow-editor+sow-editor+sow-editor+sow-editor,,no
https://www.skoda-storyboard.com/cs/zivotni-styl/lide-cs/vanoce-terezy-maxove/,cs,True,37,16,1,skoda-quote,,no
https://www.skoda-storyboard.com/cs/zivotni-styl/lide-cs/jak-vznikala-vanocni-kampan/,cs,True,48,25,28,sow-editor+sow-editor+sow-editor+sow-editor+skoda-quote+skoda-quote+sow-editor+sow-editor+sow-editor+sow-editor+sow-editor+sow-editor+sow-editor+sow-editor+sow-editor+sow-editor+skoda-quote+skoda-quote+sow-editor+sow-editor+sow-editor+sow-editor+sow-editor+sow-editor+sow-editor+sow-editor+sow-editor+sow-editor,,no
https://www.skoda-storyboard.com/cs/modely-cs/superb-cs/vune-vanoc-vune-aut/,cs,True,53,26,1,skoda-quote,,no
https://www.skoda-storyboard.com/cs/skoda-svet-cs/na-zemi-ve-vode-i-ve-vzduchu/,cs,True,34,17,18,sow-editor+sow-editor+skoda-quote+skoda-quote+sow-editor+sow-editor+sow-editor+sow-editor+sow-editor+sow-editor+skoda-quote+skoda-quote+sow-editor+sow-editor+sow-editor+sow-editor+sow-editor+sow-editor,,no
https://www.skoda-storyboard.com/cs/zivotni-styl/lide-cs/vanoce-ondreje-synka/,cs,True,42,20,1,sow-editor,,no
https://www.skoda-storyboard.com/cs/zivotni-styl/lide-cs/pribeh-farem-fincas/,cs,True,64,22,1,skoda-offset,,no
https://www.skoda-storyboard.com/cs/skoda-svet-cs/driven-by-desire/,cs,True,15,12,16,sow-editor+sow-editor+sow-editor+sow-editor+sow-editor+sow-editor+sow-editor+sow-editor+sow-editor+sow-editor+sow-editor+sow-editor+sow-editor+sow-editor+sow-editor+sow-editor,,no
https://www.skoda-storyboard.com/cs/zivotni-styl/lide-cs/vanoce-jana-kopeckeho/,cs,True,36,18,1,sow-editor,,no
https://www.skoda-storyboard.com/cs/zivotni-styl/motorsport-cs/uspesna-sezona-vozu-skoda-fabia-r5/,cs,True,81,40,40,sow-editor+sow-editor+sow-editor+sow-editor+sow-editor+sow-editor+sow-editor+sow-editor+sow-editor+sow-editor+sow-editor+sow-editor+sow-editor+sow-editor+skoda-offset+skoda-offset+skoda-quote+skoda-quote+sow-editor+sow-editor+sow-editor+sow-editor+sow-editor+sow-editor+sow-editor+sow-editor+sow-editor+sow-editor+sow-editor+sow-editor+sow-editor+sow-editor+sow-editor+sow-editor+sow-editor+sow-editor+sow-editor+sow-editor+sow-editor+sow-editor,,no
https://www.skoda-storyboard.com/cs/skoda-svet-cs/inovace-a-technologie/da-vinciho-odkaz-stret-duvtipu-a-mysli-inzenyra/,cs,True,13,6,6,sow-editor+skoda-quote+sow-editor+sow-editor+sow-editor+sow-editor,,no
https://www.skoda-storyboard.com/cs/modely-cs/cestou-necestou-na-prvni-hodinu/,cs,True,42,20,1,skoda-quote,,no
https://www.skoda-storyboard.com/cs/zivotni-styl/lide-cs/road-to-christmas/,cs,False,0,0,0,,,no
https://www.skoda-storyboard.com/cs/koncepty-cs/svetem-s-zertem/,cs,True,36,30,4,skoda-captioned-image+sow-editor+sow-editor+skoda-captioned-image,skoda-captioned-image,yes
https://www.skoda-storyboard.com/cs/modely-cs/ten-milionty/,cs,True,39,19,20,sow-editor+sow-editor+sow-editor+sow-editor+sow-editor+sow-editor+sow-editor+sow-editor+sow-editor+sow-editor+sow-editor+sow-editor+sow-editor+sow-editor+sow-editor+sow-editor+sow-editor+sow-editor+skoda-quote+skoda-quote,,no
https://www.skoda-storyboard.com/cs/zivotni-styl/motorsport-cs/mistri-sveta/,cs,True,36,16,18,sow-editor+sow-editor+sow-editor+sow-editor+sow-editor+sow-editor+sow-editor+sow-editor+sow-editor+sow-editor+sow-editor+sow-editor+sow-editor+sow-editor+sow-editor+sow-editor+sow-editor+sow-editor,,no
https://www.skoda-storyboard.com/cs/skoda-svet-cs/inovace-a-technologie/kdyz-se-napad-stava-skutecnosti/,cs,True,43,17,19,sow-editor+sow-editor+sow-editor+sow-editor+sow-editor+sow-editor+sow-editor+sow-editor+sow-editor+sow-editor+sow-editor+sow-editor+sow-editor+sow-editor+sow-editor+sow-editor+sow-editor+sow-editor+sow-editor,,no
https://www.skoda-storyboard.com/cs/zivotni-styl/sport-cs/na-kole-proti-proudu/,cs,True,19,12,6,skoda-quote+sow-editor+skoda-quote+sow-editor+sow-editor+sow-editor,,no
https://www.skoda-storyboard.com/cs/modely-cs/nesplnena-mise/,cs,True,8,2,26,sow-editor+sow-editor+skoda-quote+sow-editor+sow-editor+sow-editor+sow-editor+skoda-quote+sow-editor+sow-editor+sow-editor+sow-editor+sow-editor+sow-editor+sow-editor+sow-editor+sow-editor+sow-editor+skoda-quote+sow-editor+sow-editor+sow-editor+sow-editor+sow-editor+sow-editor+skoda-quote,,no
https://www.skoda-storyboard.com/cs/skoda-svet-cs/od-ovenceneho-kola-k-okridlenemu-sipu/,cs,True,50,16,34,sow-editor+sow-editor+sow-editor+sow-editor+sow-editor+sow-editor+sow-editor+sow-editor+sow-editor+sow-editor+sow-editor+sow-editor+sow-editor+sow-editor+sow-editor+sow-editor+sow-editor+sow-editor+sow-editor+sow-editor+sow-editor+sow-editor+sow-editor+sow-editor+sow-editor+sow-editor+sow-editor+sow-editor+sow-editor+sow-editor+sow-editor+sow-editor+sow-editor+sow-editor,,no
https://www.skoda-storyboard.com/cs/zivotni-styl/motorsport-cs/krev-v-predjizdecim-pruhu/,cs,True,20,6,10,sow-editor+sow-editor+sow-editor+sow-editor+sow-editor+sow-editor+sow-editor+sow-editor+sow-editor+sow-editor,,no
https://www.skoda-storyboard.com/cs/skoda-svet-cs/honzovy-pohadky/,cs,True,8,2,20,skoda-quote+sow-editor+sow-image+sow-editor+sow-image+sow-editor+sow-image+sow-editor+sow-editor+sow-image+sow-editor+sow-image+sow-editor+sow-image+sow-image+sow-editor+sow-image+sow-editor+sow-editor+sow-image,sow-image,yes
https://www.skoda-storyboard.com/cs/modely-cs/yeti-cs/cesta-kolem-sveta-a-pritom-stale-v-rusku/,cs,True,127,78,1,skoda-quote,,no
https://www.skoda-storyboard.com/cs/skoda-svet-cs/zivot-plny-hudby-a-cukru/,cs,True,113,52,1,sow-editor,,no
https://www.skoda-storyboard.com/cs/modely-cs/kodiaq-cs/paris-motorshow-navzdy/,cs,False,0,0,0,,,no
https://www.skoda-storyboard.com/cs/modely-cs/kodiaq-cs/dalsi-dobrodruzstvi-pismene-q/,cs,True,35,12,22,sow-editor+sow-editor+sow-editor+sow-editor+skoda-captioned-image+skoda-captioned-image+skoda-captioned-image+skoda-captioned-image+skoda-captioned-image+skoda-captioned-image+skoda-captioned-image+skoda-captioned-image+skoda-captioned-image+skoda-captioned-image+skoda-captioned-image+skoda-captioned-image+skoda-captioned-image+skoda-captioned-image+sow-editor+sow-editor+sow-editor+sow-editor,skoda-captioned-image,yes
https://www.skoda-storyboard.com/cs/skoda-svet-cs/chci-byt-youtuberem/,cs,True,68,43,9,skoda-quote+skoda-captioned-image+skoda-captioned-image+skoda-captioned-image+skoda-offset+skoda-captioned-image+skoda-captioned-image+skoda-offset+skoda-quote,skoda-captioned-image,yes
https://www.skoda-storyboard.com/cs/zivotni-styl/sport-cs/to-spravne-misto/,cs,True,47,24,1,skoda-captioned-image,skoda-captioned-image,yes
https://www.skoda-storyboard.com/cs/modely-cs/nabalene-kufry/,cs,True,32,10,22,sow-editor+sow-editor+skoda-image-box+skoda-image-box+sow-editor+sow-editor+skoda-captioned-image+skoda-captioned-image+sow-editor+sow-editor+sow-editor+sow-editor+skoda-image-box+skoda-image-box+skoda-captioned-image+skoda-captioned-image+sow-editor+sow-editor+sow-editor+sow-editor+sow-editor+sow-editor,skoda-captioned-image;skoda-image-box,yes
https://www.skoda-storyboard.com/cs/skoda-svet-cs/kdyz-medved-pomaha/,cs,True,43,32,34,skoda-captioned-image+sow-editor+skoda-captioned-image+sow-editor+skoda-captioned-image+sow-editor+skoda-captioned-image+sow-editor+skoda-captioned-image+sow-editor+skoda-captioned-image+sow-editor+sow-editor+skoda-captioned-image+sow-editor+skoda-captioned-image+sow-editor+skoda-captioned-image+sow-editor+sow-editor+skoda-captioned-image+sow-editor+skoda-captioned-image+skoda-captioned-image+sow-editor+skoda-captioned-image+sow-editor+skoda-captioned-image+sow-editor+skoda-captioned-image+sow-editor+skoda-captioned-image+sow-editor+sow-editor,skoda-captioned-image,yes
https://www.skoda-storyboard.com/cs/skoda-svet-cs/design-cs/opojeni-barvami/,cs,True,28,10,11,skoda-captioned-image+skoda-offset+sow-editor+skoda-captioned-image+skoda-quote+sow-editor+skoda-quote+skoda-quote+skoda-captioned-image+skoda-offset+sow-editor,skoda-captioned-image,yes
https://www.skoda-storyboard.com/cs/modely-cs/proverit-od-a-do-z/,cs,True,119,56,3,skoda-quote+skoda-captioned-image+skoda-captioned-image,skoda-captioned-image,yes
https://www.skoda-storyboard.com/cs/modely-cs/jizda-snu/,cs,True,52,26,6,sow-editor+sow-editor+sow-editor+sow-editor+sow-editor+sow-editor,,no
https://www.skoda-storyboard.com/cs/skoda-svet-cs/vinice-a-lahodne-vino-u-vltavy/,cs,True,38,18,5,skoda-quote+skoda-captioned-image+skoda-quote+sow-editor+skoda-offset,skoda-captioned-image,yes
https://www.skoda-storyboard.com/cs/skoda-svet-cs/inovace-a-technologie/suv-v-centru-pozornosti/,cs,True,60,37,36,sow-editor+sow-editor+skoda-quote+skoda-quote+sow-editor+sow-editor+sow-editor+sow-editor+sow-editor+sow-editor+sow-editor+sow-editor+sow-editor+sow-editor+sow-editor+sow-editor+sow-editor+sow-editor+sow-editor+sow-editor+sow-editor+sow-editor+skoda-captioned-image+skoda-captioned-image+sow-editor+sow-editor+sow-editor+sow-editor+sow-editor+sow-editor+skoda-captioned-image+skoda-captioned-image+sow-editor+sow-editor+sow-editor+sow-editor,skoda-captioned-image,yes
https://www.skoda-storyboard.com/cs/modely-cs/3-2-1-countdown-to-kodiaq-world-premiere/,cs,False,0,0,0,,,no
https://www.skoda-storyboard.com/cs/modely-cs/nova-skoda-kodiaq-vyrazila-do-sveta-z-berlina/,cs,False,0,0,0,,,no
https://www.skoda-storyboard.com/cs/zivotni-styl/sport-cs/cyklistika-cs/s-uspechem-se-zacina-odmala/,cs,True,42,14,22,sow-editor+sow-editor+skoda-captioned-image+skoda-captioned-image+sow-editor+sow-editor+sow-editor+sow-editor+skoda-captioned-image+skoda-captioned-image+sow-editor+sow-editor+skoda-captioned-image+skoda-captioned-image+sow-editor+sow-editor+skoda-captioned-image+skoda-captioned-image+sow-editor+sow-editor+sow-editor+sow-editor,skoda-captioned-image,yes
https://www.skoda-storyboard.com/cs/modely-cs/fabia-cs/kral-dlouhych-trati/,cs,True,24,10,2,sow-editor+sow-editor,,no
https://www.skoda-storyboard.com/cs/zivotni-styl/motorsport-cs/jubileum-plne-rychlosti-skoda-slavi-115-let-motorsportu/,cs,True,28,10,10,sow-editor+sow-editor+sow-editor+sow-editor+sow-editor+sow-editor+sow-editor+sow-editor+sow-editor+sow-editor,,no
https://www.skoda-storyboard.com/cs/zivotni-styl/sport-cs/cyklistika-cs/hon-na-x-faktor-pomuze-veda-pavlu-kelemenovi-na-ceste-k-vitezstvi/,cs,True,13,4,7,skoda-captioned-image+sow-editor+skoda-captioned-image+sow-editor+sow-editor+sow-editor+sow-editor,skoda-captioned-image,yes
https://www.skoda-storyboard.com/cs/zivotni-styl/sport-cs/sklo-sampionu/,cs,True,31,14,1,skoda-quote,,no
https://www.skoda-storyboard.com/cs/zivotni-styl/sport-cs/cyklistika-cs/hrdinove-v-pozadi-tour-de-france/,cs,True,18,8,1,sow-editor,,no
https://www.skoda-storyboard.com/cs/modely-cs/nejdulezitejsi-vuz-na-tour-de-france/,cs,True,26,8,14,sow-editor+sow-editor+skoda-captioned-image+skoda-captioned-image+sow-editor+sow-editor+skoda-captioned-image+skoda-captioned-image+sow-editor+sow-editor+sow-editor+sow-editor+skoda-captioned-image+skoda-captioned-image,skoda-captioned-image,yes
https://www.skoda-storyboard.com/cs/skoda-svet-cs/dedictvi-cs/dva-kteri-spolecne-pisi-jednu-historii/,cs,True,38,14,34,sow-editor+sow-editor+skoda-quote+sow-editor+skoda-captioned-image+sow-editor+sow-editor+sow-editor+sow-editor+sow-editor+sow-editor+skoda-captioned-image+sow-editor+skoda-captioned-image+sow-editor+sow-editor+skoda-captioned-image+skoda-captioned-image+sow-editor+sow-editor+skoda-quote+sow-editor+sow-editor+sow-editor+skoda-captioned-image+sow-editor+skoda-captioned-image+sow-editor+skoda-quote+sow-editor+skoda-captioned-image+sow-editor+skoda-captioned-image+sow-editor,skoda-captioned-image,yes
https://www.skoda-storyboard.com/cs/modely-cs/kodiaq-cs/jak-to-bylo-s-q/,cs,True,36,18,2,sow-editor+skoda-quote,,no
https://www.skoda-storyboard.com/cs/zivotni-styl/sport-cs/cyklistika-cs/trap-se-pitomce-po-stopach-tour-de-france/,cs,True,126,91,2,sow-editor+sow-editor,,no
https://www.skoda-storyboard.com/cs/modely-cs/octavia-cs/rs-znamena-motorsport/,cs,True,74,55,10,skoda-image-box+skoda-offset+skoda-captioned-image+skoda-captioned-image+skoda-image-box+skoda-captioned-image+skoda-captioned-image+skoda-captioned-image+skoda-captioned-image+skoda-image-box,skoda-captioned-image;skoda-image-box,yes
https://www.skoda-storyboard.com/cs/zivotni-styl/motorsport-cs/kolem-sveta-se-14-spickovymi-rally/,cs,True,113,71,23,skoda-captioned-image+sow-editor+sow-editor+skoda-captioned-image+sow-editor+skoda-captioned-image+sow-editor+sow-editor+skoda-captioned-image+sow-editor+skoda-captioned-image+sow-editor+sow-editor+skoda-captioned-image+sow-editor+skoda-captioned-image+sow-editor+sow-editor+skoda-captioned-image+sow-editor+skoda-captioned-image+sow-editor+sow-editor,skoda-captioned-image,yes
https://www.skoda-storyboard.com/cs/zivotni-styl/sport-cs/hokej-cs/studena-valka-v-hokejove-arene/,cs,False,0,0,0,,,no
https://www.skoda-storyboard.com/cs/koncepty-cs/prisne-duverne/,cs,True,8,2,23,sow-editor+skoda-offset+sow-editor+sow-editor+sow-editor+sow-editor+sow-editor+sow-editor+sow-editor+sow-editor+sow-editor+sow-editor+skoda-offset+sow-editor+skoda-offset+sow-editor+sow-editor+sow-editor+sow-editor+sow-editor+sow-editor+sow-editor+skoda-offset,,no
https://www.skoda-storyboard.com/cs/skoda-svet-cs/inovace-a-technologie/technologie-cs/spolecensky-mobilni/,cs,False,0,0,0,,,no
https://www.skoda-storyboard.com/cs/zivotni-styl/motorsport-cs/cesi-maji-uspech/,cs,False,0,0,0,,,no
https://www.skoda-storyboard.com/cs/zivotni-styl/lide-cs/ceska-na-riviere/,cs,True,86,44,1,sow-editor,,no
https://www.skoda-storyboard.com/cs/skoda-svet-cs/odpovednost-cs/stale-zelene-ambice/,cs,True,8,2,2,sow-editor+sow-editor,,no
https://www.skoda-storyboard.com/cs/skoda-svet-cs/inovace-a-technologie/konektivita-cs/parkovani-bude-hracka/,cs,True,8,2,2,sow-editor+sow-editor,,no
https://www.skoda-storyboard.com/cs/zivotni-styl/sport-cs/hokej-cs/cerna-magie-vsechno-se-toci-okolo-kotouce/,cs,True,76,36,46,sow-editor+sow-editor+skoda-captioned-image+skoda-captioned-image+sow-editor+sow-editor+skoda-quote+skoda-quote+sow-editor+sow-editor+skoda-captioned-image+skoda-captioned-image+sow-editor+sow-editor+skoda-quote+skoda-quote+skoda-captioned-image+skoda-captioned-image+sow-editor+sow-editor+skoda-captioned-image+skoda-captioned-image+skoda-image-box+skoda-image-box+skoda-captioned-image+skoda-captioned-image+sow-editor+sow-editor+sow-editor+sow-editor+skoda-offset+skoda-offset+skoda-image-box+skoda-image-box+skoda-captioned-image+skoda-captioned-image+sow-editor+sow-editor+sow-editor+sow-editor+skoda-image-box+skoda-image-box+skoda-captioned-image+skoda-captioned-image+sow-editor+sow-editor,skoda-captioned-image;skoda-image-box,yes
https://www.skoda-storyboard.com/cs/modely-cs/octavia-cs/tygr-na-snehu/,cs,True,66,30,1,sow-editor,,no
https://www.skoda-storyboard.com/cs/skoda-svet-cs/design-cs/vytvareji-budouci-design-automobilu/,cs,False,0,0,0,,,no
https://www.skoda-storyboard.com/cs/skoda-svet-cs/finale-souteze-automechanik-junior-2016-zaci-sou-skoda-se-umistili-mezi-nejlepsimi/,cs,False,0,0,0,,,no
https://www.skoda-storyboard.com/cs/zivotni-styl/lide-cs/pokrok-zacina-v-myslich-lidi/,cs,True,37,18,3,sow-editor+skoda-quote+sow-editor,,no
https://www.skoda-storyboard.com/cs/zivotni-styl/dobrodruzstvi-cs/nove-tvare/,cs,True,33,24,35,skoda-captioned-image+skoda-offset+sow-editor+skoda-captioned-image+skoda-offset+skoda-quote+skoda-offset+skoda-offset+skoda-quote+skoda-offset+sow-editor+skoda-captioned-image+skoda-offset+sow-editor+skoda-quote+skoda-offset+skoda-captioned-image+skoda-offset+skoda-quote+skoda-offset+skoda-captioned-image+skoda-offset+sow-editor+sow-editor+skoda-offset+skoda-quote+skoda-offset+skoda-captioned-image+skoda-offset+sow-editor+skoda-captioned-image+skoda-offset+sow-editor+skoda-offset+skoda-image-box,skoda-captioned-image;skoda-image-box,yes
https://www.skoda-storyboard.com/cs/skoda-svet-cs/inovace-a-technologie/technologie-cs/doba-kvality/,cs,True,28,19,18,skoda-image-box+skoda-quote+sow-editor+skoda-offset+skoda-captioned-image+skoda-quote+sow-editor+skoda-quote+skoda-captioned-image+skoda-quote+skoda-captioned-image+sow-editor+skoda-captioned-image+skoda-offset+skoda-quote+sow-editor+skoda-quote+skoda-offset,skoda-captioned-image;skoda-image-box,yes
https://www.skoda-storyboard.com/cs/e-mobilita-cs/budoucnost-ktera-se-ridi-sama/,cs,True,8,2,2,sow-editor+sow-editor,,no
https://www.skoda-storyboard.com/cs/skoda-svet-cs/inovace-a-technologie/technologie-cs/jak-3d-je-vas-vuz/,cs,False,0,0,0,,,no
https://www.skoda-storyboard.com/cs/zivotni-styl/sport-cs/cyklistika-cs/i-jizda-na-kole-muze-byt-umeni/,cs,False,0,0,0,,,no
https://www.skoda-storyboard.com/cs/modely-cs/octavia-cs/v-zemi-dosud-neobjevenych-moznosti/,cs,True,68,49,10,skoda-quote+skoda-image-box+skoda-quote+skoda-captioned-image+skoda-captioned-image+skoda-captioned-image+skoda-quote+sow-editor+skoda-image-box+skoda-captioned-image,skoda-captioned-image;skoda-image-box,yes
https://www.skoda-storyboard.com/cs/skoda-svet-cs/design-cs/budoucnost-suv-skoda-byla-k-videni-ve-svycarsku/,cs,False,0,0,0,,,no
https://www.skoda-storyboard.com/cs/skoda-svet-cs/inovace-a-technologie/konektivita-cs/tak-trochu-jiny-telefon-do-auta/,cs,True,8,2,2,sow-editor+sow-editor,,no
https://www.skoda-storyboard.com/cs/zivotni-styl/motorsport-cs/mladi-talentovani-svedi/,cs,False,0,0,0,,,no
https://www.skoda-storyboard.com/cs/skoda-svet-cs/inovace-a-technologie/konektivita-cs/jak-dostat-rozsirenou-realitu-do-auta/,cs,True,8,2,2,sow-editor+sow-editor,,no
https://www.skoda-storyboard.com/cs/zivotni-styl/motorsport-cs/nova-dvojice-na-ceste-k-uspechu/,cs,False,0,0,0,,,no
https://www.skoda-storyboard.com/cs/zivotni-styl/sport-cs/cyklistika-cs/sest-z-nejlepsich/,cs,False,0,0,0,,,no
https://www.skoda-storyboard.com/cs/zivotni-styl/motorsport-cs/plati-pravidla-rally-ok/,cs,False,0,0,0,,,no
https://www.skoda-storyboard.com/cs/skoda-svet-cs/inovace-a-technologie/technologie-cs/simply-clever/,cs,False,0,0,0,,,no
https://www.skoda-storyboard.com/cs/skoda-svet-cs/inovace-a-technologie/technologie-cs/novy-roboticky-kolega-ve-vyrobe/,cs,False,0,0,0,,,no
https://www.skoda-storyboard.com/cs/modely-cs/octavia-cs/proste-rychla/,cs,False,0,0,0,,,no
https://www.skoda-storyboard.com/cs/modely-cs/octavia-cs/otazka-vkusu/,cs,False,0,0,0,,,no
https://www.skoda-storyboard.com/cs/modely-cs/octavia-cs/zdedila-tradici/,cs,False,0,0,0,,,no
https://www.skoda-storyboard.com/cs/modely-cs/octavia-cs/skoda-znamena-bezpecnost/,cs,False,0,0,0,,,no
https://www.skoda-storyboard.com/cs/modely-cs/octavia-cs/prozkoumejte-interier/,cs,False,0,0,0,,,no
https://www.skoda-storyboard.com/cs/zivotni-styl/sport-cs/cyklistika-cs/odvedeni-pozornosti/,cs,False,0,0,0,,,no
https://www.skoda-storyboard.com/cs/zivotni-styl/motorsport-cs/skoda-130-rs-slavi-ctyricatiny/,cs,False,0,0,0,,,no
https://www.skoda-storyboard.com/cs/zivotni-styl/motorsport-cs/nejlepsi-mezi-britskymi/,cs,False,0,0,0,,,no
https://www.skoda-storyboard.com/cs/zivotni-styl/motorsport-cs/rychle-auto-pro-cinu/,cs,False,0,0,0,,,no
https://www.skoda-storyboard.com/cs/modely-cs/superb-cs/superb-se-trpyti-hvezdnym-prachem/,cs,False,0,0,0,,,no
https://www.skoda-storyboard.com/cs/modely-cs/superb-cs/nvesmirny-prostor/,cs,False,0,0,0,,,no
https://www.skoda-storyboard.com/cs/skoda-svet-cs/inovace-a-technologie/technologie-cs/keep-cool-jedeme-dal/,cs,False,0,0,0,,,no
https://www.skoda-storyboard.com/cs/skoda-svet-cs/inovace-a-technologie/pro-male-ridice-na-zadnim-sedadle/,cs,True,8,2,2,sow-editor+sow-editor,,no
https://www.skoda-storyboard.com/cs/modely-cs/fabia-cs/pro-ty-kdo-chteji-vic/,cs,False,0,0,0,,,no
https://www.skoda-storyboard.com/cs/zivotni-styl/sport-cs/cyklistika-cs/kola-podniku-se-toci-dal/,cs,False,0,0,0,,,no
https://www.skoda-storyboard.com/cs/zivotni-styl/motorsport-cs/mistr-republiky-v-rally-vlastnimi-slovy/,cs,False,0,0,0,,,no
https://www.skoda-storyboard.com/cs/modely-cs/yeti-cs/pilot-f1-vzal-yetiho-na-vyjizdku/,cs,False,0,0,0,,,no
https://www.skoda-storyboard.com/cs/modely-cs/pet-duvodu-pro-chytre-rizeni/,cs,False,0,0,0,,,no
https://www.skoda-storyboard.com/cs/modely-cs/superb-cs/pravda-je-tam-venku/,cs,False,0,0,0,,,no
https://www.skoda-storyboard.com/cs/historicke-vozy-cs/krasky-z-bensbergu/,cs,False,0,0,0,,,no
https://www.skoda-storyboard.com/cs/zivotni-styl/sport-cs/cyklistika-cs/skoda-na-tour-de-france/,cs,False,0,0,0,,,no
https://www.skoda-storyboard.com/cs/historicke-vozy-cs/skvosty-skoda-vystaveny/,cs,False,0,0,0,,,no
https://www.skoda-storyboard.com/cs/skoda-svet-cs/inovace-a-technologie/technologie-cs/sedm-piliru-bezpecnosti/,cs,False,0,0,0,,,no
https://www.skoda-storyboard.com/cs/zivotni-styl/sport-cs/cyklistika-cs/stripek-skla/,cs,False,0,0,0,,,no
https://www.skoda-storyboard.com/cs/historicke-vozy-cs/jedina-sveho-druhu/,cs,False,0,0,0,,,no
https://www.skoda-storyboard.com/cs/skoda-svet-cs/odpovednost-cs/stavba-ktera-snizi-emise/,cs,True,8,2,2,sow-editor+sow-editor,,no
https://www.skoda-storyboard.com/cs/skoda-svet-cs/dedictvi-cs/zrozena-na-kole/,cs,False,0,0,0,,,no
https://www.skoda-storyboard.com/cs/zivotni-styl/lide-cs/zasveceno-designu/,cs,False,0,0,0,,,no
https://www.skoda-storyboard.com/cs/skoda-svet-cs/inovace-a-technologie/technologie-cs/bezpecnost-vozu-skoda-superb-na-spickove-urovni/,cs,False,0,0,0,,,no
https://www.skoda-storyboard.com/cs/historicke-vozy-cs/skoda-v-klasickem-stylu/,cs,False,0,0,0,,,no
https://www.skoda-storyboard.com/cs/skoda-svet-cs/odpovednost-cs/spolecna-energie/,cs,True,8,2,2,sow-editor+sow-editor,,no
https://www.skoda-storyboard.com/cs/skoda-svet-cs/inovace-a-technologie/technologie-cs/technicky-vykres/,cs,False,0,0,0,,,no
https://www.skoda-storyboard.com/cs/zivotni-styl/lide-cs/dobry-design-to-je-jizda/,cs,False,0,0,0,,,no
https://www.skoda-storyboard.com/cs/zivotni-styl/sport-cs/hokej-cs/tajemstvi-hokejistovy-manzelky/,cs,False,0,0,0,,,no
https://www.skoda-storyboard.com/cs/zivotni-styl/sport-cs/hokej-cs/kouzelny-dotek/,cs,True,8,2,2,sow-editor+sow-editor,,no
https://www.skoda-storyboard.com/cs/zivotni-styl/dobrodruzstvi-cs/ceska-vyvazenost/,cs,True,58,44,9,skoda-captioned-image+skoda-quote+skoda-image-box+skoda-quote+skoda-quote+skoda-quote+sow-editor+sow-editor+sow-editor,skoda-captioned-image;skoda-image-box,yes
https://www.skoda-storyboard.com/cs/skoda-svet-cs/inovace-a-technologie/technologie-cs/vyroba-budoucnosti/,cs,False,0,0,0,,,no
https://www.skoda-storyboard.com/cs/zivotni-styl/motorsport-cs/finove-se-mohou-jen-zlepsovat/,cs,False,0,0,0,,,no
https://www.skoda-storyboard.com/cs/skoda-svet-cs/inovace-a-technologie/technologie-cs/pruzracny-jako-sklo/,cs,False,0,0,0,,,no
https://www.skoda-storyboard.com/cs/modely-cs/fabia-cs/umeni-na-kolech/,cs,True,8,2,2,sow-editor+sow-editor,,no
https://www.skoda-storyboard.com/cs/modely-cs/fabia-cs/figuriny-pro-narazove-testy-v-bezpeci/,cs,False,0,0,0,,,no
https://www.skoda-storyboard.com/cs/zivotni-styl/sport-cs/cyklistika-cs/zpatky-v-sedle/,cs,False,0,0,0,,,no
https://www.skoda-storyboard.com/cs/modely-cs/yeti-cs/vejce-jako-vyzva/,cs,False,0,0,0,,,no
https://www.skoda-storyboard.com/cs/modely-cs/citigo-cs/z-italie-do-svedska-za-mene-nez-100-eur/,cs,True,8,2,2,sow-editor+sow-editor,,no
